,sample,rock type,locality,lat.,long.,n°of spots,mswd,age_x,95% c.l.,method,lithology,age group,age,sio2,tio2,al2o3,fe2o3,feo,mno,mgo,cao,na2o,k2o,p2o5,so3,f_ppm,total,la_ppm,pr_ppm,ce_ppm,nd_ppm,sm_ppm,eu_ppm,gd_ppm,dy_ppm,ho_ppm,tm_ppm,er_ppm,yb_ppm,lu_ppm,sc_ppm,y_ppm,zr_ppm,nb_ppm,ta_ppm,ga_ppm,rb_ppm,sr_ppm,ba_ppm,th_ppm,hf_ppm,u_ppm,ti ,longitude,latitude
0,F00345A,Gabbro,Puerto Henry,53°25.23',72°35.63',6 of 8,1.7,156.9,3,SHRIMP,Gabbro,J,156.7,54.158,0.399,23.54,3.323,,0.062,2.675,11.097,4.289,0.123,0.109,0.017,0.1,99.89199999999998,66.01030015613178,13.534352529759797,122.7686647700341,48.74958403901851,8.49500462395785,1.2355857809866206,6.835382981199599,5.824829314611221,1.183693942430414,0.48290555472282093,3.3055756419580486,3.3501311799886566,0.5051130426062749,20.016943420266422,33.66359865784115,291.41449826170697,13.020917628323133,0.815841432824257,20.073192624196324,1.7,848.0665366982348,76.19125730398483,22.22486325000852,6.850235408563534,1.3914295395721068,2487.389879208472,-72.59383333333334,-53.4205
1,F00415,Granodiorite,Seno Andrés,50°32.11',73°53.80',6 of 8,0.65,155.5,2,SHRIMP,Granodiorite,J,155.5,71.606,0.336,13.787,3.701,,0.067,0.569,2.979,3.28,2.636,0.073,0.019,0.054,99.10699999999999,35.85110693288811,7.389375866634225,66.98564626939672,27.074287692933726,5.224033938971332,0.9627106238857855,4.532374379016736,4.515324464670651,0.9315072128542954,0.4198251396018065,2.828519773820876,2.836660602284073,0.42909068253379834,12.804330648274151,28.033382488172382,150.50859380744222,7.836057462905731,0.6797086610979935,15.59179982845636,120.6,144.27472326595833,607.9155059345503,15.659060744896871,4.127498932456748,1.7725872201129518,1997.4643684340456,-73.89666666666666,-50.53516666666667
2,F00015,Massive Rhyolite,Fiordo Peel,50°32.411',73°43.156,11 of 15,1.4,152,2,SHRIMP,Rhyolite,J,152.0,74.715,0.061,12.688,1.22,,0.018,0.262,1.204,3.685,3.017,0.02,0.102,0.053,97.045,19.146680517573046,5.348937614322761,42.20540859040783,21.593858188359366,5.8614103525841275,0.4203999970067288,5.650661139135113,6.070578277061758,1.2198587777930006,0.5651205015204555,3.7125459312425098,3.7564733801597754,0.5655536309099416,9.988331042079505,37.41291971682992,88.88568307889474,11.197382961559464,1.0496581659182596,15.920316708570997,110.1,208.37557451658324,872.8187543628452,15.037814689518871,3.862422401733357,3.772760463988951,385.9645568289007,-73.71916666666667,-50.54018333333333
3,F00105,Granite,Pen Staines,51°31.98',73°48.84',5 of 9,0.64,152,2,SHRIMP,Granite,J,152.0,75.817,0.023,13.311,0.95,,0.023,0.049,0.656,3.66,4.978,0.018,0.022,0.032,99.53899999999999,14.085794391569978,4.222537048051363,31.916951982131838,17.837505157172682,5.979958109915668,0.22210287299566026,6.685905630462911,8.340479167113397,1.7090994968553677,0.7823574528455809,5.198596191517981,5.442636268071759,0.8051851147111527,5.2537626080732736,52.761679574320944,60.66356594755211,11.313511086687404,1.4892875552784546,15.80333414680438,334.3,38.471064890309655,259.7550603259732,15.268034053894468,3.0842649187656437,3.2376148332474766,159.58783433868393,-73.814,-51.533
4,F00410,Granodiorite,Puerto Polcos,50°31.92',73°56.73',8 of 8,1,151,1,SHRIMP,Granodiorite,J,151.0,72.673,0.195,13.583,2.049,,0.034,0.357,2.156,3.115,3.82,0.046,0.018,0.05,98.096,31.496789776297124,7.162784899578407,62.45644714958422,26.661134580316926,5.4015354301805285,0.808882994023812,4.81880539211868,4.687650184897,0.945556326631019,0.41390808073217566,2.8494091865117817,2.7228414819127367,0.4165697295064553,8.907625028462398,28.519165781260604,144.39082474085637,7.490919196704995,0.6320135584082345,14.796477548752149,142,112.11950757937001,582.6850705738775,13.449877861738551,4.163593214323795,1.970885782601997,1215.2559088386618,-73.9455,-50.532
5,F00009,Foliated Granite,Fiordo Peel,50°40.13',73°46.48',11 of 16,1.19,150.1,1,SHRIMP,Granite,J,150.1,73.504,0.099,12.619,1.456,,0.019,0.492,0.754,2.859,4.468,0.025,0.016,0.006,96.31700000000004,30.167274458899737,7.106194583125649,60.523759411430746,26.806542866628334,6.257361368074806,0.5947111339586015,5.824605359597793,6.1644576286487895,1.3163841635370699,0.5904530994789664,3.8163534211815566,3.7897963879557683,0.5551086032417687,8.433993544775126,39.02215700785218,92.748516600768,9.485401426588448,0.8931095840347932,15.585284894949533,,66.98937214727079,723.7582360125307,13.566463874184212,3.1114140850923184,2.106169495072146,630.508602574346,-73.77466666666666,-50.66883333333333
6,F00004,Granite,Fiordo Peel,50°47.89',73°54.21',15 of 16,1.3,149.5,1,SHRIMP,Granite,J,149.5,77.333,0.047,12.237,0.896,,0.009,0.054,0.59,4.006,3.846,0.011,0.018,0.015,99.062,11.153874244568376,3.4956735556044936,25.380550444427875,14.898456715342899,4.7948754330116365,0.41939537069858646,5.406155400427538,5.976680309603325,1.242486487613466,0.5559534498941212,3.6142521211964196,3.829514663930463,0.5562028041403412,8.67042805158917,36.146325223331864,98.19683069219307,10.147239999027901,0.9926969461917224,14.893552867802697,152.1,75.37729364474944,606.6597127898701,14.362370267920392,4.45020327364764,3.8189813394784,290.3461712473126,-73.9035,-50.79816666666667
7,F00054,Granite,Peninsula Muñoz G,52°15.37',73°35.38',12 of 15,1.5,149.3,1,SHRIMP,Granite,J,149.3,75.327,0.184,12.763,1.99,,0.038,0.256,1.504,2.968,4.084,0.044,0.027,0.088,99.273,20.260755912089977,4.74973911155186,40.703399871600936,18.22877591254026,4.088784265355059,0.6376245506709424,3.74436866122319,4.019991298382266,0.8160410098879916,0.385865476923459,2.5351153472249304,2.6253133412462475,0.3897979305100477,6.715483621290498,25.003970673429766,150.62217275685663,8.104859818480405,0.7827703336416905,14.487008354375275,156.2,102.94394652575329,756.0855890225325,11.415109209967602,4.461933441620528,2.22755239286132,1031.9327429629827,-73.58966666666667,-52.256166666666665
8,F00407A,Granite,Seno Andres,50°27.87',74°10.96',7 of 8,0.65,148.8,2,SHRIMP,Granite,J,148.8,74.582,0.051,13.144,1.178,,0.033,0.07,1.03,3.524,4.672,0.017,0.016,0.066,98.383,9.490278958855793,3.135598601715828,21.426992683977453,14.000238270769785,3.9806988113883888,0.8349887918039023,4.386974382801561,5.183251595043128,1.0955921720738042,0.5174889464903362,3.46276679498536,3.632481498991189,0.5403242441889757,63.123734956514205,33.27158858172983,41.70100976825404,3.669518168744299,0.24346478605388802,19.147401150901874,237.5,276.1930028356602,124.82886284864968,2.204101942115241,1.391755642246279,0.564942576326238,2986.0548034769336,-74.18266666666666,-50.4645
9,F00416,Diorite,Seno Andrés,50°33.46',73°52.62',3 of 8,0.28,148.8,2,SHRIMP,Diorite,J,148.8,56.436,1.03,15.116,10.521,,0.179,3.751,7.36,2.31,1.281,0.175,0.02,0.034,98.21300000000001,16.34809533422553,4.606543951296147,34.78641865628171,19.251411740587102,4.64536027958018,1.1589728495653666,4.707984394043224,5.040608030127811,1.0367028909368252,0.4435252911387537,3.0849995714569802,3.0281292625339504,0.45677579729903695,36.820424464283924,30.18327490172489,148.17170843614724,7.264709046932756,0.4612657669533241,16.754035443267156,62.7,184.4319212000878,251.84246986150663,3.3909729174066228,3.491261070196598,0.8677694801634241,6485.60357100813,-73.877,-50.55766666666667
10,F00327A,Granodiorita,Canal Bambach,52°25.50',73°44.98',5 of 6,1.3,148.3,3,SHRIMP,Granodiorite,J,148.3,72.016,0.201,14.083,2.604,,0.053,0.465,2.394,3.125,3.483,0.047,0.019,0.037,98.52700000000002,26.043311721743414,5.114295847881184,47.66522606229269,18.18699497269905,3.7192373062257253,0.5889197360107841,3.5282292387706913,4.080960097117324,0.8602021117724162,0.4061942755356517,2.7290083733614177,2.9778020381913834,0.4488225465598872,10.833148280621469,26.997316106729066,103.26865096917504,7.767873682753031,0.8362743764217548,14.338122747762414,140,123.57022702848181,622.2824800762029,13.628755458538896,2.9451749637000613,2.181473178624082,1178.1581201156382,-73.74966666666667,-52.425
11,F00328A,Gabbro,Canal Bambach,52°24.66',73°44.62',6 of 10,0.47,147.8,2,SHRIMP,Gabbro-diorite,J,147.8,52.15,0.352,17.522,10.024,,0.187,5.925,10.493,1.582,0.712,0.041,0.042,0.022,99.05199999999999,,,,,,,,,,,,,,,,,,,,31.4,,,,,,,-73.74366666666667,-52.411
12,F00035,Granite,Canal Elias,51°27.97',74°52.02',8 of 9,1.02,144.2,1,SHRIMP,Granite,K1,144.2,76.18,0.065,12.659,1.248,,0.039,0.112,0.773,3.826,4.017,0.02,0.018,0.029,98.98599999999999,21.7651721414332,4.496493291270453,41.365790837837956,17.081690751301696,3.932592572101943,0.4059124384969577,3.983956224510487,4.744632429274957,1.0113136768787887,0.502214752008728,3.152464156737524,3.4777074608627045,0.5140377986053536,5.80903958183858,31.198548900018533,77.47247306576176,8.613832636495609,0.8211111034164592,12.720357353258096,,62.8924957149472,698.8338766043126,14.464749905170363,2.8644540467233703,2.6348119483178962,422.79388160661716,-74.867,-51.466166666666666
13,F00037,Granite,Estero Benjamin,51°13.144',74°47.441',8 of 8,1.08,142.8,1,SHRIMP,Granite,K1,142.8,75.267,0.116,13.251,2.06,,0.042,0.182,1.461,4.083,3.02,0.037,0.028,0.065,99.61200000000001,24.351651948674387,5.110647875548195,46.20444660105204,18.326159663890756,4.2746462933604805,0.5319693756844097,4.012525868153151,4.5907317937045935,0.9678354281812567,0.45596501909975673,3.0311162087741215,3.307893988502813,0.5049007418870541,6.3811945923591225,30.790009963739568,97.41110756989121,9.031116732256873,0.9369212673447342,13.30341703592294,90.5,143.0148464337636,645.9139908890443,13.119823321712644,3.23870888812876,3.1267479799767015,601.101679465723,-74.79068333333333,-51.21906666666667
14,SI9926,Tonalite,Seno Iceberg,48°43.72',74°01.19',9 of 12,0.43,142.5,1,SHRIMP,Tonalite,K1,142.5,63.53,0.66,16.26,0.92,4.68,0.08,2.72,5.36,2.52,1.94,0.1,0.99,,99.76,38,,72,28,4.47,0.81,4.29,4.3,0.87,,2.46,2.48,0.37,,26,133,,,,,195,,,,,,-74.01983333333334,-48.72866666666667
15,F00038,Granodiorite,Estero Benjamin,51°11.38',74°44.00',9 of 19,1.1,140.7,1,SHRIMP,Granodiorite,K1,140.7,74.083,0.12,13.52,2.03,,0.02,0.196,2.104,3.803,2.59,0.029,0.017,0.026,98.53799999999998,24.581539839584437,4.983277611655884,45.54524461535722,17.686122212938432,3.318982341698955,0.6143624452623265,2.894221128238408,2.968065084623486,0.608038613998203,0.30297945073813637,1.8970413785541507,2.1694057311117647,0.3510217435461191,5.3075214593687905,19.094352773203315,93.11370581309001,6.6667271967679005,0.643574920247578,13.387907064003274,78.4,156.15375022125806,754.3058537707121,11.26462312566493,2.776430158723464,1.735363318773732,737.2203714912151,-74.73333333333333,-51.18966666666667
16,F00030,Granodiorite,Canal Elías,51°26.665',74°53.048',14 of 18,1.18,139.9,1,SHRIMP,Granodiorite,K1,139.9,74.331,0.183,13.235,2.547,,0.024,0.366,3.339,4.016,0.167,0.048,0.02,0.025,98.30100000000002,22.92303941468646,5.123059657286446,43.97060742608465,18.89884254433363,4.178205950190002,0.6325854567769961,3.6155065157677866,4.104203652965108,0.8509089751202877,0.4442679087529596,2.7625899248164925,3.0260134342442626,0.4763372453259896,8.310727593042966,26.38737124894146,99.98053369152916,9.399063717705761,0.7535983425979151,12.76020379776608,2.2,264.41960595501257,156.8960747977627,10.553092653607843,2.97662504915605,1.7417588195882463,1100.660085990162,-74.88413333333334,-51.44441666666667
17,F00031,Gabbro–diorite,Canal Elias,51°27.647',74°52.872',14 of 18,0.57,139.5,1,SHRIMP,Gabbro-diorite,K1,139.5,54.296,0.424,16.985,10.865,,0.198,4.763,9.694,2.225,0.204,0.102,0.028,0.018,99.80199999999999,14.63115784765484,3.1060124078196587,26.602464162131664,12.343984336910774,2.603966977100583,1.0596549508006226,2.348836080954476,2.3279383279869563,0.47042202301051184,0.2208343571600102,1.420495398787609,1.5051217471346021,0.23665881104478362,40.861692046715,13.304740329919213,70.08974133409033,3.5511446315198874,0.19309978933818575,14.223413926754938,4.4,319.9737096533648,63.59047117019872,1.840063740833136,1.6378880188190887,0.3434302889705969,2668.746936336012,-74.8812,-51.46078333333333
18,CC9920,Granodiorite,Canal Cochrane,48°46.03',75°11.86',8 of 10,0.34,138.8,1,SHRIMP,Granodiorite,K1,138.8,69.5,0.32,15.62,1.35,1.6,0.07,0.88,3.24,3.33,3.28,0.09,0.53,,99.81,27,,54,24,3.87,0.91,2.82,3.22,0.7,,2.06,2.07,0.32,8,17,104,6,,,,263,532,10,2.8,,,-75.19766666666666,-48.76716666666667
19,CA9916A,Granodiorite,Canal Fallos,48°34.61',74°57.29',,,137.8,0.2,TIMS,Granodiorite,K1,137.8,67.188,0.401,14.732,5.365,,0.091,1.931,5.106,2.618,1.597,0.091,0.019,0.054,99.19299999999997,30.633033528916396,5.171952268648977,50.34088892943799,17.879875251574315,3.588697305793166,0.828053590991451,3.02442663889149,3.193046342072165,0.6509033447234184,0.28403626046955194,1.9077432208411806,1.9659881436536613,0.3095219895382269,20.450112281095254,19.180227434753974,122.97363640668931,6.36227960017327,0.44934835892045016,14.207342131505108,60.4,206.50976338393303,460.5163012075438,11.338303537295795,3.025352673251728,0.7057672848624624,2609.2283287982145,-74.95483333333334,-48.57683333333333
20,EC9918,Granodiorite,Estrecho Castillo,48°48.15',75°27.96',,,136.1,0.2,TIMS,Granodiorite,K2,136.1,68.32,0.37,16.23,1.6,1.96,0.1,1.23,4.45,3.62,1.27,0.1,0.6,,99.85,16,,30,11,1.96,0.7,1.8,1.68,0.36,,1.05,1.06,0.16,,10,121,,,,38,318,,,,,,-75.466,-48.8025
21,F00087,Gabbro,Canal Nogueira,51°57.27',74°50.31',5 of 9,0.79,135.9,2,SHRIMP,Gabbro-norite,K2,135.9,45.009,0.604,23.456,10.461,,0.146,3.528,13.791,1.208,0.135,0.029,0.516,0.021,98.90400000000001,3.0556300982582734,0.62960825726771,4.911322275009314,2.7343753180897146,0.7880794394001963,0.39321803146850404,0.8519073928840785,1.0262835539024353,0.22031198922769846,0.09531650056086877,0.653515062135784,0.6780949297787506,0.09831874914699913,38.25758708239599,6.132312462966465,11.938597066964187,0.7396972142330922,0.055448430500806174,18.837450026360255,3.1,321.574667450461,46.5049669929754,0.8727525070281424,0.3697266454297121,0.222123253457965,3657.404698757058,-74.8385,-51.9545
22,F00029,Tonalite,Canal Elías,51°26.665',74°53.048',14 of 15,1.5,134.4,2,SHRIMP,Tonalite,K2,134.4,64.442,0.616,15.243,7.393,,0.108,1.68,6.16,2.808,0.707,0.162,0.085,0.035,99.43899999999998,15.40578807678647,3.3084899831337267,27.365112809161502,13.905151157209383,3.3521666438296824,1.2176638873101848,3.41467498635565,3.335677011656232,0.7173594095297083,0.28994119455118766,2.0274065582199365,1.8958648998395147,0.28642893980766887,24.173035493458297,19.2512874126643,261.8740408030365,2.6626886665987164,0.14902223636214737,14.87692277311365,24.7,318.31780671297753,216.24965612807895,2.2232382761089293,5.043204778672353,0.4963134409331492,4045.5363758623785,-74.88413333333334,-51.44441666666667
23,F00420,Granite,Isla Caraciolo,50°27.60',75°07.81',8 of 8,1.08,132.7,1,SHRIMP,Granodiorite,K2,132.7,70.455,0.307,14.035,3.091,,0.067,1.172,3.593,3.459,2.117,0.068,0.025,0.031,98.42,17.86974776206531,2.9429439900959555,28.99147815299678,10.231442113372326,2.0288810694040684,0.5511487464000501,1.8702475792406068,1.9426043386212424,0.4160721497036468,0.20543221843142714,1.3469934280545957,1.522145249914398,0.25398908929368824,10.922428104505983,13.030167006849153,104.39476414559215,5.235548522753283,0.44315882616742625,12.023963122608913,70.8,223.8114172822558,537.5905577725837,8.145578149201082,2.657619496946016,1.8874249864510209,1878.0592687386409,-75.13016666666667,-50.46
24,F00089,Granodiorite,Canal Nogueira,52°00.51',74°55.26',4 of 6,2.6,130,6,SHRIMP,Granodiorite,K2,130.0,71.047,0.369,14.43,3.289,,0.093,0.888,3.689,3.767,1.155,0.086,0.062,0.045,98.92,10.272460082008223,2.3348609254817316,18.764074442282034,9.709516492796658,2.3261370345893826,0.9237440812678207,2.409654942411308,2.5184890884323163,0.5373416144069879,0.24790108685603582,1.6670987690658627,1.6936945512858947,0.2665592820620939,35.93267129682535,15.770335470885692,87.65512465604867,4.921118296684875,0.3133073129140844,15.827537269306577,42.7,312.2423596679047,277.2784488017442,2.287042072921071,2.301689182275687,0.6861320268818542,6194.458116343565,-74.921,-52.0085
25,F00036,Granodiorite,Estero Benjamin,51°19.273',74°58.567',8 of 9,1.06,128.2,2,SHRIMP,Granodiorite,K2,128.2,71.712,0.327,14.474,3.06,,0.073,0.887,3.469,3.571,2.037,0.07,0.021,0.053,99.75399999999999,10.85058486700084,2.462026190523698,19.919874095407593,9.97176097724417,2.410648730726991,0.818332793064817,2.531919518440393,2.603489746910964,0.5365585855057056,0.23857752323613002,1.637130729570243,1.719677028425605,0.2730835119272767,10.972716701079168,16.586356184752837,143.56277586100708,4.538794673660594,0.2989862198019487,11.856142082076214,68.9,223.1153317646154,578.6223168082926,3.7333813829802587,3.5172913137936583,0.8976797825838799,2013.2878699737626,-74.97611666666667,-51.321216666666665
26,F00218A,Tonalite,Canal Irene,52°43.59',73°22.07',14 of 19,1.08,126.3,1,SHRIMP,Tonalite,K3,126.3,61.743,0.454,17.308,4.729,,0.148,2.079,5.861,3.189,1.674,0.172,0.058,0.04,97.455,4.144526607887395,1.0198005659180076,7.076421153583962,5.060298849482279,1.5921001675232522,0.678973766108047,1.661496132856351,1.8289172599190202,0.38236111882757107,0.19802389690045483,1.2305057259029981,1.4170508948790692,0.23819337850171074,7.618153537314196,12.249735454261907,75.6471660499117,5.688981397022934,0.48870419123575304,15.47854444637968,53.4,423.49529242836377,380.8991004350239,0.4414965974264129,1.9496264365255134,0.5481760495354353,2761.081532418194,-73.36783333333334,-52.7265
27,SI9925,Granodiorite,Seno Iceberg,48°43.62',73°59.40',,,121.9,0,TIMS,Granodiorite,K3,121.9,67.317,0.334,14.734,3.943,,0.118,1.362,3.683,2.726,3.399,0.168,0.07,0.001,97.855,11.011703781074344,2.632617932534928,20.789760269801008,10.850233033364018,2.8067676598643487,0.8785826213577602,2.7585244919052108,2.8195948943790348,0.5957303829359856,0.28306754971220566,1.8270066706941814,2.1423214923774294,0.3566942341648987,8.56777971757994,18.537922869517658,165.27716672148205,10.721291717329564,1.0011877871335653,12.998778163836192,113.8,496.3082512256663,865.0793560287616,5.370599132589852,4.254847700741499,2.323456617483823,2196.382443246349,-73.99,-48.727
28,FO98P14,Tonalite,Fiordo Larena,47°58.18',74°18.81',,,ca 120,,SHRIMP,Tonalite,K3,120.0,65.52,0.43,16.84,1.41,3.04,0.11,1.8,4.68,3.11,1.72,0.12,0.87,,99.65,20,,39,18,4,1,3.8,4.71,1.04,,3.03,3.04,0.46,14,24,95,9,,,,290,335,8,3,,,-74.3135,-47.96966666666667
29,FO98P13,Tonalite,Canal Somerset,47°58.93',74°35.48',9 of 10,0.86,116.8,2,SHRIMP,Tonalite,K3,116.8,62.89,0.52,16.41,2.29,3.08,0.12,2.45,5.48,2.71,1.98,0.19,1.38,,99.5,14,,34,20,5.22,1.11,4.36,3.82,0.82,,2.31,2.2,0.36,17,20,142,8,,,,460,600,4,3.4,,,-74.59133333333334,-47.982166666666664
30,F00072B,Gabbro–diorite,Canal Nogueira,51°47.72',74°46.16',8,–,–,–,SHRIMP,Gabbro-diorite,K3,115.0,55.671,0.419,22.21,4.978,,0.09,2.37,8.574,3.192,1.391,0.058,0.026,0.041,99.02,8.007623285472413,1.3911479716869484,12.75922727826005,5.272853594118306,1.244555794349424,0.5504031028150959,1.1427747976648035,1.2722756322756315,0.2685460080610071,0.1239569590472927,0.8377831999046357,0.8288333521379966,0.12958781522540475,13.687787647453286,8.075458999830095,15.175970871487717,2.660112399978835,0.16370129541175835,16.235539958311797,65.4,366.47961113071227,305.256273917585,1.3002509337999395,0.5218651193046057,0.2835995584732795,2509.430067327109,-74.76933333333334,-51.79533333333333
31,F00332,Diorite,Isla Santa Ines,53°25.78',72°54.76',5 of 6,0.87,111.3,2,SHRIMP,Diorite,K3,111.3,59.219,0.524,20.017,4.807,,0.085,1.599,6.612,4.251,1.133,0.177,0.089,0.049,98.56200000000001,15.705329895214406,4.013330799705548,30.96499125127776,16.97627241552433,3.780461037306405,1.3069854037242237,2.968716936667416,1.9634315430230298,0.33035554562375674,0.11829196619381602,0.8811750433345952,0.7686694966275599,0.11500942438748112,6.29655219671023,10.15767352911813,124.87169047093536,5.541547964807612,0.2825129650672432,19.724099207027763,39.9,707.9184275388674,415.4352316488055,3.445381934439711,2.952475066961934,0.7852151145659662,3306.4031836247805,-72.91266666666667,-53.42966666666667
32,F00222B,Diorite,Isla Leucotón,52°45.86',73°34.07',13 of 19,0.82,98.9,1,SHRIMP,Diorite,K3,98.9,60.521,0.496,18.291,5.527,,0.139,2.133,6.467,3.484,1.169,0.194,0.028,0.052,98.501,13.701069691686314,3.4510565797819837,26.36826932174827,14.438068973753627,3.199811869276578,1.0112336034072034,2.7575126152524967,2.480043544439752,0.4966483891391054,0.22235445258257325,1.4993170337582855,1.5234422116158428,0.2145491008016725,10.446722503834032,15.088124446479332,112.7650042728406,5.576855025095134,0.35345742004905284,16.546577215666346,35.6,673.5359156685294,390.13746889464244,2.5210493280584427,2.8368674632244693,0.41987706091261895,3081.88114474989,-73.56783333333334,-52.76433333333333
33,F00222A,Diorite,Isla Leucotón,52°45.87',73°34.07',11,–,–,–,SHRIMP,Diorite,K3,77.0,60.243,0.53,16.956,5.403,,0.114,4.302,6.722,3.779,1.006,0.158,0.026,0.044,99.28299999999999,12.786640014702243,2.9295654249424072,23.662559328908745,11.77021668578341,2.545555968045237,0.8094215228192723,2.1872569201154115,1.9548157660841756,0.3892132251636693,0.16315305911176736,1.1234784707384284,1.164130814854481,0.17389715255375368,17.68856955615268,11.625683259441837,88.27963086375622,6.066304880415758,0.3442757258971982,16.375791850509728,28.1,842.7229940403972,372.2705959230903,3.5087281966684265,2.221875087172407,1.0530570109324413,3298.638529012825,-73.56783333333334,-52.7645
34,F00065,Gabbro–diorite,Canal Cuttler,52°06.49',73°54.14',6 of 7,0.66,94.7,2,SHRIMP,Gabbro-diorite,K3,94.7,54.291,0.758,19.314,7.705,,0.168,3.639,7.153,3.313,2.541,0.132,0.042,0.078,99.13400000000001,17.570391196262744,4.340503417159329,34.73738519424153,17.679579960778092,3.9089281875176707,0.9781496596148743,3.69481221967947,3.5971403649090075,0.7516954948399442,0.3298491476950391,2.2629384634460945,2.2959606314906256,0.34124116133355287,21.045941581253313,22.50239792780357,62.473467781848804,6.208184547605575,0.3498592226876829,17.868867412839588,79.7,454.67130657538945,590.1196686482522,5.392888721422726,1.749224478676628,1.0929480712793613,4702.259086702809,-73.90233333333333,-52.10816666666667
35,F00351A,Gabbro,Bahia Barcelo,53°30.56',72°33.53',9 of 11,1.2,94.1,2,SHRIMP,Gabbro,K3,94.1,50.698,1.072,17.568,10.661,,0.209,4.315,9.276,2.977,1.198,0.312,0.022,0.043,98.35100000000001,16.156921458204337,4.111854576457978,31.47115297812359,17.749008275184845,4.109230931069799,1.2390458860683082,3.8603493619911275,3.3743106702574464,0.6681196185670362,0.27033585097499657,1.896679607458194,1.8083250759152278,0.2698156456945398,24.79715929129575,19.418562938256123,73.66725651153843,5.732224041286757,0.3063022313548328,18.559140947695717,44.4,557.590434947332,327.5485981674077,4.2482900527524405,1.9448769958158407,1.0529020224805292,6787.7765646694725,-72.55883333333334,-53.50933333333333
36,F00219A,Granodiorite,Puerto Arturo,52°41.96',73°16.12',21,,∼ 91,+1/−4,SHRIMP,Granodiorite,K3,91.0,67.332,0.354,16.685,2.557,,0.056,0.886,2.988,4.839,2.09,0.139,0.159,0.033,98.118,44.840663198829276,6.680078459474609,68.34904934848724,21.568871916867064,3.1113072268856348,0.8842634238493415,2.1408361036584314,1.6970314118262682,0.33544383067018696,0.16254732632932323,1.027497141645411,1.229644920524134,0.18936735764881282,5.532042286443542,10.503806061977505,185.66761209272607,13.822392929881598,0.7111234951307674,17.64081839483249,50.9,827.6641818642826,1038.5005421028695,25.15370180548753,4.618718338542526,2.345122041162039,2103.6035114578485,-73.26866666666666,-52.699333333333335
37,FO98P10,Gabbro,Fiordo Nassau,47°56.35',74°49.68',13 of 16,0.61,85.7,1,SHRIMP,Gabbro,K3,85.7,51.97,1.09,19.12,3.22,5.2,0.14,5.24,8.96,3.36,0.37,0.28,0.64,,99.59,8,,20,15,3.97,1.22,3.22,2.3,0.5,,1.2,1.18,0.19,24,11,51,8,,,3.8,849,188,3,2.2,,,-74.828,-47.939166666666665
38,F00350A,Diorite,Punta Arauz,53°31.96',72°21.16',5 of 6,0.83,84.9,1,SHRIMP,Diorite,K3,84.9,62.954,0.292,19.151,3.46,,0.095,1.036,5.923,4.016,2.16,0.145,0.03,0.054,99.316,12.573965899268607,2.905173481074497,23.904264684263467,11.700317289766707,2.5563116872367613,0.8626405638857805,2.2412008671129375,2.165789329063967,0.4418952273152171,0.20173363472201733,1.3622416712393255,1.4446279877202706,0.2278889265657381,7.064373220755662,13.522390801326438,114.45629170883916,4.793142286077134,0.3191342159494088,16.596208279308314,61.8,796.9265453411687,635.696591856722,4.471137867910699,2.821230705114458,1.1506019044437206,1778.4874904998205,-72.35266666666666,-53.532666666666664
39,F00331A,Granodiorite,Isla Desolacion E,53°20.70',73°06.21',5 of 6,0.98,84.7,1,SHRIMP,Granodiorite,K3,84.7,67.49,0.197,18.194,1.677,,0.055,0.54,4.109,5.042,1.498,0.072,0.021,0.046,98.94100000000003,10.658078470964574,2.349636245980561,19.509322211640505,9.055939291370303,1.7855078183285418,0.6336178803480524,1.3258248118707556,1.055108219369662,0.20639846958360997,0.08381203074547057,0.5764462784631683,0.6294377546841002,0.09673450255040061,4.04875546173711,6.453287803887389,79.68274088920872,4.749976162028845,0.321595781489026,17.541425374744875,32.2,919.1398792467689,575.2785693690967,3.3037654224768893,2.125996857748462,0.7314918128565324,1081.2413541252483,-73.1035,-53.345
40,FO98P28,Gabbro,Canal Montalva,47°48.67',73°31.91',11 of 11,0.55,84,1,SHRIMP,Gabbro,K3,84.0,48.68,1.56,17.32,2.03,7.32,0.15,6.6,8.72,3.42,0.95,0.35,2.36,,99.46,15,,36,21,4.77,1.35,4.91,4.45,0.86,,2.24,2.27,0.34,27,23,128,17,,,,460,210,3,4.4,,,-73.53183333333334,-47.811166666666665
41,F00207,Granite,Punta Havana,53°09.40',73°17.61',27,–,–,–,SHRIMP,Granite,K3,83.0,73.185,0.112,15.348,0.832,,0.045,0.271,1.356,5.436,2.37,0.054,0.017,0.032,99.05799999999998,2.3519945625722127,0.45823499152723607,3.582528087599526,1.9052815309247277,0.6072273768334996,0.12678068059060174,0.8708456549598411,1.3789238444708707,0.3054281007631864,0.1788194998293355,1.0953813387236444,1.2567333788916661,0.19649826500677436,2.9399545490836125,11.031099093394365,31.941220767629968,3.6241391157828162,0.3730646698704591,14.70318429951871,84.4,472.5819480879527,1021.6034876750754,0.8801085256489459,1.0979685901808909,0.34129653815479194,495.1712999702714,-73.2935,-53.156666666666666
42,F00333A,Granodiorite,Punta Tilly,53°34.20',72°24.19',5 of 18,0.58,81.1,1,SHRIMP,Granodiorite,K3,81.1,66.965,0.311,16.06,4.176,,0.066,0.651,3.893,3.922,1.767,0.079,0.017,0.063,97.97,21.579183207863522,4.756300221663943,40.404784812822335,17.543937982243442,4.11811470180982,0.9285050488986559,4.193712845061505,5.155953693104932,1.1035411436939162,0.525575586311188,3.4239843193102124,3.8034337613711973,0.5817098683896407,14.283860802568308,34.4808774085436,161.15858180633973,9.703653794672972,0.9202259318498752,17.629690556510333,78.2,209.9745909820879,475.1043158623513,10.723414321199435,4.572959253259,2.9757606057272055,1928.3345400963801,-72.40316666666666,-53.57
43,FO98P27,Granite,Canal Gunter,47°50.94',73°26.33',8 of 10,0.54,78.7,1,SHRIMP,Granite,K3,78.7,74.82,0.18,13.08,1.13,0.72,0.18,0.17,0.62,3.72,4.8,0.01,0.54,,99.97,47,,98,38,7.21,0.56,6.25,6.07,1.23,,3.64,3.54,0.6,3,36,139,19,,,,73,475,12,4.6,,,-73.43883333333333,-47.849
44,F00216,Diorite,Canal Silvia,52°58.45',73°28.49',9 of 19,0.35,77.9,1,SHRIMP,Diorite,K3,77.9,60.427,0.792,16.586,6.561,,0.126,3.039,5.845,3.698,2.277,0.228,0.021,0.063,99.66300000000001,29.91436350665617,7.013673391386408,58.52622272025508,26.74886793209152,5.431736509340995,1.3315805412677353,4.584462905020648,3.8362276464827247,0.7656630231441424,0.3162001219224512,2.2464208998906607,2.2323377533863873,0.3281958189080386,15.896771600405271,23.195482269063557,182.9367687982672,13.723424660155521,0.835425984068219,17.32045773370862,67.8,490.9701618029899,659.8559045159419,10.191707980640427,4.528059203125922,1.956600843916545,5085.332797424391,-73.47483333333334,-52.97416666666667
45,FO98P15,Granodiorite,Puerto Cueri Cueri,47°00.40',74°12.48',9 of 10,0.86,67.2,1,SHRIMP,Granodiorite,Pal,67.2,69.84,0.33,15.56,1.01,1.4,0.05,0.9,2.62,3.6,3.49,0.08,0.57,,99.45,24,,50,21,3.62,0.6,3.05,2.41,0.51,,1.33,1.3,0.22,5,12,154,13,,,,314,600,11,3.9,,,-74.208,-47.00666666666667
46,F00329,Granodiorite,Punta Grup,52°54.33',73°46.29,13 of 13,2,64.3,1,SHRIMP,Granodiorite,Pal,64.3,71.358,0.361,14.011,2.473,,0.065,0.712,2.047,4.26,3.078,0.091,0.018,0.028,98.50200000000001,28.057516641692626,5.26011571398003,49.36339436761735,17.822417850492272,3.3411553156666973,0.7063162734543414,2.770609155356437,2.837177792531367,0.5933069593124201,0.2980386289746373,1.8598562644216805,2.1883504332204784,0.35577197011656014,6.952437500693306,18.82895221011998,240.40934222864882,13.376137018857872,1.1162965608373043,13.867839815408134,,180.0707681181123,546.2311262886976,11.251962889043341,5.276153681079483,2.3457296837981327,2206.517369705606,-73.77,-52.9055
47,CA9913,Granodiorite,Canal Adalberto,48°40.53',74°34.36',,,57.2,0.2,TIMS,Gabbro-diorite,Pal,57.2,53.6,1.57,17.09,4.99,5.24,0.16,3.7,6.8,3.93,1.05,0.3,1.46,,99.89,18,,41,23,4.96,1.6,4.59,5,0.99,,2.63,2.67,0.42,29,26,125,8,,,,510,222,1,2.6,,,-74.57266666666666,-48.6755
48,F00039,Tonalite,Canal Guadalupe,51°12.10',74°39.98',5 of 12,0.04,56.5,1,SHRIMP,Tonalite,Pal,56.5,61.658,0.925,16.664,6.278,,0.137,2.062,5.63,4.097,1.003,0.247,0.096,0.041,98.838,11.810360583556529,3.649475064366671,25.209351233397403,16.818695603727097,4.735663626999051,1.4191072453006224,5.100688695322398,5.620461166339806,1.146340865842482,0.5071589677237573,3.540775535397864,3.3745510779926504,0.5031992584421509,22.043154752063387,35.13191137525394,168.6214021669085,5.7297220039934205,0.32095723853547203,15.10936947580603,28.4,347.44973885091497,251.58346477243967,1.5030792814783716,3.91109993987271,0.39630292603057204,5945.008998048758,-74.66633333333333,-51.20166666666667
49,F00205,Gabbro,Faro Felix,52°57.97',74°04.41',14 of 17,0.48,52.7,1,SHRIMP,Gabbro-norite,Pal,52.7,51.034,0.687,21.08,7.237,,0.12,4.286,10.507,3.095,0.302,0.093,0.017,0.014,98.472,4.010554733371229,1.0718998921036205,7.472177246245064,5.078057628909764,1.4075519325956247,0.8721106753604724,1.5575328909814188,1.6262953150164456,0.3397445520976522,0.15069325696548105,1.0347191880051416,1.0658641491916812,0.15872893108092642,25.298578271999844,9.945197398682966,21.718407078457048,0.9600673962147932,0.059530087993463515,16.459300251744413,5.9,475.5911791532849,100.76155147674908,0.4780459861438932,0.6437264444983092,0.1401218689985097,4251.751980429125,-74.0735,-52.966166666666666
50,F00040,Tonalite,Canal Smythe,51°45.180',74°10.809',7 of 10,0.43,49.9,1,SHRIMP,Tonalite,Pal,49.9,63.137,0.686,16.422,5.773,,0.131,2.409,5.251,4.083,1.704,0.172,0.02,0.05,99.838,17.03190033578068,4.005655140904561,32.047054741393815,15.893171074326256,3.371754972026188,1.0233489047831301,3.101195828660563,3.032772963866121,0.6131657645048029,0.2821046885727086,1.8925858364641561,2.008502944687585,0.3088340924634184,15.050622447767003,18.726587800351666,178.9784706612298,8.11048924550211,0.5315992692427266,14.892877351729695,39.7,398.3195600563285,400.19600853158425,4.065590399283781,3.957904894588644,1.028115098946097,4172.512201338158,-74.18015,-51.753
51,F00070,Gabbro,Canal Señoret,52°06.03',74°14.11',16 of 17,0.74,40.3,1,SHRIMP,Gabbro,Pal,40.3,51.86,0.629,17.472,8.727,,0.195,5.93,9.417,3.285,0.972,0.095,0.028,0.079,98.68899999999998,12.377554902633792,3.6071174143298754,26.69369153231322,15.301984990936566,3.5371349157161838,1.356051739011898,3.1725771071320232,2.9379160332765544,0.5814032949409956,0.2577773781212905,1.7474311718182698,1.777240729153397,0.2757139261636967,30.524331161780974,17.585331626704697,70.27414641496641,1.6545451392644954,0.11647510182086389,16.18226402822293,27.3,466.86120765362125,186.33494245201157,2.0387738355836773,1.9672242272375,0.4433791154486202,3808.1673771478395,-74.23516666666667,-52.1005
52,FO98P12,Monzodiorite,Fiordo Nassau,47°55.65',74°47.11',8 of 8,0.62,25,0.3,SHRIMP,Monzodiorite,Neo,25.0,55.86,1.12,17.87,4.39,4.52,0.2,2.88,6.29,5.04,0.68,0.24,0.45,,99.54,10,,25,18,4.44,1.46,5,5.12,1.05,,2.88,2.86,0.45,25,29,151,9,,,,342,254,2,5,,,-74.78516666666667,-47.9275
53,CA9914B,Gabbro–diorite,Canal Adalberto,48°36.26',74°54.2',10 of 11,0.43,23.1,0.3,SHRIMP,Gabbro-diorite,Neo,23.1,55.469,0.787,17.115,8.257,,0.14,3.986,8.507,3.116,1.225,0.125,0.078,0.046,98.85100000000001,9.068041762856657,2.8673856400018445,19.591296911365287,13.723153553778266,3.9752555207388034,1.1068092198219173,4.427855657245488,4.878376288610295,1.0239902130030438,0.43098593172615723,3.0166166453442576,2.8306128757716085,0.41296584957071875,32.80741842624281,29.204895119889944,28.33550626188428,2.3204387650809326,0.18998531682625544,15.550934062119822,50,291.41153253245176,205.25393557340942,3.5388153034438106,1.2971320594187392,0.764736046305749,4928.852345263863,-74.90333333333334,-48.60433333333334
54,F00418,Granodiorite,Canal Artillería,50°24.91',74°33.12',10 of 11,1.08,22.6,0.3,SHRIMP,Granodiorite,Neo,22.6,70.486,0.385,14.467,3.242,,0.047,0.893,2.7,3.854,3.233,0.085,0.03,0.054,99.47600000000001,13.935359710765104,3.1353587991907546,25.786290509116494,12.717087186616688,2.9342168788871756,0.7102406203555424,2.8925091797604625,3.057670016470844,0.6456550002422554,0.3135484138478803,2.026149828505885,2.216634285894113,0.3447397702813216,7.544688570570021,20.271164886908483,198.54575537148799,5.4185444066026065,0.4404635487620909,13.660834305314111,87.9,241.60938877855656,525.6193570659619,11.600191689685294,5.14510021861791,2.513178920177479,2322.5233500844556,-74.552,-50.415166666666664
55,F00202,Gabbro–diorite,I. Manuel Rodriguez,52°40.34',73°45.61',12 of 14,1.05,21.6,0.3,SHRIMP,Gabbro-diorite,Neo,21.6,52.791,1.13,18.292,9.909,,0.2,4.078,8.436,3.398,0.822,0.271,0.031,0.022,99.38,12.248368306511338,3.661322144048629,26.743954689148865,15.601167746683531,3.6561473297522746,1.1151870870335874,3.4171931159532,3.50679378784614,0.7216656014636035,0.32621926287106623,2.1818834273224432,2.2455152594733185,0.3352668889087102,21.65686701881454,21.83610966491936,43.20338505691279,4.716386079449079,0.29224882661082624,16.80538658922916,20.9,534.2794111204768,139.8396103888036,1.9395066102586718,1.5648453021801643,0.5028084919030099,6867.0532309810815,-73.76016666666666,-52.672333333333334
56,F00211,Granodiorite,Puerto Gomez,52°58.51',72°57.17',18 of 20,1.4,20.6,0.2,SHRIMP,Granodiorite,Neo,20.6,69.83,0.291,14.888,2.335,,0.051,0.807,2.582,3.646,3.631,0.07,0.019,0.035,98.185,28.90330952079617,5.231934199119357,50.665261813758,17.10124441326456,2.896582290679549,0.6732185644945894,2.2491874191573418,2.2030507454599024,0.42830329198415307,0.20292761672876014,1.3429839445825649,1.5265535157588945,0.23823021003565253,5.924919722603502,13.859796211251291,134.14121075849513,8.278911867191523,0.7176530590582463,13.474000709073385,150.7,243.9565813152242,645.0206611294935,34.312945202730525,3.5770827737429385,4.39186007650828,1743.1038901167096,-72.95283333333333,-52.97516666666667
57,CE9924,Ultrabasic,Canal Erhart,48°44.95',74°57.38',,,20 and 120,,SHRIMP,Ultrabasic,,120.0,41.28,0.11,19.23,1.4,5.84,0.1,14.17,12.67,0.84,0.1,0.02,3.95,,99.71,1,,2.5,2,0.38,0.25,0.41,0.4,0.078,,0.21,0.2,0.03,,2,8,,,,,433,,,,,,-74.95633333333333,-48.74916666666667
58,F00023,Tonalite,Bahia Inservible,50°46.90',74°15.45',14 of 15,0.75,19.8,0.2,SHRIMP,Tonalite,Neo,19.8,61.651,0.617,14.935,5.955,,0.122,2.107,4.826,3.316,1.864,0.106,0.022,0.032,95.553,26.290343523541328,6.264748096286059,51.57392626144847,24.711508956901884,5.214265771818954,1.1887012029040311,4.504696345916629,4.2128164730076145,0.8427719169945829,0.36196930152123974,2.4780814139554352,2.4579369827647644,0.36154030722882763,17.043923469525513,25.41318375123682,171.8373549680317,10.94930247442675,0.7069162963778143,16.326524887949535,72.7,410.8742481879887,552.1001334177195,9.928334093396805,4.407164861552176,1.6269707135603138,4725.366538473267,-74.2575,-50.781666666666666
59,F00010,Granite (altered),Fiordo Asia,50°40.95',73°47.10',6 of 18,1.4,18.9,0.5,SHRIMP,Granite,Neo,18.9,74.283,0.108,13.908,1.348,,0.098,0.245,1.215,3.568,4.037,0.047,0.017,0.039,98.91300000000001,16.018501373187323,3.366241252060652,29.813303800051358,12.66783325095839,2.7983003538630653,0.4731479113998928,2.7104862460760035,3.096766835538648,0.5957483452288836,0.2825371608512902,1.8577629823017128,1.9398563733490444,0.2881712416063624,3.9398109853122163,20.546290980901247,54.62727268560915,9.39417562559857,1.2226336088031444,13.930597253716305,,123.65405207189886,576.2629068943114,10.117766526577297,1.7357728137179376,1.8203482226545478,531.1345569419396,-73.785,-50.6825
60,F00013,Granodiorite,Puerto Tillman,50°30.50',73°42.95',15 of 18,2.1,18.8,0.2,SHRIMP,Granodiorite,Neo,18.8,66.498,0.426,15.062,3.697,,0.084,1.861,4.037,3.468,2.234,0.132,0.02,0.021,97.54,25.99046915556763,4.199532274776484,41.771385155774375,14.04075315263969,2.3232020501109205,0.6805312512331539,1.8289890107525486,1.5806431840339488,0.33010682904072064,0.14152752919600492,0.9745566612621007,1.0156791046864495,0.15269788546159319,8.800702349609825,10.010865943389836,77.82830013914067,9.312102401659752,0.7973543539079416,14.911695041817902,110.2,367.0680021975921,398.4676504913188,15.407107667884983,2.2426798371162957,2.236407070731023,2638.3906278277136,-73.71583333333334,-50.50833333333333
61,F00326,Tonalite,Canal Bambach,52°25.05',73°45.59',5 of 6,0.29,18.8,0.5,SHRIMP,Tonalite,Neo,18.8,66.457,0.474,16.024,4.524,,0.111,1.838,4.543,3.886,1.634,0.124,0.019,0.044,99.678,,,,,,,,,,,,,,,,,,,,47.9,,,,,,,-73.75983333333333,-52.4175
62,F00042,Tonalite,Isla Piazzi,51°45.456',74°11.158',9 of 9,0.17,18.4,0.9,SHRIMP,Tonalite,Neo,18.4,65.202,0.503,16.082,4.741,,0.107,1.755,4.722,4.085,1.564,0.11,0.022,0.039,98.932,10.354411124972064,3.0485668705474436,21.364134049768122,13.662461507351516,3.6767216065759376,0.913974710253193,3.7033217949786263,3.9433218550504807,0.797425473060672,0.37147671410618976,2.5012102943830374,2.5781843084842735,0.39753117795033405,13.965818333142694,24.850994657288854,153.75446056322866,4.306140086025549,0.3427800748002467,14.241377877836644,38.3,350.48215917004524,293.5787192571053,7.580512554421338,4.009289777677725,2.0508697496887627,3196.916325035622,-74.18596666666667,-51.7576
63,F00352,Granodiorite,Bahia Girior,53°24.61',72°46.63',6 of 6,0.89,18,0.6,SHRIMP,Granodiorite,Neo,18.0,67.075,0.416,16.138,3.75,,0.103,1.536,3.96,4.078,2.511,0.13,0.019,0.071,99.78699999999999,16.9973968469421,3.885314615963996,33.01843022083567,14.84628263629046,3.0593244496170287,0.813978775773553,2.78149375908076,2.481363364334689,0.4914918376995346,0.21690287422719046,1.4315279829338223,1.5608955980948211,0.2372143806362114,9.63022554468902,15.14896124268101,169.81428535992876,6.589569928558874,0.5319852536482629,15.710344888779423,79.7,387.17416194356656,369.64000454841334,9.687293385392943,4.255971601568349,1.5644212012518366,2638.8419536484616,-72.77716666666667,-53.41016666666667
64,FO98P2,Tonalite,Punta Daphne,47°36.37',74°19.03',16 of 17,1.13,16.4,0.3,SHRIMP,Tonalite,Neo,16.4,66.91,0.48,17.44,1.34,1.4,0.07,1.13,4.31,4.93,1.11,0.12,0.45,,99.69,21,,48,20,2.77,0.82,2.07,1.35,0.26,,0.71,0.66,0.11,5,7,75,7,,,17.6,720,369,3,2.8,,,-74.31716666666667,-47.60616666666667
65,F00019,Dacite,Isla del Medio,50°35.33',73°45.10',12 of 31,0.54,4.9,0.1,SHRIMP,Dacite,Neo,4.94,65.798,0.306,16.376,3.532,,0.077,1.366,4.337,4.172,1.453,0.128,0.033,0.092,97.67,13.223730432733404,2.8419387016169604,24.350810734781728,10.370262933265268,2.0950371470849674,0.704076456896504,1.667553262750901,1.4564879140934355,0.29250629126083166,0.12648342865445963,0.8218379548674501,0.8999447368422027,0.14053914974925016,7.355711726961101,8.907661913456637,112.12091165969477,6.094047068892614,0.4430553782703803,15.649550220538133,26,473.4341686423721,310.034082843088,3.308283048859082,2.709002134988665,0.9587806725228283,2129.438292083262,-73.75166666666667,-50.58883333333333
