,run,sample number,unit,drillhole name,from (m),to (m),easting,northing,age,uncertainty (ma),column1,sio2,al2o3,fe2o3,mgo,cao,na2o,k2o,tio2,p2o5,mno,cr2o3,ba_ppm,sc_ppm,sum,cs_ppm,ga_ppm,hf_ppm,nb_ppm,rb_ppm,sn_ppm,sr_ppm,ta_ppm,th_ppm,u_ppm,v_ppm,w_ppm,zr_ppm,y_ppm,la_ppm,ce_ppm,pr_ppm,nd_ppm,sm_ppm,eu_ppm,gd_ppm,tb_ppm,dy_ppm,ho_ppm,er_ppm,tm_ppm,yb_ppm,lu_ppm,mo_%,cu_%,pb_%,zn_%,ag_grt,ni_ppm,loi_%,totc_%,tots_%,mo_ppm,cu_ppm,pb_ppm,zn_ppm,ag_ppb,ni_ppm2,co_ppm,mn_ppm,as_ppm,au_ppb,cd_ppm,sb_ppm,bi_ppm,cr_ppm,b_ppm,tl_ppm,hg_ppb,se_ppm,te_ppm,ge_ppm,in_ppm,re_ppb,be_ppm,li_ppm,pd_ppb,pt_ppb,zrc sat t (â„ƒ),longitude,latitude
0,,Qu-008,Quellaveco Granodiorite,,,,328420.0,8108526.0,60.0,1.49,,71.02,16.73,0.62,0.33,1.66,5.4,1.98,0.38,0.05,0.01,0.001,505,4,99.83,0.5,14.2,3.0,4.3,52.2,2,548.5,0.2,3.7,1.7,25,7.7,108.6,4.6,23.6,41.7,4.13,13.7,1.8,0.58,1.23,0.21,0.89,0.16,0.44,0.06,0.37,0.06,,,,,,,1.6,0.02,0.02,5.31,77.84,2.97,8.3,2048,1.1,0.4,32,0.1,2,0.02,0.03,0.26,2.4,2,0.02,5,0.2,0.02,0.1,0.09,1,0.1,0.5,0.5,0.1,772.2013440476519,-70.61263078719092,-17.101321817324713
1,,Qu-380,Toquepala Granodiorite,,,,329115.0,8096512.0,60.985,1.57,,64.64,15.81,4.42,1.9,3.89,3.96,3.25,0.57,0.16,0.08,0.004,723,10,99.96,3.0,18.3,5.7,7.4,116.3,1,476.6,0.4,15.0,4.3,91,1.1,188.9,19.9,24.8,52.9,6.18,23.7,4.09,0.95,3.29,0.63,2.95,0.61,1.63,0.27,1.62,0.29,,,,,,,1.2,0.03,0.02,2.15,65.42,20.34,57.2,85,7.4,6.5,153,2.2,2,0.23,0.19,0.03,14.2,4,0.04,45,0.2,0.02,0.1,0.02,2,0.1,10.4,0.5,0.3,821.2800065021538,-70.60703472593711,-17.209930249091936
2,,Qu-381,Toquepala Granodiorite (Aplite Dyke),,,,329115.0,8096512.0,60.2,1.38,,75.12,12.68,1.8,0.26,0.31,3.35,5.34,0.22,0.06,0.03,0.002,282,3,100.0,7.3,14.1,4.5,8.6,225.3,2,104.7,0.6,41.1,7.2,23,2.6,115.6,25.1,39.6,84.1,9.45,32.8,4.9,0.43,3.67,0.73,3.32,0.68,2.03,0.38,2.25,0.39,,,,,,,0.8,0.03,0.03,1.25,57.0,13.07,38.1,86,3.1,2.1,199,2.5,3,0.14,0.5,0.03,9.0,3,0.06,24,0.1,0.02,0.1,0.02,1,0.3,2.4,0.5,0.1,777.518108239748,-70.60703472593711,-17.209930249091936
3,,Qu-700,Cuajone Diorite,,,,315535.0,8114974.0,64.2,1.5,,62.86,15.69,4.83,1.79,4.46,3.32,3.32,0.56,0.16,0.07,0.003,651,12,99.78,5.5,16.7,4.9,5.8,118.5,1,380.7,0.4,18.2,5.0,96,1.7,171.4,12.8,21.7,44.9,5.23,19.7,3.9,0.85,3.06,0.47,2.58,0.48,1.38,0.21,1.4,0.22,,,,,,,2.7,0.38,0.01,1.66,60.94,3.13,43.6,64,8.0,11.7,475,1.5,1,0.07,0.18,0.04,12.7,4,0.04,5,0.1,0.02,0.1,0.03,1,0.2,17.3,0.5,0.3,812.3295327713997,-70.73315609269159,-17.042062016172544
4,,Qu-701,Cuajone Diorite,,,,316290.0,8116626.0,65.1,1.6,,62.64,16.19,5.25,2.27,4.2,3.14,3.4,0.67,0.16,0.19,0.003,668,15,99.47,9.2,18.1,6.9,6.7,108.5,2,416.6,0.5,18.5,4.3,115,1.9,230.2,22.5,23.9,52.2,6.69,26.7,5.02,1.08,4.54,0.75,3.8,0.83,2.4,0.42,2.59,0.41,,,,,,,1.4,0.01,0.02,1.33,1609.53,9.55,390.9,1112,11.6,10.1,666,1.7,1,0.67,0.31,0.19,20.7,4,0.04,5,0.2,0.08,0.2,0.11,1,0.2,3.8,0.5,0.3,839.947568864824,-70.72592780750232,-17.027195916890573
5,,Qu-705,Toquepala Granodiorite,,,,327942.0,8092833.0,60.985,1.5,,62.52,17.7,4.82,2.14,2.83,4.65,0.92,0.54,0.21,0.13,0.002,260,9,99.7,4.9,19.8,3.6,4.6,31.3,2,572.2,0.3,4.5,1.6,93,10.9,127.9,10.0,21.3,43.0,5.07,19.2,3.23,1.0,2.55,0.39,1.81,0.37,0.96,0.18,0.95,0.17,,,,,,,3.2,0.11,1.72,3.77,536.7,42.08,180.7,354,11.5,11.7,1040,2.2,1,0.59,0.33,0.3,16.0,3,0.02,5,0.4,0.05,0.1,0.07,2,0.2,5.4,0.5,0.3,786.2400697569337,-70.61835204663326,-17.243084387058815
6,MAAPER10052182X,QVC19CN-002,Intermineral 2,MQ-04-02,110.75,110.85,327500.0,8108800.0,55.286249999999995,,,72.04,13.86,2.82,0.82,0.71,2.59,4.4,0.26,0.12,0.03,0.004,968,3,99.61,1.9,9.7,2.3,3.2,86.0,1,265.0,0.3,2.4,1.3,21,8.9,77.8,4.8,11.5,22.1,2.47,8.7,1.46,0.45,1.15,0.16,0.85,0.16,0.53,0.09,0.58,0.11,0.003,0.218,<0.02,<0.01,<2,<10,1.8,0.04,1.2,35.58,2272.22,19.72,39.9,1159,4.1,13.0,210,0.6,6.6,0.25,0.1,0.03,6.2,2,0.05,<5,1.5,0.02,<0.1,0.02,32,0.2,3.8,<10,<2,744.6993231629025,-70.62125366119045,-17.098776996349567
7,MAAPER10052183X,QVC19CN-003,Regional Granodiorite,MQ-04-02,78.3,78.38,328420.0,8108526.0,58.91,,,66.65,17.6,3.09,1.33,1.1,3.84,2.7,0.36,0.18,0.03,0.003,492,5,99.41,4.7,15.0,2.8,3.5,64.9,2,390.4,0.2,4.2,1.9,45,10.1,98.6,6.3,18.0,32.0,3.58,13.0,2.1,0.64,1.63,0.21,1.21,0.21,0.68,0.1,0.66,0.11,0.003,0.348,<0.02,<0.01,<2,<10,2.4,0.05,1.08,29.06,3642.66,9.84,37.2,1691,2.8,8.3,250,0.2,13.8,0.14,0.41,0.07,4.8,3,0.05,8,1.4,0.03,<0.1,0.04,19,0.3,7.3,<10,<2,764.0842223229706,-70.61263078719092,-17.101321817324713
8,MAAPER10052184X,QVC19CN-004,Intermineral 2,MQ-04-02,167.8,167.9,327500.0,8108800.0,55.286249999999995,,,66.76,16.86,2.46,1.21,3.39,4.24,2.43,0.36,0.15,0.04,0.006,1652,5,99.61,3.7,16.0,2.7,3.6,48.6,<1,614.9,0.3,3.2,1.1,48,1.8,95.6,6.2,15.7,31.8,3.53,13.4,2.42,0.66,1.64,0.21,1.12,0.21,0.6,0.09,0.59,0.1,0.011,0.171,<0.02,<0.01,<2,<10,1.5,0.07,0.47,118.01,1753.91,2.13,24.2,801,3.6,4.3,252,<0.1,8.2,0.12,0.02,<0.02,6.6,1,0.06,6,0.6,<0.02,<0.1,<0.02,132,0.3,9.9,<10,<2,761.5144334383799,-70.62125366119045,-17.098776996349567
9,MAAPER10052186X,QVC19CN-005,Regional Granodiorite,MQ-04-02,194.7,194.8,328420.0,8108526.0,58.91,,,68.77,16.09,1.88,1.13,3.05,3.79,3.09,0.33,0.15,0.04,0.003,804,5,99.71,3.2,13.6,2.7,3.6,51.3,<1,562.2,0.3,3.8,1.1,34,3.1,93.2,6.4,17.5,34.1,3.85,15.6,2.3,0.66,1.92,0.24,1.23,0.23,0.66,0.1,0.67,0.09,0.002,0.107,<0.02,<0.01,<2,<10,1.3,0.06,0.22,23.52,1091.43,2.04,22.4,449,2.7,3.0,285,0.5,2.5,0.1,<0.02,0.04,6.3,2,0.04,<5,0.4,<0.02,<0.1,<0.02,29,<0.1,8.2,<10,<2,759.4093882122102,-70.61263078719092,-17.101321817324713
10,MAAPER10052188X,QVC19CN-006,Monzodiorite,MQ-04-02,208.0,208.92,327500.0,8108800.0,55.286249999999995,,,64.73,16.97,4.34,1.46,3.71,4.15,2.51,0.5,0.19,0.04,0.003,738,7,99.54,1.1,17.3,3.0,3.8,46.2,<1,659.2,0.2,2.4,0.7,70,1.1,110.8,6.4,16.8,33.7,3.79,14.4,2.59,0.79,2.05,0.26,1.33,0.23,0.6,0.09,0.59,0.09,<0.001,0.233,<0.02,<0.01,<2,<10,0.9,0.02,0.33,2.44,2380.07,2.33,44.2,863,5.8,8.1,265,<0.1,20.9,0.13,<0.02,<0.02,9.4,<1,0.13,<5,1.2,<0.02,<0.1,<0.02,2,<0.1,9.7,<10,<2,773.9025116396024,-70.62125366119045,-17.098776996349567
11,MAAPER10052189X,QVC19CN-007,Intermineral 1,MQ-04-02,354.7,354.8,327500.0,8108800.0,55.286249999999995,,,67.31,16.91,1.98,1.44,1.9,3.9,2.52,0.41,0.17,0.05,0.003,330,6,99.59,2.3,14.5,2.9,3.3,58.7,1,381.6,0.3,2.8,1.9,58,9.0,101.0,9.3,36.3,69.3,7.65,28.6,4.65,1.38,3.34,0.38,1.88,0.34,0.97,0.13,0.87,0.13,0.003,0.206,<0.02,<0.01,<2,<10,3.0,0.29,0.71,32.39,2108.24,23.54,61.6,891,4.0,5.5,321,0.5,3.4,0.37,0.3,0.07,3.5,2,0.06,56,0.9,<0.02,<0.1,<0.02,20,0.1,4.6,<10,<2,766.0932247502412,-70.62125366119045,-17.098776996349567
12,MAAPER10052190X,QVC19CN-009,Granodiorite Porphyry,MQ-04-02,474.8,474.9,327500.0,8108800.0,55.286249999999995,,,66.88,16.88,2.26,1.42,3.3,4.38,2.56,0.42,0.21,0.03,<0.002,545,6,99.54,2.5,12.9,2.8,3.4,63.3,<1,697.2,0.3,3.8,1.7,60,4.4,110.1,7.2,18.3,35.5,4.12,15.9,2.59,0.82,2.05,0.27,1.35,0.25,0.77,0.12,0.8,0.12,0.003,0.225,<0.02,<0.01,<2,<10,1.1,0.07,0.31,27.03,2306.65,1.48,25.6,798,4.8,7.2,258,0.2,6.5,0.13,0.03,0.04,7.1,<1,0.11,<5,0.9,<0.02,0.1,<0.02,7,<0.1,13.9,<10,<2,773.3643246074444,-70.62125366119045,-17.098776996349567
13,MAAPER10052191X,QVC19CN-010,Late Porphyry,MQ-04-02,492.5,492.6,327500.0,8108800.0,55.286249999999995,,,67.38,16.52,2.84,0.94,3.55,3.97,2.7,0.34,0.15,0.03,0.006,751,5,99.8,3.0,15.3,2.7,3.5,63.4,<1,692.1,0.3,3.3,1.1,40,1.2,91.4,6.4,17.6,32.5,3.68,14.0,2.27,0.69,1.79,0.21,1.1,0.22,0.6,0.09,0.64,0.1,<0.001,0.031,<0.02,<0.01,<2,<10,1.3,0.09,0.13,7.18,316.26,1.52,18.7,102,3.2,4.5,218,9.8,1.2,0.02,0.58,<0.02,6.1,<1,0.09,135,0.2,<0.02,<0.1,<0.02,2,0.3,7.2,<10,<2,757.8005164439251,-70.62125366119045,-17.098776996349567
14,MAAPER10052192X,QVC19CN-011,Monzodiorite,MQ-04-02,558.2,558.3,327500.0,8108800.0,55.286249999999995,,,63.38,17.54,4.12,1.54,3.47,4.59,2.5,0.54,0.19,0.05,0.004,687,7,99.69,2.9,16.5,3.3,3.9,75.2,1,612.7,0.3,2.5,0.8,81,2.8,121.1,6.8,22.0,40.9,4.7,18.7,2.9,0.86,2.26,0.27,1.31,0.25,0.69,0.1,0.64,0.1,0.019,0.103,<0.02,<0.01,<2,<10,1.7,0.1,1.04,187.43,1052.96,2.11,23.2,352,6.0,9.5,345,1.2,3,0.07,0.11,0.14,9.1,2,0.19,14,1.6,0.04,<0.1,<0.02,51,0.2,15.8,<10,<2,781.5096160545709,-70.62125366119045,-17.098776996349567
15,MAAPER10052193X,QVC19CN-013,Late Porphyry,MQ-04-02,761.9,761.98,327500.0,8108800.0,55.286249999999995,,,68.69,16.11,1.59,0.88,2.66,4.03,3.86,0.33,0.13,0.02,0.002,855,4,99.71,3.5,12.9,2.6,3.6,81.1,<1,990.6,0.2,3.9,0.9,38,11.6,92.9,6.4,19.0,35.1,3.89,14.2,2.23,0.68,1.71,0.22,1.14,0.22,0.57,0.09,0.67,0.1,0.002,0.074,<0.02,<0.01,<2,<10,1.3,0.09,0.34,19.16,739.93,2.56,15.1,281,2.7,3.5,154,0.5,2.5,0.06,0.1,0.07,5.7,2,0.07,40,0.5,<0.02,<0.1,<0.02,5,0.3,9.9,<10,<2,759.1430660012561,-70.62125366119045,-17.098776996349567
16,MAAPER10052194X,QVC19CN-014,Intermineral,MQ-04-04,347.0,347.1,327500.0,8108800.0,55.286249999999995,,,65.88,16.52,3.1,1.14,3.2,3.69,2.23,0.38,0.16,0.03,0.007,685,6,99.48,1.3,14.4,2.4,3.2,56.0,2,769.6,0.2,2.4,1.2,62,9.9,79.8,6.0,14.0,27.9,3.25,12.6,2.26,0.75,1.84,0.23,1.06,0.21,0.68,0.09,0.54,0.09,0.007,0.26,<0.02,<0.01,<2,<10,3.1,0.03,2.05,79.03,2763.4,2.65,36.3,1335,3.8,4.9,211,<0.1,<0.2,0.17,0.03,0.24,5.4,1,0.06,<5,1.3,<0.02,<0.1,0.08,39,<0.1,7.3,12,<2,746.7412814670627,-70.62125366119045,-17.098776996349567
17,MAAPER10052195X,QVC19CN-016,Monzodiorite,MQ-04-04,464.75,464.83,327500.0,8108800.0,55.286249999999995,,,65.46,16.07,3.49,0.9,3.56,3.19,3.05,0.34,0.14,0.05,0.003,659,5,99.73,1.5,17.7,2.7,4.0,65.7,1,719.3,0.2,2.9,1.2,53,21.5,94.2,5.8,14.5,28.2,3.14,12.5,2.25,0.61,1.57,0.2,1.07,0.2,0.6,0.07,0.59,0.09,<0.001,0.08,0.05,<0.01,<2,<10,3.4,0.06,2.4,0.36,809.95,7.96,60.7,532,2.5,9.4,328,0.6,1.7,0.22,0.03,2.57,5.0,2,0.05,<5,0.6,0.39,<0.1,0.07,<1,<0.1,7.6,<10,<2,760.2919595436288,-70.62125366119045,-17.098776996349567
18,MAAPER10052196X,QVC19CN-018,Intermineral,MQ-04-04,543.0,543.08,327500.0,8108800.0,55.286249999999995,,,65.16,16.2,3.11,0.99,3.1,4.28,3.52,0.35,0.15,0.04,0.003,664,4,99.67,1.5,15.7,2.7,3.6,63.2,1,628.4,0.3,3.3,1.0,51,5.7,89.4,4.9,19.6,34.9,3.7,13.1,2.07,0.6,1.4,0.16,0.82,0.16,0.5,0.08,0.51,0.1,<0.001,0.142,<0.02,<0.01,<2,<10,2.7,0.06,1.97,5.84,1429.96,4.96,29.0,907,4.4,4.2,279,0.3,5,0.13,0.05,0.78,7.0,2,0.05,6,1,0.08,<0.1,0.05,<1,0.2,9.1,<10,<2,755.9813530751362,-70.62125366119045,-17.098776996349567
19,MAAPER10052198X,QVC19CN-020,Monzodiorite,MQ-04-06,215.6,215.72,327500.0,8108800.0,55.286249999999995,,,67.59,16.17,3.78,1.04,2.28,3.42,1.69,0.34,0.16,0.04,<0.002,744,4,99.73,4.4,15.2,3.7,4.9,49.6,1,489.9,0.3,4.2,1.4,34,10.3,126.2,6.9,20.4,38.8,4.28,15.9,2.41,0.79,2.0,0.25,1.22,0.25,0.64,0.1,0.65,0.11,<0.001,0.107,<0.02,<0.01,<2,<10,3.1,0.36,2.21,1.51,1069.63,4.1,27.4,589,2.5,3.7,320,0.2,0.5,0.11,0.39,0.36,3.0,1,0.06,7,0.8,0.03,<0.1,0.05,2,0.5,5.6,<10,<2,785.0775431013551,-70.62125366119045,-17.098776996349567
20,MAAPER10052199X,QVC19CN-021,Early Porphyry,MQ-04-06,255.6,255.72,327500.0,8108800.0,55.286249999999995,,,67.09,16.39,3.02,1.26,3.16,3.82,1.49,0.34,0.15,0.03,0.002,336,5,99.55,0.9,15.4,2.9,3.8,45.2,2,617.2,0.2,3.4,1.2,45,7.3,103.1,5.2,12.7,23.7,2.71,10.1,1.67,0.6,1.31,0.17,1.01,0.16,0.55,0.07,0.46,0.07,0.005,0.237,<0.02,<0.01,<2,<10,2.7,0.09,1.53,48.79,2365.27,3.34,29.8,1112,3.6,7.2,224,<0.1,4,0.17,<0.02,0.19,4.5,1,0.08,<5,1.3,0.11,<0.1,0.04,22,0.1,6.0,15,<2,767.8185120393343,-70.62125366119045,-17.098776996349567
21,MAAPER10052200X,QVC19CN-022,Early Porphyry,MQ-04-06,364.2,364.32,327500.0,8108800.0,55.286249999999995,,,67.19,16.81,2.21,1.05,3.32,4.81,1.73,0.33,0.16,0.04,<0.002,537,4,99.59,1.4,14.4,2.5,3.5,40.7,1,713.5,0.2,2.8,1.2,42,6.2,91.8,6.8,19.1,35.4,4.02,15.2,2.48,0.78,1.8,0.22,1.17,0.23,0.67,0.09,0.67,0.1,0.018,0.181,<0.02,<0.01,<2,<10,1.9,0.14,0.75,168.47,1748.37,4.93,33.2,745,2.7,5.8,302,0.2,0.9,0.23,0.12,0.07,4.8,2,0.03,<5,0.9,0.04,<0.1,0.03,24,0.2,9.4,10,<2,758.1603290057051,-70.62125366119045,-17.098776996349567
22,MAAPER10052201X,QVC19CN-023,Intermineral ,MQ-04-06,584.8,584.92,327500.0,8108800.0,55.286249999999995,,,67.89,16.64,1.99,1.01,3.43,5.04,1.08,0.32,0.14,0.03,<0.002,225,5,99.4,1.8,15.1,2.9,3.5,42.8,1,811.3,0.3,3.0,1.4,37,7.3,96.7,7.3,22.7,40.2,4.48,16.2,2.61,0.76,1.98,0.25,1.32,0.25,0.71,0.1,0.66,0.1,0.007,0.341,<0.02,<0.01,<2,<10,1.8,0.1,0.6,61.63,3380.71,3.05,27.8,1385,2.4,2.7,218,0.2,10,0.14,0.09,0.13,5.0,<1,0.09,13,1.1,0.04,<0.1,0.08,17,0.2,8.6,<10,<2,762.4644477977631,-70.62125366119045,-17.098776996349567
23,MAAPER10052202X,QVC19CN-024,Intermineral,MQ-04-06,726.6,726.75,327500.0,8108800.0,55.286249999999995,1.1,,65.65,16.57,3.66,1.16,2.91,4.26,3.29,0.35,0.16,0.03,0.005,802,6,99.2,3.5,16.3,2.7,3.7,81.9,2,663.6,0.2,3.3,1.3,59,6.5,93.1,6.5,15.3,29.7,3.32,13.1,2.42,0.63,1.75,0.23,1.34,0.23,0.69,0.1,0.7,0.1,0.033,0.454,<0.02,<0.01,<2,<10,1.1,0.02,0.74,325.02,4691.05,2.7,38.8,2051,4.9,5.4,249,0.4,16.1,0.32,0.13,0.14,7.5,2,0.15,7,2,0.06,0.1,0.08,138,0.2,13.0,10,<2,759.3206942511697,-70.62125366119045,-17.098776996349567
24,MAAPER10052203X,QVC19CN-025,Monzodiorite,MQ-04-06,745.0,745.1,327500.0,8108800.0,55.286249999999995,,,64.56,17.27,3.38,1.41,3.38,4.56,2.64,0.55,0.18,0.03,0.004,613,6,99.36,3.8,16.7,2.6,3.2,84.4,1,739.1,0.2,2.7,1.4,72,22.1,86.0,5.7,18.7,36.8,4.24,16.7,2.93,0.81,2.05,0.23,1.15,0.19,0.54,0.08,0.47,0.09,0.041,0.327,<0.02,<0.01,<2,<10,1.3,0.05,1.14,418.54,3257.8,2.34,43.3,1465,7.4,10.6,240,0.5,7.9,0.33,0.03,0.36,9.9,1,0.23,<5,1,0.09,0.1,0.05,115,0.1,13.5,<10,<2,752.8087341193163,-70.62125366119045,-17.098776996349567
25,MAAPER10052204X,QVC19CN-026,Monzodiorite,MQ0703,233.4,233.6,327500.0,8108800.0,55.286249999999995,,,63.94,17.01,3.62,1.41,3.75,3.01,2.06,0.41,0.17,0.13,0.004,671,6,99.13,3.9,14.8,2.5,3.1,51.3,1,575.9,0.2,2.0,0.8,49,7.2,92.0,6.2,13.5,25.7,3.04,11.6,2.11,0.63,1.73,0.22,1.16,0.22,0.56,0.09,0.63,0.1,0.001,0.285,<0.02,0.31,<2,<10,3.5,0.28,1.81,9.91,2879.93,5.98,3119.4,1498,3.7,9.1,890,<0.1,8.1,19.64,0.11,0.29,4.1,2,0.05,22,1.3,0.04,<0.1,0.78,4,0.3,10.9,<10,<2,758.3397415871236,-70.62125366119045,-17.098776996349567
26,MAAPER10052205X,QVC19CN-027,Regional Granodiorite,MQ0703,259.9,260.05,328420.0,8108526.0,58.91,,,67.58,16.12,2.52,1.53,2.63,3.6,2.12,0.44,0.18,0.06,<0.002,478,7,99.42,1.4,13.2,3.4,4.1,42.9,2,517.4,0.2,5.2,1.8,62,9.6,120.7,7.6,23.1,42.7,4.63,17.1,2.86,0.84,2.08,0.26,1.39,0.27,0.67,0.11,0.68,0.11,0.001,0.352,<0.02,<0.01,<2,<10,2.6,0.16,0.59,12.97,3471.19,4.42,41.4,1601,4.7,7.3,406,0.2,9.8,0.15,0.06,0.06,6.6,2,0.03,<5,1.3,<0.02,<0.1,0.03,12,0.4,9.3,<10,<2,781.2244958303074,-70.61263078719092,-17.101321817324713
27,MAAPER10052207X,QVC19CN-028,Regional Granodiorite,MQ0703,312.5,312.7,328420.0,8108526.0,58.91,1.28,,66.85,16.35,2.87,1.8,3.27,4.2,1.1,0.47,0.19,0.05,<0.002,317,7,99.31,2.0,14.3,2.7,3.6,29.5,1,661.0,0.3,5.4,1.6,78,8.0,90.4,7.2,22.1,42.8,4.8,18.1,2.77,0.85,2.12,0.27,1.41,0.24,0.75,0.1,0.68,0.11,0.002,0.424,<0.02,<0.01,<2,<10,2.1,0.06,0.58,17.25,4201.37,3.18,48.9,1972,7.4,8.8,394,0.4,13.7,0.22,0.08,0.07,9.7,1,0.03,13,1.6,0.03,<0.1,0.06,8,0.2,18.2,<10,<2,756.8951624282827,-70.61263078719092,-17.101321817324713
28,MAAPER10052208X,QVC19CN-029,Late Porphyry,MQ0703,353.05,353.25,327500.0,8108800.0,55.286249999999995,1.12,,66.26,16.55,2.41,1.03,2.87,3.64,3.02,0.31,0.14,0.04,<0.002,822,5,99.64,4.4,13.5,3.0,3.3,68.4,<1,565.6,0.2,2.8,1.1,45,9.2,103.1,5.2,15.6,28.6,3.24,11.5,2.03,0.71,1.48,0.2,1.07,0.2,0.51,0.08,0.58,0.08,0.001,0.169,<0.02,<0.01,<2,<10,3.3,0.35,1.01,12.93,1643.82,7.88,45.6,847,2.6,9.5,314,0.6,1.5,0.33,0.23,0.19,5.0,2,0.04,12,1,0.03,<0.1,0.03,5,0.4,5.0,<10,<2,767.8185120393343,-70.62125366119045,-17.098776996349567
29,MAAPER10052209X,QVC19CN-030,Late Porphyry,MQ0703,556.65,557.0,327500.0,8108800.0,55.286249999999995,,,67.78,16.67,2.03,0.84,2.89,4.33,3.38,0.31,0.14,0.02,0.003,839,5,99.62,1.9,14.8,2.6,3.7,71.2,<1,631.6,0.2,3.2,1.0,52,3.0,93.4,6.0,15.3,29.7,3.41,13.1,2.14,0.64,1.57,0.2,1.15,0.22,0.6,0.09,0.65,0.1,<0.001,0.188,<0.02,<0.01,<2,<10,1.1,0.04,0.58,6.03,1760.55,2.01,14.8,734,2.6,4.7,140,0.6,6.6,0.05,0.03,0.07,5.4,<1,0.06,8,1,<0.02,0.1,<0.02,2,<0.1,7.8,<10,<2,759.5865366028729,-70.62125366119045,-17.098776996349567
30,MAAPER10052211X,QVC19CN-031,Late Porphyry,MQ0703,585.7,586.0,327500.0,8108800.0,55.286249999999995,,,67.46,16.81,2.35,0.95,3.23,4.55,2.83,0.33,0.14,0.02,<0.002,744,5,99.73,3.0,14.9,2.7,3.7,68.0,<1,637.7,0.3,3.0,1.0,45,1.6,92.5,5.8,16.1,30.7,3.45,13.0,2.3,0.64,1.61,0.23,1.13,0.23,0.66,0.09,0.63,0.11,<0.001,0.095,<0.02,<0.01,<2,<10,1.0,0.06,0.28,7.68,928.08,1.35,12.5,375,2.2,4.8,152,1,3.7,0.03,0.04,<0.02,6.5,<1,0.08,10,0.5,<0.02,<0.1,<0.02,3,0.1,8.7,<10,<2,758.7868436991907,-70.62125366119045,-17.098776996349567
31,MAAPER10052214X,QVC19CN-033,Intermineral,MQ0707,336.1,336.3,327500.0,8108800.0,55.286249999999995,,,67.11,16.76,3.16,1.0,3.57,4.32,2.03,0.34,0.15,0.06,<0.002,705,5,99.71,0.9,16.1,3.1,3.2,43.6,<1,805.5,0.3,3.2,1.3,45,2.8,105.7,6.2,16.5,31.5,3.54,13.5,2.3,0.65,1.56,0.22,1.17,0.22,0.66,0.1,0.6,0.1,<0.001,0.088,<0.02,<0.01,<2,<10,1.1,0.03,0.49,7.92,872.82,2.5,36.3,406,2.7,4.9,388,0.1,0.9,0.06,0.05,0.06,6.3,1,0.09,<5,<0.1,0.02,<0.1,<0.02,2,<0.1,9.1,<10,<2,769.9142123650397,-70.62125366119045,-17.098776996349567
32,MAAPER10052216X,QVC19CN-034,Early Porphyry,MQ0707,436.25,436.4,327500.0,8108800.0,55.286249999999995,1.11,,66.66,16.23,1.87,0.98,3.52,4.62,2.66,0.32,0.14,0.03,0.002,673,5,99.45,0.8,12.4,2.8,3.5,50.2,<1,739.8,0.2,3.4,1.5,48,7.3,97.8,5.6,15.0,27.7,3.21,12.1,1.96,0.58,1.58,0.19,1.05,0.21,0.53,0.09,0.58,0.1,0.021,0.302,<0.02,<0.01,<2,<10,2.3,0.03,1.09,195.52,2968.91,3.36,26.3,1039,2.9,4.3,220,0.4,8.1,0.1,0.05,0.05,6.9,1,0.03,<5,1,<0.02,<0.1,0.05,74,0.2,8.5,<10,<2,763.4054331616153,-70.62125366119045,-17.098776996349567
33,MAAPER10052218X,QVC19CN-036,Intermineral 2,MQ0707,593.3,593.5,327500.0,8108800.0,55.286249999999995,,,65.36,16.26,2.61,1.42,2.52,3.51,3.77,0.44,0.18,0.04,<0.002,958,7,98.98,1.8,12.7,3.0,3.9,86.8,2,735.4,0.2,3.2,1.7,68,16.8,108.6,6.2,19.0,36.2,4.24,15.7,2.78,0.68,1.94,0.25,1.26,0.24,0.68,0.11,0.6,0.11,0.029,0.654,<0.02,<0.01,<2,<10,2.8,0.09,0.72,262.54,6522.05,4.28,36.4,2209,4.1,6.4,321,0.2,14.5,0.27,0.24,0.22,8.1,1,0.09,47,2.1,0.05,<0.1,0.1,141,0.4,10.9,<10,<2,772.2013440476519,-70.62125366119045,-17.098776996349567
34,MAAPER10052219X,QVC19CN-037,Early Porphyry,MQ0707,678.15,678.35,327500.0,8108800.0,55.286249999999995,,,66.61,16.91,2.24,1.27,3.28,3.94,2.63,0.41,0.16,0.04,0.002,686,6,99.55,3.8,14.8,2.8,3.9,54.5,1,667.8,0.3,3.1,1.6,64,4.6,98.9,6.2,18.5,33.5,3.71,13.9,2.43,0.72,1.85,0.24,1.25,0.24,0.65,0.1,0.66,0.1,0.003,0.245,<0.02,<0.01,<2,<10,2.0,0.09,0.38,24.68,2388.3,2.56,30.6,725,4.4,3.8,270,0.2,8.7,0.14,0.07,0.1,7.7,2,0.06,<5,0.9,<0.02,<0.1,0.03,9,0.2,11.9,<10,<2,764.3375769916156,-70.62125366119045,-17.098776996349567
35,MAAPER10052220X,QVC19CN-038,Monzodiorite,MQ0710A,363.35,363.55,327500.0,8108800.0,55.286249999999995,,,66.19,16.93,3.51,1.32,3.13,4.12,2.22,0.42,0.17,0.16,<0.002,607,6,99.61,1.6,14.7,2.9,3.4,56.1,1,600.3,0.2,3.2,1.2,58,3.4,107.3,7.2,19.5,35.5,3.98,15.4,2.64,0.77,1.82,0.25,1.24,0.23,0.66,0.1,0.66,0.11,0.004,0.181,<0.02,0.01,<2,<10,1.4,0.02,0.48,39.4,1741.57,14.48,109.2,1010,5.4,5.6,954,0.3,7.7,0.27,0.09,0.27,8.9,<1,0.06,<5,0.5,0.04,<0.1,0.05,26,0.2,7.3,<10,<2,771.1824885126111,-70.62125366119045,-17.098776996349567
36,MAAPER10052221X,QVC19CN-040,Dacite Dyke,MQ0710A,563.75,563.95,327500.0,8108800.0,55.286249999999995,1.16,,67.09,16.15,3.25,1.37,2.39,3.96,2.78,0.36,0.12,0.05,<0.002,734,6,99.5,1.6,16.9,2.9,3.3,63.9,1,560.8,0.2,3.0,2.5,56,6.5,105.1,6.9,19.4,35.5,4.07,15.2,2.51,0.77,1.87,0.25,1.25,0.24,0.69,0.1,0.65,0.1,0.003,0.288,<0.02,<0.01,<2,<10,1.9,0.02,1.63,29.82,2849.71,5.02,49.4,1517,3.9,7.6,335,0.7,6.9,0.21,0.03,0.38,6.8,2,0.1,<5,0.8,0.05,<0.1,0.1,18,0.2,9.1,<10,<2,769.4344574349811,-70.62125366119045,-17.098776996349567
37,MAAPER10052222X,QVC19CN-041,Dacite Dyke,MQ0710A,564.55,564.85,327500.0,8108800.0,55.286249999999995,,,65.96,16.37,2.91,1.25,2.63,3.78,3.28,0.35,0.16,0.05,<0.002,738,5,99.51,1.3,17.1,2.8,3.4,64.9,1,605.1,0.3,2.9,1.4,46,8.8,102.6,6.5,18.6,34.7,3.91,14.6,2.3,0.66,1.85,0.24,1.23,0.25,0.61,0.09,0.62,0.1,0.002,0.282,<0.02,<0.01,<2,<10,2.7,0.09,1.73,23.13,2810.64,13.23,50.3,1719,3.6,4.5,394,<0.1,3.3,0.26,0.03,0.35,5.2,2,0.04,11,0.8,<0.02,<0.1,0.13,8,<0.1,9.1,<10,<2,767.4104214733727,-70.62125366119045,-17.098776996349567
38,MAAPER10052224X,QVC19CN-043,Early Porphyry,MQ0710A,659.05,695.2,327500.0,8108800.0,55.286249999999995,,,65.44,16.6,2.6,1.65,2.59,3.63,3.7,0.41,0.16,0.07,<0.002,597,6,99.46,1.6,12.8,2.8,4.0,89.1,1,486.3,0.3,4.4,1.5,59,17.3,102.5,7.9,35.1,62.2,6.74,24.7,3.78,0.96,2.64,0.32,1.72,0.29,0.75,0.12,0.74,0.12,0.009,0.311,<0.02,<0.01,<2,<10,2.5,0.15,0.83,83.84,3030.69,6.91,53.2,1788,4.7,4.8,499,0.8,5.7,0.19,0.06,0.27,8.0,2,0.1,7,0.9,0.04,<0.1,0.09,36,0.1,11.5,<10,<2,767.328603278703,-70.62125366119045,-17.098776996349567
39,MAAPER10052226X,QVC19CN-045,Early Porphyry,MQ0710A,805.3,805.55,327500.0,8108800.0,55.286249999999995,,,66.93,16.76,3.11,1.08,3.36,3.98,2.77,0.37,0.16,0.06,<0.002,794,5,99.75,2.0,14.2,2.8,3.6,60.2,<1,848.1,0.3,3.3,0.9,48,3.9,95.5,6.8,17.8,34.3,3.77,14.3,2.59,0.72,1.81,0.22,1.14,0.22,0.66,0.09,0.67,0.1,<0.001,0.051,<0.02,<0.01,<2,<10,1.1,0.06,0.32,7.65,519.18,3.52,40.6,323,3.8,5.4,377,0.9,1.2,0.08,0.06,0.11,8.0,<1,0.12,5,0.3,<0.02,<0.1,0.02,7,<0.1,13.9,<10,3,761.4276141348093,-70.62125366119045,-17.098776996349567
40,MAAPER10052227X,QVC19CN-046A,Intermineral 2,MQ0705,186.9,187.0,327500.0,8108800.0,55.286249999999995,,,67.35,16.27,2.95,1.15,2.88,3.77,2.46,0.32,0.16,0.03,<0.002,740,5,99.48,2.4,13.4,2.8,3.1,52.7,1,592.7,0.2,2.6,1.1,46,6.4,99.0,5.5,17.1,31.9,3.57,13.3,2.27,0.68,1.48,0.19,0.98,0.19,0.6,0.08,0.57,0.09,0.007,0.296,<0.02,<0.01,<2,<10,2.1,0.1,1.03,60.11,2974.11,3.63,29.8,1408,3.7,5.3,259,0.5,5.5,0.12,0.16,0.17,6.6,2,0.05,10,1.1,0.04,<0.1,0.06,17,0.3,10.8,<10,<2,764.4218852356462,-70.62125366119045,-17.098776996349567
41,MAAPER10052228X,QVC19CN-047,Early Porphyry,MQ0705,229.1,229.3,327500.0,8108800.0,55.286249999999995,,,67.39,17.03,2.03,1.35,2.64,4.17,2.17,0.34,0.14,0.04,<0.002,609,4,99.67,2.5,14.5,3.1,3.3,45.2,<1,579.1,0.3,2.7,1.1,52,6.0,103.3,4.7,17.3,31.1,3.4,12.7,1.93,0.67,1.4,0.17,0.93,0.19,0.47,0.09,0.51,0.09,0.002,0.146,<0.02,<0.01,<2,<10,2.3,0.1,0.56,18.04,1405.72,6.95,27.4,612,3.3,3.7,273,1.1,0.7,0.1,0.21,0.09,6.0,2,0.04,9,0.5,0.02,<0.1,<0.02,11,0.6,11.9,<10,<2,767.9812836470824,-70.62125366119045,-17.098776996349567
42,MAAPER10052229X,QVC19CN-048,Early Porphyry,MQ0705,253.5,253.65,327500.0,8108800.0,55.286249999999995,,,68.03,16.36,2.88,1.21,3.34,4.19,1.94,0.37,0.15,0.06,0.002,682,5,99.72,2.3,14.6,2.6,3.7,42.1,<1,600.7,0.4,2.9,0.9,51,2.5,89.5,6.9,17.1,31.9,3.57,13.2,2.43,0.66,1.7,0.22,1.14,0.23,0.73,0.1,0.62,0.1,<0.001,0.109,<0.02,<0.01,<2,<10,1.1,0.06,0.3,4.73,1063.1,3.43,61.4,487,4.4,4.6,389,1,2.3,0.15,0.09,0.06,7.1,2,0.09,7,0.2,0.04,<0.1,0.02,5,0.1,13.2,<10,<2,756.073119482352,-70.62125366119045,-17.098776996349567
43,MAAPER10052230X,QVC19CN-049,Intermineral 2,MQ0705,269.95,270.15,327500.0,8108800.0,55.286249999999995,,,65.65,16.48,2.93,1.7,2.78,3.85,3.21,0.44,0.16,0.06,<0.002,457,7,99.66,2.7,14.6,3.3,3.8,88.9,1,477.7,0.2,4.0,1.7,82,5.2,115.0,6.5,16.2,30.7,3.34,12.4,2.25,0.6,1.68,0.21,1.18,0.22,0.6,0.08,0.53,0.09,0.003,0.143,<0.02,<0.01,<2,<10,2.3,0.16,0.51,36.12,1569.79,3.68,34.0,542,5.1,5.7,451,5.3,6.3,0.08,0.25,0.06,8.4,<1,0.23,11,0.6,0.03,<0.1,<0.02,13,0.2,16.0,<10,2,777.0731120484004,-70.62125366119045,-17.098776996349567
44,MAAPER10052231X,QVC19CN-050,Intermineral 1,MQ0705,332.4,332.55,327500.0,8108800.0,55.286249999999995,,,67.81,16.39,2.81,1.01,2.98,3.99,3.14,0.32,0.14,0.04,<0.002,817,5,99.73,2.4,14.6,2.7,3.4,75.7,<1,635.6,0.2,3.5,1.0,43,2.5,94.5,5.8,15.2,28.6,3.21,12.4,1.97,0.6,1.51,0.2,1.07,0.18,0.57,0.08,0.55,0.1,0.002,0.095,<0.02,<0.01,<2,<10,1.0,0.05,0.21,23.32,903.33,1.42,19.9,448,3.2,2.8,294,0.7,2.4,0.04,0.07,<0.02,6.9,<1,0.15,8,0.3,0.02,<0.1,<0.02,14,0.2,13.1,<10,3,760.5551964211588,-70.62125366119045,-17.098776996349567
45,MAAPER10052233X,QVC19CN-051,Intermineral 1,MQ0705,390.4,390.55,327500.0,8108800.0,55.286249999999995,,,64.82,17.4,3.41,1.28,3.33,4.49,2.13,0.5,0.19,0.03,<0.002,756,5,99.79,1.6,20.2,2.9,4.5,55.8,<1,689.1,0.2,3.7,1.0,61,3.3,110.7,6.5,27.9,51.9,6.02,21.9,3.29,0.9,2.42,0.28,1.38,0.23,0.59,0.09,0.56,0.09,<0.001,0.051,<0.02,<0.01,<2,<10,2.1,0.05,1.72,2.49,515.14,1.53,16.6,285,4.0,5.9,188,0.7,0.3,0.05,0.07,0.31,5.5,1,0.05,12,0.2,0.23,<0.1,<0.02,<1,<0.1,11.6,<10,<2,773.8258024764743,-70.62125366119045,-17.098776996349567
46,MAAPER10052234X,QVC19CN-052,Dacite Dyke,MQ0705,391.1,391.2,327500.0,8108800.0,55.286249999999995,,,64.67,17.48,3.2,1.32,3.26,4.64,2.18,0.5,0.19,0.03,<0.002,726,5,99.65,1.8,19.5,3.1,4.3,57.0,<1,774.5,0.2,3.2,1.1,62,3.2,112.2,6.9,18.1,38.1,4.49,17.5,3.01,0.84,2.14,0.26,1.3,0.23,0.57,0.09,0.57,0.09,<0.001,0.156,<0.02,<0.01,<2,<10,2.1,0.09,1.4,2.08,1597.62,1.95,20.4,767,4.7,7.5,228,0.8,3.9,0.06,0.05,0.35,5.8,<1,0.09,<5,0.7,0.22,<0.1,<0.02,<1,<0.1,12.4,<10,<2,774.9703964771995,-70.62125366119045,-17.098776996349567
47,MAAPER10052235X,QVC19CN-053,Dacite Dyke,MQ0705,516.15,516.3,327500.0,8108800.0,55.286249999999995,,,67.49,16.43,2.43,1.0,2.77,4.13,3.32,0.34,0.14,0.03,<0.002,791,4,99.69,3.2,16.7,3.1,4.2,76.9,<1,659.8,0.2,3.6,1.2,40,2.7,109.8,7.3,17.9,34.7,3.91,14.6,2.45,0.79,1.91,0.25,1.35,0.26,0.67,0.1,0.64,0.11,0.005,0.144,<0.02,<0.01,<2,<10,1.5,0.07,0.64,50.07,1429.84,2.92,25.2,695,3.7,8.4,196,0.8,2.3,0.13,0.05,0.12,7.1,<1,0.03,<5,0.4,0.03,<0.1,<0.02,15,0.2,10.5,<10,<2,773.1327951141818,-70.62125366119045,-17.098776996349567
48,MAAPER10052239X,QVC19CN-055,Late Porphyry,MQ0713,320.1,320.4,327500.0,8108800.0,55.286249999999995,1.16,,65.25,16.73,4.25,1.36,2.99,4.13,1.54,0.41,0.15,0.07,<0.002,470,5,99.72,1.4,15.0,2.6,3.4,50.7,2,669.4,0.2,3.2,1.8,55,10.4,96.5,6.5,19.8,39.0,4.35,15.7,2.61,0.75,1.99,0.23,1.35,0.21,0.63,0.09,0.59,0.09,<0.001,0.105,<0.02,0.01,<2,<10,2.8,0.02,2.34,0.95,1047.44,8.13,126.1,844,5.5,5.8,482,0.3,2.5,0.27,0.41,0.51,6.4,<1,0.07,<5,0.9,0.07,<0.1,0.08,3,<0.1,6.2,<10,2,762.2923950828006,-70.62125366119045,-17.098776996349567
49,MAAPER10052241X,QVC19CN-057,Intermineral 1,MQ0712,425.6,425.8,327500.0,8108800.0,55.286249999999995,,,66.34,16.31,3.45,1.19,2.66,3.39,2.56,0.33,0.13,0.05,<0.002,733,4,99.37,3.8,17.2,2.9,3.1,58.3,2,531.5,0.2,3.4,1.1,44,6.1,96.7,5.3,13.3,26.5,2.83,10.7,1.96,0.63,1.41,0.19,1.06,0.2,0.6,0.09,0.6,0.09,<0.001,0.43,<0.02,0.01,<2,<10,2.9,0.08,1.55,0.61,4338.67,5.32,97.6,1675,3.5,6.7,384,0.4,8,0.5,0.05,0.33,5.0,<1,0.04,<5,0.8,0.04,<0.1,0.05,<1,<0.1,6.0,<10,5,762.4644477977631,-70.62125366119045,-17.098776996349567
50,MAAPER10052242X,QVC19CN-058,Regional Granodiorite,MQ0712,512.9,513.1,328420.0,8108526.0,58.91,,,65.43,16.51,3.29,1.62,2.05,3.18,4.34,0.46,0.17,0.09,<0.002,774,6,99.47,2.3,13.7,3.2,3.5,99.9,2,436.2,0.2,4.7,1.9,60,16.4,117.0,7.6,18.9,36.6,4.09,15.4,2.79,0.81,2.05,0.25,1.5,0.25,0.84,0.11,0.7,0.11,0.003,0.317,<0.02,<0.01,<2,<10,2.3,0.07,0.44,34.12,3123.59,9.68,83.0,1900,5.4,7.2,610,<0.1,14.2,0.24,0.05,0.09,8.1,<1,0.17,<5,1.1,0.04,<0.1,0.07,15,0.3,9.4,<10,<2,778.5489616143509,-70.61263078719092,-17.101321817324713
51,MAAPER10052243X,QVC19CN-059,Regional Granodiorite,MQ0712,553.15,553.3,328420.0,8108526.0,58.91,,,65.11,16.49,3.81,1.54,1.7,3.46,4.06,0.42,0.16,0.09,<0.002,741,6,99.24,1.9,14.3,2.6,3.2,92.3,1,428.1,0.2,4.5,1.3,65,9.7,92.4,6.3,19.3,38.0,4.16,14.9,2.47,0.76,1.88,0.24,1.21,0.23,0.58,0.09,0.64,0.09,<0.001,0.524,<0.02,<0.01,2,<10,2.3,0.05,1.34,10.26,5314.56,8.45,89.7,2757,5.1,5.8,638,0.4,12.9,0.26,0.06,0.48,6.7,1,0.11,<5,2,0.13,<0.1,0.07,5,0.3,9.4,<10,3,758.6975859734835,-70.61263078719092,-17.101321817324713
52,MAAPER10052244X,QVC19CN-060,Intermineral 1,MQ0712,553.65,553.8,327500.0,8108800.0,55.286249999999995,1.12,,66.96,15.92,3.03,1.29,1.47,2.98,5.04,0.28,0.11,0.11,<0.002,900,4,99.52,1.2,12.8,2.5,3.2,109.2,1,383.2,0.2,3.0,0.8,37,8.7,85.2,5.2,14.6,29.2,3.26,11.8,2.14,0.54,1.52,0.19,1.09,0.2,0.56,0.07,0.57,0.09,0.014,0.277,<0.02,0.01,<2,<10,2.2,0.1,0.73,138.14,2813.37,23.1,138.5,1765,3.1,5.8,727,0.4,6.9,0.52,0.05,0.52,5.8,<1,0.06,8,0.8,0.07,<0.1,0.07,94,0.3,7.0,<10,<2,752.0469361380115,-70.62125366119045,-17.098776996349567
53,MAAPER10052245X,QVC19CN-061,Monzodiorite,MQ0712,623.0,623.25,327500.0,8108800.0,55.286249999999995,1.15,,64.92,17.03,3.5,1.52,3.33,4.05,2.68,0.54,0.18,0.1,<0.002,692,5,99.73,3.0,16.3,2.6,3.3,70.5,<1,679.0,0.2,2.4,1.2,69,4.7,95.1,5.7,15.4,30.4,3.64,14.5,2.67,0.81,1.97,0.23,1.27,0.22,0.58,0.08,0.46,0.08,0.001,0.1,<0.02,<0.01,<2,<10,1.8,0.1,0.58,12.88,964.51,6.82,86.5,536,7.3,8.3,676,1.3,1.5,0.2,0.04,0.15,9.1,<1,0.25,<5,0.6,0.03,<0.1,0.03,6,0.1,14.7,<10,5,761.079571792905,-70.62125366119045,-17.098776996349567
54,MAAPER10052246X,QVC19CN-062,Intermineral 1,MQ0712,642.05,642.2,327500.0,8108800.0,55.286249999999995,,,67.62,15.98,3.21,1.01,2.3,3.62,3.78,0.29,0.12,0.11,<0.002,857,4,99.84,2.1,14.6,3.1,3.7,76.7,<1,470.0,0.3,3.4,1.1,35,4.1,113.8,6.2,19.4,38.7,4.2,14.9,2.41,0.67,1.75,0.22,1.18,0.22,0.62,0.09,0.59,0.1,0.001,0.041,<0.02,<0.01,<2,<10,1.7,0.07,0.68,16.12,402.66,6.63,79.9,343,2.7,3.8,706,0.3,<0.2,0.16,0.05,0.54,5.7,<1,0.08,<5,0.1,0.1,<0.1,<0.02,10,0.2,8.3,<10,<2,776.1772566825241,-70.62125366119045,-17.098776996349567
55,MAAPER10052247X,QVC19CN-063,Monzodiorite,MQ0713,998.4,998.65,327500.0,8108800.0,55.286249999999995,,,64.76,16.21,3.66,1.13,3.16,4.06,2.76,0.42,0.15,0.15,<0.002,778,4,99.8,8.0,16.4,2.9,3.6,76.7,2,712.8,0.3,3.4,1.3,52,1.7,93.0,6.0,18.2,36.1,4.21,15.7,2.57,0.8,2.03,0.25,1.17,0.23,0.61,0.08,0.57,0.09,<0.001,0.023,<0.02,0.02,<2,<10,3.3,0.25,0.07,0.42,237.15,66.05,173.5,569,3.7,5.2,1099,6,<0.2,0.78,0.22,1.32,5.5,1,0.04,36,<0.1,0.25,<0.1,<0.02,<1,0.4,12.9,<10,<2,759.2319202341093,-70.62125366119045,-17.098776996349567
56,MAAPER10052248X,QVC19CN-064,Early Porphyry,MQ0709,264.4,264.65,327500.0,8108800.0,55.286249999999995,,,68.99,15.56,3.29,1.3,1.73,4.37,1.73,0.32,0.13,0.06,<0.002,238,5,99.64,1.1,14.2,2.8,3.2,59.9,1,495.2,0.2,3.4,2.0,47,11.1,96.6,4.3,12.1,24.0,2.75,10.5,1.68,0.56,1.29,0.16,0.84,0.15,0.42,0.06,0.45,0.07,<0.001,0.188,<0.02,0.01,<2,<10,2.1,0.03,1.41,7.95,1852.52,9.86,102.0,1179,4.7,7.0,441,0.4,3.6,0.22,0.09,0.48,6.1,<1,0.11,<5,1,0.11,<0.1,0.06,19,<0.1,9.9,<10,<2,762.3784588197302,-70.62125366119045,-17.098776996349567
57,MAAPER10052249X,QVC19CN-065,Monzodiorite,MQ0709,268.0,268.25,327500.0,8108800.0,55.286249999999995,,,65.35,16.09,5.14,1.54,2.23,2.78,2.85,0.4,0.14,0.13,<0.002,668,5,99.52,2.7,15.2,2.9,3.3,98.2,1,464.2,0.3,3.2,1.5,51,17.6,101.8,5.6,19.8,37.7,4.14,15.6,2.63,0.79,1.94,0.23,1.18,0.22,0.65,0.09,0.6,0.1,<0.001,0.279,<0.02,0.02,<2,<10,2.8,0.01,2.13,1.25,2766.02,2.91,141.9,1615,6.6,18.3,758,<0.1,7.2,0.36,0.02,0.94,5.6,<1,0.37,<5,1.4,0.22,<0.1,0.11,14,0.1,8.7,<10,4,766.7539937880717,-70.62125366119045,-17.098776996349567
58,MAAPER10052250X,QVC19CN-066,Late Porphyry,MQ0709,322.3,322.5,327500.0,8108800.0,55.286249999999995,,,65.48,16.11,4.53,1.22,2.91,4.14,1.74,0.35,0.14,0.05,<0.002,443,4,99.69,2.4,14.5,2.7,3.6,56.5,<1,673.7,0.3,2.9,1.8,37,11.4,99.9,5.9,17.8,35.9,3.85,14.4,2.47,0.77,1.72,0.22,1.21,0.21,0.6,0.09,0.51,0.09,0.003,0.144,<0.02,<0.01,<2,<10,2.9,0.06,2.71,34.1,1414.65,9.49,75.9,956,3.5,7.2,384,0.2,2.6,0.18,0.04,1.07,4.8,<1,0.06,<5,0.8,0.3,<0.1,0.07,29,0.3,3.6,<10,<2,765.1774609271033,-70.62125366119045,-17.098776996349567
59,MAAPER10052251X,QVC19CN-067,Late Porphyry,MQ0709,438.05,438.25,327500.0,8108800.0,55.286249999999995,,,65.62,16.51,4.27,1.2,3.19,4.19,1.37,0.37,0.15,0.06,<0.002,376,4,99.68,1.5,15.6,2.7,3.4,43.1,1,664.6,0.2,3.3,2.2,43,9.0,104.7,7.1,16.9,31.6,3.46,12.5,1.87,0.66,1.61,0.21,1.19,0.21,0.68,0.1,0.62,0.1,<0.001,0.151,<0.02,<0.01,<2,<10,2.7,0.03,2.32,4.41,1493.77,2.11,33.4,832,4.1,6.3,435,<0.1,2.4,0.11,0.05,0.35,5.6,<1,0.09,<5,0.5,0.09,<0.1,0.06,3,<0.1,5.8,<10,<2,769.1133435874035,-70.62125366119045,-17.098776996349567
60,MAAPER10052252X,QVC19CN-068,Late Porphyry,MQ0708,406.1,406.4,327500.0,8108800.0,55.286249999999995,,,62.94,16.66,3.96,1.31,3.53,4.39,2.56,0.46,0.17,0.04,<0.002,795,5,99.82,2.1,16.6,3.4,3.5,51.8,<1,815.1,0.3,3.3,1.2,61,2.3,115.3,6.9,20.3,40.6,4.54,17.3,2.78,0.8,2.22,0.27,1.44,0.26,0.69,0.1,0.59,0.09,<0.001,0.021,<0.02,<0.01,<2,<10,3.7,0.04,2.52,0.69,214.61,10.53,66.8,158,4.6,8.2,319,0.5,<0.2,0.28,0.07,0.24,5.1,<1,0.03,6,0.7,0.09,<0.1,<0.02,<1,<0.1,8.1,<10,3,777.29585246953,-70.62125366119045,-17.098776996349567
61,MAAPER10052253X,QVC19CN-069,Early Porphyry,MQ0708,534.65,534.9,327500.0,8108800.0,55.286249999999995,,,67.31,15.38,2.28,1.11,1.86,2.94,4.75,0.4,0.14,0.04,<0.002,1083,5,99.03,2.2,12.1,2.7,3.4,102.3,2,679.1,0.2,4.0,1.3,48,13.2,104.0,6.3,23.0,41.6,4.44,16.2,2.65,0.72,1.99,0.22,1.31,0.21,0.7,0.09,0.59,0.1,0.022,0.668,<0.02,<0.01,3,<10,2.7,0.16,1.1,197.98,6577.31,7.98,39.5,3134,4.2,1.7,274,0.5,12.5,0.26,0.71,0.28,4.7,<1,0.03,40,2.4,0.03,<0.1,0.15,82,0.1,7.8,<10,4,768.5489109335256,-70.62125366119045,-17.098776996349567
62,MAAPER10052254X,QVC19CN-070,Regional Granodiorite,MQ0708,707.0,707.15,328420.0,8108526.0,58.91,,,65.53,16.89,2.65,1.57,3.11,4.87,1.54,0.44,0.17,0.06,<0.002,250,6,99.49,2.9,15.3,3.1,3.7,52.1,1,765.6,0.2,3.9,1.7,59,11.8,114.2,6.5,22.8,42.2,4.65,16.7,2.65,0.81,2.07,0.25,1.41,0.24,0.7,0.09,0.67,0.1,0.003,0.299,<0.02,<0.01,<2,<10,2.6,0.15,0.74,29.4,2930.86,4.88,29.3,1045,4.5,5.1,457,0.5,3.1,0.15,0.16,0.06,7.0,<1,0.08,<5,0.9,<0.02,<0.1,0.05,20,<0.1,14.1,<10,<2,776.4767502953343,-70.61263078719092,-17.101321817324713
63,MAAPER10052259X,QVC19CN-074,Yarabamba Monzonite,Outcrop Sample,,,318908.0,8087111.0,67.1,,,61.47,16.11,6.24,2.23,4.29,3.94,3.0,0.88,0.24,0.1,<0.002,547,18,99.84,4.9,14.5,4.4,5.3,113.7,2,345.6,0.4,14.9,3.8,124,1.7,158.8,23.3,22.1,46.5,5.53,21.3,4.58,1.13,4.59,0.68,4.15,0.86,2.58,0.38,2.41,0.39,<0.001,0.004,<0.02,<0.01,<2,<10,1.3,0.01,<0.01,1.26,41.88,8.36,65.9,59,2.0,7.1,220,4.4,0.8,0.05,0.32,<0.02,3.9,3,<0.02,11,<0.1,<0.02,0.2,0.02,<1,0.3,12.0,<10,4,805.4018668464262,-70.70377288265254,-17.29408276566444
64,MAAPER10052260X,QVC19CN-075,Yarabamba Monzonite,Outcrop Sample,,,318982.0,8087433.0,67.1,2.1,,64.7,15.54,4.97,1.87,3.74,3.68,3.5,0.63,0.15,0.09,0.003,644,13,99.85,8.7,13.5,5.6,6.0,126.3,1,263.8,0.5,16.2,4.4,101,2.4,201.3,20.0,24.2,50.6,5.68,20.5,4.04,0.81,3.66,0.55,3.41,0.74,2.2,0.33,2.26,0.36,<0.001,0.004,<0.02,<0.01,<2,<10,0.9,0.02,<0.01,1.07,41.27,9.63,38.5,56,5.5,7.2,206,1.2,0.4,0.04,0.14,<0.02,15.6,3,0.03,17,<0.1,<0.02,0.1,<0.02,<1,<0.1,9.4,<10,<2,827.2137187903054,-70.70305012446649,-17.291179319026202
65,MAAPER10052261X,QVC19CN-076,Yarabamba Monzonite,Outcrop Sample,,,319776.0,8088195.0,67.1,,,60.83,15.64,6.72,2.35,4.58,3.22,3.82,0.96,0.22,0.12,0.003,608,17,99.81,7.1,14.7,8.2,9.9,162.4,2,280.9,0.7,19.8,5.1,134,2.8,301.9,24.6,30.8,65.5,7.84,29.4,5.79,0.96,5.24,0.79,4.71,1.0,2.79,0.41,2.63,0.41,<0.001,0.009,<0.02,<0.01,<2,11,1.3,0.09,<0.01,1.94,87.31,4.63,38.5,40,7.9,10.0,317,4,<0.2,0.06,0.23,0.03,21.3,5,0.03,14,<0.1,<0.02,0.1,<0.02,<1,0.3,9.4,<10,2,866.6066589403249,-70.69551937624962,-17.284357672017585
66,MAAPER10052262X,QVC19CN-077,Yarabamba Monzonite,Outcrop Sample,,,320108.0,8088635.0,67.1,,,61.01,15.06,7.43,2.74,4.2,3.11,3.52,1.02,0.23,0.19,0.005,643,20,99.8,10.4,13.8,7.5,9.3,157.1,2,263.0,0.6,18.6,3.8,158,1.9,276.1,26.3,28.3,59.8,7.34,28.2,5.88,1.01,5.29,0.82,4.86,0.99,2.93,0.41,2.73,0.44,<0.001,0.008,<0.02,0.01,<2,17,1.2,0.19,<0.01,2.05,73.06,7.35,64.2,28,13.2,14.6,764,5.8,<0.2,0.14,0.92,0.15,24.0,4,0.12,64,<0.1,<0.02,<0.1,0.03,<1,0.2,14.3,<10,<2,857.6835358674928,-70.69236064364718,-17.28040848417633
67,MAAPER10052268X,QVC19CN-081,Toquepala Granodiorite,Outcrop Sample,,,322023.0,8091308.0,60.985,,,61.62,16.41,6.0,1.68,3.92,4.53,3.72,0.86,0.26,0.12,<0.002,727,15,99.84,4.5,15.5,8.5,9.7,150.7,3,303.8,0.6,20.2,4.4,83,0.9,295.4,30.3,33.0,72.0,8.7,33.9,6.9,1.39,6.33,0.95,5.63,1.12,3.48,0.48,3.29,0.5,<0.001,0.003,<0.02,<0.01,<2,<10,0.6,0.03,<0.01,1.23,33.33,12.27,47.4,36,3.6,4.6,328,20.7,0.5,0.06,1.32,0.05,9.1,5,0.07,5,<0.1,<0.02,0.1,0.02,<1,0.1,11.4,<10,<2,864.4196328181083,-70.67413252715107,-17.256407834468337
68,MAAPER10052269X,QVC19CN-082,Toquepala Granodiorite,Outcrop Sample,,,322799.0,8091844.0,60.985,1.82,,63.73,16.46,4.5,2.0,3.4,4.6,2.74,0.6,0.17,0.15,0.002,742,10,99.84,6.3,15.3,5.1,5.4,81.8,<1,423.1,0.4,9.8,2.7,92,3.5,183.2,13.6,18.3,46.3,5.64,21.4,4.07,0.91,3.41,0.49,2.82,0.58,1.64,0.22,1.46,0.24,<0.001,0.002,<0.02,0.01,<2,<10,1.4,0.02,<0.01,0.8,19.27,12.35,67.3,68,5.5,5.5,632,10.9,<0.2,0.12,1.39,0.14,11.7,7,0.04,6,<0.1,<0.02,<0.1,<0.02,<1,<0.1,15.9,<10,<2,818.4432694862276,-70.66679187193616,-17.25162547889364
69,MAAPER10052271X,QVC19CN-083,Toquepala Granodiorite,Outcrop Sample,,,324970.0,8094280.0,60.985,1.34,,65.09,16.16,4.64,1.52,4.01,4.03,2.95,0.49,0.16,0.09,0.003,795,8,99.82,6.4,16.4,4.7,5.6,91.0,1,507.5,0.4,9.8,2.1,81,3.5,166.0,12.9,17.4,33.7,3.84,15.6,3.11,0.8,2.84,0.43,2.31,0.48,1.41,0.2,1.38,0.22,<0.001,0.016,<0.02,<0.01,<2,<10,0.6,0.04,<0.01,1.95,171.35,16.49,41.4,205,6.0,6.0,282,10.4,1.1,0.08,0.57,0.13,13.3,3,0.03,<5,<0.1,<0.02,0.1,<0.02,<1,<0.1,13.0,<10,<2,809.4142467290915,-70.64618202970462,-17.229783050712207
70,MAAPER10052281X,QVC19CN-091,Granodiorite Porphyry,AQDEX17002,609.45,609.55,327500.0,8108800.0,55.286249999999995,1.33,,64.19,17.23,3.22,1.87,3.72,4.22,2.05,0.53,0.19,0.03,0.003,481,7,99.28,4.7,17.0,4.0,4.3,84.6,2,673.5,0.3,5.5,2.0,84,6.3,141.8,8.1,28.0,49.1,5.44,20.6,3.36,0.92,2.47,0.32,1.59,0.3,0.86,0.12,0.89,0.13,0.008,0.425,<0.02,<0.01,<2,<10,2.0,0.05,0.68,78.13,4361.37,2.66,23.9,1409,8.3,10.8,221,0.8,9.2,0.13,0.41,0.07,12.5,<1,0.23,7,1.2,<0.02,0.2,0.07,6,0.1,14.4,<10,<2,795.2899463167,-70.62125366119045,-17.098776996349567
