,reference,sample,stratigraphic unit,lithology,trace element (ppm),cs_ppm,rb_ppm,ba_ppm,th_ppm,u_ppm,nb_ppm,ta_ppm,la_ppm,ce_ppm,pb_ppm,pr_ppm,sr_ppm,nd_ppm,zr_ppm,hf_ppm,sm_ppm,eu_ppm,ti_ppm,tb_ppm,y_ppm,tm_ppm,yb_ppm,gd_ppm,dy_ppm,ho_ppm,er_ppm,lu_ppm,major oxide (wt%),sio2,p2o5,tio2,al2o3,cao,na2o,k2o,fe2o3,feo,fe2o3t,feot,mno,mgo,"isotopic data (nd, sr and pb)",εnd,143nd/144ndi,206pb/204pbi,207pb/204pbi,208pb/204pbi,87sr/86sri,co_ppm,age,longitude,latitude
0,Cochrane et al. (2014): Ecuador and Colombia,09RC31,Tres Lagunas,Metagranite,,4.9,113,685,10.9,2.4,12.2,0.7,31,59.9,17.8,6.7,158,27.7,169,4.3,5.3,1.5,3955.7027483879056,0.7,23,0.3,2.34,4.7,4.1,0.9,2.2,0.3,,68.54,0.13,0.66,16.49,0.8,2.37,2.7,3.84,,,,0.05,1.12,,,,,,,,,232.28000000000003,-78.14222222222223,-0.3758333333333333
1,Cochrane et al. (2014): Ecuador and Colombia,09RC40,Moromoro,Metagranite,,7.2506666666666675,114.54866666666668,483.80233333333337,6.154,6.154,7.485333333333333,0.8213333333333334,19.037333333333333,35.55266666666667,18.99833333333333,4.038333333333333,160.45533333333336,16.182666666666666,118.87966666666667,2.9683333333333337,3.2273333333333336,1.031,2251.574386067101,0.4716666666666667,14.865333333333334,0.195,1.4096666666666666,2.6756666666666664,2.753,0.5176666666666666,1.2846666666666666,0.5176666666666666,,73.2161177775537,0.10874659675305032,0.3756700615105375,13.534008268629625,1.3247312695371585,2.362766965816275,3.094334980336795,2.83,,,,0.06,1.13,,,,,,,,,232.6,-79.85194444444444,-3.7044444444444444
2,Cochrane et al. (2014): Ecuador and Colombia,09RC42,Sabanilla,Metagranite,,10.452666666666666,139.466,505.2963333333334,8.883333333333333,8.883333333333333,10.269666666666666,1.3613333333333335,25.197,49.108000000000004,10.625333333333336,5.256666666666667,45.599333333333334,21.994333333333334,171.4403333333333,4.604666666666667,4.399333333333334,0.6573333333333333,2778.099180022286,0.5576666666666666,19.158666666666665,0.29133333333333333,2.218,3.5356666666666663,3.3876666666666666,0.71,1.8943333333333332,0.71,,77.18093196457328,0.09862117552334944,0.4635195249597423,11.716195652173914,0.23669082125603863,0.6508997584541063,3.155877616747182,3.32,,,,0.07,1.08,,,,,,,,,247.2,-79.14777777777779,-4.461944444444445
3,Cochrane et al. (2014): Ecuador and Colombia,09RC53,Tres Lagunas,Metagranite,,5.589333333333333,130.49066666666667,606.8596666666666,9.166333333333332,9.166333333333332,8.365333333333334,0.9693333333333333,20.775666666666666,40.67,1.6423333333333332,4.540666666666667,54.541,17.982666666666667,167.983,4.387333333333333,4.208000000000001,0.734,3145.7773582729137,0.5766666666666668,19.947666666666667,0.29466666666666663,1.9636666666666667,3.578,3.671333333333333,0.7393333333333333,1.9603333333333335,0.7393333333333333,,72.28293239152372,0.13864379414732597,0.5248657921291625,13.190966700302726,1.3666316851664986,2.6936508577194758,3.5354167507568115,3.11,,,,0.03,1.27,,,,,,,,,232.28000000000003,-78.8125,-3.1566666666666667
4,Cochrane et al. (2014): Ecuador and Colombia,09RC44,Sabanilla,Paragneiss,,4.915666666666667,109.26799999999999,491.92233333333337,7.686333333333333,7.686333333333333,9.349666666666666,0.721,25.188666666666666,47.297,16.907333333333334,5.378,210.45066666666665,22.257,182.35433333333333,4.721666666666667,4.513333333333333,1.1203333333333332,3159.3200028161227,0.6593333333333334,22.570999999999998,0.29600000000000004,1.986,4.205333333333333,3.8216666666666668,0.7846666666666667,1.9,0.7846666666666667,,69.50098031337886,0.15913218159903575,0.527125351546806,15.037991161108877,2.7549758939333064,2.6754098031337885,3.0235114503816796,3.75,,,,0.06,1.52,,,,,,,,,247.2,-79.14861111111112,-4.483888888888889
5,Cochrane et al. (2014): Ecuador and Colombia,09RC45,Sabanilla,Paragneiss,,4.435666666666666,53.724,480.97766666666666,4.987333333333333,4.987333333333333,4.328,0.5773333333333333,11.533666666666667,23.151333333333337,15.373666666666665,2.643,95.27233333333334,11.502,57.17933333333334,1.7696666666666667,2.7273333333333336,0.7253333333333334,2967.7729582567868,0.5813333333333334,23.267666666666667,0.35633333333333334,2.48,2.8033333333333332,3.578,0.8610000000000001,2.2263333333333333,0.8610000000000001,,77.37466465256797,0.13864652567975833,0.49516616314199396,11.269981873111783,0.5446827794561934,2.47583081570997,2.941287009063444,2.34,,,,0.04,0.72,,,,,,,,,247.2,-79.02083333333333,-3.9780555555555557
6,Cochrane et al. (2014): Ecuador and Colombia,11RC03,Agoyan fm.,Paragneiss,,5.967666666666666,143.89700000000002,605.7420000000001,13.540999999999999,13.540999999999999,15.440666666666667,1.2666666666666666,31.293666666666667,74.67433333333334,10.509,6.555666666666667,55.168000000000006,27.426000000000002,196.93233333333333,5.276,5.472333333333332,0.9916666666666667,4632.702952514252,1.0890000000000002,41.775,0.6416666666666666,4.524,5.346,7.029333333333334,1.5006666666666666,4.163666666666667,1.5006666666666666,,64.87937796148806,0.07827401955842322,0.7729559431394294,16.320133077931242,0.8610142151426555,1.3110898276035892,3.277724569008973,7.46,,,,0.16,1.93,,,,,,,,,207.6,-77.86222222222221,0.39
7,Cochrane et al. (2014): Ecuador and Colombia,10RC04,Cajamarca,Metagranite,,2.2663333333333333,133.741,1221.8666666666666,15.938333333333334,15.938333333333334,12.237666666666668,0.9686666666666666,38.873,68.27199999999999,19.382666666666665,7.150666666666666,174.05100000000002,27.37033333333333,272.32033333333334,6.580333333333333,4.187,0.8623333333333333,1746.0867377442712,0.535,19.507,0.315,2.3956666666666666,3.519,3.1376666666666666,0.6943333333333334,1.935,0.6943333333333334,,71.66732709015976,0.08036706149723552,0.2913305979274787,15.04873226535735,0.5525235477934941,3.9681236614260036,4.862207220582748,1.96,,,,0.03,0.26,,,,,,,,,247.12727272727273,-75.20194444444445,4.323333333333333
8,Cochrane et al. (2014): Ecuador and Colombia,10RC40,Cajamarca,Metagranite,,1.1323333333333332,46.41866666666667,1238.3873333333333,4.740333333333333,4.740333333333333,4.9063333333333325,0.49466666666666664,17.566666666666666,36.23933333333333,17.644666666666666,4.600666666666667,101.00966666666666,19.973333333333333,44.00133333333334,1.2086666666666666,5.669666666666667,1.1996666666666667,590.6286934960322,1.07,31.135,0.3333333333333333,2.1456666666666666,5.229666666666667,5.815333333333334,1.1796666666666666,2.6756666666666664,1.1796666666666666,,83.00449829420029,0.4040347180413405,0.09854505318081477,8.494583584186232,0.7489424041741922,0.7390878988561107,2.167991169977925,1.98,,,,0.03,0.53,,,,,,,,,247.12727272727273,-75.42444444444445,5.886944444444444
9,Cochrane et al. (2014): Ecuador and Colombia,10RC41,Cajamarca,Metagranite,,3.543333333333333,107.78966666666668,557.722,10.037999999999998,10.037999999999998,7.760333333333333,0.627,24.370333333333335,47.04266666666666,11.755333333333335,5.1546666666666665,134.61033333333333,21.849333333333334,151.18566666666666,3.8343333333333334,4.287,0.9526666666666667,2740.4474108680133,0.6033333333333334,19.658666666666665,0.27066666666666667,2.1206666666666667,3.458,3.548,0.7473333333333333,1.8363333333333334,0.7473333333333333,,68.93806578549086,0.13336091211784887,0.45723741297548176,13.593287256583594,2.0956714761376247,2.3147644031883767,2.8386822722227825,2.89,,,,0.03,1.11,,,,,,,,,247.12727272727273,-75.12444444444444,6.018888888888889
10,Cochrane et al. (2014): Ecuador and Colombia,10RC42,Cajamarca,Metagranite,,4.378,128.30033333333333,747.263,9.455333333333334,9.455333333333334,9.433333333333332,0.824,26.489666666666665,51.638666666666666,17.257666666666665,5.784666666666666,225.05866666666668,24.018333333333334,180.50333333333333,5.179666666666667,4.825333333333333,0.9683333333333334,3311.679176569522,0.7676666666666666,23.703999999999997,0.3496666666666666,2.2083333333333335,4.204666666666667,4.308333333333334,0.866,2.2513333333333336,0.866,,69.51227689825552,0.1973379046082485,0.5525461329030957,14.642472521932037,1.9931128365433095,2.3680548552989817,3.1870071594232128,3.79,,,,0.06,1.54,,,,,,,,,247.12727272727273,-74.92694444444444,5.9880555555555555
11,Cochrane et al. (2014): Ecuador and Colombia,10RC43,Cajamarca,Metagranite,,3.0056666666666665,111.26800000000001,558.658,6.607333333333333,6.607333333333333,10.501666666666667,1.025,23.237666666666666,44.214333333333336,15.283999999999999,5.064,163.924,20.278666666666666,298.84799999999996,7.5089999999999995,4.482,1.002,4462.091411910661,0.4196666666666667,13.056333333333335,0.21966666666666668,1.4796666666666667,2.9890000000000003,2.632,0.459,1.301,0.459,,69.61959183673468,0.156734693877551,0.7444897959183674,13.56734693877551,1.606530612244898,2.096326530612245,3.311020408163265,4.58,,,,0.06,1.68,,,,,,,,,247.12727272727273,-74.90055555555556,5.976111111111111
12,Cochrane et al. (2014): Ecuador and Colombia,10RC53,Cajamarca,Metagranite,,4.557333333333333,61.321333333333335,1378.3756666666668,14.675,14.675,9.946,0.5356666666666666,41.751666666666665,79.89699999999999,17.76,8.901000000000002,124.76633333333335,36.58833333333333,247.879,6.638999999999999,6.536666666666666,1.5516666666666665,4760.744711782803,0.7663333333333334,23.999333333333336,0.41,2.925666666666667,5.344333333333334,4.4303333333333335,0.9796666666666667,2.616,0.9796666666666667,,66.74244404113732,0.07845130066545675,0.7943194192377495,15.425486993345432,0.6864488808227465,3.4714700544464607,2.6869570477918936,5.06,,,,0.07,2.24,,,,,,,,,247.12727272727273,-75.37444444444444,7.015555555555555
13,Cochrane et al. (2014): Ecuador and Colombia,10RC66,Cajamarca,Qts-Schist,,9.13,136.8036666666667,512.6646666666667,12.478,12.478,11.397666666666666,0.9086666666666666,36.289,71.485,19.873,7.779,120.25566666666667,30.34766666666667,238.27233333333334,6.062,6.031,1.2806666666666666,3945.5715455787267,0.801,27.68466666666667,0.39433333333333337,2.874,5.684333333333332,5.015,0.983,2.615,0.983,,69.82012304589006,0.14738275340393342,0.6583096318709026,14.36490569843671,0.9137730711043873,1.6310358043368631,3.1932929904185574,4.87,,,,0.07,1.73,,,,,,,,,247.12727272727273,-75.16305555555556,5.138888888888889
14,Cochrane et al. (2014): Ecuador and Colombia,10RC69,Cajamarca,Metagranite,,7.153333333333333,156.98600000000002,634.5883333333333,15.498666666666667,15.498666666666667,11.177333333333332,0.8663333333333334,37.64666666666667,71.122,19.737666666666666,7.627666666666667,143.38133333333334,30.318,182.9506666666667,5.080333333333333,6.026,1.151,3654.6597010258856,0.7546666666666666,27.518,0.43333333333333335,2.9393333333333334,4.796666666666667,4.935666666666666,1.0013333333333334,2.754,1.0013333333333334,,68.0387144150488,0.167195453173725,0.6097716527512322,15.500002011870032,1.2097082788451865,1.612944371793582,3.9241756362538984,4.66,,,,0.1,1.94,,,,,,,,,247.12727272727273,-75.1325,5.157500000000001
15,Litherland et al. (1994): Ecuador,SH9B,Tres Lagunas,Granitoid,,,141,1007,7,,10,,9,29,25,,76,,135,,,,3056.679396481563,,21,,,,,,,,,74.2,0.14,0.51,12.93,0.59,1.75,3.22,0.89,2.95,,,0.08,1.34,,,,,,,,,232.28000000000003,-78.41944444444444,-1.5822916666666667
16,Litherland et al. (1994): Ecuador,SH9E,Tres Lagunas,Granitoid,,,143,532,9,,11,,3,21,20,,86,,191,,,,3176.5491767357416,,23,,,,,,,,,73.77,0.16,0.53,13.71,0.54,1.45,3.15,0.77,2.89,,,0.05,1.04,,,,,,,,,232.28000000000003,-78.41944444444444,-1.5822916666666667
17,Litherland et al. (1994): Ecuador,SH9I,Tres Lagunas,Granitoid,,,131,733,9,,12,,15,26,23,,134,,160,,,,2876.874726100294,,22,,,,,,,,,73.09,0.17,0.48,13.41,1.23,2.51,3.28,0.48,2.96,,,0.1,1.27,,,,,,,,,232.28000000000003,-78.41944444444444,-1.5822916666666667
18,Litherland et al. (1994): Ecuador,SH9J,Tres Lagunas,Granitoid,,,139,582,10,,10,,12,42,31,,118,,157,,,,3056.679396481563,,26,,,,,,,,,72.47,0.18,0.51,14.17,1.04,2.02,3.28,0.61,3.23,,,0.06,1.15,,,,,,,,,232.28000000000003,-78.41944444444444,-1.5822916666666667
19,Litherland et al. (1994): Ecuador,CR23A,Tres Lagunas,Granitoid,,,125,589,9,,14,,20,51,20,,206,,258,,,,4435.181869404621,,29,,,,,,,,,71.32,0.17,0.74,12.93,2.23,2.24,3.03,0.53,3.7,,,0.06,1.93,,,,,,,,,232.28000000000003,-78.41944444444444,-1.5822916666666667
20,Litherland et al. (1994): Ecuador,CR23B,Tres Lagunas,Granitoid,,,112,479,9,,14,,23,42,15,,201,,232,,,,4255.377199023352,,25,,,,,,,,,71.42,0.2,0.71,13.15,2.38,2.4,2.63,0.16,3.78,,,0.06,1.75,,,,,,,,,232.28000000000003,-78.41944444444444,-1.5822916666666667
21,Litherland et al. (1994): Ecuador,CR23C,Tres Lagunas,Granitoid,,,46,236,8,,10,,12,47,7,,205,,295,,,,3236.4840668628312,,23,,,,,,,,,78.34,0.16,0.54,10.09,3.74,1.44,1.11,0.32,2.13,,,0.07,1.09,,,,,,,,,232.28000000000003,-78.41944444444444,-1.5822916666666667
22,Litherland et al. (1994): Ecuador,CR23H,Tres Lagunas,Granitoid,,,125,651,7,,11,,9,33,19,,127,,183,,,,2996.7445063544733,,23,,,,,,,,,73.21,0.16,0.5,13.22,1.47,2.3,3.14,0.57,2.94,,,0.1,1.36,,,,,,,,,232.28000000000003,-78.41944444444444,-1.5822916666666667
23,Litherland et al. (1994): Ecuador,SH11A,Tres Lagunas,Granitoid,,,128,818,14,,11,,29,54,22,,146,,193,,,,4255.377199023352,,33,,,,,,,,,70.2,0.18,0.71,13.67,1.96,2.46,3.18,0.95,3.52,,,0.1,1.65,,,,,,,,,232.28000000000003,-78.41944444444444,-1.5822916666666667
24,Litherland et al. (1994): Ecuador,Sh11C,Tres Lagunas,Granitoid,,,132,818,12,,12,,29,52,20,,136,,197,,,,4075.572528642084,,32,,,,,,,,,20.52,0.17,0.68,13.64,1.87,2.44,3.25,0.72,3.59,,,0.1,1.57,,,,,,,,,232.28000000000003,-78.41944444444444,-1.5822916666666667
25,Litherland et al. (1994): Ecuador,Sh11D,Tres Lagunas,Granitoid,,,121,861,13,,11,,29,58,22,,147,,200,,,,4315.312089150441,,34,,,,,,,,,69.85,0.17,0.72,13.53,1.95,2.33,3.14,0.86,3.73,,,0.1,1.73,,,,,,,,,232.28000000000003,-78.41944444444444,-1.5822916666666667
26,Litherland et al. (1994): Ecuador,SH11E,Tres Lagunas,Granitoid,,,129,781,11,,11,,23,54,23,,139,,168,,,,3835.832968133726,,29,,,,,,,,,69.97,0.17,0.64,13.98,1.89,0.271,3.19,0.72,3.39,,,0.1,1.52,,,,,,,,,232.28000000000003,-78.41944444444444,-1.5822916666666667
27,Litherland et al. (1994): Ecuador,Sh11F,Tres Lagunas,Granitoid,,,134,844,11,,13,,20,66,18,,171,,210,,,,4495.11675953171,,31,,,,,,,,,68.51,0.17,0.75,14.1,2.26,2.42,3.28,0.99,3.8,,,0.1,1.83,,,,,,,,,232.28000000000003,-78.41944444444444,-1.5822916666666667
28,Litherland et al. (1994): Ecuador,SH11H,Tres Lagunas,Granitoid,,,138,982,13,,12,,23,60,37,,133,,197,,,,4255.377199023352,,30,,,,,,,,,70.01,0.17,0.71,13.87,1.51,2.39,3.44,0.78,3.69,,,0.12,1.7,,,,,,,,,232.28000000000003,-78.41944444444444,-1.5822916666666667
29,Litherland et al. (1994): Ecuador,SH16A,Tres Lagunas,Granitoid,,,150,1024,12,,11,,21,35,45,,132,,178,,,,3296.418956989921,,32,,,,,,,,,71.01,0.16,0.55,13.67,1.82,2.45,4.21,0.65,2.58,,,0.11,1.15,,,,,,,,,232.28000000000003,-78.41944444444444,-1.5822916666666667
30,Litherland et al. (1994): Ecuador,SH16B,Tres Lagunas,Granitoid,,,158,660,13,,12,,15,73,33,,114,,175,,,,3296.418956989921,,35,,,,,,,,,70.99,0.17,0.55,13.73,1.85,2.59,3.82,0.82,2.52,,,0.09,1.13,,,,,,,,,232.28000000000003,-78.41944444444444,-1.5822916666666667
31,Litherland et al. (1994): Ecuador,SH16C,Tres Lagunas,Granitoid,,,171,723,13,,12,,15,57,25,,115,,181,,,,3476.2236273711887,,34,,,,,,,,,71.38,0.16,0.58,13.47,1.63,2.46,3.92,0.9,2.6,,,0.09,1.24,,,,,,,,,232.28000000000003,-78.41944444444444,-1.5822916666666667
32,Litherland et al. (1994): Ecuador,SH16D,Tres Lagunas,Granitoid,,,153,641,14,,12,,18,44,22,,116,,188,,,,3536.1585174982783,,38,,,,,,,,,71.09,0.17,0.59,13.56,1.82,2.59,3.56,0.86,2.7,,,0.1,1.2,,,,,,,,,232.28000000000003,-78.41944444444444,-1.5822916666666667
33,Litherland et al. (1994): Ecuador,Sh14A,Tres Lagunas,Granitoid,,,196,535,15,,13,,12,64,21,,95,,185,,,,3296.418956989921,,41,,,,,,,,,71.88,0.18,0.55,13.55,1.65,2.53,4.05,0.76,2.57,,,0.08,1.03,,,,,,,,,232.28000000000003,-78.41944444444444,-1.5822916666666667
34,Litherland et al. (1994): Ecuador,SH14B,Tres Lagunas,Granitoid,,,181,775,13,,13,,18,58,24,,109,,169,,,,3296.418956989921,,40,,,,,,,,,70.89,0.18,0.55,14.28,1.73,2.85,4.17,0.91,2.38,,,0.07,1.04,,,,,,,,,232.28000000000003,-78.41944444444444,-1.5822916666666667
35,Litherland et al. (1994): Ecuador,Sh14D,Tres Lagunas,Granitoid,,,189,659,12,,12,,18,56,27,,104,,177,,,,3176.5491767357416,,40,,,,,,,,,72.74,0.19,0.53,13.3,1.47,2.49,4.44,0.45,2.62,,,0.07,0.96,,,,,,,,,232.28000000000003,-78.41944444444444,-1.5822916666666667
36,Litherland et al. (1994): Ecuador,Sh14G,Tres Lagunas,Granitoid,,,192,756,10,,10,,15,38,26,,98,,155,,,,2697.070055719026,,34,,,,,,,,,73.16,0.19,0.45,13.44,1.41,2.55,4.53,0.5,2.2,,,0.06,0.79,,,,,,,,,232.28000000000003,-78.41944444444444,-1.5822916666666667
37,Litherland et al. (1994): Ecuador,SH14H,Tres Lagunas,Granitoid,,,206,481,14,,13,,15,54,23,,86,,179,,,,3116.6142866086525,,40,,,,,,,,,71.4,0.2,0.52,13.87,1.54,2.66,4.17,0.74,2.53,,,0.07,1.01,,,,,,,,,232.28000000000003,-78.41944444444444,-1.5822916666666667
38,Litherland et al. (1994): Ecuador,SH14I,Tres Lagunas,Granitoid,,,181,809,16,,12,,12,59,26,,105,,178,,,,3176.5491767357416,,38,,,,,,,,,71.18,0.19,0.53,13.68,1.59,2.49,4.33,0.79,2.48,,,0.07,1.04,,,,,,,,,232.28000000000003,-78.41944444444444,-1.5822916666666667
39,Litherland et al. (1994): Ecuador,SH14J,Tres Lagunas,Granitoid,,,176,874,16,,12,,21,49,28,,111,,184,,,,3236.4840668628312,,38,,,,,,,,,71.95,0.19,0.54,13.62,1.58,2.5,4.51,0.89,2.29,,,0.06,1.04,,,,,,,,,232.28000000000003,-78.41944444444444,-1.5822916666666667
40,Litherland et al. (1994): Ecuador,Sh14K,Tres Lagunas,Granitoid,,,151,259,22,,16,,31,105,23,,104,,343,,,,5933.554122581858,,62,,,,,,,,,68.49,0.28,0.99,14.24,2.84,3.56,2.53,1.89,2.74,,,0.09,1.25,,,,,,,,,232.28000000000003,-78.41944444444444,-1.5822916666666667
41,Litherland et al. (1994): Ecuador,JR385,Tres Lagunas,Granitoid,,,113,595,10,,7,,18,51,9,,187,,142,,,,2157.6560445752207,,26,,,,,,,,,72.23,0.13,0.36,14.36,2.29,3.19,3.6,2.39,na,,,0.03,0.77,,,,,,,,,232.28000000000003,-78.41944444444444,-1.5822916666666667
42,Litherland et al. (1994): Ecuador,JR386,Tres Lagunas,Granitoid,,,113,669,10,,7,,16,44,9,,184,,136,,,,1857.9815939397733,,24,,,,,,,,,73.04,0.14,0.31,14.07,2.08,3.07,3.8,2.12,na,,,0.02,0.66,,,,,,,,,232.28000000000003,-78.41944444444444,-1.5822916666666667
43,Litherland et al. (1994): Ecuador,JR111,Moromoro,Granitoid,,,101,565,9,,7,,16,40,30,,184,,117,,,,2217.5909347023103,,20,,,,,,,,,73.08,0.11,0.37,14.42,1.62,2.92,3.22,,,2.58,,0.05,0.96,,,,,,,,,232.6,-79.85194444444444,-3.7044444444444444
44,Litherland et al. (1994): Ecuador,JR280A,Moromoro,Granitoid,,,92,759,6,,13,,12,36,12,,129,,187,,,,4435.181869404621,,23,,,,,,,,,73.56,0.23,0.74,11.13,1.6,1.82,2.38,,,5.4,,0.12,2.14,,,,,,,,,232.6,-79.85194444444444,-3.7044444444444444
45,Litherland et al. (1994): Ecuador,JR280B,Moromoro,Granitoid,,,91,810,10,,13,,25,60,9,,119,,216,,,,4375.246979277531,,25,,,,,,,,,71.52,0.09,0.73,11.9,1.42,1.75,2.42,,,5.74,,0.16,2.27,,,,,,,,,232.6,-79.85194444444444,-3.7044444444444444
46,Litherland et al. (1994): Ecuador,JR281A,Moromoro,Granitoid,,,80,807,13,,11,,26,66,24,,131,,275,,,,3715.9631878795467,,28,,,,,,,,,73.31,0.09,0.62,12.97,1.07,1.68,2.59,,,5.06,,0.13,1.51,,,,,,,,,232.6,-79.85194444444444,-3.7044444444444444
47,Litherland et al. (1994): Ecuador,JR281B,Moromoro,Granitoid,,,89,736,14,,11,,29,70,22,,168,,236,,,,4555.0516496588,,29,,,,,,,,,70.21,0.11,0.76,14.27,1.61,2.13,2.66,,,5.34,,0.09,1.76,,,,,,,,,232.6,-79.85194444444444,-3.7044444444444444
48,Litherland et al. (1994): Ecuador,JR283,Moromoro,Granitoid,,,92,553,16,,11,,33,70,20,,198,,218,,,,4435.181869404621,,34,,,,,,,,,64.71,0.08,0.74,17.05,2.28,2.21,2.71,,,6.35,,0.12,2.4,,,,,,,,,232.6,-79.85194444444444,-3.7044444444444444
49,Litherland et al. (1994): Ecuador,JR329,Moromoro,Granitoid,,,83,197,5,,8,,13,42,28,,128,,115,,,,2097.7211544481315,,13,,,,,,,,,72.64,0.25,0.35,14.68,2.11,3.99,2.81,,,2.59,,0.05,0.77,,,,,,,,,232.6,-79.85194444444444,-3.7044444444444444
50,Litherland et al. (1994): Ecuador,JR330,Moromoro,Granitoid,,,118,114,3,,11,,9,28,24,,126,,194,,,,3715.9631878795467,,18,,,,,,,,,69.19,0.35,0.62,14.92,2.14,3.75,2.33,,,4.11,,0.07,1.35,,,,,,,,,232.6,-79.85194444444444,-3.7044444444444444
51,Litherland et al. (1994): Ecuador,JR331,Moromoro,Granitoid,,,99,364,9,,8,,22,57,17,,81,,212,,,,2217.5909347023103,,20,,,,,,,,,76.78,0.14,0.37,12.25,0.78,1.88,2.56,,,2.88,,0.05,0.83,,,,,,,,,232.6,-79.85194444444444,-3.7044444444444444
52,Litherland et al. (1994): Ecuador,JR332,Moromoro,Granitoid,,,89,287,6,,5,,17,46,15,,89,,251,,,,1977.8513741939528,,16,,,,,,,,,80.36,0.17,0.33,10.59,0.64,1.81,2.42,,,2.41,,0.04,0.64,,,,,,,,,232.6,-79.85194444444444,-3.7044444444444444
75,Riel et al. (2013): Ecuador,AV-08-28d,La Bocana,Migmatite,,,,,,,,,,,,,,,,,,,,,,,,,,,,,,69.2,0.2,0.78,14.28,1.76,1.52,2.25,,,,,,,,,,,,,,,226.05,-79.9038888888889,-3.6780555555555554
76,Riel et al. (2013): Ecuador,AV-08-32a,La Bocana,Migmatite,,,,,,,,,,,,,,,,,,,,,,,,,,,,,,69.64,,0.8,13.76,1.77,2.41,2.61,,,,,,,,,,,,,,,226.05,-79.97944444444445,-3.6970833333333335
77,Riel et al. (2013): Ecuador,AV-08-33,La Bocana,Migmatite,,,,,,,,,,,,,,,,,,,,,,,,,,,,,,71.68,,0.66,12.4,1.81,2,2.21,,,,,,,,,,,,,,,226.05,-79.97944444444445,-3.6970833333333335
78,Riel et al. (2013): Ecuador,PU-08-10,La Bocana,Migmatite,,,,,,,,,,,,,,,,,,,,,,,,,,,,,,61.3,0.39,0.94,15.55,0.44,1.39,3.74,,,,,,,,,,,,,,,226.05,-80.05499999999999,-3.716111111111111
79,Cochrane et al. (2014): Colombia and Ecuador,10RC28,Chinchina,Amphibolite,,0.2866666666666667,4.858333333333333,22.647666666666666,0.057333333333333326,0.15300000000000002,1.0936666666666668,0.08233333333333333,2.3136666666666668,6.248333333333334,1.2586666666666668,0.9969999999999999,202.95399999999998,5.5183333333333335,55.13766666666667,1.2496666666666667,1.705,0.7476666666666666,5424.52742091686,0.42933333333333334,16.170666666666666,0.237,1.6456666666666664,2.482666666666667,2.611,0.6246666666666666,1.679,0.26966666666666667,,51.215159762120756,0.05902630783187179,0.9050700534220341,18.307993145852233,9.454046971071463,3.9646003427073886,0.24594294929946578,6.83,,,,0.13,6.44,,9.825520800876841,0.5128453038206972,17.52640678210642,15.399491424267195,37.07735576290778,0.7035379760351033,26.21066666666667,224.7,-75.5736111111111,5.051388888888889
80,Cochrane et al. (2014): Colombia and Ecuador,10RC39,Santa Elena,Amphibolite,,0.48600000000000004,7.826333333333333,117.74233333333332,0.4163333333333334,0.19400000000000003,1.3573333333333333,0.12266666666666666,4.488666666666667,11.451,0.7903333333333333,1.5456666666666667,278.8806666666667,7.950666666666667,83.39933333333335,1.952,2.220666666666667,0.8896666666666667,4904.388504726651,0.43933333333333335,17.328,0.273,1.9153333333333336,2.610666666666667,2.544,0.6433333333333334,1.715,0.265,,52.477464292898816,0.10715650774492055,0.8182860591430297,17.749014282840477,7.364574532287267,3.204953731643533,0.2143130154898411,7.6,,,,0.14,7.13,,8.979617420770136,0.5128019646460958,18.1314883804209,15.612849525790448,38.101664491241266,0.7043012967893325,28.150333333333332,239.7,-75.40861111111111,5.901666666666667
81,Cochrane et al. (2014): Colombia and Ecuador,10RC39A,Santa Elena,Amphibolite,,0.18666666666666668,4.723333333333334,65.97566666666667,1.178,0.6633333333333333,1.5016666666666667,0.132,4.049666666666666,8.97,2.792333333333333,1.2443333333333333,140.43433333333334,6.256333333333333,68.14466666666665,1.9013333333333333,2.090666666666667,0.779,4974.872466116829,0.4603333333333333,17.746666666666666,0.27266666666666667,2.0076666666666667,2.5676666666666663,3.284333333333334,0.6926666666666668,1.9409999999999998,0.2823333333333333,,52.19525481540931,0.05859149277688603,0.8300461476725521,15.68298956661316,9.237925361155698,3.1834711075441406,0.23436597110754412,8.72,,,,0.15,7,,4.12596058246395,0.5125532914688552,18.30125636791549,15.638707719221886,38.3589468838572,0.7053502959957034,30.512,239.7,-75.41027777777778,5.897777777777777
82,Cochrane et al. (2014): Colombia and Ecuador,10RC50,Tr. Intrusive,Amphibolite,,0.2993333333333334,0.6956666666666668,6.307666666666667,0.03133333333333333,0.2386666666666667,1.1793333333333333,0.07,1.3183333333333334,5.695,0.40066666666666667,1.0973333333333333,119.675,7.541,41.74033333333333,1.4110000000000003,2.736333333333333,1.1986666666666668,8003.716790572839,0.7040000000000001,26.67533333333333,0.40633333333333327,2.706666666666667,3.8506666666666667,4.855999999999999,1.0236666666666665,2.8156666666666665,0.40399999999999997,,46.5525040192926,0.08837218649517685,1.3354019292604502,14.650144694533761,13.187094051446945,2.0129220257234723,0.009819131832797428,10.63,,,,0.18,9,,10.179924785240768,0.512863461421812,16.598622063483592,15.526822294571891,37.68736369956921,0.7024286516327688,44.317,,-75.74194444444444,6.157222222222223
83,Cochrane et al. (2014): Colombia and Ecuador,11RC04,Monte Ol.,Amphibolite,,0.09533333333333333,2.591,140.55566666666667,0.7759999999999999,0.28,6.120333333333334,0.436,7.975,19.499,1.5033333333333332,2.828333333333333,131.17533333333333,14.720333333333334,119.35533333333335,2.8846666666666665,4.372333333333334,1.6523333333333332,10531.854346552602,0.9083333333333333,30.302999999999997,0.4593333333333333,3.080666666666666,4.794333333333333,5.544333333333334,1.2173333333333334,3.171333333333333,0.434,,51.17403269481497,0.2342954568247919,1.7572159261859392,15.561123257446594,6.960527529836526,4.978778457526827,0.1854839033196269,10.54,,,,0.18,5.77,,,,,,,,32.056000000000004,,-77.86222222222221,0.39
84,Cochrane et al. (2014): Colombia and Ecuador,11RC10,Monte Ol.,Amphibolite,,0.37633333333333335,7.498333333333332,36.632666666666665,0.21666666666666665,0.20233333333333334,4.275333333333333,0.20033333333333334,3.736333333333333,10.033,15.412,1.493,241.18766666666667,7.764,51.53933333333333,1.4723333333333333,2.6166666666666667,0.9756666666666667,7199.991619133859,0.5806666666666667,20.20566666666667,0.3193333333333333,2.187,3.4226666666666667,3.9843333333333333,0.789,2.301,0.305,,49.87373535009516,0.07877391565661625,1.2013022137633977,14.868576580186316,8.881758990283481,2.7472403085244914,0.2757087047981569,11.94,,,,0.15,8.24,,5.028004553768728,0.5125995069611794,18.708229710727625,15.67849797362836,38.85585922085366,0.7146970120664996,42.62233333333333,,-78.38111111111111,-1.3988888888888888
85,Cochrane et al. (2014): Colombia and Ecuador,11RC14,Piedras,Amphibolite,,0.085,1.0203333333333333,9.361666666666666,0.06766666666666667,0.04033333333333333,3.0736666666666665,0.14533333333333334,1.7593333333333334,4.991666666666666,0.26566666666666666,0.8453333333333334,170.73933333333332,5.421333333333333,85.31433333333332,2.0726666666666667,2.246,0.7863333333333333,6066.238770582736,0.5313333333333333,19.258999999999997,0.2846666666666667,2.164,2.6153333333333335,3.332666666666667,0.7636666666666666,2.013666666666667,0.27233333333333337,,48.61211006415397,0.09826583801122694,1.0121381315156375,17.049122894947875,11.516756214915798,2.66300421010425,0.06878608660785886,8.52,,,,0.15,8.26,,9.792505299788257,0.5128436122982374,17.762069194615574,15.475891898195535,37.48734286563961,0.7027145726158972,36.609,221.85,-79.84305555555555,-3.6525
86,Cochrane et al. (2014): Colombia and Ecuador,JR148,Piedras,Amphibolite,,,1,31,2,1,4,,6,13,1,,95,,93,,,,10308.801101859388,,32,,,,,,,,,48.01,0.21,1.72,13.77,10.68,2.73,0.08,11.33,,,,0.19,9.15,,,,,,,,34,221.85,-79.84305555555555,-3.6525
87,Cochrane et al. (2014): Colombia and Ecuador,JR149,Piedras,Amphibolite,,,1,34,1,1,3,,6,11,1,,124,,99,,,,9949.191761096852,,27,,,,,,,,,47.37,0.17,1.66,15.78,10.9,2.88,0.11,10.76,,,,0.17,8.44,,,,,,,,33,221.85,-79.84305555555555,-3.6525
88,Cochrane et al. (2014): Colombia and Ecuador,JR150,Piedras,Amphibolite,,,2,60,1,1,6,,7,9,1,,150,,88,,,,8330.949727665435,,22,,,,,,,,,49.35,0.2,1.39,16.19,11.43,2.82,0.13,8.8,,,,0.15,8.06,,,, ,,,,30,221.85,-79.84305555555555,-3.6525
105,Martinez (2007): Colombia,AC51,Santa Elena,Amphibolite,,,0.5,8.4,,,1.7,0.3,3.5,11.2,0.1,2.1,101.9,13.1,100.5,3.1,4.3,1.68,12046.912915544983,1.23,45.7,0.73,4.5,,,,,,,48.71,0.18,2.01,13.6,10.54,3.18,0.08,,,13.3,,0.23,7.14,,,,,,,,,239.7,-75.40944444444445,5.899722222222222
106,Martinez (2007): Colombia,AC44A,Santa Elena,Amphibolite,,,1.1,25.9,0.6,0.3,6.6,0.5,6.7,21,0.2,3.3,79.1,17.2,154.8,5,5.7,1.79,13545.28516872222,1.36,55.3,0.86,5.19,,,,,,,49.71,0.26,2.26,13.98,9.32,2.6,0.18,,,13.35,,0.18,6.83,,,,,,,,,239.7,-75.40944444444445,5.899722222222222
107,Martinez (2007): Colombia,AC44S,Santa Elena,Amphibolite,,,1.6,160.4,0.7,2.3,11.9,1.2,10.6,24.7,1.3,3.56,216.1,16.9,136.5,3.4,5,1.88,10908.150003130284,1.03,39.5,0.63,3.4,,,,,,,53.3,0.44,1.82,15.54,8.61,2.61,0.12,,,9.1,,0.11,4.62,,,,,,,,,239.7,-75.40944444444445,5.899722222222222
119,Bosch et al. (2002): Ecuador,97CE1,Raspas,Eclogite,,,0.55,22,0.48,0.17,8.5,0.48,6.39,15.53,0.55,2.29,88,10.79,90.55,2.31,3.43,1.12,8870.363738809241,0.8,35.83,0.53,3.54,3.91,5.44,1.21,3.37,0.53,,49.6,0.15,1.48,15.08,10.68,2.32,0.08,12.44,,,,0.21,7.58,,8.59,,18.691,15.561,38.249,0.70649,,128.4,-79.9251388888889,-3.5946111111111114
120,Bosch et al. (2002): Ecuador,97CE1,Raspas,Eclogite,,,0.14,9.82,0.035,0.01,1.1,0.067,0.31,0.79, ,0.12,28,0.6,3.07,0.26,0.22,0.08, ,0.09,6.5,0.09,0.55,0.37,0.81,0.22,0.67,0.07,,,,,,,,,na,,,,na,na,,6.92,,,,,0.70391,,128.4,-79.9251388888889,-3.5946111111111114
121,Bosch et al. (2002): Ecuador,97CE1,Raspas,Eclogite,,,1.3,22,0.2,0.07,1.11,0.065,1.99,4.89,0.012,0.75,9.21,3.6,4.25,0.34,1.13,0.41, ,0.26,5.7,0.05,0.24,1.53,1.5,0.27,0.53,0.03,,,,,,,,,na,,,,na,na,,7.96,,18.229,15.505,37.934,0.70331,,128.4,-79.9251388888889,-3.5946111111111114
122,Bosch et al. (2002): Ecuador,97CE1,Raspas,Eclogite,,,,,,,,,,0.001, , , ,0.01, , ,0.047,0.2, , , , ,40.6,0.8,9.37, ,28.71,45.07,,,,,,,,,na,,,,na,na,, ,,,,,,,128.4,-79.9251388888889,-3.5946111111111114
123,Bosch et al. (2002): Ecuador,98RR4,Raspas,Eclogite,,,3.32,131.53,0.37,0.32,5.27,0.33,4.69,12.18,0.67,1.93,74.37,9.78,84.04,2.34,3.24,1.07,7192.186815250736,0.8,32.52, ,3.4,4.29,5.44,1.21,3.31,0.53,,47.05,0.11,1.2,15.2,9.45,1.95,0.95,13.55,,,,0.25,9.08,,9.79,,18.19,15.513,38.02,,,128.4,-79.9251388888889,-3.5946111111111114
124,Bosch et al. (2002): Ecuador,98RR6,Raspas,Eclogite,,,18.13,482.39,0.35,0.34,5.09,0.31,4.612,11.08,3.28,1.802,55.99,9.18,74.32,2.04,3.119,1.105,14684.04808113692,0.78,29.95, ,3.09,4.64,5.1,1.12,3.01,0.49,,50.41,0.51,2.45,16.95,7.03,4.07,0.87,9.4,,,,0.18,5.97,,4.58,,18.567,15.663,38.803,,,128.4,-79.9251388888889,-3.5946111111111114
125,Bosch et al. (2002): Ecuador,97CE4A ,Raspas,Eclogite,,,0.8,32.6, ,0.17,0.29,0.02,0.91,2.33,9.83,0.41,132,2.4,10.73,0.39,1.03,0.6,2757.0049458461153,0.3,13.44,0.19,1.21,1.43,2.02,0.46,1.28,0.18,,47.57,0.02,0.46,17.11,12.29,2.28,0.08,8.12,,,,0.17,10.36,,7.89,,18.358,15.598,38.273,0.70519,,128.4,-79.9251388888889,-3.5946111111111114
126,Bosch et al. (2002): Ecuador,97CE15,Raspas,Harzburgite,,,0.69,0.01,0.03,0.01,1.65,,0.25,0.42,0.53,0.05,10.58,0.28,1.54,0.09,0.15,0.13,479.47912101671574,,2.68,,0.31,0.26,0.4,0.1,0.29,0.05,,40.97,0.07,0.08,2.98,2.38,0.5,,8.27,,,,0.11,36.67,,8.04,,18.674,15.524,38.457,0.70378,,128.4,-79.9251388888889,-3.5946111111111114
127,Bosch et al. (2002): Ecuador,97CE18,Raspas,Amphibolite,,,1.13,10.83,0.12,0.04,2.5,0.17,3.74,12.3,2.72,2.05,124.9,10.38,1.03,32.05,3.45,1.37,8510.754398046703,,31.18,2.28,3,4.33,5.15,1.12,3.17,0.44,,50.59,0.14,1.42,13.96,10.5,3.01,0.1,10.31,,,,0.17,7.51,,10.11,,,, ,0.70396,,128.4,-79.9251388888889,-3.5946111111111114
128,Bosch et al. (2002): Ecuador,97CE13,Raspas,Amphibolite,,,2.5,8.31,0.011, ,0.38,0.023,1.19,3.87,3.19,0.68,200.7,3.97,0.69,17.28,1.37,0.56,4614.986539785889,,14.53,2.21,1.4,1.84,2.31,0.5,1.47,0.21,,49.92,0.08,0.77,17.42,10.07,3.28,0.18,7.35,,,,0.11,7.65,,10.14,,18.058,15.477,37.705,0.70306,,128.4,-79.9251388888889,-3.5946111111111114
129,Bosch et al. (2002): Ecuador,98TH13,Raspas,Amphibolite,,,1.89,29.82,0.08,0.12,2.31,0.16,3.58,11.19,1.14,2.06,116.94,11.26,52.89,1.82,4.01,1.36,6952.4472547423775,,42.18, ,4.1,5.11,6.91,1.49,4.04,0.63,,48.76,0.1,1.16,14.64,11.9,3.01,0.1,10.25,,,,0.16,8.19,,10.57,,17.941,15.48,37.689,,,128.4,-79.9251388888889,-3.5946111111111114
130,Bosch et al. (2002): Ecuador,97CE12,Raspas,Amphibolite,,,1.07,10.36,0.11,0.048,1.01,0.1,4.65,12.89,66.63,2.09,119.99,10.08,22.31,0.82,3.27,1.27,8450.819507919614,,3.03,2.93,3.03,4.16,5.08,1.09,3.15,0.44,,48.95,0.13,1.41,14.91,10.22,2.89,0.13,10.62,,,,0.19,8.02,,10.8,,,, ,0.70328,,128.4,-79.9251388888889,-3.5946111111111114
131,Arculus et al. (1999): Ecuador,Eclogite,Raspas,Eclogite,,,0.55,90.56,0.48,0.17,8.5,0.48,6.39,15.53,0.55,2.29,88,10.79,90.55,2.31,3.43,1.12,8870.363738809241,0.8,35.83,0.53,3.54,3.91,5.44,1.21,3.37,0.53,,49.6,0.15,1.48,15.08,10.68,2.32,0.08,12.44,,,,0.21,7.58,,8.27,,,,,0.70649,,128.4,-79.9251388888889,-3.5946111111111114
132,Arculus et al. (1999): Ecuador,Amphibolite,Raspas,Amphibolite,,,0.8,36.3,,0.17,0.29,0.02,0.91,2.33,9.83,0.41,132,2.4,32.67,0.39,1.03,0.6,2876.874726100294,0.3,13.44,0.19,1.21,1.43,2.02,0.46,1.28,0.18,,47.57,0.02,0.48,17.11,12.29,2.28,0.08,na,,,,na,na,,12.2,,,,,0.70519,,128.4,-79.9251388888889,-3.5946111111111114
133,Arculus et al. (1999): Ecuador,Basalt 1,Raspas,Basalt,,,1.73,8.92,0.11,,2.31,0.18,4.05,13.93,3,2.42,119.51,13.49,1.36,44.65,4.71,1.7,12945.936267451325,1.23,51.23,3.59,4.91,6.42,8.34,1.76,5.19,0.71,,46.76,0.19,2.16,13.56,10.63,1.76,0.15,14.16,,,,0.24,7.19,,10.48,,,,,0.70318,,128.4,-79.9251388888889,-3.5946111111111114
134,Arculus et al. (1999): Ecuador,Basalt 2,Raspas,Basalt,,,1.07,10.36,0.11,0.48,1.01,0.1,4.65,12.89,66.63,2.09,119.99,10.08,0.82,22.31,3.27,1.27,8450.819507919614,0.76,3.03,2.93,3.03,1.46,5.08,1.09,3.15,0.44,,48.95,0.13,1.41,14.91,10.22,2.89,0.13,10.62,,,,0.19,8.02,,10.8,,,,,0.70328,,128.4,-79.9251388888889,-3.5946111111111114
135,Arculus et al. (1999): Ecuador,Basalt 3,Raspas,Basalt,,,1.13,10.83,0.12,0.44,2.5,0.17,3.74,12.3,2.72,2.05,124.9,10.38,1.03,32.05,3.44,1.37,8510.754398046703,0.79,31.18,2.28,3,4.33,5.15,1.12,3.17,0.44,,50.59,0.14,1.42,13.96,10.5,3.01,0.1,10.31,,,,0.17,7.51,,10.11,,,,,0.70396,,128.4,-79.9251388888889,-3.5946111111111114
136,Arculus et al. (1999): Ecuador,Gabbro 1,Raspas,Gabbro,,,2.5,8.31,0.01,,0.38,0.02,1.19,3.87,3.19,0.68,200.7,3.97,0.7,17.28,1.38,0.57,4614.986539785889,0.34,14.53,2.21,1.4,1.84,2.31,0.5,1.47,0.21,,49.92,0.08,0.77,17.42,10.07,3.28,0.18,7.35,,,,0.11,7.65,,10.14,,,,,0.70306,,128.4,-79.9251388888889,-3.5946111111111114
137,Arculus et al. (1999): Ecuador,Gabbro 2,Raspas,Gabbro,,,21.11,115.43,0.12,0.54,0.85,0.06,2.73,7.81,6.48,1.23,208.79,6.02,0.82,22.9,1.93,0.9,3356.353847117011,0.43,16.6,2.42,1.59,2.47,2.74,0.58,1.65,0.24,,50.39,0.08,0.56,17.3,10.3,2.3,0.83,7.16,,,,0.1,8.4,,7.05,,,,,0.70507,,128.4,-79.9251388888889,-3.5946111111111114
138,John et al. (2010): Ecuador,SEC 15-2,Raspas,Blueschist,,,2.21,47.93,1.06,0.331,14.8,0.928,13.7,36.3,1.28,4.49,269,19.8,165,3.82,5.07,1.79,11687.303574782447,0.88,31.9,0.425,2.8,5.51,5.43,1.08,2.94,0.413,,47.79,,1.95,14.8,10.5,3.04,0.27,10.65,,,,0.2,7,,,,,,,,37.2,128.4,-79.9251388888889,-3.5946111111111114
139,John et al. (2010): Ecuador,SEC16-1,Raspas,Blueschist,,,28.2,1466,2.12,0.459,29.2,1.73,24.2,54.1,2.44,7.45,329,31.2,240,5.23,7.35,2.38,14324.438740374384,1.21,39.3,0.566,3.76,7.68,7.31,1.43,3.93,0.553,,47.31,,2.39,18.15,8.36,3.29,1.59,10.18,,,,0.16,4.44,,,,,,,,31.5,128.4,-79.9251388888889,-3.5946111111111114
140,John et al. (2010): Ecuador,SEC 17-3,Raspas,Blueschist,,,7.11,91.1,1.99,0.38,26.9,1.6,21.7,53.6,2.39,6.54,376,27.7,234,5.13,6.61,2.34,13485.35027859513,1.1,41.2,0.525,3.44,6.94,6.81,1.33,3.64,0.51,,47.23,,2.25,17.09,13.01,2.4,0.51,10.03,,,,0.15,4.12,,,,,,,,44.5,128.4,-79.9251388888889,-3.5946111111111114
141,John et al. (2010): Ecuador,SEC 42-6,Raspas,Eclogite,,,4.38,77.8,0.424,0.328,3.64,0.239,5.73,16.1,2.97,2.9,76.7,15.5,131,3.68,5.36,1.82,13545.28516872222,1.31,52.6,0.8,5.36,6.94,8.84,1.89,5.4,0.788,,45.61,,2.26,14.54,11.84,3.26,0.15,15.14,,,,0.28,6.16,,,,,,,,50.2,128.4,-79.9251388888889,-3.5946111111111114
142,John et al. (2010): Ecuador,SEC 43-1,Raspas,Eclogite,,,15.3,98.8,0.206,0.212,2.04,0.126,4.09,11.8,3.81,2.14,92.5,11.5,116,3.01,4.03,1.43,10728.345332749013,1,43.1,0.628,4.16,5.47,6.95,1.49,4.26,0.6,,47.92,,1.79,14.67,11.1,3.09,0.53,13.04,,,,0.19,6.46,,,,,,,,45.7,128.4,-79.9251388888889,-3.5946111111111114
143,John et al. (2010): Ecuador,SEC 43-3,Raspas,Eclogite,,,1.06,21.2,0.208,0.069,2.4,0.141,3.75,12.7,1.5,2.28,77,12.6,109,2.85,4.38,1.57,11147.889563638642,1.08,46.1,0.688,4.6,5.9,7.33,1.58,4.59,0.674,,50.17,,1.86,13.89,10.67,3.02,0.07,13.3,,,,0.23,6.65,,,,,,,,40.1,128.4,-79.9251388888889,-3.5946111111111114
144,John et al. (2010): Ecuador,SEC 44-1,Raspas,Eclogite,,,13.1,79.4,0.146,0.184,2.03,0.129,3.7,11.6,4.06,2.17,66.8,11.9,110,2.89,4.23,1.57,11447.564014274087,1.07,45.1,0.668,4.49,5.7,7.35,1.56,4.48,0.654,,48.67,,1.91,14.84,10.84,3.02,0.48,13.75,,,,0.19,6,,,,,,,,45,128.4,-79.9251388888889,-3.5946111111111114
145,John et al. (2010): Ecuador,SEC46-1,Raspas,Eclogite,,,0.53,6.76,0.131,0.175,2.19,0.14,4.08,13.6,0.646,2.53,31.6,13.9,102,2.86,5.11,1.71,11207.824453765732,1.18,49.1,0.713,4.83,6.74,7.89,1.66,4.74,0.723,,44.08,,1.87,14.71,10.87,1.69,0.16,15.48,,,,0.24,10.09,,,,,,,,51.9,128.4,-79.9251388888889,-3.5946111111111114
146,John et al. (2010): Ecuador,SEC 46-2,Raspas,Eclogite,,,0.42,21.1,0.17,0.54,4.26,0.183,4.4,14.1,0.566,2.46,36.8,12.9,104,2.91,4.28,1.51,11986.978025417893,1,46.4,0.679,4.54,5.6,6.96,1.55,4.52,0.678,,44.88,,2,13.49,13.41,2.3,0.11,13.77,,,,0.21,8.72,,,,,,,,37.9,128.4,-79.9251388888889,-3.5946111111111114
147,John et al. (2010): Ecuador,SEC 47-1,Raspas,Eclogite,,,12.7,60.9,0.138,0.194,2.09,0.146,3.71,11.7,2.9,2.18,103,12.4,109,3.13,4.54,1.57,11627.368684655357,1.17,48,0.712,4.8,6.12,7.92,1.69,4.83,0.709,,47.49,,1.94,15.07,11.15,2.77,0.51,13.87,,,,0.23,6.01,,,,,,,,45.4,128.4,-79.9251388888889,-3.5946111111111114
148,John et al. (2010): Ecuador,SEC 50-1,Raspas,Eclogite,,,0.54,121,0.137,0.054,1.91,0.142,3.72,12.4,0.738,2.32,84.9,12.7,119,3.25,4.62,1.59,11267.75934389282,1.17,50.5,0.727,4.89,6.34,8.01,1.71,4.89,0.73,,49.57,,1.88,13.62,10.48,3.04,0.07,13.3,,,,0.19,6.72,,,,,,,,38.4,128.4,-79.9251388888889,-3.5946111111111114
149,Cochrane (2013): Ecuador and Colombia,09RC39,Raspas,Complex,,0.22333333333333336,4.2876666666666665,311.9303333333333,0.13133333333333333,0.18099999999999997,1.7376666666666665,0.09533333333333334,3.066666666666667,9.013666666666666,0.5736666666666667,1.4786666666666666,115.079,8.413333333333334,63.45966666666667,1.7753333333333334,2.897,1.2266666666666666,6493.084875997906,0.7203333333333334,27.251333333333335,0.418,2.856666666666667,4.023666666666666,4.787,1.026,2.843666666666667,0.432,,48.37040072310938,0.09759967861805766,1.08335643266044,17.33370292256704,11.760761273475948,2.498551772622276,0.21471929295972683,8.74,,,,0.17,6.85,,,,,,,,31.16,128.4,-79.9251388888889,-3.5946111111111114
150,Cochrane (2013): Ecuador and Colombia,10RC25,Arquía,Serpentinite,,0,0.4136666666666667,1.1116666666666666,0.007,0,0.02033333333333333,0,0.05266666666666667,0.10366666666666667,1.7246666666666666,0.014,0.464,0.08700000000000001,0.8969999999999999,0.013666666666666667,0.06166666666666667,0.014333333333333335,104.0419886544961,0.011666666666666667,0.39666666666666667,0.008333333333333333,0.1075,0.076,0.05,0.018666666666666665,0.05366666666666667,0.015,,37.382970435477425,0.008679584498601678,0.017359168997203356,0.9807930483419895,0.269067119456652,0,0,8.33,,,,0.12,39.08,,,,,,,0.7039347201833456,136.06,112.0,-75.7895,4.273527777777778
151,Cochrane (2013): Ecuador and Colombia,10RC26,Arquía,Serpentinite,,0.158,2.9186666666666667,39.19466666666667,0.09066666666666667,0.29866666666666664,1.4233333333333331,0.10866666666666668,2.9743333333333335,9.427666666666667,0.7559999999999999,1.7406666666666666,109.94533333333334,9.654333333333334,89.29366666666668,2.533666666666667,3.581,1.257666666666667,9670.468985837158,0.9006666666666666,36.41766666666667,0.5943333333333333,3.986333333333333,5.111,6.448,1.4033333333333333,3.893333333333333,0.578,,48.434568421052624,0.10888621553884711,1.6134957393483707,14.739234085213033,11.076697744360901,2.1777243107769424,0.16827869674185464,11.66,,,,0.21,8.49,,10.494926115751646,0.5130343043385915,18.636177564551726,15.606250460871545,38.271618502623944,0.7034921493229527,41.51,112.0,-75.7895,4.273527777777778
152,Cochrane (2013): Ecuador and Colombia,10RC77,Arquía,Serpentinite,,0,0.26566666666666666,4.641333333333333,0.010666666666666666,0.005666666666666667,0.03766666666666667,0,0.049666666666666665,0.15633333333333332,0.37833333333333335,0.028,9.921,0.17300000000000001,1.4076666666666666,0.050333333333333334,0.07666666666666667,0.013999999999999999,210.4252751152643,0.018666666666666665,0.6503333333333333,0.017,0.06366666666666666,0.12,0.1195,0.016999999999999998,0.08233333333333333,0.015666666666666666,,40.480651869626065,0.008777244551089781,0.035108978204359126,1.4657998400319934,0.8250609878024394,0,0,7.26,,,,0.09,37,,16.822362739719043,0.5133585832149691,18.748679882534034,15.770105523260382,38.76326248550292,0.7055944204166351,107.06,112.0,-75.7895,4.273527777777778
153,Cochrane (2013): Ecuador and Colombia,10RC61,Arquía,Serpentinite,,0.5703333333333334,0.319,3.496,0,0.010499999999999999,0,0,0.028333333333333332,0.10033333333333333,0.2173333333333333,0.028499999999999998,3.6466666666666665,0.15366666666666665,1.0839999999999999,0.04066666666666666,0.08600000000000001,0.024333333333333332,217.16823407471355,0.0155,1.0933333333333335,0.02266666666666667,0.14566666666666667,0.153,0.18133333333333335,0.03266666666666667,0.08666666666666667,0.02966666666666667,,40.35564596645367,0.009058506389776358,0.03623402555910543,1.8117012779552717,1.2410153753993611,0,0,8.13,,,,0.12,38.37,,15.615036851914788,0.5132967081926518,18.397191726507298,15.556720271258701,38.241219659716904,0.7061580284447677,114.03,112.0,-75.7895,4.273527777777778
154,Cochrane (2013): Ecuador and Colombia,10RC62,Arquía,Schist,,0.32533333333333336,9.857666666666667,107.27166666666666,0.078,0.056333333333333326,1.1966666666666665,0.06166666666666667,1.3236666666666668,4.217333333333333,5.752666666666666,0.7526666666666667,244.49666666666667,4.092333333333333,37.666666666666664,1.003,1.638,0.573,3726.727694472392,0.36,17.65833333333333,0.29233333333333333,1.895,2.337333333333333,3.0883333333333334,0.6343333333333333,1.8389999999999997,0.29233333333333333,,47.39998993254807,0.04783046410953388,0.6217960334239404,15.27705023658512,12.522015503875968,3.2142071881606764,0.47830464109533877,6.39,,,,0.12,8.86,,,,,,,,32.15,112.0,-75.7895,4.273527777777778
155,Cochrane (2013): Ecuador and Colombia,10RC63,Arquía,Hornblendite,,0.10666666666666667,0.535,1.3086666666666666,0.016333333333333335,0.013,0.17633333333333331,0.02266666666666667,0.14100000000000001,0.5276666666666667,0.433,0.07766666666666666,2.224666666666667,0.416,0.6609999999999999,0.03166666666666667,0.185,0.1,110.97988750569311,0.041,1.737,0.029,0.335,0.13433333333333333,0.24633333333333338,0.061,0.18766666666666665,0.048666666666666664,,39.57027686156922,0.009258370814592704,0.01851674162918541,1.1850714642678661,0.3888515742128935,0,0,8.85,,,,0.13,41.87,,9.638810636452,0.5129904287247885,18.465083122555438,15.647539370316256,38.36124335637735,0.702667504240123,132.57,112.0,-75.7895,4.273527777777778
156,Cochrane (2013): Ecuador and Colombia,10RC72,Arquía,Amphibolite,,0.25333333333333335,5.373,255.78433333333336,1.0266666666666666,0.42700000000000005,1.0753333333333333,0.09066666666666667,6.893666666666667,14.555666666666667,2.7426666666666666,1.9376666666666669,293.64,8.167666666666667,60.61433333333333,1.4913333333333334,2.139,0.8220000000000001,4043.304516038083,0.43533333333333335,16.105333333333334,0.26533333333333337,1.7956666666666667,2.496,2.925333333333333,0.61,1.7753333333333332,0.262,,55.33836640609341,0.08928743235117258,0.6746161555421929,16.002292042493483,9.871221687712968,1.9643235117257967,0.46627881338945676,8.92,,,,0.17,5.49,,3.182404790174065,0.5126595402216405,18.859232739469032,15.664489421662942,38.73236498332247,0.7039211112302931,28.87,112.0,-75.7895,4.273527777777778
157,Cochrane (2013): Ecuador and Colombia,10RC74,Arquía,Amphibolite,,0.27,3.2560000000000002,17.591666666666665,0.063,0.08966666666666667,1.3539999999999999,0.08966666666666667,2.341666666666667,7.794,0.9159999999999999,1.2619999999999998,74.22966666666667,7.462,67.11166666666666,1.7716666666666665,2.6513333333333335,0.9860000000000001,7588.107515858415,0.6353333333333334,24.820333333333334,0.416,2.664,3.839666666666666,4.376,0.9089999999999999,2.7960000000000007,0.427,,48.45108366935484,0.10712802419354839,1.2660584677419355,14.968706653225805,9.16431552419355,2.970367943548387,0.13634475806451615,9.86,,,,0.26,9.35,,9.436278109928864,0.5129800490048428,17.908377575030425,15.482559685840378,37.2760605797684,0.7039376819643575,38.57,112.0,-75.7895,4.273527777777778
158,Cochrane (2013): Ecuador and Colombia,10RC59,Arquía,Amphibolite,,0.07666666666666667,0.45166666666666666,9.255,0.126,0.050666666666666665,1.9586666666666666,0.14133333333333334,3.3336666666666672,10.693666666666665,0.292,1.8463333333333332,148.60933333333335,10.200666666666669,91.62366666666667,2.385,3.7883333333333336,1.181,9583.229321980843,0.8493333333333334,34.84133333333333,0.5409999999999999,3.489333333333333,4.833333333333333,6.247,1.3226666666666667,3.7580000000000005,0.503,,50.26791,0.13818000000000003,1.59894,14.23254,10.916220000000001,2.52672,0.06909000000000001,11.06,,,,0.18,7.65,,9.378819483809586,0.5129771042706915,18.167617522060407,15.531524001190213,37.73378000557823,0.7038007317540597,38.72,112.0,-75.7895,4.273527777777778
159,Villagomez et al. (2011): Colombia,DV28,Arquía,Amphibolite,,0.4637551592701852,4.720275263249095,60.89432211837621,0.18492486789527854,1.312271005629796,3.13206261843287,0.20547370542019147,4.9652075942316065,15.572634196353528,6.639261065476728,2.669775663647949,140.55181176789873,15.26516722501386,134.80960739905626,3.5868163735162137,4.667476331539024,2.013606544251413,13043.529735536418,4.933124671076425,46.20634449960815,0.6824278557654931,,7.0322533830628755,8.435349385680096,1.9077475541573534,5.440978024130543,0.7060855223498376,,48.705416039345586,0.21664358125062735,2.1762832480176657,14.367408411121149,9.689876543209877,2.323994780688548,0.35450767841011743,11.97,,,,0.2,8.07,,,,,,,,36.92,112.0,-75.7895,4.273527777777778
160,Villagomez et al. (2011): Colombia,DV29,Arquía,Amphibolite,,1.0182977580347439,6.2628105031585415,299.7275953864278,1.2485548065291434,1.0376854238400484,4.566638263570124,0.27621120737849947,6.0927979692446455,13.699516941584628,12.350251528087599,1.8709957421409473,269.3514236239084,9.054559636060846,95.71452093136982,2.7651181617861895,2.492100577967236,0.9704863142164807,6785.0660629868935,2.996921389345461,24.589631664802862,0.4115587890378796,,3.0200782480706607,4.573002167288462,0.8919327386357617,2.4014480188221166,0.36607187987978224,,47.32640056022409,0.038375350140056025,1.1320728291316526,19.158893557422967,12.02107843137255,1.3623249299719888,0.32619047619047625,8.33,,,,0.28,8.56,,,,,,,,44.34,112.0,-75.7895,4.273527777777778
161,Villagomez et al. (2011): Colombia,DV90,Arquía,Amphibolite,,0.142688,1.328788681931646,33.913730290723244,0.29301666666666665,0.28170666666666666,3.4535135215380985,0.41784967736777306,2.810492137669934,6.820156671572899,0.46885671884415964,1.2112999931780033,94.26783298071716,5.11798682153607,39.704520557981944,1.0043323487086329,1.5158379764124013,0.6087767722248368,11480.966320883339,2.6235767385005144,17.20715760708534,0.31727309554521993,,3.204401139416804,3.421574488727296,0.7777532100405145,2.08672987838757,0.31713998459517606,,48.14605376236634,0.1678594983511542,1.9155730988308184,14.495161387029079,10.367792545218347,3.278197261916658,0.1481113220745478,12.16,,,,0.2,7.87,,,,,,,,38.07,112.0,-75.7895,4.273527777777778
162,Villagomez et al. (2011): Colombia,DV157,Arquía,Amphibolite,,0.08454059992166489,0.9177988755991312,12.24696220614608,0.2572377873580538,0.09881614939464987,2.505409179764984,0.16193781454011066,4.996630894478179,16.72800623869381,2.009621830883884,2.7921591943557384,69.412735264184,15.401583456539756,137.3264793742981,3.684216313169545,5.320228485558306,1.656249814258633,13353.679627243242,5.079123799297946,48.47240500736783,0.7437339818005837,,7.19568807917888,8.342553650372878,1.7894972556480784,5.1392484717923645,0.7237117301174529,,51.4635386631717,0.18898477669119873,2.2280310515172905,13.059842726081259,8.375009577578385,4.038306280875088,0.15914507510837786,12.9,,,,0.2,6.01,,,,,,,,34.64,112.0,-75.7895,4.273527777777778
163,Villagomez et al. (2011): Colombia,DV158,Arquía,Schist,,0.11906082460771393,1.535947400160256,15.705637913705848,0.175316280481944,0.09905384551190122,2.6200213326966697,0.14331149041780802,5.2046315212343615,17.478341075658033,0.5822557070151869,2.8805973467092945,130.10773512876634,15.979675714506635,136.94880321059998,3.5993227647822166,5.374739518155948,1.6803885004935772,13458.336944501929,5.202544260134393,49.70566239695366,0.7488713413763793,,7.229195822897672,8.30264919016066,1.8361296510861236,5.4209518219262165,0.7580209285705877,,46.899285642215716,0.20682171324790635,2.245492886691555,13.433562708102109,9.868350317828675,3.328844717990112,0.10833518312985572,13.69,,,,0.21,7.56,,,,,,,,45.13,112.0,-75.7895,4.273527777777778
164,Villagomez et al. (2011): Colombia,DV87,Arquía,Schist,,0.06991694369619368,0.5521175068923507,3.126395107344866,0.051956,0.04875666666666667,1.5454480227706913,0.06993874563206033,1.09149975405715,5.40101696181101,0.32883738713944743,1.1202524725485403,137.51346700854003,6.7909816595228465,32.55412081011071,1.1692104587748133,2.624643282435287,0.9758738181059204,11241.475980995432,2.27650016352607,22.085591579038965,0.2920025733350884,,3.4957198478139477,4.261597184431597,0.8190594380983232,2.5611702271906425,0.31563105660696067,,47.018026656057295,0.1767594987069823,1.8756146807240899,15.397716331808235,12.353524965187985,2.563012731251243,0.16693952655659441,12.2,,,,0.18,6.76,,,,,,,,37.36,112.0,-75.7895,4.273527777777778
165,Villagomez et al. (2011): Colombia,DV88,Arquía,Schist,,0.06450866483151789,0.4640208516320719,9.239383821943022,0.35172713515214404,0.10784065501251901,2.866076644056248,0.19574869029300448,4.224244812180765,12.910808138224759,0.5848587426209363,2.070416398487622,119.49007400212209,11.72866954570216,99.15765628170936,2.5989575698898,3.965362550300347,1.2937193823927162,9894.4301983281,3.5989549364545614,35.259767458480965,0.5358884529941008,,4.976177638140399,6.191136055185265,1.2168480736165854,3.951846372653518,0.5523811789604479,,49.29988370927318,0.1473984962406015,1.6508631578947368,14.572797994987468,10.268761904761904,3.242766917293233,0.0589593984962406,11.13,,,,0.18,7.42,,,,,,,,38.03,112.0,-75.7895,4.273527777777778
180,Litherland et al. (1994): Ecuador,AP01,Alao-Paute,Andesite,,,2,75,1,,2,,4,9,,,78,,56,,,,7012.382144869468,,25,,,,,,,,,56.33,0.34,1.17,15.52,4.71,4.3,0.11,,,11.14,,0.19,3.45,,,,,,,,20,163.7,-78.61099999999999,-2.057222222222222
181,Litherland et al. (1994): Ecuador,AP02,Alao-Paute,Andesite,,,3,90,,,2,,5,14,,,78,,56,,,,6892.512364615289,,25,,,,,,,,,58.92,0.3,1.15,14.87,3.3,4.85,0.23,,,10.6,,0.19,3.39,,,,,,,,21,163.7,-78.61099999999999,-2.057222222222222
182,Litherland et al. (1994): Ecuador,AP03,Alao-Paute,Basalt,,,52,554,4,,4,,12,36,,,589,,48,,,,5214.335441056784,,17,,,,,,,,,50.74,0.27,0.87,17.39,9.39,1.79,1.47,,,9.06,,0.17,6.42,,,,,,,,22,163.7,-78.61099999999999,-2.057222222222222
183,Litherland et al. (1994): Ecuador,AP04,Alao-Paute,Basalt,,,46,600,6,,6,,12,29,1,,338,,50,,,,5813.684342327679,,18,,,,,,,,,49.76,0.24,0.97,17.1,7.92,0.95,2.21,,,9.79,,0.11,8.29,,,,,,,,31,163.7,-78.61099999999999,-2.057222222222222
184,Litherland et al. (1994): Ecuador,AP05,Alao-Paute,Andesite,,,4,86,5,,6,,11,25,,,272,,56,,,,4974.595880548426,,14,,,,,,,,,54.75,0.2,0.83,16.59,7.36,3.52,0.17,,,7.91,,0.14,5.95,,,,,,,,22,163.7,-78.61099999999999,-2.057222222222222
185,Litherland et al. (1994): Ecuador,AP06,Alao-Paute,Basalt,,,2,43,,,2,,4,11,,,117,,60,,,,7312.056595504915,,21,,,,,,,,,51.43,0.14,1.22,16.58,7.61,4.87,0.11,,,11.54,,0.19,5.45,,,,,,,,30,163.7,-78.61099999999999,-2.057222222222222
186,Litherland et al. (1994): Ecuador,AP07,Alao-Paute,Basalt,,,3,115,1,2,2,,5,17,,,432,,28,,,,4794.791210167157,,13,,,,,,,,,48.44,0.25,0.8,16.95,11.87,2.51,0.36,,,10.95,,0.2,6.24,,,,,,,,32,163.7,-78.61099999999999,-2.057222222222222
187,Litherland et al. (1994): Ecuador,AP08,Alao-Paute,Andesite,,,1,40,1,,3,,6,20,,,164,,73,,,,8630.624178300883,,27,,,,,,,,,58.41,0.3,1.44,14.89,6.88,3.11,0.04,,,10.31,,0.18,3.11,,,,,,,,19,163.7,-78.61099999999999,-2.057222222222222
188,Litherland et al. (1994): Ecuador,AP09,Alao-Paute,Basalt,,,1,117,1, ,,,4,7,2,,126,,36,,,,4614.986539785889,,15,,,,,,,,,51.49,0.07,0.77,16.7,6.86,4.87,0.05,,,10.33,,0.22,6.48,,,,,,,,32,163.7,-78.61099999999999,-2.057222222222222
189,Litherland et al. (1994): Ecuador,AP10,Alao-Paute,Basalt,,,1,36,2,1,,,6,11,1,,215,,53,,,,6472.9681337256625,,19,,,,,,,,,51.32,0.13,1.08,15.99,9.12,4.8,0.09,,,8.87,,0.18,5.05,,,,,,,,31,163.7,-78.61099999999999,-2.057222222222222
190,Litherland et al. (1994): Ecuador,AP11,Alao-Paute,Basalt,,,14,204,6,1,4,,15,33,2,,271,,52,,,,4914.6609904213365,,16,,,,,,,,,51.93,0.25,0.82,16.06,8.33,1.12,0.72,,,9.38,,0.05,7.54,,,,,,,,29,163.7,-78.61099999999999,-2.057222222222222
191,Litherland et al. (1994): Ecuador,AP12,Alao-Paute,Basalt,,,36,623,1,1,2,,6,14,,,251,,28,,,,3176.5491767357416,,11,,,,,,,,,26.95,0.2,0.53,11.44,27.14,0.78,2.09,,,4.62,,0.2,3.73,,,,,,,,10,163.7,-78.61099999999999,-2.057222222222222
192,Litherland et al. (1994): Ecuador,AP13,Alao-Paute,Andesite,,,7,87,10,2,3,,21,50,1,,155,,96,,,,5813.684342327679,,25,,,,,,,,,57.82,0.38,0.97,15.25,14.07,0.39,0.2,,,5.19,,0.1,1.85,,,,,,,,8,163.7,-78.61099999999999,-2.057222222222222
193,Litherland et al. (1994): Ecuador,AP14,Alao-Paute,Basalt,,,12,95,1,1,2,,1,,3,,136,,30,,,,4435.181869404621,,12,,,,,,,,,46.33,0.08,0.74,14.38,9.41,1.75,0.74,,,8.85,,0.08,11.45,,,,,,,,37,163.7,-78.61099999999999,-2.057222222222222
194,Litherland et al. (1994): Ecuador,AP15,Alao-Paute,Basalt,,,4,39,,1,2,,5,8,3,,122,,33,,,,4614.986539785889,,14,,,,,,,,,52.07,0.1,0.77,15.11,5.22,1.6,0.24,,,8.83,,0.07,11.5,,,,,,,,35,163.7,-78.61099999999999,-2.057222222222222
195,Litherland et al. (1994): Ecuador,AP16,Alao-Paute,Basalt,,,14,246,4,1,3,,11,25,4,,261,,53,,,,4674.921429912979,,17,,,,,,,,,51.02,0.34,0.78,16.77,9.92,1.72,0.53,,,8.98,,0.13,6.26,,,,,,,,23,163.7,-78.61099999999999,-2.057222222222222
196,Litherland et al. (1994): Ecuador,AP17,Alao-Paute,Basalt,,,29,543,4,1,3,,12,26,,,227,,44,,,,5514.009891692231,,28,,,,,,,,,50.78,0.26,0.92,17.73,8.78,3.27,1.07,,,8.98,,0.18,4.66,,,,,,,,22,163.7,-78.61099999999999,-2.057222222222222
197,Litherland et al. (1994): Ecuador,AP18,Alao-Paute,Basalt,,,3,104,1,1,1,,4,8,,,48,,43,,,,4854.726100294247,,16,,,,,,,,,51.14,0.09,0.81,14.94,9.67,3.28,0.14,,,8.75,,0.16,8.65,,,,,,,,34,163.7,-78.61099999999999,-2.057222222222222
198,Litherland et al. (1994): Ecuador,AP19,Alao-Paute,Basalt,,,6,237,1,,2,,5,6,,,311,,40,,,,4674.921429912979,,16,,,,,,,,,49.9,0.11,0.78,14.68,12.11,1.54,0.36,,,8.95,,0.16,8.45,,,,, ,,,32,163.7,-78.61099999999999,-2.057222222222222
199,Litherland et al. (1994): Ecuador,AP20,Alao-Paute,Basalt,,,14,272,4,2,3,,12,21,,,257,,35,,,,4315.312089150441,,14,,,,,,,,,49.51,0.22,0.72,13.92,12.69,1,0.85,,,8.39,,0.15,10.07,,,,,,,,32,163.7,-78.61099999999999,-2.057222222222222
200,Cochrane (2013): Ecuador and Colombia,4PR149,Alao-Paute,Basalt,,3.18,6.92,46.67,0.16,0.07,1.72,0.1,2.15,6.81,8.65,0.83,139,5.02,37.93,1.1,1.65,0.73,4674.921429912979,0.47,17.67,0.28,1.92,2.11,2.97,0.69,1.79,0.29,,49.02,0.08,0.78,14.69,9.72,2.33,0.18,9.25,,,,0.23,9.98,,2.83,0.51264,,,,0.7098,29.87,163.7,-78.61099999999999,-2.057222222222222
201,Cochrane (2013): Ecuador and Colombia,9RC14,Alao-Paute,Dacite,,36.47,66.87,1416.67,10.16,3.07,4.54,0.31,20,34.7,6.1,3.65,256,14.2,82.63,2.33,2.83,0.83,2457.3304952106682,0.35,12.13,0.18,1.21,2.12,1.99,0.44,1.29,0.24,,60.33,0.15,0.41,15.14,5.02,1.9,2.28,4.6,,,,0.11,1.72,,2.81,0.51263,18.69,15.66,38.53,0.7039,8.01,163.7,-78.61099999999999,-2.057222222222222
204,Cochrane (2013): Ecuador and Colombia,09RC18,Alao-Paute,Metadacite,,2.23,30.4,749.33,5.77,1.89,6.64,0.39,23,48.7,3.33,6.01,28.97,27.2,226,5.78,6.47,1.41,2757.0049458461153,1.07,43.83,0.74,5.42,5.92,6.85,1.65,4.59,0.83,,67.11,0.1,0.46,14.36,1.12,4.86,2.36,5.2,,,,0.09,1.43,,3.23,0.51266,18.93,15.67,38.6,0.70332,3.76,163.7,-78.61099999999999,-2.057222222222222
205,Cochrane (2013): Ecuador and Colombia,09RC19,Alao-Paute,Metabasalt,,0.26,7.99,214,1.52,0.8,19,0.94,12.53,25.7,1.35,3.18,247.67,13.27,101.67,2.25,3.36,1.32,8151.145057284168,0.63,21.3,0.32,2.13,3.22,3.46,0.79,2.07,0.32,,45.33,0.26,1.36,16.36,13.97,2.14,0.59,6.8,,,,0.22,6.56,,6.99,0.51285,18.83,15.62,38.48,0.70436,29.87,163.7,-78.61099999999999,-2.057222222222222
206,Cochrane (2013): Ecuador and Colombia,9RC48,Alao-Paute,Basalt ,,0.76,17.83,380.67,3.06,0.79,2.01,0.1,11.5,23.77,1.31,2.94,246,12.7,36.67,1.01,2.79,0.76,3536.1585174982783,0.38,14.17,0.21,1.23,2.55,2.32,0.52,1.37,0.22,,47.36,0.18,0.59,13.14,14.33,1.23,0.87,6.46,,,,0.25,5.77,,-0.64,0.51246,,,,0.70412,25.27,163.7,-78.61099999999999,-2.057222222222222
207,Cochrane (2013): Ecuador and Colombia,9RC49,Alao-Paute,Basalt ,,0.03,0.66,14.27,1.76,0.56,4.83,0.28,8.84,20.73,5.47,2.72,164,12.73,103.67,2.64,3.62,1.24,8630.624178300883,0.77,26.93,0.42,2.84,3.96,4.62,0.98,2.71,0.43,,53.04,0.16,1.44,16.42,6.99,4.26,0.03,12.14,,,,0.2,4.13,,4.06,0.5127,19.43,15.73,39.18,0.70656,31.37,163.7,-78.61099999999999,-2.057222222222222
208,Cochrane (2013): Ecuador and Colombia,10RC21,Quebradagrande,Andesite,,0.48,12.51,498.62,2.41,1.02,3.93,0.26,10.96,20.99,4.77,2.54,447.35,11.33,79.07,1.82,2.58,0.91,3835.832968133726,0.42,14.24,0.21,1.26,2.38,2.43,0.54,1.37,0.21,,54.2,0.16,0.64,16.62,6,2.41,0.87,6.94,,,,0.05,6.38,,5.71,0.51279,18.57,15.59,38.23,0.70345,22.12,125.46666666666665,-75.53653703703704,4.999731481481481
209,Cochrane (2013): Ecuador and Colombia,10RC24,Quebradagrande,Basalt,,0.05,2.59,96.06,0.27,0.1,0.99,0.08,3.03,7.59,1.15,1.2,88.85,6.59,38.94,1.07,2.02,0.73,4614.986539785889,0.43,14.7,0.23,1.48,2.2,2.57,0.57,1.57,0.24,,53.67,0.12,0.77,16.11,9.29,4.67,0.25,7.99,,,,0.16,4.61,,7.63,0.51289,18.31,15.58,37.97,0.70397,23.28,125.46666666666665,-75.53653703703704,4.999731481481481
210,Cochrane (2013): Ecuador and Colombia,10RC31,Quebradagrande,Basaltic breccia,,1.66,0.99,708.3,1.06,0.31,11.93,0.79,12.96,28.09,1.22,3.41,154.52,16.27,106.87,2.59,3.84,1.37,10128.99643147812,0.64,18.1,0.24,1.58,3.76,3.35,0.75,1.7,0.21,,44.44,0.2,1.69,10.67,7.63,0.52,0,10.42,,,,0.14,13.18,,2.65,0.51263,,,,0.70812,51.07,125.46666666666665,-75.53653703703704,4.999731481481481
211,Cochrane (2013): Ecuador and Colombia,10RC33,Quebradagrande,Basalt,,0.76,12.55,378.43,1.08,0.42,2.63,0.16,5.63,11.57,3.38,1.57,245.48,7.73,42.04,1.08,2.13,0.73,4375.246979277531,0.36,14.9,0.25,1.6,2.24,2.56,0.56,1.59,0.25,,53.17,0.14,0.73,17.46,9.36,1.66,0.78,8.2,,,,0.14,3.93,,5.65,0.51279,18.73,15.63,38.52,0.70403,20.51,125.46666666666665,-75.53653703703704,4.999731481481481
212,Cochrane (2013): Ecuador and Colombia,10RC47,Quebradagrande,Andesite,,0.27,6.46,160.25,0.68,0.37,2.77,0.26,4.19,9.01,3.65,1.32,167.72,5.93,42.01,1.22,1.9,0.64,3476.2236273711887,0.37,14.59,0.24,1.57,2.02,2.5,0.56,1.58,0.25,,58.11,0.09,0.58,15.34,8.69,1.43,0.33,7.07,,,,0.13,3.85,,5.34,0.51277,18.74,15.67,38.59,0.70417,18.58,125.46666666666665,-75.53653703703704,4.999731481481481
213,Cochrane (2013): Ecuador and Colombia,10RC49,Quebradagrande,Basalt ,,0.04,0.6,36.18,1.26,0.46,0.88,0.06,6.95,13.91,4.39,2.13,473.08,10.75,57.03,1.69,3.41,1.22,5394.140111438052,0.67,26.87,0.44,3.07,3.96,4.41,1,2.78,0.44,,55.67,0.12,0.9,14.67,10.35,0.35,0.01,11.21,,,,0.26,2.99,,4.71,0.51274,18.7,15.65,38.54,0.70488,19.86,125.46666666666665,-75.53653703703704,4.999731481481481
214,Cochrane (2013): Ecuador and Colombia,10RC52,Quebradagrande,Diabase,,1.25,6.13,130.9,0.23,0.12,2.93,0.24,6.64,14.83,1.93,2.02,168.14,9.95,77.64,2.22,3.06,1.2,6592.837913979842,0.61,23.09,0.35,2.53,3.54,3.81,0.89,2.32,0.33,,52.02,0.12,1.1,15.67,10.51,1.69,0.2,9.17,,,,0.16,7.84,,2.59,0.51263,18.62,15.67,38.55,0.70562,35.52,125.46666666666665,-75.53653703703704,4.999731481481481
215,Cochrane (2013): Ecuador and Colombia,10RC54,Quebradagrande,Basalt,,,1.6,,3, ,3.5,,,,,,119,7,68,,,,8330.949727665435,,30.8,,,,,,,,,48.87,0.12,1.39,15.51,12.57,1.95,0.08,10.1,,,,0.18,7.11,,10.49,0.51303,,,,0.70342,42,125.46666666666665,-75.53653703703704,4.999731481481481
216,Villagomez et al. (2011): Colombia,DV43,Quebradagrande,Gabbro,,0.22600046335805793,1.2702815610781981,8.068937139917002,0.10332106342561463,0.03706585495961127,1.7381651089067562,0.15639540144817513,2.9298033422018226,10.03628379522469,1.1602578793849907,1.55420691601989,99.01171349185461,9.342721061737059,87.94689034209959,2.508488954276619,3.3251613008524483,0.9011288499263964,9126.407403651683,0.8709168246486038,33.61398798839886,0.5434193091628998,3.5739248113636193,4.850159184678183,6.03114355217837,1.2262830034520042,3.5879223217226155,0.5289303108148026,,50.45475156825649,0.12689335855819972,1.5227203026983969,13.66543861395997,9.702461415911579,3.367554515582993,0.0878492482325998,11.56,,,,0.21,7.3,,,,,,,,38.05,125.46666666666665,-75.53653703703704,4.999731481481481
217,Villagomez et al. (2011): Colombia,DV48,Quebradagrande,Gabbro,,0.12822864290028316,2.182350740420882,12.455005813733052,0.19266681483722192,0.24071137548139818,3.0874343048873745,0.20492838107474443,5.4636223942774675,16.120939193585873,0.9676479670971609,2.6613347750431617,281.87586203564865,14.250362943877256,135.28463388565982,3.671920863494263,4.922561830680846,1.6231932972790963,8779.752946313862,1.0366178758842086,44.78656471534234,0.8520400315873884,4.7695333834705815,6.352583197072115,7.674594562855273,1.8484633119506828,4.96449573345599,0.7299904241420293,,46.188017955112215,0.08848279301745636,1.4648817955112219,15.228871820448878,14.009775561097257,2.182575561097257,0.03932568578553616,10.14,,,,0.16,8.99,,,,,,,,43.08,125.46666666666665,-75.53653703703704,4.999731481481481
218,Villagomez et al. (2011): Colombia,DV159,Quebradagrande,Andesite,,1.8534307216537635,49.08845246736386,1133.104732565603,5.260222470033958,2.162578163113299,4.808145453792311,0.29082488741210905,20.847588800177853,37.61710199696842,10.549058647533869,5.096444739694859,597.4044682937987,20.099879253734624,119.65339479323984,3.1873042447887188,4.605106293628375,1.2335953180389885,4588.93156990707,0.5380106450774605,20.278029478245863,0.2692837451809205,1.774528513815583,3.9201013840541363,3.1175894914932094,0.6650297452563035,1.8624786603132597,0.28141865259729804,,60.39707833450953,0.23864502470007057,0.7656527875793931,17.16255469301341,5.369513055751588,4.21606210303458,1.849498941425547,5.63,,,,0.08,2.91,,,,,,,,13.05,125.46666666666665,-75.53653703703704,4.999731481481481
219,Villagomez et al. (2011): Colombia,DV171,Quebradagrande,Andesite,,0.3752908387955565,12.547998350910314,761.7270177395784,2.5432176831996673,1.1903629781998228,9.70751240111201,0.5919138683718687,16.788710742116017,35.68116762462625,3.6957644306604505,4.490503640770622,655.6516678024469,18.40517921853718,127.21004566212675,3.26879404521982,3.8982534774499267,1.1654808833111268,4200.927178905878,0.47212626351111336,11.943074320420928,0.21647756901883905,1.2545421609388236,3.27097778660616,2.4189259077324095,0.49665782066092695,1.210461779245848,0.21573855715356985,,58.86713666599476,0.1946986494658335,0.7009151380770006,17.78572162870389,3.9037079217899615,5.850694416448297,1.080577504535376,5.05,,,,0.08,3.07,,,,,,,,14.62,125.46666666666665,-75.53653703703704,4.999731481481481
220,Villagomez et al. (2011): Colombia,DV173,Quebradagrande,Basalt,,0.49979294112037503,22.049299309746043,912.537838766059,0.15079711940474128,0.19469080843397404,2.231128382817511,0.1460747939862788,3.9629676315643407,12.22743946885422,0.7212232234198552,2.088545012658614,241.16948410720488,11.019033197798743,97.85083347901457,2.7034304624516765,3.7401740399060315,1.3990890232387294,9768.047561307729,0.9671243096577098,37.30338567336871,0.5975189280287406,3.7208802481476457,5.399801994477276,6.210219107313352,1.3982309328521285,4.101894911908569,0.5674744830573547,,48.1975425349844,0.1715554213228632,1.6297765025672002,14.19144568609685,8.78744991442666,3.107059297291855,0.9244931037954294,11.26,,,,0.19,6.18,,,,,,,,39.97,125.46666666666665,-75.53653703703704,4.999731481481481
221,Villagomez et al. (2011): Colombia,DV174,Quebradagrande,Andesite,,0.2690205538777758,14.523876307882327,522.2715339370126,2.6302516633582553,1.1546681169138486,10.533292144684989,0.5603083575776987,18.609355389813576,40.09594884882846,5.657877175488378,5.005343414713941,466.31162854622704,20.712289223430275,138.26165464306072,3.360947598064859,4.424456007354094,1.4210047429459844,4408.914668288545,0.43143789729796156,13.41303266153957,0.20543719849958877,1.3501532209408822,3.6281084296738215,2.4119722766228704,0.45241217114305926,1.2548642096751765,0.20932122476290793,,57.57877834895675,0.21017639350871886,0.735617377280516,17.062501763935085,3.496570910190505,6.03779457715956,0.9935611329503073,5.42,,,,0.08,3.16,,,,,,,,14.12,125.46666666666665,-75.53653703703704,4.999731481481481
222,Villagomez et al. (2011): Colombia,DV175,Quebradagrande,Andesite,,0.4999933640669159,35.377612651498204,1243.063706783974,2.4956593375857623,1.177531023985362,10.362721159770786,0.49929580532036116,16.29019986271331,36.445770874176425,2.733869832838318,4.732231149630017,1012.343863888325,20.239012122261666,136.7412244777543,3.3517166812014634,4.511628412792732,1.5072737298120489,5195.950245629689,0.5416981155898724,16.921979039130633,0.2175908575700195,1.4308227972600134,3.99048144765551,2.85836877012335,0.5802911758878304,1.595283038144374,0.21888157652160486,,51.052690017159584,0.2119168264863228,0.8669324719895024,18.012930251337437,5.452041990511759,3.2847108105380034,2.697123246189563,7.67,,,,0.12,6,,,,,,,,30.38,125.46666666666665,-75.53653703703704,4.999731481481481
223,Villagomez et al. (2011): Colombia,DV176,Quebradagrande,Diorite,,0.22388061481720667,15.942284543944693,243.13431494416955,3.834210118657845,1.3754624320143767,17.14327149199758,0.9754759522931201,20.03339415908186,36.090040685921615,2.876812533626461,3.766761581247804,517.6827246722959,13.351228684630719,109.65408768691599,2.8801495789110976,2.2031131105101167,0.6650562353069392,2524.8792246463645,0.23189934660251169,7.7603396694460685,0.11923929537302735,0.7449944434847958,1.982728573660139,1.333428633490028,0.2977685923813105,0.7666783398035492,0.11575874714467109,,64.90502512562814,0.166548743718593,0.42127035175879396,17.223099497487436,2.125945728643216,6.270070351758794,0.940510552763819,2.97,,,,0.06,2.39,,,,,,,,8.83,125.46666666666665,-75.47444444444444,5.454444444444444
224,Villagomez et al. (2011): Colombia,DV178,Quebradagrande,Basalt,,1.4691158286091426,21.854053901494733,296.1814942488277,3.601758798656436,1.325710531829766,2.569471387134486,0.16026581914635105,13.817372153556827,29.9867017068966,8.245953457760532,3.8573334261047947,1868.4400623943409,17.01807655616379,69.98901405403697,1.9890342560430547,3.7717176545200517,1.0934651467889591,3737.294612386271,0.49555316587351417,16.791366548548087,0.2469010147757574,1.739017440111181,3.1495572214769614,2.726945892951731,0.5990988092701636,1.657640061294823,0.25664408588153426,,51.63069344907641,0.39332189361057834,0.6235590996265267,17.82419703240133,9.967352377107096,2.0433552033915414,1.122406379327748,7.96,,,,0.16,3.3,,,,,,,,19.19,125.46666666666665,-75.53653703703704,4.999731481481481
225,Nivea et al. (2006): Colombia,QBG95-1,Quebradagrande,Basalt,,,7,212,4.2,,0.7,,8.6,18.7,8.5,,268.5,13,63.1,,,,,,17.6,,,,,,,,,52.03,0.29,0.66,20.77,10.83,2.96,0.3,,,9.33,,0.18,3.33,,,,,,,,,125.46666666666665,-75.53653703703704,4.999731481481481
226,Nivea et al. (2006): Colombia,QBG95-3,Quebradagrande,Basalt,,,28.2,553.8,3.3,,1,,9.4,22.8,4.7,,483.5,15.1,86.7,,,,,,17.3,,,,,,,,,52.48,0.25,0.78,17.11,8.57,3.04,1.29,,,,,0.16,5.13,,,,,,,,,125.46666666666665,-75.53653703703704,4.999731481481481
227,Nivea et al. (2006): Colombia,AN1410A,Quebradagrande,Basalt,,,4,122.5,0.4,,1,,1.9,8.7,3.1,,261.6,6.5,46,,,,,,17.9,,,,,,,,,49.29,0.1,1.05,19.59,8.33,0.74,0.38,,,,,0.08,7.16,,,,,,,,,125.46666666666665,-75.53653703703704,4.999731481481481
228,Nivea et al. (2006): Colombia,AN1425,Quebradagrande,Basalt,,,8.3,209.2,0.4,,2.5,,2.2,7.9,4.4,,336.5,4.6,19.4,,,,,,11.4,,,,,,,,,53.54,0.08,0.6,16.8,7.31,1.33,0.4,,,,,0.14,7.93,,,,,,,,,125.46666666666665,-75.53653703703704,4.999731481481481
229,Nivea et al. (2006): Colombia,AN1426,Quebradagrande,Basalt,,,6.8,143.1,1.1,,0.9,,2.9,10.7,3.3,,189.3,6.3,27.7,,,,,,12.4,,,,,,,,,48.25,0.08,0.74,18.42,9.79,1.02,0.35,,,,,0.19,7.97,,,,,,,,,125.46666666666665,-75.53653703703704,4.999731481481481
230,Nivea et al. (2006): Colombia,AN1409,Quebradagrande,Basalt,,,11.6,1658.7,1.8,,1.3,,6,16.4,2.6,,125.7,11.8,67.8,,,,,,29,,,,,,,,,57.64,0.14,0.96,16,2.07,4.08,1.46,,,,,0.18,5.22,,,,,,,,,125.46666666666665,-75.53653703703704,4.999731481481481
231,Nivea et al. (2006): Colombia,AN1414,Quebradagrande,Basalt,,,12.2,175.8,1.9,,4.7,,5.7,15.1,6.1,,242.5,10.7,71.8,,,,,,24,,,,,,,,,61.72,0.16,0.82,16.53,6.06,3.26,0.7,,,,,0.18,2.77,,,,,,,,,125.46666666666665,-75.53653703703704,4.999731481481481
232,Nivea et al. (2006): Colombia,AN1412,Quebradagrande,Basalt,,,5.2,199.2,0.8,,2,,2.6,9.3,0.8,,445.3,10.7,72.6,,,,,,23.2,,,,,,,,,52.04,0.14,1.03,15.67,9.73,2.01,0.39,,,,,0.13,10.54,,,,,,,,,125.46666666666665,-75.53653703703704,4.999731481481481
233,Nivea et al. (2006): Colombia,AN1416,Quebradagrande,Basalt,,,15.1,443.3,1,,1.4,,3.6,11.7,6.6,,325.7,9.3,64.3,,,,,,26.7,,,,,,,,,54.11,0.12,0.85,18.13,9.15,2.49,0.81,,,,,0.21,4.02,,,,,,,,,125.46666666666665,-75.53653703703704,4.999731481481481
234,Rodriguez and Zapata (2013): Colombia,GR049R,Quebradagrande,Tuff,,0.8,4,125,0.7,0.3,1.9,0.1,4,8.9,1.9,1.43,162.1,7.4,36.2,1.5,2,0.76,,,18.2,0.32,,2.62,2.9,0.67,1.86,0.27,,51.96,0.1,0.7,17.1,9.5,2.1,0.2,8.93,,,,0.1,4.5,,,,,,,,27,125.46666666666665,-75.53653703703704,4.999731481481481
235,Rodriguez and Zapata (2013): Colombia,JD066R,Quebradagrande,Diabase,,0,2.1,155,1.3,0.4,0.7,,5.7,13.3,0.2,2.04,323.5,9.5,34.8,1.2,2.6,0.88,,,15.8,0.26,,3.01,2.9,0.58,1.84,0.21,,46.08,0.1,0.8,18.2,12,1.8,0.1,10.97,,,,0.2,6.9,,,,,,,,40.2,125.46666666666665,-75.53653703703704,4.999731481481481
236,Rodriguez and Zapata (2013): Colombia,JM055R,Quebradagrande,Tuff,,0.5,19.8,504,0.5,0.2,0,,3.6,7.7,0.4,1.3,229.9,6.7,22.2,0.8,2.1,0.8,,,13.2,0.21,,2.36,2.27,0.47,1.38,0.19,,44.89,0.1,0.9,16.96,6.8,1.8,1.3,13.51,,,,0.2,9,,,,,,,,40.3,125.46666666666665,-75.53653703703704,4.999731481481481
237,Rodriguez and Zapata (2013): Colombia,JM082R,Quebradagrande,Basalt,,0.9,11,334,0.8,1,0.6,,4.9,9.8,2.4,1.57,349.6,8.3,29,0.9,2.2,0.85,,,17.6,0.26,,3.11,2.8,0.66,2,0.25,,43.82,0.2,0.9,18.78,7.2,2.7,0.6,13.45,,,,0.1,7.2,,,,,,,,40.5,125.46666666666665,-75.53653703703704,4.999731481481481
238,Rodriguez and Zapata (2013): Colombia,MR080R,Quebradagrande,,,0.3,4.5,388,1.1,0.5,0.9,,4.8,11.2,2.5,1.62,149.4,8.1,25.7,1,2.4,0.86,,,16.1,0.25,,2.87,2.75,0.58,1.87,0.24,,40.59,0.1,0.9,12.96,16,4.2,0.4,11.35,,,,0.3,3.8,,,,,,,,29.4,125.46666666666665,-75.53653703703704,4.999731481481481
239,Rodriguez and Zapata (2013): Colombia,VR098R,Quebradagrande,Basalt,,0.3,3.6,152,0.9,0.2,1.5,,3.7,9.1,1.2,1.34,194.2,6.6,35.8,1.3,1.8,0.69,,,18.7,0.3,,2.44,2.86,0.66,2,0.27,,54.29,0.1,0.7,16.35,8.7,2.8,0.3,8.85,,,,0.1,5,,,,,,,,23.9,125.46666666666665,-75.53653703703704,4.999731481481481
240,Litherland et al. (1994): Ecuador,CR6K,Azafrán,Granitoid,,,52,1385,0,,8,,12,41,13,,955,,159,,,,3656.0282977524575,,73,,,,,,,,,57.3,0.32,0.61,20.07,5.94,4.75,2.14,2.08,3.86,,,0.16,1.79,,,,,,,,,142.1,-78.16194444444444,-1.2436111111111112
241,Litherland et al. (1994): Ecuador,CR8A,Azafrán,Granitoid,,,103,747,9,,12,,5,8,13,,90,,95,,,,719.2186815250735,,10,,,,,,,,,76.04,0.04,0.12,13.09,0.83,3.93,4.36,0.67,0.47,,,0.09,0.06,,,,,,,,,142.1,-78.16194444444444,-1.2436111111111112
242,Litherland et al. (1994): Ecuador,CR8B,Azafrán,Granitoid,,,130,457,13,,14,,1,7,13,,78,,81,,,,779.1535716521631,,14,,,,,,,,,76.37,0.04,0.13,13.02,0.82,3.85,4.46,0.43,0.53,,,0.08,0.08,,,,,,,,,142.1,-78.16194444444444,-1.2436111111111112
243,Litherland et al. (1994): Ecuador,CR8D,Azafrán,Granitoid,,,110,571,11,,13,,5,18,14,,80,,79,,,,719.2186815250735,,1,,,,,,,,,76.52,0.04,0.12,12.87,0.52,4.02,4.31,0.56,0.47,,,0.08,0.1,,,,,,,,,142.1,-78.16194444444444,-1.2436111111111112
244,Litherland et al. (1994): Ecuador,CR8E,Azafrán,Granitoid,,,112,675,11,,12,,16,29,11,,78,,91,,,,659.2837913979841,,7,,,,,,,,,76.33,0.04,0.11,13,0.75,3.96,4.42,0.54,0.53,,,0.1,0.07,,,,,,,,,142.1,-78.16194444444444,-1.2436111111111112
245,Litherland et al. (1994): Ecuador,CR8F,Azafrán,Granitoid,,,114,638,15,,17,,8,12,11,,74,,98,,,,659.2837913979841,,0,,,,,,,,,76.2,0.04,0.11,12.97,0.73,3.96,4.42,0.52,0.53,,,0.1,0.03,,,,,,,,,142.1,-78.16194444444444,-1.2436111111111112
246,Litherland et al. (1994): Ecuador,CR8H,Azafrán,Granitoid,,,109,746,11,,14,,11,21,18,,63,,99,,,,479.47912101671574,,4,,,,,,,,,75.88,0.04,0.08,13.16,0.54,4.34,4.29,0.62,0.44,,,0.11,0.03,,,,,,,,,142.1,-78.16194444444444,-1.2436111111111112
247,Cochrane (2013): Ecuador,09RC57,Azafrán,Granitoid,,0.64,101.02,844.43,11.64,3.63,11.61,1.18,29.3,46.19,15.08,4.56,65.85,14.56,102.12,3.02,2.94,0.25,419.54423088962636,1.85,14.43,0.26,1.98,1.88,1.85,0.44,1.42,0.28,,75.34,0.02,0.07,13.5,0.61,4.08,4.38,0.97,,,,0.09,0.04,,5.04,,,,,,0.49,142.1,-78.16638888888889,-1.2436111111111112
248,Cochrane (2013): Ecuador,09RC59,Azafrán,Granitoid,,0.71,101.2,635.21,13.12,3.86,11.9,1.27,26.22,38.62,7.91,3.67,103.62,12.38,81.72,2.74,2.18,0.21,719.2186815250735,1.8,11.52,0.2,1.44,1.25,1.8,0.36,1.14,0.24,,76.06,0.03,0.12,13.1,0.74,3.55,4.61,0.83,,,,0.06,0.11,,4.61,,,,,,0.65,142.1,-78.1575,-1.2436111111111112
249,Cochrane (2013): Ecuador,11RC24,Upano,Ignimbrite,,,42.8,545,3, ,2.5,,8,19,125,,542,17,63,3,,,4075.572528642084,,15.9,,,,,,,,,52.13,0.12,0.68,17.71,10.29,3.51,0.88,7.86,,,,0.25,5.5,,,,,,,,25,121.0,-78.69416666666667,-3.2483333333333335
250,Cochrane (2013): Ecuador,11RC13,Upano,Greenschist,,,148.8,332, , ,7.8,,5,13,3,,116,17,81, ,,,5753.749452200588,,14.3,,,,,,,,,52.79,0.19,0.96,16.93,6.49,3.1,3.09,6.87,,,,0.16,1.98,,,,,,,,,121.0,-78.69416666666667,-3.2483333333333335
251,Cochrane (2013): Ecuador,11RC25,Upano,Amphibolite,,,85.7,1497,3, ,6.5,,12,42,34,,251,14,115,1,,,5454.075001565142,,23.9,,,,,,,,,55.26,0.13894968490547166,0.91,18.12,8.416380914274283,3.9501410423126937,2.8286185855756725,6.98,,,,0.24,2.36,,,,,,,,21,121.0,-78.69416666666667,-3.2483333333333335
252,Litherland et al. (1994): Ecuador,CR16D,Zamora,Granitoid,,,85,118,38,,8,,25,41,7,,48,,136,,,,419.54423088962636,,19,,,,,,,,,78.5,0.01,0.07,12.32,0.35,5.31,2.49,0.53,0.2,,,0.04,0.01,,,,,,,,,156.0,-78.6042361111111,-3.5927777777777776
253,Litherland et al. (1994): Ecuador,CR16E,Zamora,Granitoid,,,46,781,6,,5,,7,11,6,,250,,89,,,,2577.200275464847,,19,,,,,,,,,65.79,0.1,0.43,15.26,4.23,4.07,1.81,2.42,2.32,,,0.11,1.69,,,,,,,,,156.0,-78.6042361111111,-3.5927777777777776
254,Litherland et al. (1994): Ecuador,CR16F,Zamora,Granitoid,,,51,722,6,,5,,4,23,5,,242,,99,,,,2337.4607149564895,,17,,,,,,,,,67.36,0.1,0.39,15.28,4.07,3.99,1.95,2.08,2.05,,,0.1,1.39,,,,,,,,,156.0,-78.6042361111111,-3.5927777777777776
255,Litherland et al. (1994): Ecuador,CR16G,Zamora,Granitoid,,,13,173,2,,4,,3,11,9,,374,,40,,,,6053.423902836036,,16,,,,,,,,,50.6,0.11,1.01,19.14,9.2,3.82,0.056,4.66,4.58,,,0.13,4,,,,,,,,,156.0,-78.6042361111111,-3.5927777777777776
256,Litherland et al. (1994): Ecuador,CR16H,Zamora,Granitoid,,,24,307,0,,5,,3,16,5,,270,,71,,,,4075.572528642084,,24,,,,,,,,,54.7,0.12,0.68,17.41,8.09,3.37,0.96,3.08,4.63,,,0.13,4.9,,,,,,,,,156.0,-78.6042361111111,-3.5927777777777776
257,Litherland et al. (1994): Ecuador,CR21A,Zamora,Granitoid,,,66,583,6,,6,,10,16,7,,392,,92,,,,2457.3304952106682,,17,,,,,,,,,65.22,0.15,0.41,16.53,4.82,3.78,2.18,2.03,2.14,,,0.09,1.52,,,,,,,,,156.0,-78.6042361111111,-3.5927777777777776
258,Litherland et al. (1994): Ecuador,CR21B,Zamora,Granitoid,,,70,842,8,,6,,6,6,6,,368,,93,,,,2637.1351655919366,,16,,,,,,,,,65.09,0.14,0.44,16.05,4.24,3.88,2.44,2.03,2.24,,,0.08,1.57,,,,,,,,,156.0,-78.6042361111111,-3.5927777777777776
259,Litherland et al. (1994): Ecuador,CR21D,Zamora,Granitoid,,,63,595,0,,7,,1,3,10,,431,,91,,,,3775.8980780066363,,29,,,,,,,,,53.94,0.2,0.63,18.59,7.07,4.24,1.54,3.1,4.73,,,0.2,3.93,,,,,,,,,156.0,-78.6042361111111,-3.5927777777777776
260,Litherland et al. (1994): Ecuador,CR21F,Zamora,Granitoid,,,98,1133,7,,7,,7,14,13,,339,,90,,,,2517.2653853377574,,18,,,,,,,,,64.97,0.13,0.42,16.19,2.71,4.08,3.12,1.85,2.18,,,0.12,1.76,,,,,,,,,156.0,-78.6042361111111,-3.5927777777777776
261,Litherland et al. (1994): Ecuador,CR5A,Abitagua,Granitoid,,,163,144,17,,10,,2,29,18,,24,,71,,,,359.60934076253676,,18,,,,,,,,,77.65,0.03,0.06,12.65,0.38,3.87,4.47,0.47,0.29,,,0.08,0.01,,,,,,,,,172.26666666666665,-77.69666666666667,-0.6758333333333333
262,Litherland et al. (1994): Ecuador,CR5C,Abitagua,Granitoid,,,161,173,14,,10,,19,40,18,,27,,71,,,,359.60934076253676,,18,,,,,,,,,77.57,0.03,0.06,12.53,0.39,3.8,4.41,0.62,0.28,,,0.08,0.01,,,,,,,,,172.26666666666665,-77.69666666666667,-0.6758333333333333
263,Litherland et al. (1994): Ecuador,CR5D,Abitagua,Granitoid,,,87,1515,4,,5,,10,10,10,,261,,111,,,,1378.5024729230577,,11,,,,,,,,,73.28,0.09,0.23,14.12,1.62,3.82,3.69,0.88,0.93,,,0.05,0.33,,,,,,,,,172.26666666666665,-77.69666666666667,-0.6758333333333333
264,Litherland et al. (1994): Ecuador,CR5F,Abitagua,Granitoid,,,66,1342,3,,5,,7,12,10,,425,,141,,,,2097.7211544481315,,12,,,,,,,,,68.64,0.14,0.35,16.1,3.02,4.73,2.63,1.25,1.6,,,0.09,0.75,,,,,,,,,172.26666666666665,-77.69666666666667,-0.6758333333333333
265,Litherland et al. (1994): Ecuador,CR5I,Abitagua,Granitoid,,,154,143,19,,8,,31,58,20,,55,,93,,,,419.54423088962636,,21,,,,,,,,,76.97,0.03,0.07,12.65,0.62,3.95,4.44,0.49,0.33,,,0.03,0.01,,,,,,,,,172.26666666666665,-77.69666666666667,-0.6758333333333333
266,Litherland et al. (1994): Ecuador,CR6B,Abitagua,Granitoid,,,134,1218,5,,11,,27,38,20,,432,,207,,,,3236.4840668628312,,22,,,,,,,,,65.4,0.19,0.54,16.41,3.23,3.51,5.08,1.39,2.32,,,0.09,1.17,,,,,,,,,172.26666666666665,-77.69666666666667,-0.6758333333333333
267,Litherland et al. (1994): Ecuador,CR6E,Abitagua,Granitoid,,,166,407,16,,10,,28,58,15,,108,,140,,,,839.0884617792527,,28,,,,,,,,,74.71,0.05,0.14,13.39,0.58,3.94,4.66,0.81,0.92,,,0.07,0.17,,,,,,,,,172.26666666666665,-77.69666666666667,-0.6758333333333333
268,Litherland et al. (1994): Ecuador,CR6G,Abitagua,Granitoid,,,236,39,30,,16,,40,101,40,,16,,175,,,,779.1535716521631,,44,,,,,,,,,75.57,0.03,0.13,12.65,0.47,3.77,5.07,1.1,0.65,,,0.07,0.1,,,,,,,,,172.26666666666665,-77.69666666666667,-0.6758333333333333
269,Litherland et al. (1994): Ecuador,CR6J,Abitagua,Granitoid,,,242,74,22,,16,,42,80,19,,12,,158,,,,779.1535716521631,,37,,,,,,,,,75.67,0.03,0.13,12.86,0.54,3.84,5.09,0.66,0.72,,,0.05,0.1,,,,,,,,,172.26666666666665,-77.69666666666667,-0.6758333333333333
270,Cochrane (2013): Ecuador and Colombia,09RC22,Abitagua,Granitoid,,2.69,135.61,334.81,11.63,2.98,8.01,0.6,32.59,57.67,12.34,6.03,94.22,21.39,120.8,3.6,4.08,0.39,779.1535716521631,0.48,19.3,0.29266666666666663,2.095,3.16,3.1,0.63,2.05,0.37,,75.67,0.03,0.13,12.68,0.6,3.62,4.19,1.61,,,,0.06,0.2,,1.78,,,,,,1,172.26666666666665,-78.11333333333333,-1.246388888888889
271,Cochrane (2013): Ecuador and Colombia,09RC60,Abitagua,Granitoid,,0.64,44.55,8005.7,2.17,0.83,3.59,0.19,19.25,27.75,10.82,2.59,654.01,8.82,257.11,4.51,1.34,2.12,1198.6978025417893,0.12,4.38,0.08,0.73,0.76,0.64,0.13,0.43,0.11,,62.61,0.09,0.2,19.4,2.75,5.44,3.83,3.14,,,,0.13,0.53,,1.27,,,,,,2.82,172.26666666666665,-77.48083333333334,-0.4091666666666667
272,Cochrane (2013): Ecuador and Colombia,09RC61,Abitagua,Granitoid,,1.09,92.69,1442.54,6.9,1.39,4.32,0.44,20.71,33.16,9.32,3.24,247.12,10.99,101.52,2.64,1.97,0.51,1018.893132160521,0.22,9.56,0.18,1.29,1.4,1.56,0.35,1.01,0.21,,73.88,0.05,0.17,14.14,1.52,3.63,3.7,1.49,,,,0.04,0.17,,1.9,,,,,,1.33,172.26666666666665,-77.49583333333334,-0.3719444444444444
273,Cochrane (2013): Ecuador and Colombia,09RC63,Chinguál,Granitoid,,1.82,59.08,458.5,5.46,3.11,13.65,1.51,20.75,37.47,6.17,4.28,402.6,17.71,139.35,3.4,3.77,0.93,3775.8980780066363,0.49,19.16,0.29,2.26,3.22,2.92,0.65,1.85,0.34,,67.19,0.2,0.63,15.06,3.44,3.61,1.95,4.81,,,,0.1,1.49,,4.24,,,,,,8.91,125.3,-77.29416666666667,0.3808333333333333
274,Cochrane (2013): Ecuador and Colombia,09RC65,Rosa Florida,Granitoid,,3.08,150.03,767.08,19.55,4.72,10.76,0.74,29.1,54.79,14.08,6.13,322.49,24.59,214.34,5.1,4.88,0.96,4555.0516496588,0.65,23.01,0.35,2.4,4.23,4,0.82,2.25,0.34,,61.4,0.16,0.76,15.81,4.63,2.92,4.05,5.62,,,,0.1,2.22,,0.44,,,,,,14.23,182.4,-77.32305555555556,0.2511111111111111
275,Cochrane (2013): Ecuador and Colombia,09RC43,Zamora,Granitoid,,8.74,142.99,375.68,11.32,2.95,10.55,0.92,34.6,67.15,18.93,7.51,126.69,29.18,256.26,6.24,5.63,1.15,2996.7445063544733,0.8,24.44,0.37,2.51,4.65,4.19,0.9,2.39,0.33,,73.12,0.15,0.5,13.95,0.87,2.06,2.76,3.53,,,,0.04,0.97,,3.28,,,,,,7.1,156.0,-79.08027777777778,-4.4
276,Cochrane (2013): Ecuador and Colombia,09RC46,Zamora,Granitoid,,2.34,66.18,620.43,5.48,0.98,2.49,0.19,14.28,23.06,3.98,2.39,341.97,8.94,77.44,2.24,1.51,0.71,2037.786264321042,0.22,8.48,0.14,0.89,1.37,1.24,0.31,0.86,0.15,,64.74,0.09,0.34,17.09,4.28,3.46,2.4,4.04,,,,0.1,1.39,,2.84,,,,,,6.77,156.0,-78.51638888888888,-3.578611111111111
277,Cochrane (2013): Ecuador and Colombia,10RC02,Ibagué,Granitoid,,1.52,125.32,706.84,11.51,2.6,6.86,0.76,26.52,44.6,9.06,4.59,361.32,16.49,113.71,3.18,2.95,0.85,2016.2104291134483,0.35,13.11,0.2,1.39,2.26,2.13,0.46,1.14,0.25,,70.15921347181607,0.08904709085408893,0.33640012100433603,14.554252294040538,2.354800847030352,3.4134718160734097,3.4035776948673995,2.66,,,,0.05,1.1,,1.6,,,,,,4.19,165.07999999999998,-75.12194444444444,4.1775
278,Cochrane (2013): Ecuador and Colombia,10RC05,Ibagué,Granitoid,,0.52,65.78,355.97,2.23,0.87,3.95,0.38,10.6,21.65,5.37,2.71,374.91,12.59,61.13,1.85,2.99,1.01,5547.943925821387,0.55,18.48,0.28,2.01,3.11,3.19,0.71,2,0.31,,52.54607927747115,0.09847466131460111,0.9256618163572504,18.51323632714501,8.380193677872555,3.013324636226794,1.8414761665830408,8.48,,,,0.14,4.2,,,,,,,,21.56,165.07999999999998,-75.2078361111111,4.194613888888889
279,Cochrane (2013): Ecuador and Colombia,10RC06,Ibagué,Granitoid,,0.16,3.8,281.18,0.12,0.17,0.08,0.03,3.95,5.05,8.45,0.45,492.41,1.78,26.83,1.3,0.25,1.09,179.11728834158146,0.03,0.32,0.01,0.01,0,0.01,0.01,0.01,0.01,,68.84579678068411,0.01992354124748491,0.029885311871227366,18.50896981891348,4.7816498993963785,5.0306941649899395,0.3486619718309859,1.37,,,,0,0.08,,0.32,,,,,,0.47,165.07999999999998,-74.58527777777778,4.47
280,Cochrane (2013): Ecuador and Colombia,10RC08,Ibagué,Granitoid,,1.07,60.74,630.09,4.82,0.86,3.07,0.24,17.13,29.25,4.04,3.32,613.26,13.22,136.15,3.47,2.37,0.93,2385.293123409167,0.28,8.71,0.11,0.93,1.96,1.5,0.32,0.84,0.14,,65.67676971725739,0.1293437367556955,0.3979807284790631,16.546048786517044,3.542028483463661,4.09920150333435,2.566975698689957,3.39,,,,0.05,1.57,,3.86,,,,,,8.01,165.07999999999998,-75.16305555555556,4.246666666666667
281,Cochrane (2013): Ecuador and Colombia,10RC10,Ibagué,Granitoid,,1.04,43.95,686.08,4.24,0.87,4.39,0.31,19.12,31.76,3.11,3.18,718.83,12.19,68.89,1.83,1.98,0.89,3415.363109457029,0.24,7.78,0.12,0.82,1.61,1.2,0.29,0.74,0.11,,61.75326370140088,0.10997019600378982,0.5698455611105472,18.67493873955267,5.028637144536934,3.878948731770041,2.3793551499001797,3.96,,,,0.08,2.05,,3.71,,,,,,9.52,165.07999999999998,-75.16916666666667,4.241944444444444
282,Cochrane (2013): Ecuador and Colombia,10RC78,Segovia,Granitoid,,1.21,62.8,645.21,4.13,1.14,6.27,0.44,23.43,44.68,11.89,5.24,233.4,20.99,174.98,4.38,4.49,1.17,2978.320658855217,0.69,27.67,0.44,3.26,3.99,4.4,0.99,2.93,0.53,,68.1484347913727,0.1292007659746019,0.49692602297923805,15.036981455351745,3.369158435799234,3.6573755291271923,2.6436464422495467,3.85,,,,0.13,1.15,,-3.69,,,,,,5.58,188.9,-74.3,6.298055555555555
283,Cochrane (2013): Ecuador and Colombia,10RC03,Saldana,Rhyolite,,2.03,81.7,687.48,8.75,2.28,7.5,0.67,22.41,37.01,6.27,3.98,428.39,14.69,137.87,3.65,2.89,0.84,3096.446564855176,0.43,14.39,0.21,1.49,2.44,2.26,0.53,1.38,0.23,,66.07080088763365,0.12672180754488602,0.5166350615291507,15.206616905386323,2.963340730280412,3.7431672382489407,2.8463667540851323,3.41,,,,0.07,1.68,,1.12,,,,,,6.91,166.45,-75.12194444444444,4.1775
284,Cochrane (2013): Ecuador and Colombia,10RC07,Saldana,Rhyolite,,0.34,65.49,583.27,10.81,3.09,8.3,0.85,26.39,46.56,7.2,5.85,111,23.29,168.99,5.43,4.38,0.62,1133.1532428954156,0.59,23.88,0.42,2.96,3.61,4.25,0.88,2.44,0.45,,75.79477832512316,0.039802955665024634,0.18906403940886699,13.095172413793104,0.9851231527093596,3.920591133004926,3.2638423645320196,1.47,,,,0.03,0.19,,4.24,,,,,,1.05,166.45,-74.585,4.47
285,Bustamante et al. (2010): Colombia,CB005,Altamira,Monzogranite,,0.8,105.6,943,14.5,4.1,18,1.1,54.3,98.1,3.9,10.5,664.8,38,216.1,5.9,5.9,1.4,3596.093407625368,0.7,21.7,0.4,2.2,4.8,3.7,0.8,2.2,0.4,,63.5,0.2,0.6,15.6,3.8,3.7,3.9,5,,,,0.1,1.9,,2.32,,,,,,,179.0,-75.75966666666666,2.04025
286,Bustamante et al. (2010): Colombia,CB0007A,Las Minas,Monzodiorite,,0.7,48.6,780,2.7,0.7,6,0.4,21.8,45.7,2.5,5.7,609.8,23.2,120.6,3.5,4.6,1.3,5394.140111438052,0.7,21.3,0.3,2.1,4.3,3.7,0.8,2.1,0.3,,58.1,0.3,0.9,17.2,6,3.7,2.2,7.4,,,,0.1,3,,3.32,,,,,,,187.4,-75.80616666666667,2.24375
287,Bustamante et al. (2010): Colombia,CB0010,Garzón,Granite,,3,56.2,675,13.1,2.1,5.6,0.3,19.7,41.1,1.3,5.1,637.2,22.4,126,3.4,4.2,1.2,5394.140111438052,0.6,17.2,0.3,1.8,3.8,3.1,0.6,1.8,0.3,,56.6,0.3,0.9,17.8,6.5,4.1,1.7,7.6,,,,0.1,3.5,,4.32,,,,,,,173.9,-75.89633333333335,2.4011666666666667
288,Bustamante et al. (2010): Colombia,CB0011,Ibagué,Granodiorite,,1.2,60.7,770,4.1,1.9,8.8,0.4,24.6,51.1,2.8,6.1,1043,25.8,166.9,4.3,4.5,1.4,4794.791210167157,0.5,13.2,0.2,1.2,3.6,2.6,0.5,1.2,0.2,,57.1,0.4,0.8,18.7,4.7,4.9,1.9,6.5,,,,0.1,2.5,,5.32,,,,,,,165.07999999999998,-75.2078361111111,4.194613888888889
293,Van der Lelij (2013): Colombia (Santander Massif),10VDL05,Corcova,Granodiorite,,2.1029999999999998,144.632,1058.4706666666668,22.661666666666665,3.123666666666667,16.436333333333334,1.1713333333333333,78.62866666666666,138.25266666666667,15.862666666666668,14.647333333333334,255.79266666666663,54.00633333333334,340.493,7.805,9.157333333333334,1.7596666666666667,3622.7384663440653,1.1403333333333334,34.631,0.48866666666666664,3.297,7.017,6.212000000000001,1.2683333333333333,3.4933333333333336,0.5233333333333333,,68.37172303382029,0.19817890734440666,0.6044456674004403,15.348956373824295,2.4970542325395235,3.012319391634981,4.221210726435861,3.66,,,,0.09,1.03,,-4.98,,,,,0.7088187277685463,6.38,193.8,-73.01,7.100833333333333
294,Van der Lelij (2013): Colombia (Santander Massif),10VDL22,Pescadero,Granodiorite,,1.525,131.21966666666665,962.732,19.656999999999996,2.653,16.695666666666668,1.3243333333333334,56.697,94.82366666666667,12.011333333333333,9.364333333333333,261.6526666666667,32.13133333333334,229.55066666666667,5.710666666666666,5.258333333333334,0.9486666666666667,2258.612904022913,0.5513333333333333,22.118666666666666,0.324,2.5380000000000003,3.7336666666666667,3.546666666666667,0.7286666666666667,2.1153333333333335,0.38033333333333336,,71.29301450725363,0.11900350175087544,0.3768444222111056,14.657264632316158,1.9437238619309656,3.6196898449224615,4.026285142571285,2.26,,,,0.1,0.72,,-4.44,,,,,0.7082045259486122,3.06,199.1,-72.99083333333333,6.83
295,Van der Lelij (2013): Colombia (Santander Massif),10VDL28,Onzaga,Granodiorite,,0.8423333333333334,139.48566666666667,935.9536666666667,18.308,2.9296666666666664,11.520333333333333,0.9583333333333334,60.50466666666667,104.74866666666667,12.784,10.794666666666666,429.1556666666667,39.26666666666666,216.33033333333333,5.5473333333333334,6.010666666666666,1.373,3651.7207021905447,0.6086666666666667,18.753,0.27,1.8863333333333332,4.305,3.487,0.7166666666666667,1.9086666666666667,0.303,,64.22598460615752,0.20309376249500197,0.609281287485006,15.357756897241103,3.259171331467413,2.9980507796881244,4.052204118352659,4.04,,,,0.08,1.91,,,,,,,,9.98,200.7,-72.81833333333333,6.375277777777777
296,Van der Lelij (2013): Colombia (Santander Massif),10VDL31,Onzaga,Granodiorite,,1.18,113.93900000000001,702.5660000000001,22.607666666666663,6.084333333333333,14.109,1.5383333333333333,59.62133333333333,105.69933333333334,14.469333333333333,11.078000000000001,429.3086666666666,40.31166666666667,196.29166666666666,4.960999999999999,7.161333333333332,1.374666666666667,3014.3915010715928,0.7893333333333334,27.250333333333334,0.38466666666666666,2.7426666666666666,5.295333333333333,4.721,0.9616666666666666,2.6123333333333334,0.38433333333333336,,68.26236992481203,0.1676481203007519,0.5029443609022557,15.009437593984964,2.7415398496240604,3.106421052631579,3.7079819548872184,3.31,,,,0.07,1.48,,,,,,,,6.77,200.7,-72.81888888888888,6.4077777777777785
297,Van der Lelij (2013): Colombia (Santander Massif),10VDL32,Mogotes,Granodiorite,,1.7553333333333334,128.38400000000001,985.7103333333333,18.495333333333335,3.24,13.426333333333334,1.1183333333333334,47.437000000000005,81.08233333333334,14.978666666666667,8.266333333333334,409.7733333333333,29.685,211.24266666666665,5.091333333333334,4.563666666666667,1.102,2555.566936488226,0.4403333333333333,15.916666666666666,0.22899999999999998,1.7723333333333333,3.1523333333333334,2.879,0.5546666666666668,1.6153333333333333,0.2936666666666667,,69.61073248725891,0.15865694014190065,0.426390526631358,15.330226841211152,2.617839512341361,3.4607045068452083,3.9664235035475164,2.67,,,,0.07,0.92,,,,,,,,4.28,198.0,-72.82472222222222,6.422777777777778
298,Van der Lelij (2013): Colombia (Santander Massif),10VDL35,Rio Surata,Diorite,,1.0243333333333335,37.33266666666667,1042.3819999999998,5.816333333333334,1.8996666666666666,7.713333333333334,0.43533333333333335,41.01233333333334,71.35133333333334,6.688666666666666,7.986,971.925,30.538333333333338,1895.474,35.74966666666666,4.630333333333333,2.211,8567.824308552956,0.5383333333333332,20.993333333333332,0.409,3.1816666666666666,3.54,3.1013333333333333,0.7440000000000001,2.4836666666666667,0.605,,53.920394312222676,0.49935356998789837,1.4295219846712384,20.434331383622432,6.246815248083905,3.4954749899152886,1.2141145623235177,7.39,,,,0.09,2.37,,,,,,,,6.59,200.55,-73.08555555555554,7.172777777777778
299,Van der Lelij (2013): Colombia (Santander Massif),10VDL52,Paramo Rico,Tonalite,,3.294,128.55866666666668,800.1906666666667,11.878333333333336,2.869666666666667,10.979000000000001,0.8866666666666667,53.38433333333334,98.93833333333333,10.969666666666667,10.434666666666667,559.0559999999999,40.919666666666664,219.04,5.081,7.968666666666667,1.795,6489.742212839018,0.926,28.282999999999998,0.41966666666666663,2.879,6.2523333333333335,5.137333333333333,1.075,2.7230000000000003,0.43366666666666664,,59.02237369687249,0.3346832397754611,1.0827987169206095,17.531495589414593,4.951343223736969,2.6085605453087406,3.140116279069767,6.59,,,,0.12,2.82,,,,,,,,13.4,199.8,-72.89833333333334,7.2316666666666665
300,Van der Lelij (2013): Colombia (Santander Massif),10VDL54,Ocana,Granite,,0.8786666666666667,174.024,216.89166666666665,14.541666666666666,3.8223333333333334,21.128333333333334,2.185333333333334,20.933,40.809333333333335,23.54733333333333,4.728000000000001,25.53633333333333,18.484666666666666,60.203,2.875666666666667,4.322,0.43933333333333335,655.9844029914283,0.8246666666666668,32.769666666666666,0.5546666666666668,4.096333333333334,3.783666666666667,4.968000000000001,1.2146666666666668,3.4386666666666663,0.6216666666666667,,76.89325192673407,0.009949954959463518,0.10944950455409869,12.944891402262035,0.3382984686217596,3.5421839655690124,4.766028425583025,0.69,,,,0.04,0.08,,,,,,,,0.53,195.8,-73.29972222222221,8.1625
301,Van der Lelij (2013): Colombia (Santander Massif),10VDL59,Rio Negro,Tonalite,,1.1376666666666668,66.05900000000001,1986.2523333333336,12.136666666666665,1.3876666666666668,15.129666666666665,1.095,130.3046666666667,220.13566666666668,7.891333333333333,22.597333333333335,448.154,84.077,463.767,10.043666666666667,12.286333333333333,2.410666666666667,4104.827965236449,1.3293333333333333,43.61933333333334,0.7163333333333334,4.949,9.934666666666667,8.346333333333334,1.6753333333333333,4.475,0.698,,64.1406135338346,0.2282937343358396,0.6848812030075188,17.558765914786967,3.811512781954887,4.039806516290727,2.9777443609022556,4.18,,,,0.1,1.29,,,,,,,,6.07,196.0,-73.14611111111111,7.286944444444444
302,Van der Lelij (2013): Colombia (Santander Massif),10VDL61,Rio Surata,Granodiorite,,2.1973333333333334,49.148666666666664,641.0046666666667,10.877,1.513,14.266666666666666,0.625,48.092666666666666,86.97699999999999,11.925333333333333,9.619333333333332,397.68700000000007,39.78733333333333,338.5743333333333,7.908,7.928,2.5359999999999996,4837.063664900544,1.0993333333333333,39.11233333333334,0.5863333333333333,3.8736666666666664,6.294,6.739333333333334,1.4946666666666666,3.880333333333333,0.5860000000000001,,68.71761566903167,0.2952633156790247,0.8070530628560008,14.477744578794844,3.4545807934445887,2.9329489357449785,1.6141061257120015,4.44,,,,0.09,1.65,,-7.2,,,,,0.7167475635458245,10.44,200.55,-73.08805555555556,7.166388888888889
