,Sample,Reference,Rock type,P o V,Unit or Location,Group or Location,UTM East,UTM North,age,sio2,tio2,al2o3,fe2o3_tot,feo_tot,fe2o3,feo,FeO Frost,mno,mgo,cao,na2o,k2o,p2o5,LOI,Total,Total Anhidrous (%),sr_ppm,rb_ppm,ba_ppm,th_ppm,u_ppm,ta_ppm,nb_ppm,zr_ppm,hf_ppm,y_ppm,la_ppm,ce_ppm,pr_ppm,nd_ppm,sm_ppm,eu_ppm,gd_ppm,tb_ppm,dy_ppm,ho_ppm,er_ppm,tm_ppm,yb_ppm,lu_ppm,sc_ppm,zn_ppm,co_ppm,ni_ppm,cr_ppm,v_ppm,se_ppm,Br,cu_ppm,as_ppm,Be,Sb,Sn,W,Bi,Cd,Cs,ga_ppm,ge_ppm,in_ppm,mo_ppm,pb_ppm,ag_ppm,Tl,Longitude,Latitude
2,PC 855*,Marschik et al 2003,Diorite–gabbro,P,Laccolith,Batolito Copiapó,376145.0,6960666.0,101.0,51.11,0.78,14.63,,,8.48,,8.48,0.97,8.09,9.39,2.52,1.76,0.24,2.11,100.07,97.96,488.0,53,1082.0,3,3,,9.0,96.0,6.0,19.0,17.4,41.9,5.6,23.4,5.7,1.56,3.3,,2.7,0.51,1.1,0.13,0.7,0.09,45,305.0,35.0,111,443.0,175.0,,,11,11,,,,,,,,16.0,,,,26,,,-70.25356510000537,-27.47194182810583
3,PC 856,Marschik et al 2003,Diorite–gabbro,P,Laccolith,Batolito Copiapó,376131.0,6960555.0,101.0,49.28,0.85,14.04,,,8.35,,8.35,0.18,11.2,8.79,1.96,0.89,0.22,2.7,98.46,95.76,416.0,38,182.0,8,<2,,5.0,71.0,21.0,28.0,,,,,,,,,,,,,,,45,115.0,45.0,185,653.0,168.0,,,13,<3,,,,,,,,21.0,,,,27,,,-70.253718109996,-27.47294241803733
9,PC 1310*,Marschik et al 2003,Diorite,P,Granodiorita Los Lirios,Batolito Copiapó,365420.0,6947980.0,110.0,59.9,0.52,18.23,,,3.69,,3.69,0.14,3.18,8.43,4.24,1.05,0.17,1.08,100.63,99.55,692.0,21,583.0,1,<2,,2.0,79.0,6.0,26.0,15.5,34.5,4.3,21.4,5.2,1.24,4.3,,4.0,0.74,1.9,0.26,1.6,0.24,16,34.0,43.0,2,10.0,80.0,,,49,3,,,,,,,,16.0,,,,23,,,-70.36350356662699,-27.585417957452766
10,PC 97007*,Marschik et al 2003,Hornblende diorite,P,Granodiorita Los Lirios,Batolito Copiapó,365360.0,6948220.0,110.0,55.36,0.56,18.79,,,7.65,,7.65,0.12,2.93,7.08,4.51,1.16,0.22,0.98,99.36,98.38,711.0,33,426.0,3,<2,,0.5,90.0,7.0,21.0,14.4,31.4,4.3,17.8,4.6,1.33,3.1,,3.3,0.71,2.0,0.3,1.7,0.25,16,38.0,19.0,4,98.0,164.0,,,34,<3,,,,,,,,19.0,,,,17,,,-70.36408451424205,-27.583245922249176
11,PC 97008*,Marschik et al 2003,Hornblende diorite,P,Granodiorita Los Lirios,Batolito Copiapó,365372.0,6948218.0,110.0,56.95,0.52,18.09,,,7.17,,7.17,0.1,2.87,7.08,4.29,1.02,0.2,1.04,99.33,98.29,663.0,30,322.0,<2,<2,,0.5,52.0,8.0,21.0,13.8,30.5,4.1,17.0,4.4,1.21,3.3,,3.3,0.7,1.8,0.28,1.8,0.26,16,40.0,21.0,5,127.0,164.0,,,38,<3,,,,,,,,18.0,,,,20,,,-70.36396318941411,-27.583265166893558
12,PC 1371*,Marschik et al 2003,,P,Granodiorita Los Lirios,Batolito Copiapó,364550.0,6953700.0,110.0,65.38,0.39,16.68,,,4.34,,4.34,0.09,1.7,4.96,3.98,2.04,0.14,0.49,100.18,99.69,546.0,41,748.0,2,<2,,0.5,76.0,7.0,20.0,12.9,29.5,3.5,15.3,3.1,0.92,2.3,,2.3,0.49,1.4,0.21,1.3,0.2,8,27.0,72.0,<2,22.0,74.0,,,16,5,,,,,,,,17.0,,,,14,,,-70.37167408545723,-27.533706564165012
13,PC 97009*,Marschik et al 2003,Tonalite,P,Granodiorita Los Lirios,Batolito Copiapó,364520.0,6953320.0,110.0,62.96,0.41,17.04,,,5.03,,5.03,0.09,1.81,5.33,4.13,1.74,0.16,0.53,99.23,98.7,542.0,43,608.0,<2,<2,,0.5,94.0,7.0,18.0,12.4,26.5,",1.0",13.6,3.4,0.97,2.5,,2.5,0.52,1.5,0.24,1.4,0.22,10,30.0,11.0,5,194.0,90.0,,,16,<3,,,,,,,,18.0,,,,23,,,-70.37202041732854,-27.537133182890344
14,PC 1377,Marschik et al 2003,Tonalite,P,Granodiorita Los Lirios,Batolito Copiapó,366440.0,6947420.0,110.0,60.51,0.44,17.87,,,6.16,,6.16,0.11,2.19,5.5,3.87,2.08,0.22,1.12,100.06,98.94,687.0,45,756.0,2,<2,,1.0,107.0,6.0,22.0,,,,,,,,,,,,,,,14,55.0,45.0,<2,14.0,101.0,,,38,1,,,,,,,,18.0,,,,14,,,-70.35323379518735,-27.59057321253368
15,PC 1334*,Marschik et al 2003,Aplite,P,Dike,Batolito Copiapó,372420.0,6960820.0,110.0,76.41,0.22,12.79,,,1.21,,1.21,0.01,0.27,0.2,2.91,6.05,0.04,0.42,100.53,100.11,61.0,208,502.0,44,12,,14.0,141.0,5.0,36.0,24.6,52.6,5.9,22.3,4.9,0.52,3.9,,5.5,1.21,3.4,0.52,3.6,0.52,2,39.0,162.0,3,17.0,20.0,,,20,<3,,,,,,,,13.0,,,,32,,,-70.2912428286235,-27.47020737864289
16,PC 1509,Marschik et al 2003,Aplite,P,Dike,Batolito Copiapó,371190.0,6958100.0,110.0,71.85,0.31,13.19,,,2.3,,2.3,0.01,0.36,0.86,2.5,6.26,0.05,1.17,98.86,97.69,75.0,285,588.0,62,17,,13.0,260.0,6.0,23.0,,,,,,,,,,,,,,,<2,14.0,3.0,6,254.0,32.0,,,44,<3,,,,,,,,20.0,,,,25,,,-70.30397822860363,-27.49464109636192
18,PC 1302,Marschik et al 2003,Monzodiorite,P,Monzodiorita San Gregorio,Batolito Copiapó,372400.0,6958900.0,111.0,61.07,0.88,16.78,,,6.27,,6.27,0.13,1.86,3.82,4.22,4.61,0.38,0.58,100.6,100.02,360.0,146,828.0,10,4,,13.0,568.0,12.0,29.0,,,,,,,,,,,,,,,8,54.0,65.0,5,15.0,138.0,,,105,8,,,,,,,,16.0,,,,13,,,-70.29164733771606,-27.487534797073117
19,PC 1306*,Marschik et al 2003,Monzodiorite,P,Monzodiorita San Gregorio,Batolito Copiapó,371380.0,6958260.0,111.0,60.7,0.83,16.0,,,7.0,,7.0,0.13,2.44,4.86,3.6,3.21,0.37,1.16,100.3,99.14,312.0,138,443.0,18,8,,15.0,437.0,8.0,51.0,26.0,79.8,9.8,43.1,11.1,1.44,8.2,,8.3,1.64,4.5,0.64,4.0,0.55,14,39.0,97.0,6,12.0,168.0,,,40,10,,,,,,,,17.0,,,,68,,,-70.30203821894786,-27.493215005369567
20,PC 97002*,Marschik et al 2003,Monzodiorite,P,Monzodiorita San Gregorio,Batolito Copiapó,370375.0,6960850.0,111.0,61.0,0.78,16.04,,,6.33,,6.33,0.11,2.1,4.58,3.68,3.64,0.27,0.43,98.97,98.54,376.0,144,647.0,8,8,,9.0,313.0,6.0,31.0,26.4,61.2,7.2,32.6,7.1,1.33,5.4,,5.2,1.05,2.9,0.4,2.7,0.4,8,65.0,17.0,8,143.0,123.0,,,99,9,,,,,,,,21.0,,,,29,,,-70.31193278991101,-27.469743160153076
21,PC 97003*,Marschik et al 2003,Monzodiorite,P,Monzodiorita San Gregorio,Batolito Copiapó,371335.0,6958470.0,111.0,58.39,0.6,19.64,,,4.67,,4.67,0.08,1.21,5.92,4.35,3.21,0.34,0.36,98.76,98.4,546.0,120,737.0,6,5,,3.0,225.0,5.0,27.0,26.5,58.7,6.5,31.1,6.8,2.03,4.7,,4.7,0.97,2.6,0.36,2.1,0.31,8,51.0,12.0,5,125.0,80.0,,,144,3,,,,,,,,21.0,,,,21,,,-70.30247135687806,-27.4913153632001
22,PC 98011,Marschik et al 2003,Monzodiorite,P,Monzodiorita San Gregorio,Batolito Copiapó,372200.0,6962720.0,111.0,60.18,0.82,15.29,,,6.71,,6.71,0.15,2.79,4.48,3.64,3.72,0.27,1.15,99.19,98.04,322.0,129,660.0,8,4,,10.0,304.0,5.0,24.0,,,,,,,,,,,,,,,14,62.0,65.0,15,26.0,159.0,,,83,<3,,,,,,,,16.0,,,,12,,,-70.29326883898928,-27.453037902805516
27,PC 97001*,Marschik et al 2003,Pyroxene diorite,P,Plutón La Brea,Batolito Copiapó,372536.0,6960819.0,120.0,53.83,1.0,18.48,,,8.27,,8.27,0.15,2.84,7.68,3.96,2.37,0.55,0.03,99.16,99.13,689.0,68,721.0,<2,7,,2.0,99.0,1.0,29.0,24.8,59.7,7.3,34.2,7.5,1.82,5.3,,5.0,0.96,2.6,0.36,2.1,0.32,14,98.0,20.0,8,97.0,223.0,,,221,<3,,,,,,,,19.0,,,,24,,,-70.29006913416195,-27.470227285418982
28,PC 1443*,Marschik et al 2003,Pyroxene diorite,P,Plutón La Brea,Batolito Copiapó,370300.0,6958330.0,120.0,57.47,0.82,16.41,,,7.44,,7.44,0.17,3.43,6.43,3.82,3.05,0.24,0.46,99.74,99.28,487.0,134,501.0,19,4,,3.0,267.0,7.0,30.0,19.7,47.9,5.6,22.7,4.8,1.26,3.3,,3.8,0.74,1.8,0.26,1.6,0.24,14,180.0,56.0,14,46.0,200.0,,,125,<3,,,,,,,,18.0,,,,39,,,-70.31296139390919,-27.492480507232123
29,PC 1498*,Marschik et al 2003,Pyroxene diorite,P,Plutón La Brea,Batolito Copiapó,370000.0,6958250.0,120.0,57.42,0.75,17.9,,,5.86,,5.86,0.13,2.36,6.66,3.96,2.62,0.3,0.74,98.7,97.96,644.0,114,529.0,5,5,,5.0,155.0,5.0,13.0,22.7,54.2,6.9,27.7,6.3,1.45,4.2,,4.0,0.82,2.2,0.31,1.9,0.28,11,63.0,60.0,8,17.0,157.0,,,62,<3,,,,,,,,17.0,,,,13,,,-70.31600625038148,-27.493173871319975
30,PC 97010*,Marschik et al 2003,Pyroxene diorite,P,Plutón La Brea,Batolito Copiapó,367010.0,6962166.0,120.0,57.18,0.82,16.38,,,7.97,,7.97,0.13,3.13,6.21,3.45,2.77,0.28,0.61,98.93,98.32,430.0,118,443.0,14,6,,6.0,201.0,5.0,31.0,23.5,54.2,6.5,29.7,6.4,1.42,5.0,,5.0,1.03,2.9,0.4,2.6,0.38,17,72.0,23.0,8,149.0,195.0,,,104,<3,,,,,,,,19.0,,,,26,,,-70.34583810030934,-27.457540602579023
31,PC 97006*,Marschik et al 2003,Hornblende diorite,P,Plutón La Brea,Batolito Copiapó,366700.0,6953860.0,120.0,55.78,0.97,18.23,,,7.33,,7.33,0.08,2.38,6.68,4.61,2.28,0.46,0.4,99.2,98.8,570.0,52,655.0,12,<2,,6.0,107.0,5.0,35.0,29.9,67.0,7.5,36.0,8.1,1.97,6.0,,5.9,1.23,3.1,0.43,2.7,0.41,16,36.0,16.0,7,120.0,179.0,,,62,<3,,,,,,,,20.0,,,,15,,,-70.3498887809832,-27.532475585785924
32,PC 1307*,Marschik et al 2003,Hornblende diorite,P,Plutón La Brea,Batolito Copiapó,367600.0,6954900.0,120.0,56.37,1.06,17.0,,,8.08,,8.08,0.11,3.34,7.47,5.07,1.21,0.56,0.5,100.78,100.28,478.0,31,309.0,6,3,,7.0,91.0,6.0,35.0,25.7,58.6,7.9,33.2,8.3,1.73,6.1,,5.2,1.03,2.8,0.36,2.3,0.35,22,41.0,71.0,9,17.0,225.0,,,139,7,,,,,,,,18.0,,,,9,,,-70.34066289402067,-27.52317731726071
33,PC 97004*,Marschik et al 2003,Quartz monzonite,P,Plutón La Brea,Batolito Copiapó,369640.0,6956590.0,120.0,65.04,0.64,15.24,,,4.72,,4.72,0.08,1.15,2.75,3.69,4.92,0.23,0.51,98.97,98.46,282.0,265,648.0,20,11,,10.0,456.0,9.0,23.0,28.5,62.4,7.5,31.0,6.1,1.21,4.2,,4.3,0.84,2.3,0.34,2.0,0.3,4,50.0,13.0,8,159.0,83.0,,,81,10,,,,,,,,20.0,,,,29,,,-70.31982852979614,-27.50812176965756
34,PC 1441*,Marschik et al 2003,Quartz monzonite,P,Plutón La Brea,Batolito Copiapó,370050.0,6958250.0,120.0,64.65,0.67,15.5,,,4.64,,4.64,0.11,1.1,2.85,3.67,5.3,0.26,0.74,99.49,98.75,303.0,239,859.0,39,11,,10.0,476.0,9.0,36.0,26.6,62.5,7.4,30.4,6.2,1.23,4.0,,4.2,0.9,2.3,0.32,2.0,0.3,6,78.0,101.0,4,8.0,86.0,,,38,<3,,,,,,,,15.0,,,,40,,,-70.31550020241917,-27.493178656297978
35,PC 98002,Marschik et al 2003,Granodiorite,P,Plutón La Brea,Batolito Copiapó,372200.0,6962800.0,120.0,66.51,0.39,15.4,,,4.18,,4.18,0.06,1.61,3.21,4.51,2.12,0.11,1.15,99.24,98.09,260.0,49,491.0,9,3,,3.0,115.0,8.0,18.0,,,,,,,,,,,,,,,9,29.0,5.0,4,224.0,55.0,,,23,10,,,,,,,,19.0,,,,20,,,-70.29326041511098,-27.452315846601714
36,PC98012,Marschik et al 2003,Granodiorite,P,Plutón La Brea,Batolito Copiapó,371400.0,6962000.0,120.0,67.99,0.44,14.86,,,3.56,,3.56,0.06,0.99,2.83,3.52,3.94,0.12,0.41,98.7,98.29,265.0,188,716.0,19,10,,6.0,257.0,6.0,18.0,,,,,,,,,,,,,,,5,37.0,8.0,7,214.0,56.0,,,32,5,,,,,,,,19.0,,,,29,,,-70.30143903329393,-27.45946099863747
55,115_diq,Lucassen et al 2006,,P,DS Coastal Batholith,,398629.0,7182956.0,140.0,56.74,1.66,15.16,9.09,8.179182,,,8.179182,0.16,2.81,5.51,3.5,2.67,0.48,1.32,99.16,97.84,227.0,114,384.0,13.5,3.21,,12.0,359.0,10.21400089,50.19541498,34.40649094,79.91481653,10.43106162,44.56751616,10.26634402,1.959076641,10.34760623,1.542856658,9.507323014,1.922393182,5.520886462,0.79064079,5.118940597,0.7736277,36,190.0,,22,46.0,415.0,,,,,,,,,,,1.118152006,,,,,5.44,,,-70.00838333675712,-25.467007032432573
56,181_diq,Lucassen et al 2006,,P,DS Coastal Batholith,,398629.0,7182956.0,140.0,51.85,3.21,13.11,13.67,12.300266,,,12.300266,0.24,4.03,7.66,2.68,1.93,0.66,1.29,100.44,99.15,196.0,61.2,250.0,5,1.35,,13.0,368.0,9.428812251,62.6578692,26.97044532,68.03673077,9.771022854,44.67403046,11.43541329,2.878753382,12.36682683,1.921820018,12.07167878,2.498624257,6.987989348,0.999010545,6.48575509,0.982769355,29,139.0,,12,30.0,161.0,,,,,,,,,,,1.679980929,,,,,9.18,,,-70.00838333675712,-25.467007032432573
57,203_diq,Lucassen et al 2006,,P,DS Coastal Batholith,,398629.0,7182956.0,140.0,58.93,1.58,14.14,9.5,8.5481,,,8.5481,0.17,2.6,4.53,3.49,3.32,0.45,1.18,99.92,98.74,214.0,143,472.0,13.8,3.21,,12.0,361.0,9.980359659,50.33098352,34.28691726,80.27471871,10.4779281,44.66020119,10.17883033,2.060043227,10.27083486,1.574113008,9.500591366,1.918084481,5.542141821,0.80592306,5.114189485,0.772155253,33,101.0,,18,52.0,215.0,,,,,,,,,,,1.597447682,,,,,5.96,,,-70.00838333675712,-25.467007032432573
58,231_diq,Lucassen et al 2006,,P,DS Coastal Batholith,,398629.0,7182956.0,140.0,56.18,1.48,15.33,9.2,8.27816,,,8.27816,0.17,3.35,6.53,3.16,1.81,0.36,1.3,98.86,97.56,240.0,77.8,298.0,10.2,2.52,,10.0,285.0,7.530580499,41.7526007,25.68569702,60.61392753,8.106662876,35.09642344,8.103929213,1.753731859,8.260760798,1.271547992,7.824097919,1.593170213,4.487437923,0.643823741,4.25692146,0.630768021,24,68.0,,30,50.0,247.0,,,,,,,,,,,1.610796678,,,,,6.07,,,-70.00838333675712,-25.467007032432573
59,233_diq,Lucassen et al 2006,,P,DS Coastal Batholith,,398629.0,7182956.0,140.0,52.41,1.7,18.57,8.8,7.91824,,,7.91824,0.17,2.7,8.47,3.56,1.59,0.42,1.1,99.59,98.49,312.0,36.5,349.0,6.13,1.67,,8.0,257.0,7.020815473,46.27254887,24.56983471,58.68094519,8.001218404,35.8373442,8.860768042,1.989401163,9.067017595,1.408872123,8.70665034,1.757477233,5.099148439,0.746488657,4.63343308,0.688608355,22,119.0,,25,59.0,230.0,,,,,,,,,,,1.198902761,,,,,6.38,,,-70.00838333675712,-25.467007032432573
60,234_diq,Lucassen et al 2006,,P,DS Coastal Batholith,,398629.0,7182956.0,140.0,56.58,1.54,14.94,9.37,8.431126,,,8.431126,0.16,3.34,6.26,3.53,2.12,0.41,1.31,99.6,98.29,230.0,84.1,372.0,11.9,2.89,,10.0,329.0,8.680679302,43.43965364,29.49836446,68.83921234,9.088904305,38.09572638,8.943822254,1.750361322,8.811279265,1.367643069,8.208912962,1.682987985,4.814543308,0.670868481,4.42546428,0.668320861,,212.0,12.0,49,11.0,65.0,,,13,,,19.0,,72.0,15.0,,1.37,,,,,,,,-70.00838333675712,-25.467007032432573
61,CB120_diq,Lucassen et al 2006,,P,DS Coastal Batholith,,398281.0,7345377.0,140.0,67.74,0.37,17.4,2.9,2.60942,,,2.60942,0.03,1.38,3.96,4.26,0.8,0.119,1.38,100.339,98.959,318.0,14,239.0,1.3,0.39,,2.0,99.0,2.829928946,11.0,7.382872898,15.89698638,2.015091196,7.692913232,1.534746176,0.55925545,1.463389698,0.198817906,1.120588663,0.209928264,0.575783195,0.080326962,0.579138968,0.091605643,26,72.0,,159,289.0,205.0,,,,,,,,,,,0.091520737,,,,,3.56,,,-70.00004617829835,-24.00031946673891
62,CB55_diq,Lucassen et al 2006,,P,DS Coastal Batholith,,398281.0,7345377.0,140.0,52.55,0.81,18.27,8.82,7.936236,,,7.936236,0.15,6.21,8.73,2.66,1.13,0.163,1.59,101.083,99.493,401.0,6,223.0,1.1,0.49,,2.0,56.0,1.854556018,22.0,7.921132754,18.2157889,2.624575506,11.16474742,2.627173209,0.896689819,2.667280289,0.398341156,2.42064194,0.497526662,1.373819871,0.204467173,1.268070086,0.189085135,10,33.0,,9,16.0,58.0,,,,,,,,,,,0.750082749,,,,,3.95,,,-70.00004617829835,-24.00031946673891
63,U_24,Lucassen et al 2006,,P,DS Coastal Batholith,,355708.0,7363470.0,140.0,61.25,0.53,17.29,5.74,5.164852,,,5.164852,0.11,2.93,6.58,3.93,1.19,0.14,0.718,99.69,98.972,410.6904352,22.27898602,342.0,1.459152274,0.414342404,,3.0,112.0,,14.0,7.910048798,19.77052046,2.597509989,11.28119476,2.532484288,0.838027683,2.321307472,0.360152532,2.219802828,0.462932572,1.342081836,0.194772117,1.339651717,0.204016431,,59.0,,13,29.0,107.0,,,,,,,,,,,1.191928716,,,,,5.144676482,,,-70.4167326933857,-23.833646099364866
64,U_8,Lucassen et al 2006,,P,DS Coastal Batholith,,355708.0,7363470.0,140.0,58.28,0.64,18.08,7.57,6.811486,,,6.811486,0.13,3.15,6.86,3.83,1.26,0.16,0.947,99.96,99.013,427.7682343,26.88573628,335.0,1.886457707,0.646837185,,3.0,114.0,,18.0,9.051069633,21.47278083,3.047502868,14.08820242,3.4066855,1.090298264,3.386001038,0.508604414,3.179864234,0.654926187,1.869429835,0.272462541,1.801038162,0.268231551,,66.0,,10,30.0,135.0,,,,,,,,,,,1.020921309,,,,,4.869709926,,,-70.4167326933857,-23.833646099364866
65,U_83,Lucassen et al 2006,,P,DS Coastal Batholith,,355708.0,7363470.0,140.0,62.0,0.5,16.96,5.7,5.12886,,,5.12886,0.12,2.51,5.5,3.89,1.4,0.14,0.837,98.72,97.883,368.2524954,27.72914029,293.0,2.435319588,0.576940277,,4.0,92.0,,16.0,9.414828688,21.52490184,2.71951694,11.53883038,2.511504436,0.825275231,2.421270512,0.372307186,2.302303831,0.476925499,1.449801052,0.212783768,1.475027935,0.239396162,,74.0,,9,4.0,149.0,,,,,,,,,,,1.309209925,,,,,6.346032867,,,-70.4167326933857,-23.833646099364866
66,U_85,Lucassen et al 2006,,P,DS Coastal Batholith,,355708.0,7363470.0,140.0,59.37,0.69,17.0,7.02,6.316596,,,6.316596,0.14,2.9,6.16,3.56,1.69,0.18,0.755,98.71,97.955,364.3635904,33.89008634,347.0,3.440477037,0.843261811,,2.0,102.0,,21.0,12.2159302,27.33030233,3.591410405,15.58364965,3.504416666,1.026410877,3.406030894,0.533629776,3.309562361,0.682864284,2.012828481,0.296177092,1.966304309,0.294886052,30,78.0,,45,45.0,230.0,,,,,,,,,,,1.744702514,,,,,5.49,,,-70.4167326933857,-23.833646099364866
67,PC 1049,Marschik et al 2003,Andesite,P,Dike,Batolito Copiapó,370155.0,6948420.0,140.0,58.77,0.4,18.05,,,6.04,,6.04,0.04,2.13,1.7,6.94,3.68,0.21,2.39,100.35,97.96,125.0,58,494.0,<1,<2,,2.5,118.0,4.0,15.0,,,,,,,,,,,,,,,0,18.0,14.0,<2,11.0,92.0,,,<4,0,,,,,,,,20.0,,,,<2,,,-70.31549376070652,-27.581909504382274
68,PC909,Marschik et al 2003,Dacite,P,Dike,Batolito Copiapó,371640.0,6951380.0,140.0,68.63,0.29,14.93,,,3.31,,3.31,0.02,1.19,0.41,4.63,4.76,0.11,1.04,99.32,98.28,66.0,76,769.0,3,2,,4.0,123.0,6.0,15.0,,,,,,,,,,,,,,,3,20.0,64.0,56,6.0,41.0,,,6,5,,,,,,,,16.0,,,,3,,,-70.30013707405001,-27.55533563736524
69,PC 914,Marschik et al 2003,Dacite,P,Dike,Batolito Copiapó,371555.0,6951380.0,140.0,64.75,0.44,15.36,,,4.41,,4.41,0.11,1.67,2.15,3.69,4.7,0.11,2.38,99.77,97.39,311.0,78,1925.0,<2,<2,,4.0,107.0,3.0,20.0,,,,,,,,,,,,,,,8,54.0,64.0,56,8.0,92.0,,,6,<3,,,,,,,,16.0,,,,6,,,-70.30099784471126,-27.555327580086562
70,PR-11-153,Rossel et al 2013,Diorite (micro),P,Agua Salada Volcanic Complex,0,275629.0,6729590.0,143.3,54.68,0.95,14.76,6.1,5.94,1.58,4.52,5.94,0.07,4.34,9.08,3.05,0.88,0.36,5.63,99.9,94.27,184.42,9.29,130.44,3.6,0.87,0.05,2.25,62.25,1.57,17.87,9.7,21.37,2.41,12.74,2.92,0.67,2.75,0.42,2.33,0.47,1.32,0.18,1.19,0.17,15.76,11.14,8.91,11.68,26.04,99.43,0.0,0.0,9.12,0,0.0,0.08,0.52,0.06,0.0,0.01,0.28,6.61,0.45,0.0,1.07,1.35,0.04,0.0,-71.31549136062478,-29.54323395327528
71,PR-11-154,Rossel et al 2013,Diorite (micro),P,Agua Salada Volcanic Complex,0,278965.0,6724231.0,143.3,50.07,0.64,16.49,6.63,6.46,1.72,4.91,6.46,0.09,7.74,10.37,3.2,0.88,0.2,3.63,99.94,96.31,150.04,8.37,47.85,0.34,0.21,0.02,0.89,6.78,0.19,12.23,1.48,6.43,1,5.51,1.75,0.41,1.71,0.29,1.75,0.35,1.01,0.14,0.91,0.13,15.67,141.58,8.11,18.68,44.16,71.39,0.0,0.0,2,0,0.0,0.01,0.17,0.13,0.0,0.0,0.14,5.16,0.39,0.0,0.47,0.41,0.01,0.0,-71.28217384082005,-29.592156864415827
72,2382-R,Gana 1991,Diorite,P,Talinay Plutonic Complex,0,241866.0,6618541.0,144.0,47.85,1.22,17.02,8.93,8.38,5.52,3.41,8.38,0.18,8.57,11.47,2.55,0.37,0.11,1.46,99.73,98.27,148.0,16,41.0,0,0,0,0.0,-0.25,0.0,0.0,-0.03,0.0,0,0.0,-0.05,-0.03,0.0,0,0.0,0.0,0.0,0.0,0.0,0.0,0,0.0,0.0,132,302.0,199.0,0.0,0.0,47,0,0.0,0.0,0.0,0.0,0.0,0.0,0.0,0.0,0.0,0.0,0.0,0,0.0,0.0,-71.69056057940702,-30.537778476690907
73,VO184,Oliveros et al 2007,Granite,P,Oficina Viz Formation,0,392313.0,7736506.0,144.0,55.26,0.79,16.53,7.65,7.4,2.47,5.18,7.4,0.16,3.54,6.34,3.65,2.62,0.27,1.54,98.34,96.8,418.6,172.7,286.2,16,4.19,0.43,4.73,133.2,4.25,24.02,20.51,48.19,6.49,27.46,5.91,1.2,4.95,0.72,4.28,0.84,2.44,0.38,2.51,0.4,0,64.64,19.39,7.54,8.12,179.8,0.0,0.0,227.7,6.74,1.78,1.1,3.93,1.03,0.32,-0.1,6.69,18.74,1.47,0.07,1.82,10.14,0.0,0.0,-70.0324972596658,-20.466943954601998
74,VO185,Oliveros et al 2007,Granodiorite,P,Oficina Viz Formation,0,392139.0,7736474.0,144.4,63.06,0.6,15.38,5.02,4.81,2.14,2.88,4.81,0.1,1.78,3.77,3.42,4.58,0.17,0.7,98.58,97.88,271.6,266,359.4,40.38,11.31,0.87,8.9,372.1,10.52,29.19,33.2,74.23,9.26,35.96,7.21,0.98,5.66,0.85,5.07,1.0,2.97,0.46,3.17,0.5,0,50.69,11.0,-2.5,-5.0,95.59,0.0,0.0,135.6,7.56,2.06,1.39,3.17,1.76,0.17,-0.1,12.82,17.79,1.44,0.05,3.52,13.94,0.0,0.0,-70.03416729476547,-20.467223151117263
75,2380-R,Gana 1991,Granite,P,Tranquilla - Millahue Plutonic Complex,0,241040.0,6617443.0,147.0,70.67,0.67,13.64,3.96,3.72,2.41,1.55,3.72,0.06,0.96,2.22,3.29,3.54,0.13,0.6,99.74,99.14,117.0,179,342.0,0,0,0,0.0,-0.25,0.0,0.0,-0.03,0.0,0,0.0,-0.05,-0.03,0.0,0,0.0,0.0,0.0,0.0,0.0,0.0,0,0.0,0.0,5,16.0,62.0,0.0,0.0,9,0,0.0,0.0,0.0,0.0,0.0,0.0,0.0,0.0,0.0,0.0,0.0,0,0.0,0.0,-71.69943600705182,-30.5474975769776
76,CB_10_dique_Kr,Lucassen and Franz 1994,,P,DS Coastal Batholith,,262620.0,7343772.0,150.0,54.9,1.15,17.75,8.9,8.00822,2.67,2.402505084,8.00822,0.14,3.52,6.04,3.41,0.92,0.223,1.51,98.463,96.953,289.4647529,10.41977944,223.0497267,2.342527089,0.805294379,,4.0,161.4762877,4.58788774,17.99929796,12.8705188,31.11219474,4.379879509,18.69190072,4.56436036,1.172415164,4.691579813,0.69909067,4.264264749,0.859527899,2.479576286,0.354852068,2.269089614,0.324818749,33,61.0,60.0,16,45.0,282.0,,,171,,,,,,,,,16.0,,,,4.803421089,,,-71.33343676463677,-24.0003127376044
77,CB_120_dique_Kr,Lucassen and Franz 1994,,P,DS Coastal Batholith,,262620.0,7343772.0,150.0,67.74,0.37,17.4,2.9,2.60942,0.87,0.782838735,2.60942,0.03,1.38,3.96,4.26,0.8,0.119,1.38,100.339,98.959,318.238408,13.77241672,153.366598,1.300223074,0.394195434,,2.0,110.6276722,2.829928946,5.82870053,7.382872898,15.89698638,2.015091196,7.692913232,1.534746176,0.55925545,1.463389698,0.198817906,1.120588663,0.209928264,0.575783195,0.080326962,0.579138968,0.091605643,26,72.0,43.0,159,289.0,205.0,,,75,,,,,,,,,17.0,,,,3.56167367,,,-71.33343676463677,-24.0003127376044
78,CB_55_dique_Kr,Lucassen and Franz 1994,,P,DS Coastal Batholith,,262620.0,7343772.0,150.0,52.55,0.81,18.27,8.82,7.936236,2.646,2.380909533,7.936236,0.15,6.21,8.73,2.66,1.13,0.163,1.59,101.083,99.493,401.3488705,5.747000845,170.214323,1.101792128,0.487997828,,2.0,62.27616858,1.854556018,9.719605925,7.921132754,18.2157889,2.624575506,11.16474742,2.627173209,0.896689819,2.667280289,0.398341156,2.42064194,0.497526662,1.373819871,0.204467173,1.268070086,0.189085135,10,33.0,27.0,9,16.0,58.0,,,71,,,,,,,,,19.0,,,,3.947806292,,,-71.33343676463677,-24.0003127376044
79,KU_188_dique_Kr,Lucassen and Franz 1994,,P,DS Coastal Batholith,,262620.0,7343772.0,150.0,52.89,0.8,17.52,8.15,7.33337,2.445,2.20004679,7.33337,0.13,8.0,7.64,2.83,0.6,0.119,1.87,100.549,98.679,231.1459503,3.176667969,146.6230195,0.448474138,0.185794026,,2.0,73.48040385,2.077068875,11.79616126,5.544255037,13.65927826,1.960017984,8.88350588,2.26526804,0.825602839,2.532402881,0.375214497,2.345108372,0.462350432,1.337448744,0.194535047,1.287707304,0.191992633,,,23.0,9,26.0,308.0,,,,,,,,,,,,,,,,,,,-71.33343676463677,-24.0003127376044
80,CB3b_gabros,Lucassen et al 2002,,P,DS Coastal Batholith,,398281.0,7345377.0,150.0,42.91,0.67,23.29,10.11,9.096978,,,9.096978,0.1,6.62,13.96,0.92,0.14,0.018,1.63,100.368,98.738,387.0,1,38.0,0.27,0.06,,2.0,26.13898577,0.714099822,10.0,1.245054915,2.753755926,0.384904833,1.663321125,0.439964321,0.21122528,0.454541423,0.073459416,0.453310452,0.094983925,0.253712849,0.033176584,0.195291052,0.028053487,93,31.0,,60,382.0,235.0,,,,,,,,,,,0.038563173,,,,,0.57,,,-70.00004617829835,-24.00031946673891
81,81078,Rogers and Hawkesworth 1989,Monzodiorite,P,Jurassic pluton,Tocopilla,377502.0,7556560.0,154.7,60.0,0.88,15.99,7.2,7.01,1.87,5.33,7.01,0.16,3.16,3.81,4.89,2.84,0.16,1.65,100.74,99.09,219.0,99,393.0,10.51,0,0.43,7.0,196.0,5.4,27.0,20.4,44.6,0,24.1,5.6,1.24,0.0,0.83,0.0,0.0,0.0,0.43,2.62,2.62,0,0.0,0.0,9,30.0,161.0,0.0,0.0,0,0,0.0,0.0,0.0,0.0,0.0,0.0,0.0,0.0,0.0,0.0,0.0,0,0.0,0.0,-70.1874589300156,-22.091570192729307
82,81094,Rogers and Hawkesworth 1989,Quartz monzodiorite,P,Jurassic pluton,Cerro Colupito,397698.0,7543115.0,155.0,58.63,0.76,16.45,7.7,7.5,2.0,5.7,7.5,0.17,3.08,6.18,3.56,2.69,0.17,0.99,100.38,99.39,336.0,80,440.0,8.42,0,0.35,6.0,155.0,4.78,30.0,14.8,34.3,0,19.4,4.7,1.07,0.0,0.72,0.0,0.0,0.0,0.42,2.68,2.68,0,0.0,0.0,4,21.0,173.0,0.0,0.0,0,0,0.0,0.0,0.0,0.0,0.0,0.0,0.0,0.0,0.0,0.0,0.0,0,0.0,0.0,-69.99256098340005,-22.214324290852183
83,03_60,Vasquez et al 2011,Monzonite,P,Jurassic Pluton,Montecillos,230349.0,6085951.0,155.0,60.6,0.73,16.3,7.1,6.9,2.03,5.07,6.9,0.12,2.67,5.45,3.22,3.09,0.17,0.76,100.4,99.64,328.0,141,571.0,13,2.4,0.3,5.0,191.0,6.0,26.0,21.0,50.0,6.7,27.0,5.9,1.1,5.3,0.9,5.0,1.0,3.1,0.45,3.1,0.48,20,51.0,102.0,12,-15.0,170.0,0.0,0.0,0,0,0.0,0.0,1.8,0.0,0.0,0.0,6.0,21.0,0.0,0.0,0.0,13,0.0,0.0,-71.96666616424423,-35.33333380844593
84,05_25,Vasquez et al 2011,Monzodiorite,P,Jurassic Pluton,Montecillos,230349.0,6085951.0,155.0,59.9,0.69,17.0,6.91,6.73,1.79,5.12,6.73,0.14,2.84,6.41,3.17,2.7,0.14,0.42,100.5,100.08,315.0,108,498.0,12.9,3,0.3,8.0,185.0,6.0,23.0,18.0,42.0,5.3,22.0,4.9,1.0,4.5,0.8,4.2,0.9,2.7,0.4,2.7,0.4,22,90.0,43.0,-2.5,-15.0,171.0,0.0,0.0,0,0,0.0,0.0,2.0,0.0,0.0,0.0,8.0,15.0,0.0,0.0,0.0,31,0.0,0.0,-71.96666616424423,-35.33333380844593
85,86-3-13,Pichowiak 1994,Granodiorite,P,Caleta El Cobre Batholith,0,346998.0,7318652.0,155.4,60.74,0.77,16.65,6.95,6.69,2.56,4.39,6.69,0.12,2.58,5.19,3.79,2.78,0.18,0.01,99.76,99.75,167.0,113,554.0,0,0,0,27.0,209.0,0.0,27.0,22.3,48.9,0,23.7,5.7,1.5,4.2,0,3.6,0.0,1.96,0.0,2.4,0.3,0,110.0,0.0,29,230.0,171.0,0.0,0.0,52,0,0.0,0.0,0.0,0.0,0.0,0.0,0.0,0.0,0.0,0.0,0.0,0,0.0,0.0,-70.50694338407408,-24.23750341649453
86,86-3-14,Pichowiak 1994,Granodiorite,P,Caleta El Cobre Batholith,0,346998.0,7318652.0,155.4,65.91,0.97,13.35,6.47,6.2,2.66,3.81,6.2,0.05,1.61,3.83,3.27,3.21,0.22,0.9,99.79,98.89,168.0,107,357.0,0,0,0,0.0,150.0,0.0,50.0,20.28,49.76,0,26.15,7.65,1.45,6.64,0,6.94,0.0,3.9,0.0,4.28,0.64,18.3,50.0,155.0,0,120.0,135.0,0.0,0.0,0,0,0.0,0.0,0.0,0.0,0.0,0.0,0.0,11.0,0.0,0.0,0.0,0,0.0,0.0,-70.50694338407408,-24.23750341649453
87,86-3-2,Pichowiak 1994,Granodiorite,P,Caleta El Cobre Batholith,0,346998.0,7318652.0,155.4,64.36,1.13,13.41,7.45,7.17,2.82,4.63,7.17,0.1,1.87,4.32,3.48,2.69,0.25,0.17,99.23,99.06,171.0,79,83.0,0,0,0,10.0,188.0,0.0,55.46,21.5,53.6,0,28.5,8.4,1.6,7.26,0,7.6,0.0,4.2,0.0,4.7,0.7,0,70.0,0.0,25,170.0,156.0,0.0,0.0,0,0,0.0,0.0,0.0,0.0,0.0,0.0,0.0,0.0,0.0,0.0,0.0,0,0.0,0.0,-70.50694338407408,-24.23750341649453
88,86-3-4,Pichowiak 1994,Leucogranite,P,Caleta El Cobre Batholith,0,346998.0,7318652.0,155.4,72.12,0.34,13.1,2.71,2.53,1.84,0.87,2.53,0.01,0.61,1.87,2.43,5.27,0.11,0.77,99.34,98.57,132.0,223,305.0,37,0,0,8.0,211.0,0.0,31.34,15.65,34.5,0,16.81,3.99,0.67,4.18,0,4.25,0.0,2.68,0.0,2.76,0.49,5.5,14.0,262.0,17,13.0,47.0,0.0,0.0,45,0,0.0,0.0,0.0,0.0,0.0,0.0,0.0,16.0,0.0,0.0,0.0,0,0.0,0.0,-70.50694338407408,-24.23750341649453
89,86-3-7,Pichowiak 1994,Quartz monzodiorite,P,Caleta El Cobre Batholith,0,346998.0,7318652.0,155.4,58.25,0.87,15.27,8.44,8.18,2.56,5.88,8.18,0.13,3.39,6.53,3.23,1.92,0.14,0.76,98.93,98.17,253.0,69,303.0,0,0,0,7.0,169.0,0.0,30.0,10.7,27.1,0,14.1,4.2,0.97,3.7,0,4.1,0.0,2.4,0.0,2.8,0.4,0,61.0,0.0,10,190.0,217.0,0.0,0.0,0,0,0.0,0.0,0.0,0.0,0.0,0.0,0.0,0.0,0.0,0.0,0.0,0,0.0,0.0,-70.50694338407408,-24.23750341649453
90,86-3-8,Pichowiak 1994,Monzodiorite,P,Caleta El Cobre Batholith,0,346998.0,7318652.0,155.4,55.31,0.51,17.1,7.54,7.28,2.58,4.96,7.28,0.13,4.89,8.29,2.9,1.17,0.01,1.5,99.35,97.85,289.0,11,65.0,0,0,0,2.5,65.0,0.0,14.7,5.1,13.3,0,6.0,1.9,0.6,1.7,0,2.0,0.0,1.2,0.0,1.48,0.2,0,45.0,0.0,105,220.0,90.0,0.0,0.0,0,0,0.0,0.0,0.0,0.0,0.0,0.0,0.0,0.0,0.0,0.0,0.0,0,0.0,0.0,-70.50694338407408,-24.23750341649453
91,86-3-9,Pichowiak 1994,Monzodiorite,P,Caleta El Cobre Batholith,0,346998.0,7318652.0,155.4,68.25,0.32,15.03,4.43,4.23,1.98,2.45,4.23,0.06,1.33,3.66,4.1,2.18,0.12,1.1,100.58,99.48,204.0,49,300.0,5,0,0,6.0,98.0,0.0,17.74,6.79,16.33,0,7.52,2.07,0.64,2.23,0,2.41,0.0,1.54,0.0,1.71,0.31,11.19,26.0,90.0,32,171.0,71.0,0.0,0.0,123,0,0.0,0.0,0.0,0.0,0.0,0.0,0.0,19.0,0.0,0.0,0.0,0,0.0,0.0,-70.50694338407408,-24.23750341649453
92,VO3,Oliveros et al 2007,Granodiorite,P,La Negra Formation,0,382886.0,7556560.0,155.6,52.7,0.84,17.78,9.14,8.99,1.5,7.64,8.99,0.13,4.67,8.46,3.27,1.2,0.17,0.65,99.01,98.36,348.9,35.36,211.3,2.77,0.9,0.16,1.73,78.18,2.16,16.85,8.32,18.46,2.53,11.13,2.88,1.0,2.8,0.45,2.84,0.58,1.68,0.26,1.77,0.28,0,43.91,26.41,23.66,139.2,281.8,0.0,0.0,19.55,2.43,0.55,-0.25,0.61,4.2,-0.05,-0.1,1.47,17.48,1.37,-0.1,5.86,3.73,0.0,0.0,-70.13527605644472,-22.091940974351076
93,81105,Rogers and Hawkesworth 1989,Tonalite,P,Jurassic pluton,Sierra de la Cruz,417190.0,7544566.0,156.1,62.67,0.72,16.81,5.54,5.38,1.58,3.96,5.38,0.08,2.73,5.44,4.08,1.72,0.14,0.61,100.64,100.03,378.0,43,264.0,5.4,0,0.39,9.0,134.0,4.04,27.0,15.5,34.0,0,16.9,3.8,1.02,0.0,0.61,0.0,0.0,0.0,0.32,2.0,2.0,0,0.0,0.0,18,37.0,100.0,0.0,0.0,0,0,0.0,0.0,0.0,0.0,0.0,0.0,0.0,0.0,0.0,0.0,0.0,0,0.0,0.0,-69.80338574934261,-22.202260229311698
94,RS18,Oliveros et al 2007,Diorite,P,La Negra Formation,0,380066.0,7491555.0,157.0,52.52,0.54,20.48,6.65,6.54,1.09,5.56,6.54,0.15,4.61,7.98,3.92,0.77,-0.01,1.57,99.19,97.62,427.0,12.72,209.6,0.64,0.17,0.08,0.92,44.74,1.22,11.7,5.57,12.3,1.71,7.78,1.98,0.89,2.06,0.33,2.04,0.4,1.16,0.18,1.23,0.2,0,99.08,28.02,47.69,36.21,150.8,0.0,0.0,69.01,-2.5,0.51,-0.25,0.53,-0.5,-0.05,-0.1,0.89,18.44,1.23,-0.1,1.0,3.47,0.0,0.0,-70.16749809609854,-22.678891121695045
95,VO183,Oliveros et al 2007,Diorite,P,La Negra Formation,0,370548.0,7516820.0,157.3,51.08,0.95,18.57,8.29,8.15,1.36,6.93,8.15,0.14,4.61,10.34,3.38,0.62,0.08,0.42,98.48,98.06,345.0,14.18,161.9,1.07,0.28,0.11,1.24,27.83,1.0,14.08,5.08,11.4,1.64,7.72,2.16,1.07,2.35,0.38,2.47,0.51,1.46,0.22,1.53,0.25,0,66.77,26.69,32.25,73.52,330.2,0.0,0.0,25,1.38,0.61,-0.25,0.61,0.23,-0.05,-0.1,0.53,19.04,1.26,-0.1,0.84,3.06,0.0,0.0,-70.25806242662212,-22.45000172076382
96,8059,Rogers and Hawkesworth 1989,Quartz gabbro,P,Jurassic pluton,Gatico,374350.0,7534373.0,158.3,53.1,0.66,17.51,9.56,9.4,1.59,7.97,9.4,0.15,5.57,10.07,3.32,0.69,0.1,0.27,100.0,99.73,343.0,16,175.0,1.73,0,0.08,5.0,67.0,1.75,20.0,5.7,13.7,0,0.0,2.5,0.97,0.0,0.47,0.0,0.0,0.0,0.27,1.87,1.87,0,0.0,0.0,20,126.0,200.0,0.0,0.0,0,0,0.0,0.0,0.0,0.0,0.0,0.0,0.0,0.0,0.0,0.0,0.0,0,0.0,0.0,-70.21973757414905,-22.29174507564198
97,VO181,Oliveros et al 2007,Diorite,P,La Negra Formation,0,372975.0,7486330.0,159.6,49.95,1.43,18.28,10.27,10.1,1.68,8.59,10.1,0.19,4.28,10.58,3.15,0.45,0.19,0.79,99.54,98.75,323.2,6.48,177.7,1.47,0.35,0.15,1.7,55.69,1.72,19.27,8.75,20.44,2.91,13.35,3.55,1.29,3.63,0.56,3.45,0.69,1.93,0.29,1.9,0.3,0,137.1,31.93,29.2,40.14,531.9,0.0,0.0,56.04,1.63,0.68,-0.25,0.79,-0.5,-0.05,-0.1,0.25,20.36,1.25,0.05,0.78,3.17,0.0,0.0,-70.23693722109098,-22.725563486694902
98,MCP-1,Lucassen et al 2006,Undefined plutonic rock,P,Jurassic pluton,Shallow Section Coastal Batholith,360362.0,7238031.0,160.0,53.44,1.12,16.73,7.29,6.56,7.29,0.0,6.56,0.15,6.11,8.36,3.99,1.35,0.3,0.93,99.76,98.83,349.0,81.3,204.0,12.5,3.44,0,10.0,135.0,5.0,34.0,18.37,48.12,6.86,30.07,7.11,1.61,6.89,1.05,6.3,1.26,3.55,0.5,3.23,0.48,30,78.0,0.0,45,45.0,230.0,0.0,0.0,0,0,0.0,0.0,0.0,0.0,0.0,0.0,1.74,0.0,0.0,0.0,0.0,5.49,0.0,0.0,-70.38333144135588,-24.966671999648753
99,MCP-11,Lucassen et al 2006,Undefined plutonic rock,P,Jurassic pluton,Shallow Section Coastal Batholith,360362.0,7238031.0,160.0,51.63,0.95,16.01,8.24,7.41,8.24,0.0,7.41,0.18,9.4,6.7,3.8,0.83,0.22,2.83,100.78,97.95,224.0,45.5,132.0,15.3,2.88,0,6.0,263.0,7.0,28.0,13.7,37.83,5.42,23.87,5.94,1.09,5.51,0.87,5.24,1.03,3.1,0.44,2.91,0.44,24,197.0,0.0,62,61.0,303.0,0.0,0.0,0,0,0.0,0.0,0.0,0.0,0.0,0.0,3.51,0.0,0.0,0.0,0.0,4.24,0.0,0.0,-70.38333144135588,-24.966671999648753
100,MCP-5,Lucassen et al 2006,Undefined plutonic rock,P,Jurassic pluton,Shallow Section Coastal Batholith,360362.0,7238031.0,160.0,52.19,0.2,2.53,8.6,7.74,8.6,0.0,7.74,0.07,18.89,13.74,0.4,0.14,1.54,1.8,100.07,98.27,17.42,0.71,2.63,1.95,0.27,-0.25,-0.5,-0.25,2.0,18.0,14.98,29.58,3.33,13.16,2.53,0.35,2.63,0.39,2.38,0.51,1.49,0.2,1.42,0.24,-2.5,13.0,0.0,115,-5.0,760.0,0.0,0.0,0,0,0.0,0.0,0.0,0.0,0.0,0.0,0.1,0.0,0.0,0.0,0.0,0.81,0.0,0.0,-70.38333144135588,-24.966671999648753
101,QBA-1,Lucassen et al 2006,Undefined plutonic rock,P,Jurassic pluton,Shallow Section Coastal Batholith,362287.0,7214053.0,160.0,61.19,1.01,15.05,7.02,6.32,7.02,0.0,6.32,0.11,2.97,5.28,3.3,3.34,0.22,0.64,100.12,99.48,243.0,152,308.0,14.7,3.15,-0.25,12.0,374.0,9.0,31.0,18.18,44.77,6.03,25.91,5.91,1.2,5.76,0.88,5.35,1.12,3.19,0.46,2.96,0.43,18,50.0,0.0,16,44.0,157.0,0.0,0.0,0,0,0.0,0.0,0.0,0.0,0.0,0.0,4.38,0.0,0.0,0.0,0.0,18.2,0.0,0.0,-70.36666682274088,-25.18333150110441
102,QBA-5,Lucassen et al 2006,Undefined plutonic rock,P,Jurassic pluton,Shallow Section Coastal Batholith,362287.0,7214053.0,160.0,66.44,0.33,16.87,3.53,3.18,3.53,0.0,3.18,0.1,0.98,1.84,6.06,1.91,0.22,1.69,99.86,98.17,222.0,94.9,230.0,4.66,1.25,-0.25,6.0,194.0,6.0,20.0,21.2,46.21,5.84,22.76,4.33,1.23,3.67,0.55,3.31,0.69,2.13,0.34,2.27,0.38,10,64.0,0.0,-4,-5.0,-5.0,0.0,0.0,0,0,0.0,0.0,0.0,0.0,0.0,0.0,2.02,0.0,0.0,0.0,0.0,2.72,0.0,0.0,-70.36666682274088,-25.18333150110441
103,QCA-1,Lucassen et al 2006,Undefined plutonic rock,P,Jurassic pluton,Shallow Section Coastal Batholith,364078.0,7202995.0,160.0,71.98,0.67,14.12,4.19,3.77,4.19,0.0,3.77,0.02,1.38,0.34,1.17,4.29,0.17,2.09,100.45,98.36,59.09,155.36,624.0,11.62,1.71,-0.25,12.0,317.0,9.0,30.0,37.81,78.09,9.11,34.16,6.85,1.14,5.9,0.83,4.87,0.92,2.49,0.34,2.21,0.31,-2.5,225.0,0.0,22,58.0,100.0,0.0,0.0,0,0,0.0,0.0,0.0,0.0,0.0,0.0,3.29,0.0,0.0,0.0,0.0,15.87,0.0,0.0,-70.34999908040236,-25.2833294380264
104,QCA-2,Lucassen et al 2006,Undefined plutonic rock,P,Jurassic pluton,Shallow Section Coastal Batholith,364078.0,7202995.0,160.0,72.18,0.69,13.7,4.26,3.83,4.26,0.0,3.83,0.02,1.38,0.32,1.18,3.94,0.16,2.06,99.91,97.85,53.94,143.03,574.0,12.58,1.7,-0.25,13.0,301.0,8.0,32.0,39.55,82.96,9.56,36.2,7.05,1.14,6.0,0.84,4.92,0.88,2.4,0.33,2.13,0.31,14,191.0,0.0,19,66.0,99.0,0.0,0.0,0,0,0.0,0.0,0.0,0.0,0.0,0.0,2.74,0.0,0.0,0.0,0.0,11.06,0.0,0.0,-70.34999908040236,-25.2833294380264
105,QCA-3,Lucassen et al 2006,Undefined plutonic rock,P,Jurassic pluton,Shallow Section Coastal Batholith,364078.0,7202995.0,160.0,84.96,0.28,7.56,0.99,0.89,0.99,0.0,0.89,0.02,0.54,0.28,2.45,1.41,0.07,0.71,99.3,98.59,60.79,47.19,196.0,5.56,0.99,-0.25,7.0,269.0,8.0,20.0,8.65,20.13,2.56,10.38,2.36,0.4,2.41,0.43,2.84,0.59,1.67,0.25,1.54,0.21,-2.5,222.0,0.0,-4,16.0,14.0,0.0,0.0,0,0,0.0,0.0,0.0,0.0,0.0,0.0,0.87,0.0,0.0,0.0,0.0,20.56,0.0,0.0,-70.34999908040236,-25.2833294380264
106,QCA-5,Lucassen et al 2006,Undefined plutonic rock,P,Jurassic pluton,Shallow Section Coastal Batholith,364078.0,7202995.0,160.0,64.07,0.94,15.15,2.3,2.07,2.3,0.0,2.07,0.08,3.08,6.6,5.39,0.81,0.17,0.98,99.5,98.52,249.67,38.7,94.0,14.23,2.27,-0.25,11.0,290.0,8.0,31.0,18.51,53.31,7.44,30.45,6.28,1.19,5.7,0.87,5.41,1.08,3.08,0.42,2.79,0.41,16,35.0,0.0,23,51.0,139.0,0.0,0.0,0,0,0.0,0.0,0.0,0.0,0.0,0.0,0.49,0.0,0.0,0.0,0.0,5.91,0.0,0.0,-70.34999908040236,-25.2833294380264
107,QCA-6,Lucassen et al 2006,Undefined plutonic rock,P,Jurassic pluton,Shallow Section Coastal Batholith,364078.0,7202995.0,160.0,62.31,1.07,15.95,2.23,2.01,2.23,0.0,2.01,0.05,3.46,8.18,4.32,0.74,0.2,0.77,99.23,98.46,322.0,34.3,146.0,18.6,4.04,-0.25,10.0,311.0,8.0,33.0,30.19,71.18,8.48,32.49,6.53,1.43,6.08,0.97,5.75,1.17,3.25,0.47,2.99,0.43,14,31.0,0.0,35,59.0,159.0,0.0,0.0,0,0,0.0,0.0,0.0,0.0,0.0,0.0,1.34,0.0,0.0,0.0,0.0,11.5,0.0,0.0,-70.34999908040236,-25.2833294380264
108,QCA-7,Lucassen et al 2006,Undefined plutonic rock,P,Jurassic pluton,Shallow Section Coastal Batholith,364078.0,7202995.0,160.0,61.71,0.99,15.19,6.42,5.78,6.42,0.0,5.78,0.14,3.02,5.32,3.23,3.09,0.18,0.68,99.99,99.31,228.0,133,387.0,10.7,2.09,-0.25,9.0,393.0,10.0,32.0,13.59,31.39,4.17,18.26,4.7,1.14,4.91,0.81,5.02,1.02,2.95,0.43,2.77,0.41,19,87.0,0.0,23,49.0,139.0,0.0,0.0,0,0,0.0,0.0,0.0,0.0,0.0,0.0,6.56,0.0,0.0,0.0,0.0,30.5,0.0,0.0,-70.34999908040236,-25.2833294380264
109,QCA-9,Lucassen et al 2006,Undefined plutonic rock,P,Jurassic pluton,Shallow Section Coastal Batholith,364078.0,7202995.0,160.0,61.33,0.64,17.15,5.66,5.09,5.66,0.0,5.09,0.11,2.63,5.02,3.82,2.13,0.15,1.54,100.14,98.6,387.0,56,412.0,4.45,0.92,-0.25,5.0,140.0,5.0,21.0,16.83,35.26,4.33,17.26,3.64,0.99,3.48,0.54,3.28,0.66,1.92,0.28,1.81,0.28,11,103.0,0.0,14,22.0,114.0,0.0,0.0,0,0,0.0,0.0,0.0,0.0,0.0,0.0,0.78,0.0,0.0,0.0,0.0,13.2,0.0,0.0,-70.34999908040236,-25.2833294380264
110,QMA-1,Lucassen et al 2006,Undefined plutonic rock,P,Jurassic pluton,Shallow Section Coastal Batholith,358813.0,7225094.0,160.0,58.05,0.89,16.36,7.34,6.6,7.34,0.0,6.6,0.15,3.61,6.54,3.64,1.94,0.27,0.73,99.48,98.75,356.0,118,251.0,26.3,5.23,-0.25,7.0,219.0,6.0,23.0,21.19,48.82,6.23,24.95,5.43,1.34,5.04,0.77,4.4,0.89,2.6,0.36,2.39,0.36,14,94.0,0.0,24,59.0,166.0,0.0,0.0,0,0,0.0,0.0,0.0,0.0,0.0,0.0,6.85,0.0,0.0,0.0,0.0,11.2,0.0,0.0,-70.39999775007641,-25.083328509282243
111,QMA-2,Lucassen et al 2006,Undefined plutonic rock,P,Jurassic pluton,Shallow Section Coastal Batholith,358813.0,7225094.0,160.0,61.26,0.98,15.12,6.52,5.87,6.52,0.0,5.87,0.1,2.82,5.34,3.41,3.11,0.2,0.39,99.24,98.85,219.0,164,295.0,15.4,4.11,-0.25,9.0,415.0,10.0,33.0,22.77,53.49,6.78,27.13,5.95,1.19,5.68,0.87,5.24,1.06,3.1,0.46,2.76,0.42,15,63.0,0.0,15,39.0,153.0,0.0,0.0,0,0,0.0,0.0,0.0,0.0,0.0,0.0,10.34,0.0,0.0,0.0,0.0,14.1,0.0,0.0,-70.39999775007641,-25.083328509282243
112,QPA-2,Lucassen et al 2006,Undefined plutonic rock,P,Jurassic pluton,Shallow Section Coastal Batholith,357267.0,7212155.0,160.0,71.49,0.35,15.42,1.31,1.18,1.31,0.0,1.18,0.02,0.66,4.17,5.43,0.23,0.09,0.35,99.45,99.1,381.0,4.23,108.0,9.83,1.48,-0.25,5.0,207.0,6.0,22.0,8.33,27.34,3.97,17.01,3.87,0.85,3.63,0.57,3.41,0.69,2.03,0.31,2.01,0.29,-2.5,-5.0,0.0,-4,10.0,47.0,0.0,0.0,0,0,0.0,0.0,0.0,0.0,0.0,0.0,0.31,0.0,0.0,0.0,0.0,2.82,0.0,0.0,-70.41667181584154,-25.19999833548954
113,QPA-4,Lucassen et al 2006,Undefined plutonic rock,P,Jurassic pluton,Shallow Section Coastal Batholith,357267.0,7212155.0,160.0,55.27,1.24,15.23,10.51,9.46,10.51,0.0,9.46,0.12,4.36,7.4,2.94,2.05,0.35,0.63,100.18,99.55,342.0,52.8,347.0,11.5,1.95,-0.25,8.0,230.0,6.0,31.0,17.87,43.34,5.98,26.22,6.15,1.39,5.95,0.88,5.19,1.06,3.02,0.43,2.77,0.43,25,28.0,0.0,23,34.0,297.0,0.0,0.0,0,0,0.0,0.0,0.0,0.0,0.0,0.0,1.28,0.0,0.0,0.0,0.0,5.71,0.0,0.0,-70.41667181584154,-25.19999833548954
114,QSR-1,Lucassen et al 2006,Undefined plutonic rock,P,Jurassic pluton,Shallow Section Coastal Batholith,360817.0,7193730.0,160.0,62.54,0.67,17.23,6.16,5.54,6.16,0.0,5.54,0.08,2.49,5.31,3.97,1.66,0.18,0.49,100.83,100.34,385.0,48.3,400.0,3.28,0.61,-0.25,6.0,153.0,5.0,23.0,16.19,34.64,4.3,17.17,3.71,1.04,3.71,0.55,3.62,0.72,2.11,0.3,1.99,0.31,15,40.0,0.0,-4,11.0,118.0,0.0,0.0,0,0,0.0,0.0,0.0,0.0,0.0,0.0,1.37,0.0,0.0,0.0,0.0,4.42,0.0,0.0,-70.38333079326628,-25.36667448174265
115,QSR-8,Lucassen et al 2006,Undefined plutonic rock,P,Jurassic pluton,Shallow Section Coastal Batholith,360817.0,7193730.0,160.0,58.19,0.89,18.99,3.31,2.98,3.31,0.0,2.98,0.16,4.0,8.34,4.45,0.51,0.01,0.65,99.44,98.79,630.0,17.1,137.0,2.45,0.26,-0.25,4.0,130.0,4.0,15.0,4.96,9.92,1.33,6.31,1.88,0.89,2.14,0.38,2.38,0.5,1.49,0.21,1.47,0.23,18,36.0,0.0,12,23.0,74.0,0.0,0.0,0,0,0.0,0.0,0.0,0.0,0.0,0.0,1.96,0.0,0.0,0.0,0.0,8.9,0.0,0.0,-70.38333079326628,-25.36667448174265
116,CBV-67,Parada et al 1999,Tonalite,P,Papudo-Quintero Complex,Quintero,265612.0,6351021.0,164.0,63.13,0.59,16.03,9.05,8.5,5.53,3.52,8.5,0.14,2.07,4.91,3.74,3.05,0.12,0.58,103.41,102.83,367.0,110,570.0,11.4,2.4,0,19.0,231.09,0.0,32.0,19.9,52.0,0,27.6,6.66,1.31,5.31,0,4.9,0.0,2.7,0.0,3.11,0.46,0,0.0,0.0,0,0.0,0.0,0.0,0.0,0,0,0.0,0.0,0.0,0.0,0.0,0.0,0.0,0.0,0.0,0.0,0.0,0,0.0,0.0,-71.50745248101003,-32.95400567840407
117,CBV-69,Parada et al 1999,Leucogranite,P,Papudo-Quintero Complex,Quintero,265612.0,6351021.0,164.0,74.53,0.03,13.66,1.08,0.0,1.08,0.0,1.08,0.02,0.0,1.17,2.87,5.66,0.0,0.0,99.02,99.02,335.0,158,2000.0,0,0,0,7.0,131.7,0.0,4.0,24.3,42.1,0,11.0,1.6,0.53,0.92,0,0.48,0.0,0.34,0.0,0.58,0.12,0,0.0,0.0,0,0.0,0.0,0.0,0.0,0,0,0.0,0.0,0.0,0.0,0.0,0.0,0.0,0.0,0.0,0.0,0.0,0,0.0,0.0,-71.50745248101003,-32.95400567840407
118,CBV-73,Parada et al 1999,Diorite,P,Papudo-Quintero Complex,Quintero,276869.0,6402092.0,164.0,51.16,0.94,18.78,9.17,0.0,9.17,0.0,9.17,0.18,4.05,8.9,3.71,1.52,0.33,0.0,98.74,98.74,601.0,31,478.0,0,0,0,12.0,180.04,0.0,24.0,20.5,47.6,0,25.7,5.77,1.55,4.54,0,3.8,0.0,2.0,0.0,2.06,0.29,0,0.0,0.0,0,0.0,0.0,0.0,0.0,0,0,0.0,0.0,0.0,0.0,0.0,0.0,0.0,0.0,0.0,0.0,0.0,0,0.0,0.0,-71.37487796680878,-32.496063502436265
119,CBV-75,Parada et al 1999,Granodiorite,P,Papudo-Quintero Complex,Quintero,276269.0,6402092.0,164.0,68.04,0.35,14.81,3.97,0.0,3.97,0.0,3.97,0.08,1.04,2.83,3.46,4.14,0.11,0.0,98.83,98.83,169.0,129,544.0,19.3,1.8,0,8.0,190.11,0.0,23.0,20.9,40.3,0,20.6,4.77,0.92,3.52,0,3.38,0.0,1.96,0.0,2.36,0.34,0,0.0,0.0,0,0.0,0.0,0.0,0.0,0,0,0.0,0.0,0.0,0.0,0.0,0.0,0.0,0.0,0.0,0.0,0.0,0,0.0,0.0,-71.38125927718768,-32.49594284383689
120,F2-5,Parada et al 1999,Undefined plutonic rock,P,Papudo-Quintero Complex,Quintero,265612.0,6351021.0,164.0,52.9,0.96,18.28,18.99,17.99,10.0,8.99,17.99,0.17,3.45,7.44,4.72,1.12,0.3,0.42,108.75,108.33,497.0,29,252.0,2.9,0.6,0,-2.5,150.0,0.0,22.0,19.4,39.3,0,22.1,5.17,1.54,4.31,0,3.96,0.0,1.89,0.0,2.07,0.29,0,0.0,0.0,0,0.0,0.0,0.0,0.0,0,0,0.0,0.0,0.0,0.0,0.0,0.0,0.0,0.0,0.0,0.0,0.0,-1,0.0,0.0,-71.50745248101003,-32.95400567840407
121,F2-6,Parada et al 1999,Undefined plutonic rock,P,Papudo-Quintero Complex,Quintero,265612.0,6351021.0,164.0,52.37,0.86,18.42,17.45,16.53,9.19,8.26,16.53,0.2,4.09,7.08,4.62,1.62,0.3,0.95,107.96,107.01,324.0,119,171.0,6.7,1.8,0,-2.5,135.0,0.0,26.0,25.7,52.2,0,27.8,6.82,1.19,5.89,0,4.46,0.0,2.48,0.0,2.49,0.38,0,0.0,0.0,0,0.0,0.0,0.0,0.0,0,0,0.0,0.0,0.0,0.0,0.0,0.0,0.0,0.0,0.0,0.0,0.0,-1,0.0,0.0,-71.50745248101003,-32.95400567840407
122,F2-9,Parada et al 1999,Tonalite,P,Papudo-Quintero Complex,Quintero,271634.0,6392101.0,164.0,65.64,0.43,15.66,9.02,8.54,4.75,4.27,8.54,0.08,1.41,4.08,3.75,3.06,0.13,0.72,103.98,103.26,367.0,100,552.0,15.4,2,0,-2.5,155.0,0.0,18.0,21.6,47.0,0,22.1,4.99,1.12,4.17,0,3.1,0.0,1.74,0.0,3.1,0.29,0,0.0,0.0,0,0.0,0.0,0.0,0.0,0,0,0.0,0.0,0.0,0.0,0.0,0.0,0.0,0.0,0.0,0.0,0.0,17,0.0,0.0,-71.43298199065416,-32.58504764972281
127,03_45,Vasquez et al 2011,Gabbro,P,Jurassic Pluton,Cerros del Hualve,214244.0,6006037.0,166.0,55.9,0.69,17.5,7.77,7.64,1.3,6.48,7.64,0.13,4.22,7.9,3.31,1.09,0.09,0.38,98.9,98.52,319.0,41,301.0,4,0.7,0.2,2.0,94.0,6.0,19.0,10.0,23.0,3.1,13.0,3.2,1.0,3.4,0.6,3.7,0.8,2.3,0.34,2.4,0.38,28,64.0,95.0,-10,28.0,209.0,0.0,0.0,0,0,0.0,0.0,1.0,0.0,0.0,0.0,2.0,13.0,0.0,0.0,0.0,9,0.0,0.0,-72.17200399074076,-36.048298252159235
128,04_45,Vasquez et al 2011,Quartz diorite,P,Jurassic Pluton,Cerros del Hualve,217277.0,6003747.0,166.0,61.7,0.82,16.8,6.51,6.34,1.69,4.82,6.34,0.08,2.61,6.52,4.7,0.47,0.18,0.61,101.1,100.49,-0.05,-0.1,177.0,-0.05,-0.03,-0.25,6.0,140.0,4.0,-0.25,-0.01,-0.01,-0.01,-0.05,-0.05,-0.03,-0.03,-0.03,-0.03,-0.03,-0.03,-0.05,-0.05,-0.03,25,-15.0,54.0,7,-15.0,180.0,0.0,0.0,0,0,0.0,0.0,-0.5,0.0,0.0,0.0,-0.05,21.0,0.0,0.0,0.0,-2.5,0.0,0.0,-72.13920170390523,-36.06979920898732
129,04_49,Vasquez et al 2011,Tonalite,P,Jurassic Pluton,Cerros del Hualve,210840.0,6008858.0,166.0,62.7,0.61,16.6,6.19,6.01,1.77,4.42,6.01,0.12,2.27,5.94,3.91,0.21,0.14,1.88,100.7,98.82,-0.05,-0.1,196.0,-0.05,-0.03,-0.25,6.0,156.0,4.0,-0.25,-0.01,-0.01,-0.01,-0.05,-0.05,-0.03,-0.03,-0.03,-0.03,-0.03,-0.03,-0.05,-0.05,-0.03,14,54.0,39.0,5,-15.0,127.0,0.0,0.0,0,0,0.0,0.0,-0.5,0.0,0.0,0.0,-0.05,21.0,0.0,0.0,0.0,-2.5,0.0,0.0,-72.20870545857133,-36.02189916219764
130,04_50,Vasquez et al 2011,Gabbro,P,Jurassic Pluton,Cerros del Hualve,208506.0,6006337.0,166.0,54.8,1.06,16.7,9.45,9.29,1.58,7.88,9.29,0.15,4.37,8.11,2.68,1.43,0.21,1.99,101.2,99.21,288.0,47,390.0,5,1.3,0.4,6.0,166.0,5.0,26.0,20.0,44.0,5.6,24.0,5.4,1.3,5.3,0.9,4.7,0.9,2.9,0.4,2.8,0.4,28,78.0,36.0,11,39.0,255.0,0.0,0.0,0,0,0.0,0.0,1.0,0.0,0.0,0.0,1.0,22.0,0.0,0.0,0.0,5,0.0,0.0,-72.23549698485458,-36.04389643539594
131,CB19,Lucassen et al 2002,Undefined plutonic rock,P,Jurassic pluton,Deep Section Coastal Batholith,398281.0,7345377.0,170.0,52.27,0.89,17.9,9.16,8.95,2.11,7.05,8.95,0.12,5.72,9.45,3.49,0.67,0.15,0.28,100.1,99.82,418.0,20,176.0,0.45,0.18,-0.25,5.0,31.98,1.11,20.0,6.39,14.69,2.11,9.04,2.15,0.78,2.21,0.33,2.04,0.42,1.17,0.17,1.05,0.15,-2.5,72.0,0.0,32,67.0,248.0,0.0,0.0,0,0,0.0,0.0,0.0,0.0,0.0,0.0,0.05,0.0,0.0,0.0,0.0,8.39,0.0,0.0,-70.00004617829835,-24.00031946673891
132,CB42,Lucassen et al 2002,Undefined plutonic rock,P,Jurassic pluton,Deep Section Coastal Batholith,398281.0,7345377.0,170.0,54.08,0.84,18.1,8.61,8.41,1.99,6.62,8.41,0.14,4.86,8.63,3.7,0.95,0.17,0.29,100.37,100.08,418.0,17,229.0,1.63,0.53,-0.25,2.0,42.92,1.23,21.0,9.65,22.13,3,13.28,3.29,1.13,3.29,0.52,3.23,0.64,1.91,0.27,1.83,0.27,-2.5,74.0,0.0,41,97.0,191.0,0.0,0.0,0,0,0.0,0.0,0.0,0.0,0.0,0.0,0.65,0.0,0.0,0.0,0.0,5.03,0.0,0.0,-70.00004617829835,-24.00031946673891
133,CB46,Lucassen et al 2002,Undefined plutonic rock,P,Jurassic pluton,Deep Section Coastal Batholith,398281.0,7345377.0,170.0,59.84,0.76,16.33,6.81,6.63,1.77,5.04,6.63,0.1,2.95,6.3,3.93,1.36,0.12,0.23,98.73,98.5,267.0,22,215.0,0.56,0.15,-0.25,4.0,51.31,1.34,22.0,8.48,20.31,2.85,12.24,3.07,0.93,3.6,0.56,3.6,0.75,2.21,0.34,2.14,0.34,-2.5,72.0,0.0,16,27.0,161.0,0.0,0.0,0,0,0.0,0.0,0.0,0.0,0.0,0.0,0.17,0.0,0.0,0.0,0.0,6.72,0.0,0.0,-70.00004617829835,-24.00031946673891
134,CB51,Lucassen et al 2002,Undefined plutonic rock,P,Jurassic pluton,Deep Section Coastal Batholith,398281.0,7345377.0,170.0,55.5,0.81,18.11,8.63,8.43,1.99,6.64,8.43,0.16,4.2,8.36,3.79,0.5,0.13,0.14,100.33,100.19,401.0,0.5,158.0,0.1,0.05,-0.25,5.0,52.99,1.22,21.0,2.79,6.59,1.02,5.09,1.53,0.98,2.02,0.32,2.2,0.45,1.39,0.2,1.33,0.21,-2.5,77.0,0.0,10,38.0,189.0,0.0,0.0,0,0,0.0,0.0,0.0,0.0,0.0,0.0,0.04,0.0,0.0,0.0,0.0,2.16,0.0,0.0,-70.00004617829835,-24.00031946673891
135,CB70,Lucassen et al 2002,Undefined plutonic rock,P,Jurassic pluton,Deep Section Coastal Batholith,398281.0,7345377.0,170.0,50.45,0.99,19.74,10.24,10.07,1.71,8.53,10.07,0.17,4.9,9.93,3.29,0.13,0.13,0.0,99.97,99.97,279.0,3,33.0,0.33,0.1,-0.25,-0.5,13.42,0.63,15.0,6.34,15.09,2.13,9.83,2.61,0.97,3.0,0.52,3.23,0.68,2.06,0.3,1.96,0.28,-2.5,86.0,0.0,13,32.0,271.0,0.0,0.0,0,0,0.0,0.0,0.0,0.0,0.0,0.0,0.09,0.0,0.0,0.0,0.0,2.92,0.0,0.0,-70.00004617829835,-24.00031946673891
136,CB76,Lucassen et al 2002,Undefined plutonic rock,P,Jurassic pluton,Deep Section Coastal Batholith,398281.0,7345377.0,170.0,54.38,0.24,8.16,11.75,11.48,2.71,9.04,11.48,0.26,16.89,6.84,1.07,0.57,0.02,0.0,100.18,100.18,126.0,19,44.0,1.53,0.45,-0.25,3.0,47.89,1.41,20.0,3.91,9.89,1.47,6.39,1.85,0.35,2.28,0.4,2.67,0.6,1.92,0.29,2.03,0.32,-2.5,98.0,0.0,82,342.0,102.0,0.0,0.0,0,0,0.0,0.0,0.0,0.0,0.0,0.0,0.66,0.0,0.0,0.0,0.0,1.92,0.0,0.0,-70.00004617829835,-24.00031946673891
137,KU5,Lucassen et al 2002,Undefined plutonic rock,P,Jurassic pluton,Deep Section Coastal Batholith,398281.0,7345377.0,170.0,52.24,0.64,19.83,8.51,8.37,1.42,7.09,8.37,0.16,5.36,9.62,3.6,0.2,0.1,0.51,100.77,100.26,381.0,1,86.0,0.47,0.11,-0.25,1.0,47.58,1.13,9.0,3.33,7.41,1.02,4.65,1.32,0.91,1.5,0.24,1.6,0.34,1.02,0.14,1.03,0.16,-2.5,77.0,0.0,36,72.0,165.0,0.0,0.0,0,0,0.0,0.0,0.0,0.0,0.0,0.0,0.1,0.0,0.0,0.0,0.0,2.44,0.0,0.0,-70.00004617829835,-24.00031946673891
138,CBR-1A,Parada et al 1999,Tonalite,P,Papudo-Quintero Complex,Quintero,283954.0,6466830.0,170.0,62.75,0.7,15.68,5.91,0.0,5.91,0.0,5.91,0.08,2.24,5.09,3.52,2.83,0.2,0.0,99.0,99.0,17.1,67,459.0,19.5,3.2,0,5.0,381.0,0.0,33.0,32.2,65.0,0,32.5,7.36,1.42,6.05,0,5.62,0.0,2.88,0.0,3.06,0.43,0,0.0,0.0,0,0.0,0.0,0.0,0.0,0,0,0.0,0.0,0.0,0.0,0.0,0.0,0.0,0.0,0.0,0.0,0.0,0,0.0,0.0,-71.28487980891725,-31.91389757913552
139,CBR-1E,Parada et al 1999,Undefined plutonic rock,P,Papudo-Quintero Complex,Quintero,283954.0,6466830.0,170.0,52.95,1.18,17.85,9.25,0.0,9.25,0.0,9.25,0.17,3.91,8.39,4.58,0.96,0.27,0.96,100.47,99.51,390.0,30,109.0,-2.5,0.6,0,5.0,152.0,0.0,26.0,19.5,39.7,0,22.0,5.33,1.72,4.82,0,4.53,0.0,2.13,0.0,2.34,0.32,0,0.0,0.0,0,0.0,0.0,0.0,0.0,0,0,0.0,0.0,0.0,0.0,0.0,0.0,0.0,0.0,0.0,0.0,0.0,0,0.0,0.0,-71.28487980891725,-31.91389757913552
140,IQ-04-01,Mamani et al 2008,Diorite,P,Jurassic volcanic,Iquique,382308.0,7668248.0,174.1,64.1,0.61,15.9,1.39,1.35,0.4,0.99,1.35,0.11,2.0,4.29,3.62,3.29,0.15,0.0,99.44,99.44,322.0,127,545.0,0,0,0,10.0,273.0,0.0,29.0,0.0,0.0,0,0.0,0.0,0.0,0.0,0,0.0,0.0,0.0,0.0,0.0,0.0,15,58.0,11.0,6,3.0,104.0,0.0,0.0,55,0,0.0,0.0,0.0,0.0,0.0,0.0,0.0,18.0,0.0,0.0,0.0,9,0.0,0.0,-70.13300143056402,-21.08299865421226
141,LAN_04_01,Mamani et al 2008,Gabbro,P,Jurassic volcanic,Antofagasta,371647.0,7509190.0,174.1,52.5,1.34,15.5,1.83,1.8,0.31,1.53,1.8,0.16,4.52,8.2,3.11,1.32,0.22,0.0,97.85,97.85,292.0,46,249.0,0,0,0,5.0,107.0,0.0,32.0,0.0,0.0,0,0.0,0.0,0.0,0.0,0,0.0,0.0,0.0,0.0,0.0,0.0,32,77.0,31.0,23,35.0,299.0,0.0,0.0,300,0,0.0,0.0,0.0,0.0,0.0,0.0,0.0,16.0,0.0,0.0,0.0,9,0.0,0.0,-70.24800156089456,-22.518997834569934
142,LAN_04_02,Mamani et al 2008,Gabbro,P,Jurassic volcanic,Antofagasta,386020.0,7555137.0,174.1,55.3,0.93,16.2,2.08,2.05,0.35,1.73,2.05,0.11,4.16,7.57,3.21,1.5,0.14,0.0,98.14,98.14,325.0,55,265.0,0,0,0,3.0,113.0,0.0,24.0,0.0,0.0,0,0.0,0.0,0.0,0.0,0,0.0,0.0,0.0,0.0,0.0,0.0,36,53.0,25.0,18,35.0,287.0,0.0,0.0,198,0,0.0,0.0,0.0,0.0,0.0,0.0,0.0,15.0,0.0,0.0,0.0,12,0.0,0.0,-70.10500024236899,-22.105002769480556
143,CB11,Lucassen et al 2002,Gabbro,P,Jurassic pluton,Deep Section Coastal Batholith,398281.0,7345377.0,180.0,46.99,0.42,12.52,7.05,6.93,1.18,5.88,6.93,0.12,12.57,18.4,0.35,0.01,0.02,0.42,98.87,98.45,121.0,0.3,42.0,0.21,0.07,-0.25,-0.5,31.29,0.9,11.0,0.86,2.36,0.41,2.17,0.78,0.31,1.13,0.18,1.17,0.23,0.64,0.09,0.5,0.08,93,31.0,0.0,60,382.0,235.0,0.0,0.0,0,0,0.0,0.0,0.0,0.0,0.0,0.0,0.04,0.0,0.0,0.0,0.0,0.57,0.0,0.0,-70.00004617829835,-24.00031946673891
144,CB3,Lucassen et al 2002,Gabbro,P,Jurassic pluton,Deep Section Coastal Batholith,398281.0,7345377.0,180.0,42.91,0.67,23.29,10.11,9.94,1.69,8.43,9.94,0.1,6.62,13.96,0.92,0.14,0.02,1.63,100.37,98.74,387.0,1,38.0,0.27,0.06,-0.25,2.0,26.14,0.71,10.0,1.25,2.75,0.38,1.66,0.44,0.21,0.45,0.07,0.45,0.09,0.25,0.03,0.2,0.03,29,39.0,0.0,19,37.0,453.0,0.0,0.0,0,0,0.0,0.0,0.0,0.0,0.0,0.0,0.1,0.0,0.0,0.0,0.0,2.5,0.0,0.0,-70.00004617829835,-24.00031946673891
145,CB32,Lucassen et al 2002,Gabbro,P,Jurassic pluton,Deep Section Coastal Batholith,398281.0,7345377.0,180.0,45.76,0.41,23.61,7.38,7.26,1.23,6.15,7.26,0.08,6.7,15.13,1.43,0.06,0.01,0.89,101.46,100.57,312.0,0.3,31.0,0.04,0.02,-0.25,3.0,7.29,0.29,8.0,0.59,1.35,0.21,1.11,0.32,0.22,0.44,0.07,0.48,0.09,0.27,0.03,0.21,0.03,-2.5,38.0,0.0,36,132.0,244.0,0.0,0.0,0,0,0.0,0.0,0.0,0.0,0.0,0.0,0.01,0.0,0.0,0.0,0.0,0.58,0.0,0.0,-70.00004617829835,-24.00031946673891
146,CB33,Lucassen et al 2002,Gabbro,P,Jurassic pluton,Deep Section Coastal Batholith,398281.0,7345377.0,180.0,46.45,0.32,26.63,3.49,3.43,0.58,2.91,3.43,0.05,4.09,18.19,1.22,0.05,0.01,1.05,101.55,100.5,455.0,0,27.0,-0.05,-0.03,-0.25,2.0,-0.25,-0.5,11.0,0.85,2.22,-0.01,2.1,0.74,0.39,0.86,-0.03,1.19,-0.03,0.7,-0.05,0.59,0.08,-2.5,20.0,0.0,21,443.0,135.0,0.0,0.0,0,0,0.0,0.0,0.0,0.0,0.0,0.0,0.0,0.0,0.0,0.0,0.0,-2.5,0.0,0.0,-70.00004617829835,-24.00031946673891
147,CV05,Oliveros 2002,Quartz monzonite,P,La Negra Formation,0,392133.0,7489160.0,180.0,62.03,1.07,14.83,6.95,6.67,2.77,4.18,6.67,0.1,1.65,4.09,4.01,3.79,0.26,0.99,99.77,98.78,184.0,0,410.0,25,0,0,16.0,407.0,13.7,49.0,28.0,70.0,0,40.0,9.16,1.62,9.62,0,9.0,1.9,4.98,0.0,5.0,0.75,19,60.0,14.0,6,7.0,104.0,0.0,0.0,230,0,0.0,0.0,0.0,0.0,0.0,0.0,0.0,0.0,0.0,0.0,0.0,0,0.0,0.0,-70.05021269401456,-22.70133675260058
148,CV12,Oliveros 2002,Monzonite,P,La Negra Formation,0,385731.0,7485656.0,180.0,54.01,1.34,16.83,9.95,9.3,6.52,3.43,9.3,0.2,2.9,6.5,4.16,2.42,0.34,1.13,99.78,98.65,300.0,0,320.0,12,0,0,7.0,211.0,7.9,38.0,20.0,45.0,0,26.0,6.6,1.56,7.05,0,7.01,1.47,3.98,0.0,3.95,0.59,24,350.0,17.0,4,7.0,230.0,0.0,0.0,255,0,0.0,0.0,0.0,0.0,0.0,0.0,0.0,0.0,0.0,0.0,0.0,0,0.0,0.0,-70.11279081154363,-22.732563853895304
150,86-2-1,Pichowiak 1994,Gabbro,P,Coloso Coastal Gabbro Complex,0,347038.0,7362492.0,183.1,50.33,0.41,17.39,8.64,8.45,1.91,6.73,8.45,0.13,8.87,11.53,1.71,0.37,0.11,1.49,98.98,97.49,317.0,16,77.0,0,0,0,3.0,72.0,0.0,14.0,4.4,11.65,0,5.9,1.8,0.5,1.7,0,1.9,0.0,1.1,0.0,1.2,0.2,0,36.0,0.0,98,203.0,118.0,0.0,0.0,0,0,0.0,0.0,0.0,0.0,0.0,0.0,0.0,0.0,0.0,0.0,0.0,0,0.0,0.0,-70.50193878803837,-23.841670953180635
151,86-2-4,Pichowiak 1994,Gabbro,P,Coloso Coastal Gabbro Complex,0,347038.0,7362492.0,183.1,45.84,1.36,17.24,12.71,12.42,2.86,9.85,12.42,0.2,5.81,12.22,1.95,0.56,0.07,0.6,98.56,97.96,320.0,14,145.0,0,0,0,2.0,65.0,0.0,14.8,3.68,12.3,0,6.1,1.98,1.0,2.0,0,2.1,0.0,1.2,0.0,1.2,0.2,0,69.0,0.0,30,80.0,502.0,0.0,0.0,0,0,0.0,0.0,0.0,0.0,0.0,0.0,0.0,0.0,0.0,0.0,0.0,0,0.0,0.0,-70.50193878803837,-23.841670953180635
152,86-2-5,Pichowiak 1994,Gabbro,P,Coloso Coastal Gabbro Complex,0,347038.0,7362492.0,183.1,54.11,1.06,18.43,8.81,8.55,2.56,6.25,8.55,0.19,3.71,8.5,3.65,0.79,0.09,0.64,99.98,99.34,396.0,7,228.0,0,0,0,3.0,88.0,0.0,20.0,6.1,17.3,0,8.7,2.8,1.1,2.4,0,2.7,0.0,1.6,0.0,1.8,0.3,0,76.0,0.0,15,60.0,289.0,0.0,0.0,0,0,0.0,0.0,0.0,0.0,0.0,0.0,0.0,0.0,0.0,0.0,0.0,0,0.0,0.0,-70.50193878803837,-23.841670953180635
153,86-2-6,Pichowiak 1994,Gabbro,P,Coloso Coastal Gabbro Complex,0,347038.0,7362492.0,183.1,52.26,0.77,16.84,9.42,9.14,2.77,6.65,9.14,0.17,5.56,9.85,3.18,0.75,0.13,0.33,99.26,98.93,303.0,22,183.0,0,0,0,4.0,160.0,0.0,17.0,4.72,15.46,0,6.93,1.85,0.59,1.76,0,1.93,0.0,1.2,0.0,1.4,0.2,0,63.0,0.0,20,151.0,207.0,0.0,0.0,0,0,0.0,0.0,0.0,0.0,0.0,0.0,0.0,0.0,0.0,0.0,0.0,0,0.0,0.0,-70.50193878803837,-23.841670953180635
154,86-2-7,Pichowiak 1994,Gabbro,P,Coloso Coastal Gabbro Complex,0,347038.0,7362492.0,183.1,57.97,0.97,16.55,7.9,7.65,2.47,5.43,7.65,0.11,2.41,5.43,4.09,2.12,0.26,0.6,98.41,97.81,254.0,67,330.0,0,0,0,24.0,237.0,0.0,0.0,0.0,0.0,0,0.0,0.0,0.0,0.0,0,0.0,0.0,0.0,0.0,0.0,0.0,0,35.0,0.0,34,120.0,130.0,0.0,0.0,0,0,0.0,0.0,0.0,0.0,0.0,0.0,0.0,0.0,0.0,0.0,0.0,0,0.0,0.0,-70.50193878803837,-23.841670953180635
155,ln4,Pichowiak 1994,Diabase,P,La Negra Formation,0,347423.0,7326348.0,183.1,51.86,1.76,15.56,10.63,10.3,3.25,7.38,10.3,0.35,4.02,6.7,4.2,2.65,0.45,1.3,99.48,98.18,283.0,65.5,522.0,5.5,0,0,8.0,227.0,0.0,49.0,19.05,44.9,0,26.83,6.75,1.84,6.47,0,6.53,0.0,4.0,0.0,3.42,0.49,30,0.0,22.0,13,45.0,355.0,0.0,0.0,0,0,0.0,0.0,0.0,0.0,0.0,0.0,0.0,0.0,0.0,0.0,0.0,0,0.0,0.0,-70.5019440394726,-24.168058159628202
156,ST-158q,Salazar et al 2013,Andesite (dike),P,Lautaro Formation,0,380900.0,6819390.0,183.8,48.25,1.04,15.04,7.74,7.54,2.01,5.73,7.54,0.08,11.53,6.79,3.37,1.86,0.49,3.48,99.67,96.19,2120.0,27,870.0,3.21,0.77,0.61,9.0,106.0,3.69,0.0,38.21,87.33,11.33,46.94,8.26,2.52,5.85,0.75,3.73,0.76,2.03,0.27,1.69,0.26,2,111.0,5.0,92,169.0,238.0,0.0,0.0,80,0,0.0,0.0,0.0,0.0,0.0,0.0,1.39,0.0,0.0,0.0,0.0,19,0.0,0.0,-70.21978969446863,-28.747399793234905
157,ST-178q,Salazar et al 2013,Andesite (dike),P,Lautaro Formation,0,376551.0,6797279.0,183.8,51.05,0.56,15.4,6.01,5.85,1.56,4.45,5.85,0.09,3.62,8.79,2.81,2.67,0.26,8.5,99.74,91.24,470.0,56,776.0,5.54,1.61,0.88,12.0,126.0,4.0,0.0,34.85,70.98,8.27,32.28,5.95,1.92,4.78,0.69,3.68,0.77,2.13,0.3,1.92,0.31,5,60.0,11.0,11,13.0,135.0,0.0,0.0,20,0,0.0,0.0,0.0,0.0,0.0,0.0,3.98,0.0,0.0,0.0,0.0,14,0.0,0.0,-70.26673762836091,-28.94651941781144
158,OI  -24q,Creixell et al 2012,Granodiorite,P,Quebrada La Vaca Tonalite,0,264784.0,6769290.0,185.0,65.68,0.6,15.65,4.0,3.88,1.14,2.86,3.88,0.05,3.64,4.11,3.48,1.38,0.12,0.82,99.52,98.7,314.9,31.4,177.3,1.01,1.09,0.25,-2.5,97.2,2.5,7.06,10.3,20.73,2.24,9.0,1.82,0.65,1.62,0.25,1.47,0.3,0.82,0.12,0.79,0.12,-2.5,41.98,-2.5,-2.5,11.79,48.33,0.0,0.0,278.79,0,0.0,0.0,0.0,0.0,0.0,0.0,0.8,0.0,0.0,0.0,0.0,-5,0.0,0.0,-71.41884993712043,-29.183247123465392
159,FL-16-11,Rodriguez et al 2019,Quartz diorite,P,Flamenco Pluton,Coastal Range batholith,336000.0,7070000.0,188.6,55.72,0.75,17.76,4.04,3.94,1.05,2.99,3.94,0.16,4.32,8.26,2.69,0.71,0.1,1.11,99.06,97.95,160.0,32.3,196.0,3.6,0,0,3.6,0.0,-5.0,21.2,9.2,19.4,2.5,12.0,2.8,1.0,3.4,0.6,3.6,0.9,2.7,0.4,2.3,0.0,0,0.0,0.0,0,0.0,0.0,0.0,0.0,0,0,0.0,0.0,0.0,0.0,0.0,0.0,0.0,0.0,0.0,0.0,0.0,0,0.0,0.0,-70.64534842148699,-26.480968293516064
160,FL-16-2,Rodriguez et al 2019,Granodiorite,P,Flamenco Pluton,Coastal Range batholith,348000.0,7061000.0,188.7,67.38,0.5,15.01,3.98,3.87,1.14,2.84,3.87,0.06,1.71,3.49,3.16,3.82,0.13,1.2,100.5,99.3,286.0,186,487.0,16.5,0,0,8.4,0.0,-5.0,28.7,26.4,59.6,8,30.3,5.6,1.2,5.4,0.8,4.5,1.0,2.8,0.4,2.5,0.43,0,0.0,0.0,0,0.0,0.0,0.0,0.0,0,0,0.0,0.0,0.0,0.0,0.0,0.0,0.0,0.0,0.0,0.0,0.0,0,0.0,0.0,-70.52606655288562,-26.563538730517994
161,CI -16q,Creixell et al 2012,Granodiorite,P,Quebrada La Vaca Tonalite,0,264643.0,6777591.0,189.2,56.69,1.21,16.35,7.3,7.09,2.09,5.21,7.09,0.12,5.77,5.86,2.76,2.87,0.22,0.45,99.6,99.15,311.3,49.15,382.3,1.98,2.2,0.65,9.11,159.9,3.65,20.54,22.0,47.1,5.47,22.59,4.77,1.28,4.35,0.66,4.09,0.88,2.45,0.35,2.32,0.35,-2.5,38.81,8.18,-2.5,38.54,175.3,0.0,0.0,7.34,0,0.0,0.0,0.0,0.0,0.0,0.0,3.64,0.0,0.0,0.0,0.0,-5,0.0,0.0,-71.41854414189321,-29.10836503715477
162,86-2-8,Pichowiak 1994,Gabro (dikes and stocks),P,Caleta Coloso stocks,0,347084.0,7364160.0,190.0,43.78,0.63,22.19,9.29,9.08,2.13,7.16,9.08,0.14,6.49,14.16,1.24,0.18,0.0,0.98,99.08,98.1,320.0,16,66.0,0,0,0,0.0,33.0,0.0,5.49,1.69,5.25,0,2.1,0.78,0.44,0.7,0,0.78,0.0,0.47,0.0,0.46,0.06,0,52.0,0.0,0,79.0,374.0,0.0,0.0,0,0,0.0,0.0,0.0,0.0,0.0,0.0,0.0,0.0,0.0,0.0,0.0,0,0.0,0.0,-70.50131382223684,-23.826614369661055
163,87-0-1,Pichowiak 1994,Undefined plutonic rock,P,Hornitos composite stock,0,369354.0,7519578.0,190.0,50.12,1.6,18.48,8.43,8.12,3.1,5.33,8.12,0.15,4.8,9.86,2.82,1.01,0.41,1.4,99.08,97.68,330.0,35,204.0,5,0,0,5.0,59.0,0.0,22.77,12.81,30.5,0,17.14,4.15,1.35,4.28,0,3.78,0.0,1.97,0.0,1.68,0.32,36.09,51.0,64.0,23,46.0,618.0,0.0,0.0,29,0,0.0,0.0,0.0,0.0,0.0,0.0,0.0,5.0,0.0,0.0,0.0,0,0.0,0.0,-70.26943733275588,-22.425001011907856
164,87-0-2,Pichowiak 1994,Undefined plutonic rock,P,Hornitos composite stock,0,369354.0,7519578.0,190.0,51.87,1.41,16.92,8.41,8.12,2.91,5.5,8.12,0.16,5.57,7.34,3.55,1.83,0.3,1.42,98.78,97.36,255.0,71,168.0,5,0,0,5.0,143.0,0.0,32.58,11.26,30.53,0,18.54,4.8,1.64,5.16,0,5.15,0.0,2.84,0.0,2.62,0.45,24.5,67.0,73.0,72,148.0,162.0,0.0,0.0,49,0,0.0,0.0,0.0,0.0,0.0,0.0,0.0,5.0,0.0,0.0,0.0,0,0.0,0.0,-70.26943733275588,-22.425001011907856
165,87-1-1,Pichowiak 1994,Gabbro,P,Hornitos composite stock,0,369354.0,7519578.0,190.0,47.47,0.97,14.88,9.78,9.53,2.47,7.31,9.53,0.16,10.91,11.08,2.27,0.44,0.22,0.68,98.86,98.18,436.0,5,109.0,5,0,0,5.0,53.0,0.0,20.45,7.99,21.97,0,15.11,3.96,1.13,3.96,0,3.45,0.0,1.89,0.0,1.6,0.28,40.9,67.0,82.0,215,621.0,290.0,0.0,0.0,133,0,0.0,0.0,0.0,0.0,0.0,0.0,0.0,6.0,0.0,0.0,0.0,0,0.0,0.0,-70.26943733275588,-22.425001011907856
166,87-1-3,Pichowiak 1994,Gabbro,P,Hornitos composite stock,0,369354.0,7519578.0,190.0,44.95,1.26,18.17,12.26,11.98,2.76,9.5,11.98,0.2,6.86,12.38,1.87,0.22,0.34,0.73,99.24,98.51,500.0,3,77.0,5,0,0,5.0,30.0,0.0,23.27,7.41,20.79,0,14.72,4.06,1.17,4.47,0,3.88,0.0,2.17,0.0,1.71,0.33,43.79,83.0,66.0,36,73.0,431.0,0.0,0.0,137,0,0.0,0.0,0.0,0.0,0.0,0.0,0.0,21.0,0.0,0.0,0.0,0,0.0,0.0,-70.26943733275588,-22.425001011907856
167,87-1-4,Pichowiak 1994,Gabbro,P,Hornitos composite stock,0,369354.0,7519578.0,190.0,44.45,0.25,28.66,4.16,3.98,1.75,2.41,3.98,0.05,3.25,15.91,1.48,0.02,0.11,1.2,99.54,98.34,542.0,2,36.0,5,0,0,5.0,7.0,0.0,3.57,2.07,4.01,0,2.45,0.63,0.38,0.69,0,0.64,0.0,0.45,0.0,0.28,0.05,16.6,23.0,54.0,25,21.0,119.0,0.0,0.0,188,0,0.0,0.0,0.0,0.0,0.0,0.0,0.0,24.0,0.0,0.0,0.0,0,0.0,0.0,-70.26943733275588,-22.425001011907856
168,OI - 64q,Creixell et al 2012,Tonalite,P,Quebrada La Vaca Tonalite,0,277767.0,6786097.0,190.4,56.25,1.05,15.97,7.71,7.49,2.2,5.51,7.49,0.12,6.57,6.44,2.5,2.39,0.19,0.4,99.59,99.19,286.2,44.79,286.0,2.04,1.99,0.85,9.27,118.9,3.24,20.7,22.17,46.31,5.39,22.28,4.75,1.11,4.36,0.67,4.13,0.87,2.45,0.34,2.24,0.34,-2.5,34.07,8.96,-2.5,50.81,196.2,0.0,0.0,56.48,0,0.0,0.0,0.0,0.0,0.0,0.0,4.05,0.0,0.0,0.0,0.0,12.81,0.0,0.0,-71.2820807190227,-29.034016204227573
169,FL-16-1,Rodriguez et al 2019,Gabbro,P,Flamenco Pluton,Coastal Range batholith,347500.0,7063000.0,191.0,47.8,1.31,22.5,8.87,8.72,1.48,7.39,8.72,0.15,3.59,11.16,2.9,0.38,0.37,1.59,100.7,99.11,430.0,14.2,151.0,1.2,0,0,5.7,0.0,-5.0,18.7,16.6,35.2,4.6,21.7,4.4,1.8,4.5,0.7,3.5,0.8,2.1,0.3,1.4,0.27,0,0.0,0.0,0,0.0,0.0,0.0,0.0,0,0,0.0,0.0,0.0,0.0,0.0,0.0,0.0,0.0,0.0,0.0,0.0,0,0.0,0.0,-70.53084524240177,-26.54543302335124
170,FL-16-13,Rodriguez et al 2019,Gabbro,P,Flamenco Pluton,Coastal Range batholith,337000.0,7068000.0,191.0,47.98,0.91,19.82,3.83,3.77,0.64,3.19,3.77,0.2,6.2,10.37,2.16,0.18,0.12,1.55,98.86,97.31,204.0,12.3,103.0,-0.05,0,0,3.0,0.0,-5.0,17.7,5.5,11.9,1.6,7.3,1.8,0.9,2.2,0.4,2.7,0.6,1.8,0.2,1.8,0.0,0,0.0,0.0,0,0.0,0.0,0.0,0.0,0,0,0.0,0.0,0.0,0.0,0.0,0.0,0.0,0.0,0.0,0.0,0.0,0,0.0,0.0,-70.63557457127969,-26.499134645498597
171,OI - 30q,Creixell et al 2012,Tonalite,P,Quebrada La Vaca Tonalite,0,266625.0,6780594.0,191.2,54.33,1.09,16.62,8.05,7.82,2.3,5.75,7.82,0.13,6.76,7.25,2.69,2.17,0.2,0.31,99.6,99.29,281.4,37.48,244.9,1.85,1.7,0.81,8.43,79.89,2.36,21.85,20.02,44.25,5.25,22.16,4.94,1.17,4.66,0.73,4.61,1.0,2.81,0.4,2.61,0.39,-2.5,39.0,9.76,-2.5,39.7,185.2,0.0,0.0,156.43,0,0.0,0.0,0.0,0.0,0.0,0.0,2.93,0.0,0.0,0.0,0.0,-5,0.0,0.0,-71.3975639628517,-29.081649956634234
172,CI -25q,Creixell et al 2012,Granodiorite,P,Quebrada La Vaca Tonalite,0,269193.0,6773579.0,191.3,61.86,0.73,15.8,5.04,4.9,1.44,3.6,4.9,0.08,4.28,4.68,3.5,3.04,0.2,0.3,99.51,99.21,345.6,56.42,504.0,2.46,2.28,0.92,9.65,177.2,4.06,20.27,29.96,62.78,7.17,28.13,5.59,1.35,4.85,0.71,4.35,0.92,2.59,0.38,2.54,0.39,-2.5,28.03,-2.5,-2.5,50.19,107.9,0.0,0.0,-2.5,0,0.0,0.0,0.0,0.0,0.0,0.0,2.03,0.0,0.0,0.0,0.0,-5,0.0,0.0,-71.37265241377405,-29.145380301862616
173,OI - 54q,Creixell et al 2012,Granodiorite,P,Quebrada La Vaca Tonalite,0,274069.0,6783411.0,191.4,62.03,0.82,15.64,5.38,5.22,1.54,3.84,5.22,0.09,4.03,4.41,3.62,3.04,0.18,0.31,99.53,99.22,258.4,60.23,413.9,2.43,1.22,0.79,9.81,177.4,4.31,21.99,22.99,49.77,5.88,24.08,5.2,1.14,4.76,0.72,4.54,0.97,2.7,0.38,2.49,0.37,-2.5,31.57,5.2,-2.5,21.15,108.5,0.0,0.0,6.01,0,0.0,0.0,0.0,0.0,0.0,0.0,3.46,0.0,0.0,0.0,0.0,11.62,0.0,0.0,-71.32057176140896,-29.05758943910942
174,FL-16-12,Rodriguez et al 2019,Granodiorite,P,Flamenco Pluton,Coastal Range batholith,336000.0,7068000.0,191.7,65.17,0.67,15.16,2.95,2.87,0.84,2.11,2.87,0.11,2.06,4.62,3.39,2.35,0.13,0.75,99.36,98.61,147.0,78.7,328.0,5.2,0,0,5.4,0.0,-5.0,36.1,15.7,35.2,4.6,18.8,4.5,1.1,4.9,0.9,5.4,1.2,3.6,0.5,3.4,0.0,0,0.0,0.0,0,0.0,0.0,0.0,0.0,0,0,0.0,0.0,0.0,0.0,0.0,0.0,0.0,0.0,0.0,0.0,0.0,0,0.0,0.0,-70.64560546087289,-26.49901930464812
175,FL-16-7,Rodriguez et al 2019,Granodiorite,P,Flamenco Pluton,Coastal Range batholith,334000.0,7063500.0,191.7,66.92,0.47,16.15,4.33,4.21,1.24,3.09,4.21,0.07,1.74,4.11,4.34,1.57,0.13,0.58,100.4,99.82,361.0,41.2,341.0,3.5,0,0,5.2,0.0,-5.0,15.2,16.0,32.9,4.1,16.2,2.8,0.9,2.8,0.4,2.2,0.5,1.6,0.2,1.4,0.25,0,0.0,0.0,0,0.0,0.0,0.0,0.0,0,0,0.0,0.0,0.0,0.0,0.0,0.0,0.0,0.0,0.0,0.0,0.0,0,0.0,0.0,-70.66625333780416,-26.53940069723236
179,CI -11q,Creixell et al 2012,Monzodiorite,P,Quebrada La Vaca Tonalite,0,269514.0,6778427.0,192.7,56.77,0.87,15.83,8.06,7.85,2.09,5.97,7.85,0.15,5.52,5.79,2.32,2.12,0.23,1.97,99.62,97.65,749.4,32.92,462.7,1.58,1.32,0.49,7.78,134.1,2.91,19.67,29.56,60.88,6.82,26.57,4.86,1.41,4.34,0.64,4.04,0.86,2.38,0.34,2.23,0.33,-2.5,34.34,9.34,-2.5,6.99,145.8,0.0,0.0,-2.5,0,0.0,0.0,0.0,0.0,0.0,0.0,1.04,0.0,0.0,0.0,0.0,-5,0.0,0.0,-71.36835245907308,-29.10171912588888
180,OI - 43q,Creixell et al 2012,Tonalite,P,Quebrada La Vaca Tonalite,0,269514.0,6778427.0,192.7,52.62,2.05,13.6,17.04,16.55,4.87,12.17,16.55,0.26,2.98,7.69,1.94,0.43,0.94,-0.01,99.55,99.55,286.6,14.98,187.5,1.07,1.83,1.18,12.63,630.2,12.21,53.54,23.99,58.45,7.83,36.88,9.6,3.46,10.26,1.66,10.56,2.31,6.32,0.89,5.89,0.94,-2.5,60.35,23.11,-2.5,19.67,112.4,0.0,0.0,-2.5,0,0.0,0.0,0.0,0.0,0.0,0.0,1.5,0.0,0.0,0.0,0.0,-5,0.0,0.0,-71.36835245907308,-29.10171912588888
181,OI - 54aq,Creixell et al 2012,Tonalite,P,Quebrada La Vaca Tonalite,0,269514.0,6778427.0,192.7,49.79,1.11,16.47,11.8,11.46,3.37,8.43,11.46,0.29,6.37,7.5,3.05,1.92,0.34,0.96,99.6,98.64,152.36,11.42,506.57,-0.05,-0.03,-0.25,-2.5,98.7,-0.5,-5.0,-0.01,-0.01,-0.01,-0.05,-0.05,-0.03,-0.03,-0.03,-0.03,-0.03,-0.03,-0.05,-0.05,-0.03,28.9,78.4,38.16,7,43.29,196.76,0.0,0.0,243.22,0,0.0,0.0,0.0,0.0,0.0,0.0,-0.05,0.0,0.0,0.0,0.0,4.73,0.0,0.0,-71.36835245907308,-29.10171912588888
182,OI - 54bq,Creixell et al 2012,Tonalite,P,Quebrada La Vaca Tonalite,0,269514.0,6778427.0,192.7,52.77,0.87,16.48,9.51,9.24,2.72,6.79,9.24,0.27,5.7,7.4,3.24,2.53,0.18,0.73,99.68,98.95,161.15,13.66,349.91,-0.05,-0.03,-0.25,-2.5,91.01,-0.5,-5.0,-0.01,-0.01,-0.01,-0.05,-0.05,-0.03,-0.03,-0.03,-0.03,-0.03,-0.03,-0.05,-0.05,-0.03,21.77,74.56,31.13,5,51.17,124.67,0.0,0.0,47.79,0,0.0,0.0,0.0,0.0,0.0,0.0,-0.05,0.0,0.0,0.0,0.0,-2.5,0.0,0.0,-71.36835245907308,-29.10171912588888
183,OI  -55q,Creixell et al 2012,Tonalite,P,Quebrada La Vaca Tonalite,0,269514.0,6778427.0,192.7,68.19,0.62,14.04,2.86,2.78,0.82,2.04,2.78,0.05,3.03,3.25,3.18,3.39,0.14,0.83,99.56,98.73,318.3,60.3,542.2,4.37,3.12,1.1,9.47,136.9,3.43,10.23,31.7,55.82,5.34,18.45,2.96,0.8,2.46,0.32,1.88,0.39,1.1,0.17,1.19,0.19,-2.5,7.35,-2.5,-2.5,15.85,47.05,0.0,0.0,-2.5,0,0.0,0.0,0.0,0.0,0.0,0.0,0.82,0.0,0.0,0.0,0.0,10.56,0.0,0.0,-71.36835245907308,-29.10171912588888
184,NM-1,Rodriguez et al 2016,Tonalite,P,Flamenco Pluton,Coastal Range batholith,335527.0,7070655.0,193.5,59.59,0.73,15.78,8.53,8.33,2.01,6.52,8.33,0.14,3.46,6.43,2.74,1.44,0.12,2.23,99.18,96.95,188.0,58,168.0,0,0,0,0.0,0.0,0.0,28.0,1.37,7.2,0,0.0,1.48,0.0,0.0,0,0.0,0.0,0.0,0.0,0.0,0.35,0,0.0,0.0,0,0.0,0.0,0.0,0.0,0,0,0.0,0.0,0.0,0.0,0.0,0.0,0.0,0.0,0.0,0.0,0.0,0,0.0,0.0,-70.65000790093946,-26.475001832420084
185,NM-2,Rodriguez et al 2016,Granodiorite,P,Flamenco Pluton,Coastal Range batholith,336367.0,7069988.0,193.5,65.75,0.56,16.05,5.72,5.53,1.86,3.86,5.53,0.06,2.42,4.43,3.92,1.54,0.17,0.73,99.49,98.76,379.0,48,0.0,0,0,0,0.0,0.0,0.0,17.0,2.77,11.0,0,0.0,0.83,0.0,0.0,0,0.0,0.0,0.0,0.0,0.0,0.22,0,0.0,0.0,0,0.0,0.0,0.0,0.0,0,0,0.0,0.0,0.0,0.0,0.0,0.0,0.0,0.0,0.0,0.0,0.0,0,0.0,0.0,-70.64166920449074,-26.481118978542174
186,NM-3,Rodriguez et al 2016,Quartz diorite,P,Flamenco Pluton,Coastal Range batholith,337193.0,7070368.0,193.5,55.72,0.75,17.76,11.52,11.12,4.04,7.48,11.12,0.16,4.32,8.26,2.69,0.71,0.1,1.11,99.06,97.95,192.0,30,2.0,0,0,0,0.0,0.0,0.0,23.0,1.48,2.84,0,0.0,1.0,0.0,0.0,0,0.0,0.0,0.0,0.0,0.0,0.43,0,0.0,0.0,0,0.0,0.0,0.0,0.0,0,0,0.0,0.0,0.0,0.0,0.0,0.0,0.0,0.0,0.0,0.0,0.0,0,0.0,0.0,-70.63333650496224,-26.477784294870194
187,NM-4,Rodriguez et al 2016,Gabbro,P,Flamenco Pluton,Coastal Range batholith,336392.0,7068050.0,193.5,47.98,0.91,19.82,13.2,12.82,3.83,9.37,12.82,0.2,6.2,10.37,2.16,0.18,0.12,1.55,98.86,97.31,237.0,5,46.0,0,0,0,0.0,0.0,0.0,19.0,1.04,2.22,0,0.0,0.68,0.0,0.0,0,0.0,0.0,0.0,0.0,0.0,0.32,0,0.0,0.0,0,0.0,0.0,0.0,0.0,0,0,0.0,0.0,0.0,0.0,0.0,0.0,0.0,0.0,0.0,0.0,0.0,0,0.0,0.0,-70.64166694576815,-26.498613326639486
188,NM-5,Rodriguez et al 2016,Granodiorite,P,Flamenco Pluton,Coastal Range batholith,336392.0,7068050.0,193.5,67.26,0.4,15.58,6.1,5.88,2.23,3.87,5.88,0.08,1.27,4.03,3.47,2.59,0.15,0.75,99.45,98.7,174.0,107,275.0,0,0,0,0.0,0.0,0.0,29.0,0.28,8.57,0,0.0,0.98,0.0,0.0,0,0.0,0.0,0.0,0.0,0.0,0.3,0,0.0,0.0,0,0.0,0.0,0.0,0.0,0,0,0.0,0.0,0.0,0.0,0.0,0.0,0.0,0.0,0.0,0.0,0.0,0,0.0,0.0,-70.64166694576815,-26.498613326639486
189,NM-6,Rodriguez et al 2016,Granodiorite,P,Flamenco Pluton,Coastal Range batholith,337220.0,7068217.0,193.5,65.17,0.67,15.16,7.9,7.6,2.95,4.95,7.6,0.11,2.06,4.62,3.39,2.35,0.13,0.75,99.36,98.61,160.0,88,0.0,0,0,0,0.0,0.0,0.0,32.0,1.28,1.94,0,0.0,0.12,0.0,0.0,0,0.0,0.0,0.0,0.0,0.0,0.12,0,0.0,0.0,0,0.0,0.0,0.0,0.0,0,0,0.0,0.0,0.0,0.0,0.0,0.0,0.0,0.0,0.0,0.0,0.0,0,0.0,0.0,-70.63334007420119,-26.49720138155904
190,NM-7,Rodriguez et al 2016,Granodiorite,P,Flamenco Pluton,Coastal Range batholith,340545.0,7068102.0,193.5,64.83,0.74,15.69,7.25,6.91,3.41,3.84,6.91,0.08,1.78,4.98,2.96,3.36,0.21,0.99,99.46,98.47,251.0,153,0.0,0,0,0,0.0,0.0,0.0,29.0,3.07,14.3,0,0.0,1.23,0.0,0.0,0,0.0,0.0,0.0,0.0,0.0,0.17,0,0.0,0.0,0,0.0,0.0,0.0,0.0,0,0,0.0,0.0,0.0,0.0,0.0,0.0,0.0,0.0,0.0,0.0,0.0,0,0.0,0.0,-70.60000183213667,-26.498617231490496
191,NM-8,Rodriguez et al 2016,Tonalite,P,Flamenco Pluton,Coastal Range batholith,333059.0,7068776.0,193.5,63.82,0.59,15.7,7.49,7.27,2.21,5.28,7.27,0.13,2.63,5.74,3.27,1.48,0.16,0.53,99.33,98.8,174.0,51,172.0,0,0,0,0.0,0.0,0.0,21.0,0.56,10.5,0,0.0,1.29,0.0,0.0,0,0.0,0.0,0.0,0.0,0.0,0.57,0,0.0,0.0,0,0.0,0.0,0.0,0.0,0,0,0.0,0.0,0.0,0.0,0.0,0.0,0.0,0.0,0.0,0.0,0.0,0,0.0,0.0,-70.67500440746046,-26.491672322220566
192,FL-15-5,Rodriguez et al 2019,Tonalite,P,Flamenco Pluton,Coastal Range batholith,344000.0,7058500.0,193.5,58.43,0.92,17.01,7.58,7.36,2.17,5.41,7.36,0.14,3.17,6.43,3.22,1.96,0.18,0.98,100.1,99.12,273.0,76.6,363.0,6.8,0,0,6.7,0.0,-5.0,29.8,21.0,46.2,6.1,25.1,5.0,1.4,4.9,0.9,4.8,1.1,3.0,0.4,3.0,0.51,0,0.0,0.0,0,0.0,0.0,0.0,0.0,0,0,0.0,0.0,0.0,0.0,0.0,0.0,0.0,0.0,0.0,0.0,0.0,0,0.0,0.0,-70.56652129109783,-26.58566732192143
193,FL-16-16,Rodriguez et al 2019,Granite,P,Flamenco Pluton,Coastal Range batholith,333600.0,7067000.0,193.5,70.32,0.32,14.58,3.62,3.5,1.21,2.41,3.5,0.08,1.02,3.01,3.47,2.72,0.09,0.46,100.1,99.64,162.0,131,443.0,11.3,0,0,6.6,0.0,-5.0,13.0,21.7,42.1,4.5,18.1,3.2,0.7,3.1,0.5,2.5,0.6,1.6,0.3,1.4,0.28,0,0.0,0.0,0,0.0,0.0,0.0,0.0,0,0,0.0,0.0,0.0,0.0,0.0,0.0,0.0,0.0,0.0,0.0,0.0,0,0.0,0.0,-70.66980983759021,-26.507764989756225
194,FL-16-3,Rodriguez et al 2019,Granite,P,Flamenco Pluton,Coastal Range batholith,336000.0,7059000.0,193.5,74.32,0.0,12.94,1.55,1.5,0.52,1.03,1.5,0.03,0.31,1.48,3.28,4.12,0.04,0.8,99.04,98.24,139.0,186,515.0,26.9,0,0,7.8,0.0,-5.0,31.6,37.2,62.9,8.7,30.38,5.0,0.7,5.0,0.8,4.5,1.0,3.0,0.4,2.7,0.49,0,0.0,0.0,0,0.0,0.0,0.0,0.0,0,0,0.0,0.0,0.0,0.0,0.0,0.0,0.0,0.0,0.0,0.0,0.0,0,0.0,0.0,-70.64676514582155,-26.5802482605945
195,FL-16-8,Rodriguez et al 2019,Tonalite,P,Flamenco Pluton,Coastal Range batholith,333000.0,7065000.0,193.5,60.08,0.65,16.96,7.11,6.91,2.03,5.08,6.91,0.14,2.93,6.15,3.47,1.33,0.12,0.73,99.68,98.95,244.0,41.9,239.0,4.9,0,0,5.7,0.0,-5.0,28.5,15.2,39.1,4.9,24.1,4.5,1.3,4.6,0.7,4.4,1.0,3.0,0.4,2.8,0.48,0,0.0,0.0,0,0.0,0.0,0.0,0.0,0,0,0.0,0.0,0.0,0.0,0.0,0.0,0.0,0.0,0.0,0.0,0.0,0,0.0,0.0,-70.67609082923278,-26.525745068721
196,FL-16-9,Rodriguez et al 2019,Tonalite,P,Flamenco Pluton,Coastal Range batholith,331000.0,7067000.0,193.5,62.22,0.74,17.04,6.54,6.35,1.87,4.67,6.35,0.12,2.58,5.94,3.59,1.4,0.11,0.51,100.7,100.19,201.0,44.2,232.0,3.6,0,0,5.1,0.0,-5.0,27.0,11.6,25.0,3.2,14.4,3.2,1.0,3.6,0.9,3.9,0.9,2.7,0.4,2.7,0.48,0,0.0,0.0,0,0.0,0.0,0.0,0.0,0,0,0.0,0.0,0.0,0.0,0.0,0.0,0.0,0.0,0.0,0.0,0.0,0,0.0,0.0,-70.69589151668465,-26.507457289280293
197,FL-16-14,Rodriguez et al 2019,Granodiorite,P,Flamenco Pluton,Coastal Range batholith,338000.0,7068000.0,194.0,67.26,0.4,15.58,2.23,2.17,0.64,1.59,2.17,0.08,1.27,4.03,3.47,2.59,0.15,0.75,99.45,98.7,123.0,100,373.0,7.8,0,0,7.5,0.0,-5.0,26.8,20.9,45.0,6,22.0,4.9,1.0,4.8,0.8,4.3,0.9,2.6,0.4,2.3,0.0,0,0.0,0.0,0,0.0,0.0,0.0,0.0,0,0,0.0,0.0,0.0,0.0,0.0,0.0,0.0,0.0,0.0,0.0,0.0,0,0.0,0.0,-70.62554362134203,-26.499249281778432
198,FL-16-15,Rodriguez et al 2019,Granodiorite,P,Flamenco Pluton,Coastal Range batholith,333500.0,7067000.0,194.0,67.6,0.44,15.58,4.55,4.42,1.3,3.25,4.42,0.09,1.58,4.24,3.58,2.24,0.11,0.39,100.4,100.01,225.0,84.1,368.0,10.4,0,0,6.4,0.0,-5.0,24.4,20.6,41.4,5.2,19.4,3.8,1.0,4.0,0.6,3.7,0.9,2.4,0.4,2.3,0.47,0,0.0,0.0,0,0.0,0.0,0.0,0.0,0,0,0.0,0.0,0.0,0.0,0.0,0.0,0.0,0.0,0.0,0.0,0.0,0,0.0,0.0,-70.6708129868381,-26.507753243219625
202,03_78,Vasquez et al 2011,Granite,P,Jurassic Pluton,La Estrella,246754.0,6206702.0,197.0,76.0,0.12,12.0,1.07,1.03,0.36,0.71,1.03,0.03,0.25,0.33,3.68,4.54,0.05,0.33,98.6,98.27,33.0,195,753.0,14,5.2,1.4,15.0,129.0,5.0,45.0,45.0,90.0,11,43.0,9.4,1.0,9.0,1.6,9.4,1.8,5.2,0.84,5.0,0.72,2,52.0,140.0,-2.5,-15.0,-15.0,0.0,0.0,0,0,0.0,0.0,4.4,0.0,0.0,0.0,2.0,23.0,0.0,0.0,0.0,23,0.0,0.0,-71.74999926753766,-34.249999604882056
203,05_24,Vasquez et al 2011,Granite,P,Jurassic Pluton,La Estrella,246754.0,6206702.0,197.0,77.0,0.14,11.9,1.56,1.51,0.52,1.04,1.51,0.03,0.05,0.09,4.3,4.17,0.04,0.53,99.8,99.27,16.0,147,1170.0,13,2.6,2.5,28.0,487.0,15.0,89.0,51.0,59.0,13.2,51.0,10.8,1.6,10.5,2.1,13.2,2.8,8.8,1.48,9.7,1.43,1,90.0,-0.5,-10,-10.0,-2.5,0.0,0.0,0,0,0.0,0.0,10.0,0.0,0.0,0.0,2.0,28.0,0.0,0.0,0.0,14,0.0,0.0,-71.74999926753766,-34.249999604882056
204,CPV-12-92,Coloma et al 2017,Quartz diorite,P,Algodones Granite,0,298038.0,6887501.0,201.0,53.61,0.91,13.59,7.49,7.3,1.94,5.55,7.3,0.1,4.36,6.21,3.18,1.58,0.26,0.0,91.33,91.33,318.91,18.24,214.04,4.19,0.74,0.27,3.98,7.34,0.68,12.32,9.76,36.11,3.57,19.74,4.47,1.06,4.24,0.65,3.62,0.72,2.05,0.28,1.83,0.26,10.93,61.9,21.08,30.28,68.36,178.39,0.0,0.0,44.93,-0.25,0.0,0.14,2.99,0.44,-0.5,0.01,0.34,14.77,0.75,0.0,0.3,5.52,0.02,0.0,-71.05616294090466,-28.122661802719353
205,2379-R,Gana 1991,Granite,P,Tranquilla - Millahue Plutonic Complex,0,242797.0,6622045.0,201.0,77.05,0.07,12.6,0.81,0.75,0.55,0.26,0.75,0.03,0.05,0.62,3.71,4.53,0.06,0.44,99.97,99.53,27.0,212,135.0,0,0,0,0.0,-0.25,0.0,0.0,-0.03,0.0,0,0.0,-0.05,-0.03,0.0,0,0.0,0.0,0.0,0.0,0.0,0.0,0,0.0,0.0,5,5.0,5.0,0.0,0.0,4,0,0.0,0.0,0.0,0.0,0.0,0.0,0.0,0.0,0.0,0.0,0.0,0,0.0,0.0,-71.67999815034649,-30.50639350914536
206,CBR-5,Parada et al 1999,Leucogranite,P,Limarí Complex,0,269154.0,6477058.0,203.0,71.53,0.17,11.83,3.79,3.59,2.0,1.79,3.59,0.0,0.19,0.81,3.34,4.62,0.04,0.0,96.32,96.32,39.0,173,432.0,26.6,3.3,0,-2.5,107.0,0.0,30.0,26.1,52.7,0,22.5,5.39,0.56,4.68,0,4.95,0.0,2.47,0.0,2.8,0.38,0,0.0,0.0,0,0.0,0.0,0.0,0.0,0,0,0.0,0.0,0.0,0.0,0.0,0.0,0.0,0.0,0.0,0.0,0.0,9,0.0,0.0,-71.43885520459916,-31.818794133568662
207,CBR-7,Parada et al 1999,Gabbro,P,Limarí Complex,0,269154.0,6477058.0,203.0,49.8,0.88,15.9,15.36,14.55,8.09,7.27,14.55,0.13,8.42,11.5,1.99,0.44,0.11,1.2,105.73,104.53,162.0,25,-5.0,1.2,0.3,0,8.0,77.0,0.0,18.0,6.7,15.6,2.1,9.4,2.9,0.96,3.1,0.5,3.9,0.7,2.4,0.3,1.9,0.33,0,0.0,0.0,0,0.0,0.0,0.0,0.0,0,0,0.0,0.0,0.0,0.0,0.0,0.0,0.0,0.0,0.0,0.0,0.0,-1,0.0,0.0,-71.43885520459916,-31.818794133568662
208,D-18A,Parada et al 1999,Gabbro,P,Limarí Complex,0,265735.0,6509246.0,203.0,48.7,0.27,15.6,11.33,10.73,5.97,5.36,10.73,0.11,10.2,17.2,0.8,0.12,0.05,0.75,105.13,104.38,215.0,9,-5.0,-2.5,0.3,0,0.0,27.0,0.0,0.0,3.6,5.0,0.9,3.5,1.1,0.31,1.4,0.2,1.5,0.25,0.9,0.1,0.7,0.14,0,0.0,0.0,0,0.0,0.0,0.0,0.0,0,0,0.0,0.0,0.0,0.0,0.0,0.0,0.0,0.0,0.0,0.0,0.0,2,0.0,0.0,-71.4672602825392,-31.52795888389898
209,TEN-32,Parada et al 1999,Leucogranite,P,Limarí Complex,Altos de Talinay,263395.0,6564140.0,203.0,75.28,0.2,12.6,6.93,6.77,1.62,5.31,6.77,0.08,0.13,0.68,3.34,5.0,0.04,0.65,104.93,104.28,34.0,277,459.0,26.7,3.7,0,-2.5,189.0,0.0,30.0,15.9,33.2,0,14.5,3.79,0.5,3.58,0,4.45,0.0,2.78,0.0,3.32,0.47,0,0.0,0.0,0,0.0,0.0,0.0,0.0,0,0,0.0,0.0,0.0,0.0,0.0,0.0,0.0,0.0,0.0,0.0,0.0,0,0.0,0.0,-71.4789001245877,-31.032649487568403
210,03_74,Vasquez et al 2011,Granite,P,Triassic Pluton,Pichilemu,224545.0,6178316.0,205.0,76.5,0.05,12.6,0.8,0.77,0.27,0.53,0.77,0.02,0.1,0.42,3.42,4.58,0.05,0.26,98.8,98.54,10.0,299,162.0,16,4.5,2.3,24.0,57.0,-3.0,47.0,16.0,32.0,4.6,17.0,5.4,0.2,6.6,1.4,8.8,1.9,5.7,0.98,5.7,0.87,2,51.0,155.0,-10,-10.0,21.0,0.0,0.0,0,0,0.0,0.0,8.3,0.0,0.0,0.0,16.0,24.0,0.0,0.0,0.0,27,0.0,0.0,-71.9999978232947,-34.49999957635161
211,CPV-12-91A,Coloma et al 2017,Diorite,P,Carrizal Bajo Complex,0,301526.0,6884546.0,207.0,51.74,1.33,12.62,9.35,9.11,2.42,6.93,9.11,0.11,4.23,7.32,2.88,1.44,0.5,0.0,91.54,91.54,206.63,33.07,233.04,7.69,1.61,0.79,14.3,25.6,1.33,43.05,11.35,42.44,4.91,24.04,6.08,1.65,6.65,1.15,6.98,1.44,4.19,0.58,3.9,0.57,17.43,67.88,23.76,31.21,74.08,182.79,0.0,0.0,24.36,-0.25,0.0,0.26,3.87,0.78,-0.5,0.03,0.61,17.31,1.06,0.0,0.42,8.55,0.04,0.0,-71.02117046324051,-28.1498481915537
212,CPV-12-91B,Coloma et al 2017,Tonalite,P,Carrizal Bajo Complex,0,301526.0,6884546.0,207.0,68.22,0.41,8.73,3.13,3.04,0.89,2.24,3.04,0.05,0.52,2.2,2.7,1.25,0.11,0.0,87.39,87.39,130.27,27.64,432.95,55.85,1.69,0.3,6.12,102.12,2.81,26.01,57.11,106.6,16.57,45.06,8.48,1.49,7.94,1.06,5.24,1.0,2.79,0.36,2.42,0.36,3.8,22.21,3.42,3.59,5.77,22.61,0.0,0.0,36.59,-0.25,0.0,0.18,5.57,0.5,-0.5,0.02,0.95,17.71,0.54,0.0,0.52,14.87,0.14,0.0,-71.02117046324051,-28.1498481915537
213,CPV-12-93,Coloma et al 2017,Granite,P,Carrizal Bajo Complex,0,288859.0,6878634.0,207.0,67.83,0.12,10.44,1.11,1.07,0.37,0.74,1.07,0.04,0.33,1.01,3.63,3.96,0.07,0.0,88.71,88.71,50.02,234.15,231.4,14.41,3.76,0.64,6.77,74.73,2.37,33.56,11.46,38.88,3.24,15.66,3.87,0.5,4.15,0.76,4.71,0.98,3.0,0.45,3.27,0.48,2.61,31.61,2.36,3.86,5.48,7.14,0.0,0.0,2.75,-0.25,0.0,0.05,10.26,0.21,1.73,0.03,8.21,15.18,0.29,0.0,0.41,20.5,0.11,0.0,-71.15116060041977,-28.201215259594566
214,2365-R,Gana 1991,Undefined plutonic rock,P,Tranquilla - Millahue Plutonic Complex,0,241901.0,6619343.0,210.0,76.66,0.12,12.01,1.29,1.17,1.24,0.05,1.17,0.03,0.07,0.45,3.83,4.83,0.04,0.52,99.85,99.33,30.0,179,137.0,0,0,0,0.0,-0.25,0.0,0.0,-0.03,0.0,0,0.0,-0.05,-0.03,0.0,0,0.0,0.0,0.0,0.0,0.0,0.0,0,0.0,0.0,5,8.0,9.0,0.0,0.0,6,0,0.0,0.0,0.0,0.0,0.0,0.0,0.0,0.0,0.0,0.0,0.0,0,0.0,0.0,-71.68999675263679,-30.53055686722682
215,PG-17,Gana 1991,Undefined plutonic rock,P,Talinay Plutonic Complex,0,241901.0,6619343.0,210.0,48.91,0.53,16.42,5.78,5.42,3.6,2.18,5.42,0.1,9.87,13.64,1.42,0.25,0.09,2.79,99.8,97.01,196.0,10,44.0,0,0,0,0.0,-0.25,0.0,0.0,-0.03,0.0,0,0.0,-0.05,-0.03,0.0,0,0.0,0.0,0.0,0.0,0.0,0.0,0,0.0,0.0,137,381.0,138.0,0.0,0.0,112,0,0.0,0.0,0.0,0.0,0.0,0.0,0.0,0.0,0.0,0.0,0.0,0,0.0,0.0,-71.68999675263679,-30.53055686722682
216,PG-18,Gana 1991,Undefined plutonic rock,P,Talinay Plutonic Complex,0,241901.0,6619343.0,210.0,49.59,0.48,16.83,6.04,5.66,3.77,2.27,5.66,0.1,9.2,12.37,2.01,0.33,0.08,2.66,99.68,97.02,258.0,12,29.0,0,0,0,0.0,-0.25,0.0,0.0,-0.03,0.0,0,0.0,-0.05,-0.03,0.0,0,0.0,0.0,0.0,0.0,0.0,0.0,0,0.0,0.0,143,614.0,129.0,0.0,0.0,26,0,0.0,0.0,0.0,0.0,0.0,0.0,0.0,0.0,0.0,0.0,0.0,0,0.0,0.0,-71.68999675263679,-30.53055686722682
217,PG-20,Gana 1991,Undefined plutonic rock,P,Tranquilla - Millahue Plutonic Complex,0,241901.0,6619343.0,210.0,66.94,0.85,14.92,4.74,4.44,3.0,1.74,4.44,0.06,1.46,3.11,3.05,3.16,0.18,1.25,99.7,98.45,181.0,142,486.0,0,0,0,0.0,-0.25,0.0,0.0,37.1,0.0,0,0.0,9.63,1.74,0.0,0,0.0,0.0,0.0,0.0,0.0,0.0,0,0.0,0.0,5,28.0,82.0,0.0,0.0,13,0,0.0,0.0,0.0,0.0,0.0,0.0,0.0,0.0,0.0,0.0,0.0,0,0.0,0.0,-71.68999675263679,-30.53055686722682
218,PG-214,Gana 1991,Undefined plutonic rock,P,Talinay Plutonic Complex,0,241901.0,6619343.0,210.0,56.6,1.35,15.04,8.04,7.81,2.3,5.74,7.81,0.11,5.22,7.78,2.97,1.19,0.11,1.44,99.88,98.44,170.0,54,190.0,0,0,0,0.0,-0.25,0.0,0.0,-0.03,0.0,0,0.0,-0.05,-0.03,0.0,0,0.0,0.0,0.0,0.0,0.0,0.0,0,0.0,0.0,45,180.0,210.0,0.0,0.0,29,0,0.0,0.0,0.0,0.0,0.0,0.0,0.0,0.0,0.0,0.0,0.0,0,0.0,0.0,-71.68999675263679,-30.53055686722682
219,PG-22,Gana 1991,Undefined plutonic rock,P,Tranquilla - Millahue Plutonic Complex,0,241901.0,6619343.0,210.0,74.78,0.2,12.96,1.76,1.62,1.41,0.35,1.62,0.04,0.28,0.77,4.26,3.92,0.09,0.67,99.72,99.05,65.0,133,252.0,0,0,0,0.0,-0.25,0.0,0.0,27.13,0.0,0,0.0,6.15,0.97,0.0,0,0.0,0.0,0.0,0.0,0.0,0.0,0,0.0,0.0,5,12.0,8.0,0.0,0.0,8,0,0.0,0.0,0.0,0.0,0.0,0.0,0.0,0.0,0.0,0.0,0.0,0,0.0,0.0,-71.68999675263679,-30.53055686722682
220,PG-230,Gana 1991,Undefined plutonic rock,P,Talinay Plutonic Complex,0,241901.0,6619343.0,210.0,51.06,2.32,15.32,11.17,10.84,3.33,7.84,10.84,0.18,5.41,7.74,3.69,0.8,0.27,1.98,99.94,97.96,220.0,25,170.0,0,0,0,0.0,190.0,0.0,0.0,-0.03,0.0,0,0.0,-0.05,-0.03,0.0,0,0.0,0.0,0.0,0.0,0.0,0.0,0,0.0,0.0,-2.5,-5.0,230.0,0.0,0.0,-2.5,0,0.0,0.0,0.0,0.0,0.0,0.0,0.0,0.0,0.0,0.0,0.0,0,0.0,0.0,-71.68999675263679,-30.53055686722682
221,PG-233,Gana 1991,Undefined plutonic rock,P,Tranquilla - Millahue Plutonic Complex,0,241901.0,6619343.0,210.0,71.65,0.45,13.92,2.7,2.54,1.61,1.09,2.54,0.03,0.73,2.0,3.76,3.65,0.1,0.72,99.7,98.98,120.0,174,340.0,0,0,0,0.0,-0.25,0.0,0.0,-0.03,0.0,0,0.0,-0.05,-0.03,0.0,0,0.0,0.0,0.0,0.0,0.0,0.0,0,0.0,0.0,-2.5,-5.0,30.0,0.0,0.0,-2.5,0,0.0,0.0,0.0,0.0,0.0,0.0,0.0,0.0,0.0,0.0,0.0,0,0.0,0.0,-71.68999675263679,-30.53055686722682
222,PG-234,Gana 1991,Undefined plutonic rock,P,Talinay Plutonic Complex,0,241901.0,6619343.0,210.0,49.8,2.49,15.98,10.56,10.27,2.88,7.68,10.27,0.17,6.11,9.14,2.97,0.66,0.19,1.6,99.67,98.07,230.0,22,140.0,0,0,0,0.0,0.0,0.0,0.0,-0.03,0.0,0,0.0,3.77,1.68,0.0,0,0.0,0.0,0.0,0.0,0.0,0.0,0,0.0,0.0,-2.5,-5.0,210.0,0.0,0.0,-2.5,0,0.0,0.0,0.0,0.0,0.0,0.0,0.0,0.0,0.0,0.0,0.0,0,0.0,0.0,-71.68999675263679,-30.53055686722682
223,PG-237,Gana 1991,Undefined plutonic rock,P,Talinay Plutonic Complex,0,241901.0,6619343.0,210.0,48.81,1.4,16.96,8.49,8.2,2.9,5.59,8.2,0.12,8.04,10.6,2.71,0.84,0.14,1.49,99.6,98.11,230.0,39,70.0,0,0,0,0.0,190.0,0.0,0.0,-0.03,0.0,0,0.0,-0.05,-0.03,0.0,0,0.0,0.0,0.0,0.0,0.0,0.0,0,0.0,0.0,-2.5,-5.0,200.0,0.0,0.0,-2.5,0,0.0,0.0,0.0,0.0,0.0,0.0,0.0,0.0,0.0,0.0,0.0,0,0.0,0.0,-71.68999675263679,-30.53055686722682
224,PG-282,Gana 1991,Undefined plutonic rock,P,Talinay Plutonic Complex,0,241901.0,6619343.0,210.0,48.87,0.57,19.08,5.63,5.48,1.53,4.1,5.48,0.09,9.14,11.51,2.0,0.27,0.05,2.13,99.44,97.31,290.0,14,40.0,0,0,0,0.0,120.0,0.0,0.0,-0.03,0.0,0,0.0,-0.05,-0.03,0.0,0,0.0,0.0,0.0,0.0,0.0,0.0,0,0.0,0.0,-2.5,-5.0,120.0,0.0,0.0,-2.5,0,0.0,0.0,0.0,0.0,0.0,0.0,0.0,0.0,0.0,0.0,0.0,0,0.0,0.0,-71.68999675263679,-30.53055686722682
225,PG-284,Gana 1991,Undefined plutonic rock,P,Talinay Plutonic Complex,0,241901.0,6619343.0,210.0,51.13,2.27,14.58,10.13,9.85,2.83,7.3,9.85,0.17,7.31,10.46,2.62,0.23,0.2,1.09,100.18,99.09,170.0,5,30.0,0,0,0,0.0,50.0,0.0,0.0,0.0,0.0,0,0.0,-0.05,0.0,0.0,0,0.0,0.0,0.0,0.0,0.0,0.0,0,0.0,0.0,-2.5,-5.0,300.0,0.0,0.0,-2.5,0,0.0,0.0,0.0,0.0,0.0,0.0,0.0,0.0,0.0,0.0,0.0,0,0.0,0.0,-71.68999675263679,-30.53055686722682
226,PG-296,Gana 1991,Undefined plutonic rock,P,Talinay Plutonic Complex,0,241901.0,6619343.0,210.0,60.9,1.57,14.0,7.26,7.1,1.64,5.62,7.1,0.08,4.38,6.06,2.76,1.78,0.15,0.93,99.9,98.97,170.0,101,220.0,0,0,0,0.0,210.0,0.0,0.0,-0.03,0.0,0,0.0,-0.05,-0.03,0.0,0,0.0,0.0,0.0,0.0,0.0,0.0,0,0.0,0.0,-2.5,-5.0,180.0,0.0,0.0,-2.5,0,0.0,0.0,0.0,0.0,0.0,0.0,0.0,0.0,0.0,0.0,0.0,0,0.0,0.0,-71.68999675263679,-30.53055686722682
227,PG-6,Gana 1991,Undefined plutonic rock,P,Talinay Plutonic Complex,0,241901.0,6619343.0,210.0,56.77,1.43,15.72,8.09,7.57,5.2,2.89,7.57,0.17,4.13,5.88,4.57,1.21,0.17,1.4,99.53,98.13,202.0,41,219.0,0,0,0,0.0,180.0,0.0,0.0,-0.03,0.0,0,0.0,-0.05,-0.03,0.0,0,0.0,0.0,0.0,0.0,0.0,0.0,0,0.0,0.0,39,131.0,161.0,0.0,0.0,49,0,0.0,0.0,0.0,0.0,0.0,0.0,0.0,0.0,0.0,0.0,0.0,0,0.0,0.0,-71.68999675263679,-30.53055686722682
228,11018,Vasquez and Franz 2008,Gabronorite,P,Cobquecura Pluton,0,698129.0,6006417.0,211.6,48.93,0.82,17.96,6.86,6.75,1.14,5.72,6.75,0.12,9.92,9.72,2.34,0.61,0.09,1.47,99.76,98.29,0.0,0,0.0,0,0,0,0.0,80.0,0.0,0.0,8.0,18.0,2,11.0,3.0,0.9,3.0,0.5,3.2,0.6,1.9,0.28,1.8,0.27,-0.55,43.0,73.0,160,387.0,144.0,0.0,0.0,40,0,0.0,0.0,0.0,0.0,0.0,0.0,0.0,9.0,0.0,0.0,0.0,0,0.0,0.0,-66.79999795199883,-36.06666807482126
229,41334,Vasquez and Franz 2008,Undefined plutonic rock,P,Cobquecura Pluton,0,696544.0,6002753.0,211.6,55.53,1.51,15.73,8.55,8.35,1.97,6.58,8.35,0.16,4.01,5.91,4.05,1.45,0.15,1.05,99.19,98.14,0.0,0,0.0,0,0,0,0.0,168.0,0.0,0.0,0.0,0.0,0,0.0,0.0,0.0,0.0,0,0.0,0.0,0.0,0.0,0.0,0.0,23,73.0,87.0,-2.5,32.0,189.0,0.0,0.0,-10,0,0.0,0.0,0.0,0.0,0.0,0.0,0.0,21.0,0.0,0.0,0.0,0,0.0,0.0,-66.81667313335618,-36.09999966049097
230,41699,Vasquez and Franz 2008,Undefined plutonic rock,P,Cobquecura Pluton,0,696544.0,6002753.0,211.6,68.49,0.5,15.03,2.63,2.54,0.88,1.75,2.54,0.04,0.67,2.2,4.26,3.48,0.1,0.82,98.71,97.89,0.0,0,0.0,0,0,0,0.0,376.0,0.0,0.0,0.0,0.0,0,0.0,0.0,0.0,0.0,0,0.0,0.0,0.0,0.0,0.0,0.0,-0.55,-10.0,151.0,-10,26.0,30.0,0.0,0.0,-2.5,0,0.0,0.0,0.0,0.0,0.0,0.0,0.0,23.0,0.0,0.0,0.0,0,0.0,0.0,-66.81667313335618,-36.09999966049097
231,42064,Vasquez and Franz 2008,Diabase,P,Cobquecura Pluton,0,696544.0,6002753.0,211.6,52.1,2.53,14.03,11.19,11.0,1.87,9.33,11.0,0.19,3.3,5.44,4.01,1.63,0.38,2.51,98.71,96.2,0.0,0,0.0,0,0,0,0.0,263.0,0.0,0.0,22.0,53.0,7,32.0,8.0,2.4,0.0,0,8.6,1.8,5.0,0.75,4.7,0.72,25,114.0,43.0,-2.5,-10.0,295.0,0.0,0.0,-10,0,0.0,0.0,0.0,0.0,0.0,0.0,0.0,21.0,0.0,0.0,0.0,0,0.0,0.0,-66.81667313335618,-36.09999966049097
232,42430,Vasquez and Franz 2008,Diabase,P,Cobquecura Pluton,0,696544.0,6002753.0,211.6,56.13,1.78,14.98,8.39,8.25,1.4,6.99,8.25,0.12,3.06,3.75,4.66,2.0,0.23,2.01,98.2,96.19,0.0,0,0.0,0,0,0,0.0,213.0,0.0,0.0,0.0,0.0,0,0.0,0.0,0.0,0.0,0,0.0,0.0,0.0,0.0,0.0,0.0,25,90.0,55.0,-10,20.0,196.0,0.0,0.0,-10,0,0.0,0.0,0.0,0.0,0.0,0.0,0.0,23.0,0.0,0.0,0.0,0,0.0,0.0,-66.81667313335618,-36.09999966049097
233,42795,Vasquez and Franz 2008,Undefined plutonic rock,P,Cobquecura Pluton,0,696544.0,6002753.0,211.6,51.2,1.32,16.2,7.78,7.65,1.3,6.48,7.65,0.13,6.5,8.54,3.47,1.28,0.16,1.65,99.06,97.41,0.0,0,0.0,0,0,0,0.0,130.0,0.0,0.0,12.0,29.0,4,17.0,4.0,1.4,4.7,0.8,4.9,1.0,3.0,0.43,2.8,0.43,24,62.0,66.0,45,225.0,195.0,0.0,0.0,-10,0,0.0,0.0,0.0,0.0,0.0,0.0,0.0,17.0,0.0,0.0,0.0,0,0.0,0.0,-66.81667313335618,-36.09999966049097
234,42856,Vasquez and Franz 2008,Gabronorite,P,Cobquecura Pluton,0,695800.0,5992200.0,211.6,49.11,0.71,19.49,5.06,4.98,0.84,4.22,4.98,0.1,6.83,13.28,2.63,0.35,0.07,1.38,99.73,98.35,0.0,0,0.0,0,0,0,0.0,57.0,0.0,0.0,0.0,0.0,0,0.0,0.0,0.0,0.0,0,0.0,0.0,0.0,0.0,0.0,0.0,28.3,42.0,47.0,63,460.0,169.0,0.0,0.0,63,0,0.0,0.0,0.0,0.0,0.0,0.0,0.0,20.0,0.0,0.0,0.0,0,0.0,0.0,-66.82230474333858,-36.19522402511594
235,43160,Vasquez and Franz 2008,Undefined plutonic rock,P,Cobquecura Pluton,0,701131.0,6006348.0,211.6,67.54,0.62,15.25,4.2,4.08,1.2,3.0,4.08,0.06,0.83,2.56,3.69,2.39,0.13,1.05,99.0,97.95,0.0,0,0.0,0,0,0,0.0,401.0,0.0,0.0,42.0,83.0,11,41.0,8.0,1.7,3.4,1.1,6.8,1.4,3.9,0.58,3.7,0.57,-0.55,47.0,106.0,-10,21.0,45.0,0.0,0.0,-10,0,0.0,0.0,0.0,0.0,0.0,0.0,0.0,20.0,0.0,0.0,0.0,0,0.0,0.0,-66.76666911580769,-36.06667338895382
236,43556,Vasquez and Franz 2008,Granite (fayalite bearing),P,Cobquecura Pluton,0,699672.0,6008232.0,211.6,66.8,0.65,14.41,6.79,6.56,2.26,4.53,6.56,0.13,0.5,2.94,4.02,2.96,0.18,0.61,100.9,100.29,0.0,0,0.0,0,0,0,0.0,278.0,0.0,0.0,37.0,77.0,9,36.0,8.0,2.0,7.9,1.2,7.7,1.6,4.5,0.65,4.4,0.66,24,98.0,49.0,-2.5,-5.0,-15.0,0.0,0.0,-15,0,0.0,0.0,0.0,0.0,0.0,0.0,0.0,24.0,0.0,0.0,0.0,0,0.0,0.0,-66.783335007602,-36.050000957789706
237,43586,Vasquez and Franz 2008,Gabronorite,P,Cobquecura Pluton,0,695800.0,5992200.0,211.6,48.33,0.54,18.7,5.45,5.36,0.91,4.54,5.36,0.11,7.76,12.99,2.33,0.38,0.06,2.3,99.69,97.39,0.0,0,0.0,0,0,0,0.0,44.0,0.0,0.0,2.0,6.1,1,8.0,1.0,0.8,1.7,0.3,1.9,0.4,1.1,0.13,1.0,0.15,-15,40.0,39.0,51,378.0,175.0,0.0,0.0,38,0,0.0,0.0,0.0,0.0,0.0,0.0,0.0,-0.55,0.0,0.0,0.0,0,0.0,0.0,-66.82230474333858,-36.19522402511594
238,43922,Vasquez and Franz 2008,Granite (fayalite bearing),P,Cobquecura Pluton,0,699672.0,6008232.0,211.6,71.99,0.34,13.92,3.68,3.56,1.23,2.45,3.56,0.08,0.25,1.87,4.18,3.67,0.06,0.39,100.97,100.58,0.0,0,0.0,0,0,0,0.0,283.0,0.0,0.0,0.0,0.0,0,0.0,0.0,0.0,0.0,0,0.0,0.0,0.0,0.0,0.0,0.0,10,88.0,59.0,-2.5,-15.0,-15.0,0.0,0.0,-15,0,0.0,0.0,0.0,0.0,0.0,0.0,0.0,23.0,0.0,0.0,0.0,0,0.0,0.0,-66.783335007602,-36.050000957789706
239,44107,Vasquez and Franz 2008,Dike,P,Cobquecura Pluton,0,696544.0,6002753.0,211.6,76.0,0.12,12.54,1.57,1.52,0.52,1.05,1.52,0.03,0.25,0.64,3.62,4.14,0.05,0.33,100.21,99.88,0.0,0,0.0,0,0,0,0.0,173.0,0.0,0.0,24.0,48.0,7,27.0,7.0,0.7,7.1,1.3,7.8,1.6,4.6,0.71,4.2,0.59,-4,50.0,140.0,11,-15.0,-15.0,0.0,0.0,-15,0,0.0,0.0,0.0,0.0,0.0,0.0,0.0,22.0,0.0,0.0,0.0,0,0.0,0.0,-66.81667313335618,-36.09999966049097
240,44108,Vasquez and Franz 2008,Granite (fayalite bearing),P,Cobquecura Pluton,0,701216.0,6010047.0,211.6,63.09,0.88,15.06,8.46,8.18,2.82,5.64,8.18,0.15,0.87,4.24,4.06,2.4,0.27,0.41,100.97,100.56,0.0,0,0.0,0,0,0,0.0,226.0,0.0,0.0,29.0,64.0,8,35.0,8.0,2.3,8.2,1.3,8.0,1.6,4.5,0.67,4.2,0.64,21,119.0,46.0,-2.5,-5.0,42.0,0.0,0.0,-15,0,0.0,0.0,0.0,0.0,0.0,0.0,0.0,24.0,0.0,0.0,0.0,0,0.0,0.0,-66.76666793917674,-36.033331520142035
241,44138,Vasquez and Franz 2008,Gabbro,P,Cobquecura Pluton,0,696544.0,6002753.0,211.6,52.9,1.23,17.8,6.96,6.84,1.16,5.8,6.84,0.11,5.28,8.35,3.41,1.17,0.17,1.35,99.36,98.01,0.0,0,0.0,0,0,0,0.0,139.0,0.0,0.0,12.0,28.0,4,15.0,4.0,1.4,4.3,0.7,4.5,0.9,2.6,0.38,2.5,0.38,20,56.0,64.0,39,214.0,168.0,0.0,0.0,-10,0,0.0,0.0,0.0,0.0,0.0,0.0,0.0,19.0,0.0,0.0,0.0,0,0.0,0.0,-66.81667313335618,-36.09999966049097
242,44652,Vasquez and Franz 2008,Gabronorite,P,Cobquecura Pluton,0,701258.0,6011895.0,211.6,50.73,3.0,16.89,10.46,10.29,1.74,8.72,10.29,0.19,5.22,9.61,3.15,0.37,0.18,0.06,101.28,101.22,0.0,0,0.0,0,0,0,0.0,109.0,0.0,0.0,0.0,0.0,0,0.0,0.0,0.0,0.0,0,0.0,0.0,0.0,0.0,0.0,0.0,30,90.0,58.0,19,50.0,351.0,0.0,0.0,-15,0,0.0,0.0,0.0,0.0,0.0,0.0,0.0,21.0,0.0,0.0,0.0,0,0.0,0.0,-66.76667223213356,-36.01667413825709
243,46447,Vasquez and Franz 2008,Gabbro,P,Cobquecura Pluton,0,698129.0,6006417.0,211.6,50.88,1.44,16.12,8.43,8.29,1.41,7.03,8.29,0.15,7.09,8.7,3.16,0.8,0.16,1.35,99.36,98.01,0.0,0,0.0,0,0,0,0.0,125.0,0.0,0.0,0.0,0.0,0,0.0,0.0,0.0,0.0,0,0.0,0.0,0.0,0.0,0.0,0.0,23,44.0,72.0,45,123.0,216.0,0.0,0.0,33,0,0.0,0.0,0.0,0.0,0.0,0.0,0.0,18.0,0.0,0.0,0.0,0,0.0,0.0,-66.79999795199883,-36.06666807482126
244,FL-16-6,Rodriguez et al 2019,Granodiorite,P,Flamenco Pluton,Coastal Range batholith,333000.0,7058000.0,213.2,66.77,0.48,16.55,4.42,4.29,1.26,3.16,4.29,0.07,1.78,4.23,4.42,1.58,0.12,0.43,100.9,100.47,357.0,41.1,321.0,3.5,0,0,5.3,0.0,-5.0,15.1,16.1,32.6,4.1,15.8,2.9,0.9,2.7,0.4,2.4,0.5,1.5,0.2,1.3,0.25,0,0.0,0.0,0,0.0,0.0,0.0,0.0,0,0,0.0,0.0,0.0,0.0,0.0,0.0,0.0,0.0,0.0,0.0,0.0,0,0.0,0.0,-70.67701014864966,-26.588922013404385
245,SA-1030,Brown 1991,Undefined plutonic rock,P,Cerros del Vetado Complex,0,350235.0,7092070.0,217.0,76.02,0.21,12.67,1.82,1.76,0.61,1.21,1.76,0.03,0.37,0.74,3.08,4.71,0.05,0.54,100.23,99.69,46.0,245,230.0,18.3,2.51,0.84,5.0,88.0,3.26,54.0,25.5,61.9,0,29.8,6.87,0.42,7.6,1.39,0.0,0.0,0.0,0.0,6.72,0.7,0,28.0,0.0,7,0.0,16.0,0.0,0.0,3,0,0.0,0.0,0.0,0.0,0.0,0.0,0.0,14.0,0.0,0.0,0.0,20,0.0,0.0,-70.49999959579802,-26.28333283738815
246,SA-1031,Brown 1991,Undefined plutonic rock,P,Cerros del Vetado Complex,0,350235.0,7092070.0,217.0,68.83,0.39,15.32,3.17,3.08,0.91,2.26,3.08,0.04,0.73,1.8,3.68,4.74,0.1,0.99,99.8,98.81,87.0,224,526.0,23.3,3.44,1.1,8.0,151.0,5.66,50.0,40.6,86.6,0,46.4,9.25,0.94,9.4,1.58,0.0,0.0,0.0,0.0,6.34,0.75,0,54.0,0.0,10,0.0,38.0,0.0,0.0,7,0,0.0,0.0,0.0,0.0,0.0,0.0,0.0,15.0,0.0,0.0,0.0,25,0.0,0.0,-70.49999959579802,-26.28333283738815
247,SA-1032,Brown 1991,Undefined plutonic rock,P,Cerros del Vetado Complex,0,350235.0,7092070.0,217.0,77.59,0.05,12.68,0.52,0.5,0.17,0.35,0.5,0.01,0.08,0.65,3.68,4.64,0.02,0.39,100.32,99.93,20.0,239,-0.25,11.9,3.35,0.73,2.0,54.0,2.1,46.0,11.9,24.4,0,12.8,4.1,0.05,4.1,1.08,0.0,0.0,0.0,0.0,7.48,0.85,0,18.0,0.0,4,0.0,4.0,0.0,0.0,-2.5,0,0.0,0.0,0.0,0.0,0.0,0.0,0.0,14.0,0.0,0.0,0.0,26,0.0,0.0,-70.49999959579802,-26.28333283738815
248,03_31,Vasquez et al 2011,Granite,P,Triassic Pluton,Constitucion,186451.0,6082287.0,224.0,71.9,0.25,13.9,1.95,1.88,0.65,1.3,1.88,0.04,0.42,1.39,3.71,4.07,0.06,0.39,98.2,97.81,88.0,250,453.0,15,5.5,1.3,10.0,132.0,-3.0,22.0,26.0,51.0,6.1,22.0,4.7,0.6,4.3,0.8,4.3,0.8,2.4,0.39,2.5,0.37,5,33.0,134.0,-10,-10.0,25.0,0.0,0.0,0,0,0.0,0.0,8.8,0.0,0.0,0.0,13.0,19.0,0.0,0.0,0.0,31,0.0,0.0,-72.45030400073082,-35.3535040694098
249,03_33,Vasquez et al 2011,Granite,P,Triassic Pluton,Constitucion,188052.0,6086254.0,224.0,70.5,0.37,14.5,2.55,2.46,0.85,1.7,2.46,0.05,0.7,1.6,3.31,4.34,0.22,0.78,99.1,98.32,-0.05,-0.1,568.0,-0.05,-0.03,-0.25,13.0,167.0,6.0,-0.25,-0.01,-0.01,-0.01,-0.05,-0.05,-0.03,-0.03,-0.03,-0.03,-0.03,-0.03,-0.05,-0.05,-0.03,8,73.0,140.0,15,-15.0,-15.0,0.0,0.0,0,0,0.0,0.0,-0.5,0.0,0.0,0.0,-0.05,18.0,0.0,0.0,0.0,-2.5,0.0,0.0,-72.43120341670429,-35.318299641709444
250,03_34,Vasquez et al 2011,Granodiorite,P,Triassic Pluton,Constitucion,182650.0,6086065.0,224.0,68.7,0.55,15.5,3.7,3.59,1.06,2.64,3.59,0.08,1.26,2.57,4.36,1.9,0.14,1.1,100.0,98.9,-0.05,-0.1,283.0,-0.05,-0.03,-0.25,15.0,177.0,6.0,-0.25,-0.01,-0.01,-0.01,-0.05,-0.05,-0.03,-0.03,-0.03,-0.03,-0.03,-0.03,-0.05,-0.05,-0.03,10,76.0,140.0,15,34.0,50.0,0.0,0.0,0,0,0.0,0.0,-0.5,0.0,0.0,0.0,-0.05,20.0,0.0,0.0,0.0,-2.5,0.0,0.0,-72.49059725338789,-35.31830077964877
251,03_39,Vasquez et al 2011,Granite,P,Triassic Pluton,Constitucion,191442.0,6079016.0,224.0,70.7,0.43,14.2,2.87,2.77,0.96,1.91,2.77,0.07,0.92,1.87,3.52,3.78,0.12,0.95,99.6,98.65,107.0,217,469.0,14,5.4,1.4,12.0,153.0,5.0,24.0,28.0,57.0,7.1,26.0,5.5,0.9,5.1,0.9,4.9,0.9,2.8,0.42,2.8,0.41,7,69.0,140.0,10,-15.0,31.0,0.0,0.0,0,0,0.0,0.0,11.2,0.0,0.0,0.0,18.0,19.0,0.0,0.0,0.0,27,0.0,0.0,-72.39670431945878,-35.38450111747312
252,SA-1023,Brown 1991,Undefined plutonic rock,P,Chañaral Complex,0,349339.0,7097599.0,230.0,65.37,0.5,16.17,4.69,4.56,1.34,3.35,4.56,0.05,2.0,4.57,4.04,1.54,0.14,1.18,100.23,99.05,372.0,52,323.0,6.88,1.23,0.43,4.0,122.0,4.32,14.0,19.94,37.9,0,20.2,3.31,1.04,-0.03,0.43,0.0,0.0,0.0,0.0,1.97,0.25,0,39.0,0.0,18,0.0,78.0,0.0,0.0,1,0,0.0,0.0,0.0,0.0,0.0,0.0,0.0,16.0,0.0,0.0,0.0,8,0.0,0.0,-70.50832623771484,-26.23333184708205
253,SA-1024,Brown 1991,Undefined plutonic rock,P,Chañaral Complex,0,349339.0,7097599.0,230.0,73.72,0.32,13.39,2.93,2.83,0.98,1.95,2.83,0.04,0.62,0.85,3.05,3.87,0.16,0.87,99.83,98.96,62.0,203,158.0,13.9,4.22,1.5,9.0,123.0,4.78,33.0,25.6,55.5,0,28.2,6.1,0.52,8.0,0.97,0.0,0.0,0.0,0.0,3.68,0.43,0,49.0,0.0,9,0.0,36.0,0.0,0.0,3,0,0.0,0.0,0.0,0.0,0.0,0.0,0.0,16.0,0.0,0.0,0.0,25,0.0,0.0,-70.50832623771484,-26.23333184708205
254,SA-1025,Brown 1991,Undefined plutonic rock,P,Chañaral Complex,0,349339.0,7097599.0,230.0,75.83,0.05,13.61,0.67,0.65,0.22,0.45,0.65,0.0,0.08,0.21,3.64,4.6,0.2,0.78,99.66,98.88,48.0,314,128.0,2.47,3.71,2.75,6.0,37.0,1.52,7.0,2.3,5.05,0,3.9,0.95,0.03,-0.03,0.22,0.0,0.0,0.0,0.0,0.92,0.1,0,12.0,0.0,5,0.0,5.0,0.0,0.0,-2.5,0,0.0,0.0,0.0,0.0,0.0,0.0,0.0,19.0,0.0,0.0,0.0,16,0.0,0.0,-70.50832623771484,-26.23333184708205
255,SA-1418,Brown 1991,Undefined plutonic rock,P,Chañaral Complex,0,349339.0,7097599.0,230.0,72.05,0.38,14.3,2.56,2.47,0.85,1.71,2.47,0.03,0.95,2.06,3.6,3.29,0.12,0.52,99.87,99.35,177.0,117,411.0,6.74,1.36,0.69,6.0,121.0,3.21,21.0,17.6,54.0,0,14.9,3.39,0.7,5.0,0.5,0.0,0.0,0.0,0.0,1.51,0.25,0,31.0,0.0,8,0.0,62.0,0.0,0.0,-2.5,0,0.0,0.0,0.0,0.0,0.0,0.0,0.0,19.0,0.0,0.0,0.0,9,0.0,0.0,-70.50832623771484,-26.23333184708205
256,SA-1421,Brown 1991,Undefined plutonic rock,P,Chañaral Complex,0,349339.0,7097599.0,230.0,72.44,0.48,19.39,3.21,3.1,1.07,2.14,3.1,0.04,0.74,1.47,3.08,3.85,0.16,0.81,100.21,99.4,90.0,190,385.0,14.23,2.14,1.13,11.0,166.0,4.19,37.0,31.7,86.9,0,25.8,6.47,0.59,8.6,1.26,0.0,0.0,0.0,0.0,2.13,0.35,0,52.0,0.0,9,0.0,48.0,0.0,0.0,10,0,0.0,0.0,0.0,0.0,0.0,0.0,0.0,11.0,0.0,0.0,0.0,28,0.0,0.0,-70.50832623771484,-26.23333184708205
257,14732,Lucassen et al 1999,Granite,p,Paleozoic granitoids,Caleta Loa West,397660.0,7625726.0,236.0,73.35,14.74,0.2,0.65,0.63,0.22,0.43,0.63,0.03,0.71,3.32,3.86,0.94,0.06,0.71,99.9,99.19,291.0,30,336.0,5,0,0,5.0,94.0,4.0,6.0,33.0,62.0,6.3,20.34,3.02,1.7,2.4,0,1.3,0.21,0.39,0.0,0.45,0.07,0,56.0,0.0,0,0.0,0.0,0.0,0.0,0,0,0.0,0.0,0.0,0.0,0.0,0.0,0.0,14.0,0.0,0.0,0.0,0,0.0,0.0,-69.98778885857308,-21.46806508424829
259,SA-1361,Brown 1991,Undefined plutonic rock,P,Cifuncho Complex,0,349452.0,7160376.0,270.4,70.48,0.43,15.16,2.86,2.76,0.95,1.91,2.76,0.04,0.95,2.41,3.68,3.13,0.1,0.76,100.0,99.24,188.0,154,502.0,13.68,4,1.01,9.0,143.0,4.93,31.0,33.9,94.6,0,29.3,6.13,0.64,7.1,0.78,0.0,0.0,0.0,0.0,2.33,0.43,0,48.0,0.0,8,0.0,44.0,0.0,0.0,5,0,0.0,0.0,0.0,0.0,0.0,0.0,5.6,20.0,0.0,0.0,0.0,16,0.0,0.0,-70.49999569152222,-25.666668291148397
260,SA-1367,Brown 1991,Undefined plutonic rock,P,Cifuncho Complex,0,349452.0,7160376.0,270.4,69.24,0.49,15.13,3.08,2.98,1.03,2.05,2.98,0.04,0.92,2.7,3.73,2.8,0.11,1.05,99.29,98.24,222.0,131,529.0,14.51,2.21,1,9.0,150.0,4.97,35.0,34.6,91.4,0,29.3,6.27,0.72,8.1,1.14,0.0,0.0,0.0,0.0,2.46,0.43,0,43.0,0.0,7,0.0,33.0,0.0,0.0,9,0,0.0,0.0,0.0,0.0,0.0,0.0,5.2,14.0,0.0,0.0,0.0,16,0.0,0.0,-70.49999569152222,-25.666668291148397
261,SA-1371,Brown 1991,Undefined plutonic rock,P,Cifuncho Complex,0,349452.0,7160376.0,270.4,75.85,0.07,13.39,0.52,0.5,0.17,0.35,0.5,0.01,0.04,0.57,4.03,4.89,0.06,0.27,99.7,99.43,35.0,212,148.0,4.12,2.88,2.71,5.0,46.0,2.94,28.0,5.4,15.2,0,6.3,1.91,0.18,2.77,0.48,0.0,0.0,0.0,0.0,2.88,0.59,0,13.0,0.0,2,0.0,9.0,0.0,0.0,-2.5,0,0.0,0.0,0.0,0.0,0.0,0.0,15.2,11.0,0.0,0.0,0.0,29,0.0,0.0,-70.49999569152222,-25.666668291148397
262,SA-1372,Brown 1991,Undefined plutonic rock,P,Cifuncho Complex,0,349452.0,7160376.0,270.4,75.52,0.16,13.31,0.99,0.96,0.33,0.66,0.96,0.03,0.11,0.49,2.57,6.14,0.15,0.67,100.13,99.46,40.0,228,122.0,2.43,1.91,0.52,1.0,51.0,1.68,16.0,6.0,14.7,0,4.6,1.44,0.19,1.97,0.37,0.0,0.0,0.0,0.0,1.51,0.24,0,17.0,0.0,6,0.0,22.0,0.0,0.0,-2.5,0,0.0,0.0,0.0,0.0,0.0,0.0,14.7,10.0,0.0,0.0,0.0,20,0.0,0.0,-70.49999569152222,-25.666668291148397
263,SA-1374,Brown 1991,Undefined plutonic rock,P,Cifuncho Complex,0,349452.0,7160376.0,270.4,68.11,0.68,15.19,4.08,3.96,1.17,2.91,3.96,0.04,1.07,2.24,3.47,2.86,0.02,1.27,99.2,97.93,142.0,165,598.0,18.36,2.2,1.26,15.0,226.0,7.4,39.0,49.4,131.0,0,37.5,9.27,1.04,11.3,1.9,0.0,0.0,0.0,0.0,2.49,0.37,0,60.0,0.0,12,0.0,61.0,0.0,0.0,9,0,0.0,0.0,0.0,0.0,0.0,0.0,4.8,24.0,0.0,0.0,0.0,13,0.0,0.0,-70.49999569152222,-25.666668291148397
264,SA-1394,Brown 1991,Undefined plutonic rock,P,Cifuncho Complex,0,349452.0,7160376.0,270.4,68.0,0.75,14.82,4.92,4.78,1.41,3.51,4.78,0.04,1.34,2.28,2.96,3.1,0.15,1.27,99.63,98.36,200.0,154,711.0,20.94,1.98,1.13,13.0,259.0,9.3,35.0,56.0,152.0,0,45.8,9.87,1.22,12.0,1.66,0.0,0.0,0.0,0.0,2.46,0.31,0,71.0,0.0,19,0.0,85.0,0.0,0.0,21,0,0.0,0.0,0.0,0.0,0.0,0.0,4.4,19.0,0.0,0.0,0.0,17,0.0,0.0,-70.49999569152222,-25.666668291148397
265,13271,Lucassen et al 1999,Undefined plutonic rock,p,Paleozoic granitoids,Caleta Loa West,397660.0,7625726.0,273.0,70.66,16.23,0.28,0.92,0.89,0.31,0.61,0.89,0.03,0.96,3.53,3.74,1.37,0.11,0.95,100.67,99.72,309.0,48,494.0,10,0,0,7.0,166.0,5.0,4.0,42.0,81.0,8.5,33.0,5.6,1.7,3.7,0,1.5,0.26,0.5,0.0,0.38,0.06,0,64.0,0.0,3,0.0,6.0,0.0,0.0,0,0,0.0,0.0,0.0,0.0,0.0,0.0,0.0,20.0,0.0,0.0,0.0,0,0.0,0.0,-69.98778885857308,-21.46806508424829
266,14366,Lucassen et al 1999,Undefined plutonic rock,p,Paleozoic granitoids,Caleta Loa West,397660.0,7625726.0,273.0,72.03,15.82,0.2,0.67,0.65,0.22,0.45,0.65,0.04,0.76,2.78,3.63,1.93,0.22,1.05,100.54,99.49,235.0,59,735.0,7,0,0,8.0,98.0,4.0,6.0,29.0,56.0,6.5,24.0,4.9,1.3,3.6,0,2.0,0.36,0.69,0.0,0.45,0.06,0,44.0,0.0,6,0.0,5.0,0.0,0.0,0,0,0.0,0.0,0.0,0.0,0.0,0.0,0.0,22.0,0.0,0.0,0.0,0,0.0,0.0,-69.98778885857308,-21.46806508424829
267,18749,Lucassen et al 1999,Undefined plutonic rock,P,Paleozoic granitoids,Caleta Loa East,431428.0,7603644.0,273.0,57.55,17.1,0.69,1.79,1.74,0.46,1.33,1.74,0.15,3.73,6.86,2.38,1.88,0.15,2.37,100.65,98.28,159.0,104,228.0,0,0,0,5.0,93.0,4.0,19.0,10.0,23.0,3.1,13.0,3.4,1.0,3.6,0,3.8,0.77,2.2,0.0,2.1,0.32,0,85.0,0.0,16,62.0,134.0,0.0,0.0,0,0,0.0,0.0,0.0,0.0,0.0,0.0,0.0,19.0,0.0,0.0,0.0,0,0.0,0.0,-69.6627860693535,-21.66917088112217
268,3/299,Lucassen et al 1999,Granite,P,Paleozoic granitoids,Sierra Moreno South,489667.0,7583680.0,283.0,58.78,0.59,20.32,5.93,5.73,1.98,3.95,5.73,0.12,1.16,5.2,4.63,2.25,0.14,0.5,99.82,99.32,379.0,113,597.0,0,0,0,11.0,241.0,6.0,16.0,16.0,33.0,3.7,15.0,3.2,1.9,3.1,0,3.0,0.58,1.9,0.0,2.0,0.34,6,117.0,0.0,4,18.0,41.0,0.0,0.0,0,0,0.0,0.0,0.0,0.0,0.0,0.0,0.0,34.0,0.0,0.0,0.0,0,0.0,0.0,-69.10000146988726,-21.85083509730516
