1.5031,0.17754,-6.649
1.5031,0.21695,-6.4008
1.5031,0.25635,-6.1529
1.5031,0.29576,-5.9052
1.5031,0.33517,-5.6577
1.5031,0.37458,-5.4096
1.5031,0.41399,-5.1613
1.5031,0.4534,-4.9132
1.5031,0.49281,-4.6652
1.5031,0.53222,-4.4175
1.5031,0.57163,-4.1699
1.5031,0.61104,-3.9224
1.5031,0.65044,-3.6751
1.5031,0.68985,-3.428
1.5031,0.72926,-3.181
1.5031,0.76867,-2.9342
1.5031,0.80808,-2.6875
1.5031,0.84749,-2.4409
1.5031,0.8869,-2.1945
1.5031,0.92631,-1.9483
1.5031,0.96572,-1.7022
1.5031,1.0051,-1.4562
1.5031,1.0445,-1.2104
1.5031,1.0839,-0.9647
1.5031,1.1234,-0.71915
1.5031,1.1628,-0.47373
1.5031,1.2022,-0.22843
1.5031,1.2416,0.016743
1.5031,1.281,0.26179
1.5031,1.3204,0.50673
1.5031,1.3598,0.75154
1.5031,1.3992,0.99624
1.5031,1.4386,1.2408
1.5031,1.478,1.4853
1.5031,1.5174,1.7296
1.5031,1.5569,1.9739
1.5031,1.5963,2.218
1.5031,1.6357,2.462
1.5031,1.6751,2.7059
1.5031,1.7145,2.9497
1.5031,1.7539,3.1933
1.5031,1.7933,3.4368
1.5031,1.8327,3.6802
1.5031,1.8721,3.9234
1.5031,1.9115,4.1665
1.5031,1.9509,4.4095
1.5031,1.9904,4.6523
1.5031,2.0298,4.895
1.5031,2.0692,5.1375
1.5031,2.1086,5.3799
1.5031,2.148,5.6209
1.6596,0.17754,-6.2499
1.6596,0.21695,-5.9996
1.6596,0.25635,-5.7496
1.6596,0.29576,-5.4999
1.6596,0.33517,-5.2506
1.6596,0.37458,-5.0012
1.6596,0.41399,-4.7514
1.6596,0.4534,-4.5019
1.6596,0.49281,-4.2527
1.6596,0.53222,-4.0038
1.6596,0.57163,-3.7551
1.6596,0.61104,-3.5066
1.6596,0.65044,-3.2584
1.6596,0.68985,-3.0104
1.6596,0.72926,-2.7626
1.6596,0.76867,-2.515
1.6596,0.80808,-2.2676
1.6596,0.84749,-2.0205
1.6596,0.8869,-1.7735
1.6596,0.92631,-1.5267
1.6596,0.96572,-1.2802
1.6596,1.0051,-1.0338
1.6596,1.0445,-0.78758
1.6596,1.0839,-0.54157
1.6596,1.1234,-0.29574
1.6596,1.1628,-0.050073
1.6596,1.2022,0.19543
1.6596,1.2416,0.44078
1.6596,1.281,0.68598
1.6596,1.3204,0.93103
1.6596,1.3598,1.1759
1.6596,1.3992,1.4207
1.6596,1.4386,1.6653
1.6596,1.478,1.9099
1.6596,1.5174,2.1542
1.6596,1.5569,2.3985
1.6596,1.5963,2.6426
1.6596,1.6357,2.8866
1.6596,1.6751,3.1304
1.6596,1.7145,3.3742
1.6596,1.7539,3.6178
1.6596,1.7933,3.8612
1.6596,1.8327,4.1046
1.6596,1.8721,4.3478
1.6596,1.9115,4.5908
1.6596,1.9509,4.8337
1.6596,1.9904,5.0764
1.6596,2.0298,5.319
1.6596,2.0692,5.5602
1.6596,2.1086,5.8009
1.6596,2.148,6.0415
1.8161,0.17754,-5.864
1.8161,0.21695,-5.6107
1.8161,0.25635,-5.3579
1.8161,0.29576,-5.1055
1.8161,0.33517,-4.8536
1.8161,0.37458,-4.6021
1.8161,0.41399,-4.3502
1.8161,0.4534,-4.0988
1.8161,0.49281,-3.8477
1.8161,0.53222,-3.5971
1.8161,0.57163,-3.3468
1.8161,0.61104,-3.0969
1.8161,0.65044,-2.8473
1.8161,0.68985,-2.5981
1.8161,0.72926,-2.3492
1.8161,0.76867,-2.1005
1.8161,0.80808,-1.8522
1.8161,0.84749,-1.6042
1.8161,0.8869,-1.3564
1.8161,0.92631,-1.109
1.8161,0.96572,-0.86177
1.8161,1.0051,-0.61484
1.8161,1.0445,-0.36816
1.8161,1.0839,-0.12173
1.8161,1.1234,0.12446
1.8161,1.1628,0.37043
1.8161,1.2022,0.61619
1.8161,1.2416,0.86175
1.8161,1.281,1.1071
1.8161,1.3204,1.3523
1.8161,1.3598,1.5973
1.8161,1.3992,1.8421
1.8161,1.4386,2.0868
1.8161,1.478,2.3313
1.8161,1.5174,2.5756
1.8161,1.5569,2.8198
1.8161,1.5963,3.0639
1.8161,1.6357,3.3078
1.8161,1.6751,3.5515
1.8161,1.7145,3.7952
1.8161,1.7539,4.0387
1.8161,1.7933,4.282
1.8161,1.8327,4.5252
1.8161,1.8721,4.7683
1.8161,1.9115,5.0112
1.8161,1.9509,5.254
1.8161,1.9904,5.4955
1.8161,2.0298,5.7369
1.8161,2.0692,5.9782
1.8161,2.1086,6.2194
1.8161,2.148,6.4605
1.9726,0.17754,-5.4938
1.9726,0.21695,-5.237
1.9726,0.25635,-4.9807
1.9726,0.29576,-4.725
1.9726,0.33517,-4.4697
1.9726,0.37458,-4.215
1.9726,0.41399,-3.9603
1.9726,0.4534,-3.706
1.9726,0.49281,-3.4523
1.9726,0.53222,-3.1992
1.9726,0.57163,-2.9466
1.9726,0.61104,-2.6946
1.9726,0.65044,-2.443
1.9726,0.68985,-2.192
1.9726,0.72926,-1.9414
1.9726,0.76867,-1.6913
1.9726,0.80808,-1.4416
1.9726,0.84749,-1.1924
1.9726,0.8869,-0.94351
1.9726,0.92631,-0.69507
1.9726,0.96572,-0.44701
1.9726,1.0051,-0.19932
1.9726,1.0445,0.04801
1.9726,1.0839,0.29501
1.9726,1.1234,0.54168
1.9726,1.1628,0.78805
1.9726,1.2022,1.0341
1.9726,1.2416,1.28
1.9726,1.281,1.5255
1.9726,1.3204,1.7708
1.9726,1.3598,2.0159
1.9726,1.3992,2.2607
1.9726,1.4386,2.5054
1.9726,1.478,2.7498
1.9726,1.5174,2.9941
1.9726,1.5569,3.2381
1.9726,1.5963,3.482
1.9726,1.6357,3.7258
1.9726,1.6751,3.9694
1.9726,1.7145,4.2128
1.9726,1.7539,4.4561
1.9726,1.7933,4.6993
1.9726,1.8327,4.9423
1.9726,1.8721,5.1851
1.9726,1.9115,5.4272
1.9726,1.9509,5.6693
1.9726,1.9904,5.9112
1.9726,2.0298,6.1531
1.9726,2.0692,6.3949
1.9726,2.1086,6.6366
1.9726,2.148,6.8782
2.1292,0.17754,-5.1365
2.1292,0.21695,-4.8769
2.1292,0.25635,-4.6173
2.1292,0.29576,-4.3583
2.1292,0.33517,-4.0996
2.1292,0.37458,-3.8414
2.1292,0.41399,-3.5835
2.1292,0.4534,-3.3258
2.1292,0.49281,-3.0688
2.1292,0.53222,-2.8123
2.1292,0.57163,-2.5564
2.1292,0.61104,-2.3013
2.1292,0.65044,-2.0469
2.1292,0.68985,-1.7931
2.1292,0.72926,-1.5401
2.1292,0.76867,-1.2877
2.1292,0.80808,-1.036
2.1292,0.84749,-0.7849
2.1292,0.8869,-0.53445
2.1292,0.92631,-0.28459
2.1292,0.96572,-0.035309
2.1292,1.0051,0.21343
2.1292,1.0445,0.46167
2.1292,1.0839,0.70941
2.1292,1.1234,0.9567
2.1292,1.1628,1.2036
2.1292,1.2022,1.45
2.1292,1.2416,1.6961
2.1292,1.281,1.9419
2.1292,1.3204,2.1873
2.1292,1.3598,2.4324
2.1292,1.3992,2.6772
2.1292,1.4386,2.9218
2.1292,1.478,3.1661
2.1292,1.5174,3.4102
2.1292,1.5569,3.654
2.1292,1.5963,3.8977
2.1292,1.6357,4.1411
2.1292,1.6751,4.3845
2.1292,1.7145,4.6276
2.1292,1.7539,4.8706
2.1292,1.7933,5.1135
2.1292,1.8327,5.3562
2.1292,1.8721,5.5989
2.1292,1.9115,5.8416
2.1292,1.9509,6.0841
2.1292,1.9904,6.3266
2.1292,2.0298,6.5689
2.1292,2.0692,6.8112
2.1292,2.1086,7.0533
2.1292,2.148,7.2953
2.2857,0.17754,-4.7827
2.2857,0.21695,-4.5218
2.2857,0.25635,-4.2611
2.2857,0.29576,-4.0004
2.2857,0.33517,-3.7397
2.2857,0.37458,-3.4788
2.2857,0.41399,-3.2176
2.2857,0.4534,-2.9562
2.2857,0.49281,-2.696
2.2857,0.53222,-2.4363
2.2857,0.57163,-2.1769
2.2857,0.61104,-1.9181
2.2857,0.65044,-1.66
2.2857,0.68985,-1.4025
2.2857,0.72926,-1.146
2.2857,0.76867,-0.89028
2.2857,0.80808,-0.63553
2.2857,0.84749,-0.38173
2.2857,0.8869,-0.12886
2.2857,0.92631,0.1231
2.2857,0.96572,0.37418
2.2857,1.0051,0.62444
2.2857,1.0445,0.87392
2.2857,1.0839,1.1227
2.2857,1.1234,1.3708
2.2857,1.1628,1.6183
2.2857,1.2022,1.8652
2.2857,1.2416,2.1116
2.2857,1.281,2.3575
2.2857,1.3204,2.6029
2.2857,1.3598,2.848
2.2857,1.3992,3.0927
2.2857,1.4386,3.337
2.2857,1.478,3.5811
2.2857,1.5174,3.8248
2.2857,1.5569,4.0684
2.2857,1.5963,4.3117
2.2857,1.6357,4.5547
2.2857,1.6751,4.7976
2.2857,1.7145,5.0408
2.2857,1.7539,5.2842
2.2857,1.7933,5.5276
2.2857,1.8327,5.7708
2.2857,1.8721,6.014
2.2857,1.9115,6.2571
2.2857,1.9509,6.5
2.2857,1.9904,6.7429
2.2857,2.0298,6.9857
2.2857,2.0692,7.2283
2.2857,2.1086,7.4708
2.2857,2.148,7.7131
2.4422,0.17754,-4.4739
2.4422,0.21695,-4.2056
2.4422,0.25635,-3.9365
2.4422,0.29576,-3.6671
2.4422,0.33517,-3.3978
2.4422,0.37458,-3.129
2.4422,0.41399,-2.8632
2.4422,0.4534,-2.5989
2.4422,0.49281,-2.3349
2.4422,0.53222,-2.0712
2.4422,0.57163,-1.8077
2.4422,0.61104,-1.5443
2.4422,0.65044,-1.2808
2.4422,0.68985,-1.0193
2.4422,0.72926,-0.75894
2.4422,0.76867,-0.49932
2.4422,0.80808,-0.24065
2.4422,0.84749,0.016926
2.4422,0.8869,0.27329
2.4422,0.92631,0.52838
2.4422,0.96572,0.78219
2.4422,1.0051,1.0348
2.4422,1.0445,1.2861
2.4422,1.0839,1.5364
2.4422,1.1234,1.7857
2.4422,1.1628,2.034
2.4422,1.2022,2.2815
2.4422,1.2416,2.5282
2.4422,1.281,2.7742
2.4422,1.3204,3.0196
2.4422,1.3598,3.2645
2.4422,1.3992,3.5089
2.4422,1.4386,3.7529
2.4422,1.478,3.9965
2.4422,1.5174,4.2397
2.4422,1.5569,4.4827
2.4422,1.5963,4.7254
2.4422,1.6357,4.9691
2.4422,1.6751,5.2133
2.4422,1.7145,5.4574
2.4422,1.7539,5.7013
2.4422,1.7933,5.9451
2.4422,1.8327,6.1888
2.4422,1.8721,6.4323
2.4422,1.9115,6.6757
2.4422,1.9509,6.919
2.4422,1.9904,7.1621
2.4422,2.0298,7.4051
2.4422,2.0692,7.6479
2.4422,2.1086,7.8905
2.4422,2.148,8.133
2.5987,0.17754,-4.1835
2.5987,0.21695,-3.9081
2.5987,0.25635,-3.6332
2.5987,0.29576,-3.359
2.5987,0.33517,-3.0853
2.5987,0.37458,-2.8122
2.5987,0.41399,-2.5411
2.5987,0.4534,-2.2715
2.5987,0.49281,-2.0019
2.5987,0.53222,-1.7326
2.5987,0.57163,-1.4639
2.5987,0.61104,-1.1962
2.5987,0.65044,-0.92816
2.5987,0.68985,-0.66028
2.5987,0.72926,-0.39281
2.5987,0.76867,-0.12578
2.5987,0.80808,0.14078
2.5987,0.84749,0.40687
2.5987,0.8869,0.66992
2.5987,0.92631,0.92927
2.5987,0.96572,1.1872
2.5987,1.0051,1.4436
2.5987,1.0445,1.6984
2.5987,1.0839,1.9515
2.5987,1.1234,2.203
2.5987,1.1628,2.453
2.5987,1.2022,2.7017
2.5987,1.2416,2.9491
2.5987,1.281,3.1954
2.5987,1.3204,3.4409
2.5987,1.3598,3.6855
2.5987,1.3992,3.9294
2.5987,1.4386,4.1727
2.5987,1.478,4.4156
2.5987,1.5174,4.658
2.5987,1.5569,4.9028
2.5987,1.5963,5.1479
2.5987,1.6357,5.3928
2.5987,1.6751,5.6374
2.5987,1.7145,5.8818
2.5987,1.7539,6.126
2.5987,1.7933,6.37
2.5987,1.8327,6.6138
2.5987,1.8721,6.8574
2.5987,1.9115,7.1008
2.5987,1.9509,7.344
2.5987,1.9904,7.587
2.5987,2.0298,7.8298
2.5987,2.0692,8.0724
2.5987,2.1086,8.3147
2.5987,2.148,8.5569
2.7552,0.17754,-3.9211
2.7552,0.21695,-3.6433
2.7552,0.25635,-3.3624
2.7552,0.29576,-3.0817
2.7552,0.33517,-2.8015
2.7552,0.37458,-2.5218
2.7552,0.41399,-2.243
2.7552,0.4534,-1.9674
2.7552,0.49281,-1.6923
2.7552,0.53222,-1.4179
2.7552,0.57163,-1.1442
2.7552,0.61104,-0.87043
2.7552,0.65044,-0.59549
2.7552,0.68985,-0.3226
2.7552,0.72926,-0.052008
2.7552,0.76867,0.21759
2.7552,0.80808,0.4861
2.7552,0.84749,0.75343
2.7552,0.8869,1.0195
2.7552,0.92631,1.286
2.7552,0.96572,1.5556
2.7552,1.0051,1.8248
2.7552,1.0445,2.0935
2.7552,1.0839,2.36
2.7552,1.1234,2.6168
2.7552,1.1628,2.8717
2.7552,1.2022,3.1246
2.7552,1.2416,3.3753
2.7552,1.281,3.624
2.7552,1.3204,3.8709
2.7552,1.3598,4.1162
2.7552,1.3992,4.3601
2.7552,1.4386,4.6029
2.7552,1.478,4.8502
2.7552,1.5174,5.0968
2.7552,1.5569,5.3429
2.7552,1.5963,5.5884
2.7552,1.6357,5.8334
2.7552,1.6751,6.078
2.7552,1.7145,6.3223
2.7552,1.7539,6.5661
2.7552,1.7933,6.8097
2.7552,1.8327,7.0529
2.7552,1.8721,7.2958
2.7552,1.9115,7.5384
2.7552,1.9509,7.7808
2.7552,1.9904,8.0228
2.7552,2.0298,8.2646
2.7552,2.0692,8.5061
2.7552,2.1086,8.7473
2.7552,2.148,8.9882
2.9118,0.17754,-3.6644
2.9118,0.21695,-3.3814
2.9118,0.25635,-3.0994
2.9118,0.29576,-2.8179
2.9118,0.33517,-2.5366
2.9118,0.37458,-2.2554
2.9118,0.41399,-1.9745
2.9118,0.4534,-1.6942
2.9118,0.49281,-1.4147
2.9118,0.53222,-1.135
2.9118,0.57163,-0.85262
2.9118,0.61104,-0.57079
2.9118,0.65044,-0.28952
2.9118,0.68985,-0.0088208
2.9118,0.72926,0.27129
2.9118,0.76867,0.55085
2.9118,0.80808,0.82897
2.9118,0.84749,1.0983
2.9118,0.8869,1.3661
2.9118,0.92631,1.6323
2.9118,0.96572,1.897
2.9118,1.0051,2.1663
2.9118,1.0445,2.4377
2.9118,1.0839,2.7085
2.9118,1.1234,2.9731
2.9118,1.1628,3.2423
2.9118,1.2022,3.5111
2.9118,1.2416,3.7732
2.9118,1.281,4.0392
2.9118,1.3204,4.2964
2.9118,1.3598,4.5496
2.9118,1.3992,4.8056
2.9118,1.4386,5.0598
2.9118,1.478,5.3124
2.9118,1.5174,5.5632
2.9118,1.5569,5.8124
2.9118,1.5963,6.0602
2.9118,1.6357,6.3065
2.9118,1.6751,6.5516
2.9118,1.7145,6.7957
2.9118,1.7539,7.0388
2.9118,1.7933,7.2811
2.9118,1.8327,7.5226
2.9118,1.8721,7.7635
2.9118,1.9115,8.0039
2.9118,1.9509,8.2437
2.9118,1.9904,8.483
2.9118,2.0298,8.7219
2.9118,2.0692,8.9604
2.9118,2.1086,9.1984
2.9118,2.148,9.4361
3.0683,0.17754,-3.4452
3.0683,0.21695,-3.1567
3.0683,0.25635,-2.8679
3.0683,0.29576,-2.5773
3.0683,0.33517,-2.2859
3.0683,0.37458,-1.9952
3.0683,0.41399,-1.7049
3.0683,0.4534,-1.4167
3.0683,0.49281,-1.1319
3.0683,0.53222,-0.84688
3.0683,0.57163,-0.56331
3.0683,0.61104,-0.28044
3.0683,0.65044,0.0015531
3.0683,0.68985,0.28243
3.0683,0.72926,0.56198
3.0683,0.76867,0.84001
3.0683,0.80808,1.1164
3.0683,0.84749,1.3943
3.0683,0.8869,1.675
3.0683,0.92631,1.9551
3.0683,0.96572,2.2344
3.0683,1.0051,2.5131
3.0683,1.0445,2.7915
3.0683,1.0839,3.0588
3.0683,1.1234,3.3216
3.0683,1.1628,3.5828
3.0683,1.2022,3.8424
3.0683,1.2416,4.1007
3.0683,1.281,4.3599
3.0683,1.3204,4.629
3.0683,1.3598,4.898
3.0683,1.3992,5.1671
3.0683,1.4386,5.4388
3.0683,1.478,5.7126
3.0683,1.5174,5.976
3.0683,1.5569,6.2444
3.0683,1.5963,6.5067
3.0683,1.6357,6.7664
3.0683,1.6751,7.0338
3.0683,1.7145,7.3006
3.0683,1.7539,7.5557
3.0683,1.7933,7.8037
3.0683,1.8327,8.0489
3.0683,1.8721,8.2915
3.0683,1.9115,8.5316
3.0683,1.9509,8.7695
3.0683,1.9904,9.0023
3.0683,2.0298,9.2289
3.0683,2.0692,9.4547
3.0683,2.1086,9.6799
3.0683,2.148,9.905
3.2248,0.17754,-3.212
3.2248,0.21695,-2.92
3.2248,0.25635,-2.6265
3.2248,0.29576,-2.3352
3.2248,0.33517,-2.044
3.2248,0.37458,-1.7514
3.2248,0.41399,-1.459
3.2248,0.4534,-1.1667
3.2248,0.49281,-0.87482
3.2248,0.53222,-0.58334
3.2248,0.57163,-0.29242
3.2248,0.61104,-0.0012172
3.2248,0.65044,0.28932
3.2248,0.68985,0.57909
3.2248,0.72926,0.86803
3.2248,0.76867,1.1555
3.2248,0.80808,1.4419
3.2248,0.84749,1.7265
3.2248,0.8869,2.0103
3.2248,0.92631,2.2925
3.2248,0.96572,2.5732
3.2248,1.0051,2.852
3.2248,1.0445,3.129
3.2248,1.0839,3.4041
3.2248,1.1234,3.6773
3.2248,1.1628,3.9487
3.2248,1.2022,4.2185
3.2248,1.2416,4.4868
3.2248,1.281,4.763
3.2248,1.3204,5.0334
3.2248,1.3598,5.2919
3.2248,1.3992,5.5488
3.2248,1.4386,5.8085
3.2248,1.478,6.0689
3.2248,1.5174,6.3281
3.2248,1.5569,6.5863
3.2248,1.5963,6.8523
3.2248,1.6357,7.1271
3.2248,1.6751,7.403
3.2248,1.7145,7.6759
3.2248,1.7539,7.9208
3.2248,1.7933,8.1626
3.2248,1.8327,8.4278
3.2248,1.8721,8.6938
3.2248,1.9115,8.9467
3.2248,1.9509,9.1931
3.2248,1.9904,9.4545
3.2248,2.0298,9.7147
3.2248,2.0692,9.9736
3.2248,2.1086,10.231
3.2248,2.148,10.453
3.3813,0.17754,-2.9897
3.3813,0.21695,-2.694
3.3813,0.25635,-2.3991
3.3813,0.29576,-2.0994
3.3813,0.33517,-1.797
3.3813,0.37458,-1.4985
3.3813,0.41399,-1.2055
3.3813,0.4534,-0.91271
3.3813,0.49281,-0.61649
3.3813,0.53222,-0.31787
3.3813,0.57163,-0.022218
3.3813,0.61104,0.27169
3.3813,0.65044,0.56481
3.3813,0.68985,0.85785
3.3813,0.72926,1.1505
3.3813,0.76867,1.4458
3.3813,0.80808,1.7406
3.3813,0.84749,2.0346
3.3813,0.8869,2.3258
3.3813,0.92631,2.6143
3.3813,0.96572,2.9018
3.3813,1.0051,3.188
3.3813,1.0445,3.4744
3.3813,1.0839,3.7644
3.3813,1.1234,4.0479
3.3813,1.1628,4.3384
3.3813,1.2022,4.6269
3.3813,1.2416,4.9088
3.3813,1.281,5.1884
3.3813,1.3204,5.4655
3.3813,1.3598,5.7399
3.3813,1.3992,6.0116
3.3813,1.4386,6.2808
3.3813,1.478,6.5428
3.3813,1.5174,6.7996
3.3813,1.5569,7.057
3.3813,1.5963,7.3365
3.3813,1.6357,7.5963
3.3813,1.6751,7.8545
3.3813,1.7145,8.111
3.3813,1.7539,8.3656
3.3813,1.7933,8.6185
3.3813,1.8327,8.8697
3.3813,1.8721,9.126
3.3813,1.9115,9.3982
3.3813,1.9509,9.6437
3.3813,1.9904,9.8787
3.3813,2.0298,10.108
3.3813,2.0692,10.332
3.3813,2.1086,10.583
3.3813,2.148,10.833
3.5378,0.17754,-2.8285
3.5378,0.21695,-2.522
3.5378,0.25635,-2.2157
3.5378,0.29576,-1.9098
3.5378,0.33517,-1.6044
3.5378,0.37458,-1.2996
3.5378,0.41399,-0.99562
3.5378,0.4534,-0.69149
3.5378,0.49281,-0.38906
3.5378,0.53222,-0.088524
3.5378,0.57163,0.21219
3.5378,0.61104,0.51211
3.5378,0.65044,0.81287
3.5378,0.68985,1.1132
3.5378,0.72926,1.4099
3.5378,0.76867,1.7059
3.5378,0.80808,2.0019
3.5378,0.84749,2.2982
3.5378,0.8869,2.594
3.5378,0.92631,2.8924
3.5378,0.96572,3.19
3.5378,1.0051,3.487
3.5378,1.0445,3.7813
3.5378,1.0839,4.0751
3.5378,1.1234,4.3708
3.5378,1.1628,4.6663
3.5378,1.2022,4.9599
3.5378,1.2416,5.2521
3.5378,1.281,5.5433
3.5378,1.3204,5.8336
3.5378,1.3598,6.1307
3.5378,1.3992,6.4184
3.5378,1.4386,6.7031
3.5378,1.478,6.9907
3.5378,1.5174,7.286
3.5378,1.5569,7.5773
3.5378,1.5963,7.848
3.5378,1.6357,8.1118
3.5378,1.6751,8.3693
3.5378,1.7145,8.6216
3.5378,1.7539,8.87
3.5378,1.7933,9.119
3.5378,1.8327,9.3893
3.5378,1.8721,9.6705
3.5378,1.9115,9.9483
3.5378,1.9509,10.222
3.5378,1.9904,10.47
3.5378,2.0298,10.702
3.5378,2.0692,10.931
3.5378,2.1086,11.159
3.5378,2.148,11.401
3.6944,0.17754,-2.6978
3.6944,0.21695,-2.3867
3.6944,0.25635,-2.0752
3.6944,0.29576,-1.7636
3.6944,0.33517,-1.4519
3.6944,0.37458,-1.1402
3.6944,0.41399,-0.82869
3.6944,0.4534,-0.51751
3.6944,0.49281,-0.2068
3.6944,0.53222,0.10307
3.6944,0.57163,0.41211
3.6944,0.61104,0.72014
3.6944,0.65044,1.0271
3.6944,0.68985,1.3336
3.6944,0.72926,1.6389
3.6944,0.76867,1.9443
3.6944,0.80808,2.249
3.6944,0.84749,2.5506
3.6944,0.8869,2.8518
3.6944,0.92631,3.1535
3.6944,0.96572,3.4549
3.6944,1.0051,3.7578
3.6944,1.0445,4.0568
3.6944,1.0839,4.3575
3.6944,1.1234,4.658
3.6944,1.1628,4.9582
3.6944,1.2022,5.2582
3.6944,1.2416,5.5579
3.6944,1.281,5.8572
3.6944,1.3204,6.1568
3.6944,1.3598,6.4631
3.6944,1.3992,6.7677
3.6944,1.4386,7.0645
3.6944,1.478,7.3604
3.6944,1.5174,7.6604
3.6944,1.5569,7.9519
3.6944,1.5963,8.2585
3.6944,1.6357,8.5458
3.6944,1.6751,8.8493
3.6944,1.7145,9.1532
3.6944,1.7539,9.4499
3.6944,1.7933,9.7446
3.6944,1.8327,10.026
3.6944,1.8721,10.301
3.6944,1.9115,10.56
3.6944,1.9509,10.811
3.6944,1.9904,11.054
3.6944,2.0298,11.298
3.6944,2.0692,11.544
3.6944,2.1086,11.786
3.6944,2.148,12.022
3.8509,0.17754,-2.531
3.8509,0.21695,-2.2171
3.8509,0.25635,-1.9046
3.8509,0.29576,-1.592
3.8509,0.33517,-1.2794
3.8509,0.37458,-0.96695
3.8509,0.41399,-0.65472
3.8509,0.4534,-0.34287
3.8509,0.49281,-0.031421
3.8509,0.53222,0.27972
3.8509,0.57163,0.59048
3.8509,0.61104,0.90081
3.8509,0.65044,1.2106
3.8509,0.68985,1.5199
3.8509,0.72926,1.8287
3.8509,0.76867,2.1369
3.8509,0.80808,2.4446
3.8509,0.84749,2.7518
3.8509,0.8869,3.0586
3.8509,0.92631,3.3651
3.8509,0.96572,3.6725
3.8509,1.0051,3.98
3.8509,1.0445,4.2876
3.8509,1.0839,4.5955
3.8509,1.1234,4.9037
3.8509,1.1628,5.2124
3.8509,1.2022,5.5217
3.8509,1.2416,5.8315
3.8509,1.281,6.142
3.8509,1.3204,6.4531
3.8509,1.3598,6.7622
3.8509,1.3992,7.0581
3.8509,1.4386,7.3528
3.8509,1.478,7.6605
3.8509,1.5174,7.9695
3.8509,1.5569,8.2785
3.8509,1.5963,8.5878
3.8509,1.6357,8.8972
3.8509,1.6751,9.2068
3.8509,1.7145,9.5191
3.8509,1.7539,9.8465
3.8509,1.7933,10.178
3.8509,1.8327,10.501
3.8509,1.8721,10.796
3.8509,1.9115,11.078
3.8509,1.9509,11.371
3.8509,1.9904,11.672
3.8509,2.0298,11.937
3.8509,2.0692,12.172
3.8509,2.1086,12.46
3.8509,2.148,12.761
4.0074,0.17754,-2.3526
4.0074,0.21695,-2.0405
4.0074,0.25635,-1.7277
4.0074,0.29576,-1.4142
4.0074,0.33517,-1.0999
4.0074,0.37458,-0.78483
4.0074,0.41399,-0.46963
4.0074,0.4534,-0.15459
4.0074,0.49281,0.16012
4.0074,0.53222,0.47417
4.0074,0.57163,0.7873
4.0074,0.61104,1.0993
4.0074,0.65044,1.4101
4.0074,0.68985,1.7197
4.0074,0.72926,2.028
4.0074,0.76867,2.3358
4.0074,0.80808,2.645
4.0074,0.84749,2.9536
4.0074,0.8869,3.2618
4.0074,0.92631,3.5697
4.0074,0.96572,3.8772
4.0074,1.0051,4.1845
4.0074,1.0445,4.4917
4.0074,1.0839,4.7987
4.0074,1.1234,5.1058
4.0074,1.1628,5.4129
4.0074,1.2022,5.72
4.0074,1.2416,6.0273
4.0074,1.281,6.3346
4.0074,1.3204,6.6459
4.0074,1.3598,6.9615
4.0074,1.3992,7.2785
4.0074,1.4386,7.597
4.0074,1.478,7.9171
4.0074,1.5174,8.239
4.0074,1.5569,8.5628
4.0074,1.5963,8.8827
4.0074,1.6357,9.1783
4.0074,1.6751,9.4727
4.0074,1.7145,9.7657
4.0074,1.7539,10.064
4.0074,1.7933,10.375
4.0074,1.8327,10.675
4.0074,1.8721,10.961
4.0074,1.9115,11.271
4.0074,1.9509,11.59
4.0074,1.9904,11.913
4.0074,2.0298,12.23
4.0074,2.0692,12.549
4.0074,2.1086,12.87
4.0074,2.148,13.191
4.1639,0.17754,-2.1445
4.1639,0.21695,-1.8348
4.1639,0.25635,-1.5227
4.1639,0.29576,-1.2109
4.1639,0.33517,-0.89804
4.1639,0.37458,-0.58427
4.1639,0.41399,-0.26957
4.1639,0.4534,0.046099
4.1639,0.49281,0.36205
4.1639,0.53222,0.67849
4.1639,0.57163,0.99598
4.1639,0.61104,1.3149
4.1639,0.65044,1.6343
4.1639,0.68985,1.9514
4.1639,0.72926,2.2679
4.1639,0.76867,2.5837
4.1639,0.80808,2.8982
4.1639,0.84749,3.2122
4.1639,0.8869,3.5307
4.1639,0.92631,3.8478
4.1639,0.96572,4.1635
4.1639,1.0051,4.4793
4.1639,1.0445,4.7952
4.1639,1.0839,5.1114
4.1639,1.1234,5.4277
4.1639,1.1628,5.7444
4.1639,1.2022,6.0615
4.1639,1.2416,6.3788
4.1639,1.281,6.6965
4.1639,1.3204,7.0145
4.1639,1.3598,7.3328
4.1639,1.3992,7.6513
4.1639,1.4386,7.9699
4.1639,1.478,8.2885
4.1639,1.5174,8.6071
4.1639,1.5569,8.9254
4.1639,1.5963,9.2433
4.1639,1.6357,9.5607
4.1639,1.6751,9.8773
4.1639,1.7145,10.193
4.1639,1.7539,10.492
4.1639,1.7933,10.787
4.1639,1.8327,11.081
4.1639,1.8721,11.374
4.1639,1.9115,11.666
4.1639,1.9509,11.985
4.1639,1.9904,12.281
4.1639,2.0298,12.569
4.1639,2.0692,12.855
4.1639,2.1086,13.138
4.1639,2.148,13.43
4.3204,0.17754,-1.9171
4.3204,0.21695,-1.6107
4.3204,0.25635,-1.3041
4.3204,0.29576,-0.99369
4.3204,0.33517,-0.683
4.3204,0.37458,-0.37164
4.3204,0.41399,-0.059289
4.3204,0.4534,0.25416
4.3204,0.49281,0.56837
4.3204,0.53222,0.8832
4.3204,0.57163,1.1985
4.3204,0.61104,1.5141
4.3204,0.65044,1.8297
4.3204,0.68985,2.1455
4.3204,0.72926,2.4612
4.3204,0.76867,2.7783
4.3204,0.80808,3.0946
4.3204,0.84749,3.411
4.3204,0.8869,3.7276
4.3204,0.92631,4.0445
4.3204,0.96572,4.3616
4.3204,1.0051,4.6792
4.3204,1.0445,4.9971
4.3204,1.0839,5.3154
4.3204,1.1234,5.6336
4.3204,1.1628,5.9526
4.3204,1.2022,6.2714
4.3204,1.2416,6.5902
4.3204,1.281,6.912
4.3204,1.3204,7.2439
4.3204,1.3598,7.5678
4.3204,1.3992,7.8921
4.3204,1.4386,8.2238
4.3204,1.478,8.5503
4.3204,1.5174,8.8691
4.3204,1.5569,9.1908
4.3204,1.5963,9.5152
4.3204,1.6357,9.839
4.3204,1.6751,10.162
4.3204,1.7145,10.485
4.3204,1.7539,10.806
4.3204,1.7933,11.126
4.3204,1.8327,11.444
4.3204,1.8721,11.76
4.3204,1.9115,12.075
4.3204,1.9509,12.387
4.3204,1.9904,12.696
4.3204,2.0298,13.003
4.3204,2.0692,13.307
4.3204,2.1086,13.608
4.3204,2.148,13.887
4.477,0.17754,-1.769
4.477,0.21695,-1.4598
4.477,0.25635,-1.1498
4.477,0.29576,-0.83911
4.477,0.33517,-0.52777
4.477,0.37458,-0.21585
4.477,0.41399,0.096599
4.477,0.4534,0.40953
4.477,0.49281,0.7229
4.477,0.53222,1.0366
4.477,0.57163,1.3506
4.477,0.61104,1.6651
4.477,0.65044,1.9801
4.477,0.68985,2.2967
4.477,0.72926,2.6128
4.477,0.76867,2.929
4.477,0.80808,3.2466
4.477,0.84749,3.5635
4.477,0.8869,3.8811
4.477,0.92631,4.2015
4.477,0.96572,4.5203
4.477,1.0051,4.8393
4.477,1.0445,5.1586
4.477,1.0839,5.48
4.477,1.1234,5.8051
4.477,1.1628,6.1362
4.477,1.2022,6.4593
4.477,1.2416,6.7887
4.477,1.281,7.1195
4.477,1.3204,7.4519
4.477,1.3598,7.7876
4.477,1.3992,8.1438
4.477,1.4386,8.4652
4.477,1.478,8.7958
4.477,1.5174,9.1348
4.477,1.5569,9.4745
4.477,1.5963,9.8147
4.477,1.6357,10.155
4.477,1.6751,10.496
4.477,1.7145,10.835
4.477,1.7539,11.161
4.477,1.7933,11.497
4.477,1.8327,11.85
4.477,1.8721,12.184
4.477,1.9115,12.516
4.477,1.9509,12.845
4.477,1.9904,13.161
4.477,2.0298,13.461
4.477,2.0692,13.756
4.477,2.1086,14.099
4.477,2.148,14.39
4.6335,0.17754,-1.6658
4.6335,0.21695,-1.3542
4.6335,0.25635,-1.0422
4.6335,0.29576,-0.72965
4.6335,0.33517,-0.41669
4.6335,0.37458,-0.10333
4.6335,0.41399,0.21038
4.6335,0.4534,0.52439
4.6335,0.49281,0.83867
4.6335,0.53222,1.1532
4.6335,0.57163,1.468
4.6335,0.61104,1.7822
4.6335,0.65044,2.0967
4.6335,0.68985,2.4115
4.6335,0.72926,2.7268
4.6335,0.76867,3.0427
4.6335,0.80808,3.3606
4.6335,0.84749,3.6796
4.6335,0.8869,4
4.6335,0.92631,4.3225
4.6335,0.96572,4.6474
4.6335,1.0051,4.9753
4.6335,1.0445,5.307
4.6335,1.0839,5.6402
4.6335,1.1234,5.9731
4.6335,1.1628,6.3029
4.6335,1.2022,6.6334
4.6335,1.2416,6.9641
4.6335,1.281,7.2947
4.6335,1.3204,7.625
4.6335,1.3598,7.9547
4.6335,1.3992,8.2918
4.6335,1.4386,8.6404
4.6335,1.478,8.9728
4.6335,1.5174,9.3295
4.6335,1.5569,9.6922
4.6335,1.5963,10.052
4.6335,1.6357,10.389
4.6335,1.6751,10.774
4.6335,1.7145,11.162
4.6335,1.7539,11.492
4.6335,1.7933,11.861
4.6335,1.8327,12.198
4.6335,1.8721,12.531
4.6335,1.9115,12.86
4.6335,1.9509,13.185
4.6335,1.9904,13.503
4.6335,2.0298,13.817
4.6335,2.0692,14.125
4.6335,2.1086,14.427
4.6335,2.148,14.767
4.79,0.17754,-1.5764
4.79,0.21695,-1.2621
4.79,0.25635,-0.94745
4.79,0.29576,-0.63238
4.79,0.33517,-0.31694
4.79,0.37458,-0.0011952
4.79,0.41399,0.31482
4.79,0.4534,0.63107
4.79,0.49281,0.94751
4.79,0.53222,1.2641
4.79,0.57163,1.5807
4.79,0.61104,1.8973
4.79,0.65044,2.2141
4.79,0.68985,2.5311
4.79,0.72926,2.8484
4.79,0.76867,3.1661
4.79,0.80808,3.4845
4.79,0.84749,3.8033
4.79,0.8869,4.1227
4.79,0.92631,4.443
4.79,0.96572,4.7644
4.79,1.0051,5.0871
4.79,1.0445,5.4114
4.79,1.0839,5.737
4.79,1.1234,6.0645
4.79,1.1628,6.3942
4.79,1.2022,6.7265
4.79,1.2416,7.0617
4.79,1.281,7.4001
4.79,1.3204,7.7421
4.79,1.3598,8.0883
4.79,1.3992,8.439
4.79,1.4386,8.7948
4.79,1.478,9.1562
4.79,1.5174,9.5237
4.79,1.5569,9.898
4.79,1.5963,10.279
4.79,1.6357,10.653
4.79,1.6751,11.001
4.79,1.7145,11.347
4.79,1.7539,11.69
4.79,1.7933,12.031
4.79,1.8327,12.37
4.79,1.8721,12.706
4.79,1.9115,13.04
4.79,1.9509,13.371
4.79,1.9904,13.777
4.79,2.0298,14.193
4.79,2.0692,14.616
4.79,2.1086,15.046
4.79,2.148,15.376
4.9465,0.17754,-1.4751
4.9465,0.21695,-1.1595
4.9465,0.25635,-0.84336
4.9465,0.29576,-0.52674
4.9465,0.33517,-0.2095
4.9465,0.37458,0.1081
4.9465,0.41399,0.42601
4.9465,0.4534,0.7442
4.9465,0.49281,1.0624
4.9465,0.53222,1.3813
4.9465,0.57163,1.7001
4.9465,0.61104,2.0191
4.9465,0.65044,2.3383
4.9465,0.68985,2.6577
4.9465,0.72926,2.9772
4.9465,0.76867,3.2972
4.9465,0.80808,3.6175
4.9465,0.84749,3.9382
4.9465,0.8869,4.2593
4.9465,0.92631,4.5808
4.9465,0.96572,4.9031
4.9465,1.0051,5.226
4.9465,1.0445,5.5498
4.9465,1.0839,5.8743
4.9465,1.1234,6.1998
4.9465,1.1628,6.5264
4.9465,1.2022,6.8544
4.9465,1.2416,7.1838
4.9465,1.281,7.5148
4.9465,1.3204,7.8476
4.9465,1.3598,8.1823
4.9465,1.3992,8.5193
4.9465,1.4386,8.8586
4.9465,1.478,9.2007
4.9465,1.5174,9.5457
4.9465,1.5569,9.894
4.9465,1.5963,10.246
4.9465,1.6357,10.602
4.9465,1.6751,10.962
4.9465,1.7145,11.327
4.9465,1.7539,11.698
4.9465,1.7933,12.074
4.9465,1.8327,12.456
4.9465,1.8721,12.845
4.9465,1.9115,13.241
4.9465,1.9509,13.643
4.9465,1.9904,14.052
4.9465,2.0298,14.467
4.9465,2.0692,14.889
4.9465,2.1086,15.316
4.9465,2.148,15.722
5.103,0.17754,-1.3701
5.103,0.21695,-1.0525
5.103,0.25635,-0.73429
5.103,0.29576,-0.41552
5.103,0.33517,-0.096033
5.103,0.37458,0.22383
5.103,0.41399,0.5438
5.103,0.4534,0.86451
5.103,0.49281,1.1854
5.103,0.53222,1.5065
5.103,0.57163,1.8275
5.103,0.61104,2.1488
5.103,0.65044,2.4699
5.103,0.68985,2.7913
5.103,0.72926,3.1128
5.103,0.76867,3.4345
5.103,0.80808,3.7564
5.103,0.84749,4.0788
5.103,0.8869,4.4017
5.103,0.92631,4.7249
5.103,0.96572,5.0486
5.103,1.0051,5.3728
5.103,1.0445,5.6976
5.103,1.0839,6.023
5.103,1.1234,6.3491
5.103,1.1628,6.676
5.103,1.2022,7.0036
5.103,1.2416,7.3321
5.103,1.281,7.6615
5.103,1.3204,7.9919
5.103,1.3598,8.3233
5.103,1.3992,8.6569
5.103,1.4386,8.9944
5.103,1.478,9.3342
5.103,1.5174,9.6765
5.103,1.5569,10.022
5.103,1.5963,10.37
5.103,1.6357,10.723
5.103,1.6751,11.079
5.103,1.7145,11.441
5.103,1.7539,11.809
5.103,1.7933,12.18
5.103,1.8327,12.547
5.103,1.8721,12.917
5.103,1.9115,13.291
5.103,1.9509,13.669
5.103,1.9904,14.051
5.103,2.0298,14.437
5.103,2.0692,14.827
5.103,2.1086,15.221
5.103,2.148,15.618
5.2596,0.17754,-1.2663
5.2596,0.21695,-0.94751
5.2596,0.25635,-0.62826
5.2596,0.29576,-0.3085
5.2596,0.33517,0.01155
5.2596,0.37458,0.3322
5.2596,0.41399,0.65358
5.2596,0.4534,0.97562
5.2596,0.49281,1.2981
5.2596,0.53222,1.6211
5.2596,0.57163,1.9445
5.2596,0.61104,2.2682
5.2596,0.65044,2.5922
5.2596,0.68985,2.9164
5.2596,0.72926,3.2409
5.2596,0.76867,3.5657
5.2596,0.80808,3.8908
5.2596,0.84749,4.2162
5.2596,0.8869,4.5419
5.2596,0.92631,4.8676
5.2596,0.96572,5.1941
5.2596,1.0051,5.5214
5.2596,1.0445,5.849
5.2596,1.0839,6.1767
5.2596,1.1234,6.5049
5.2596,1.1628,6.8336
5.2596,1.2022,7.1631
5.2596,1.2416,7.4955
5.2596,1.281,7.8291
5.2596,1.3204,8.1641
5.2596,1.3598,8.5006
5.2596,1.3992,8.8389
5.2596,1.4386,9.1791
5.2596,1.478,9.5178
5.2596,1.5174,9.8578
5.2596,1.5569,10.199
5.2596,1.5963,10.542
5.2596,1.6357,10.886
5.2596,1.6751,11.239
5.2596,1.7145,11.594
5.2596,1.7539,11.953
5.2596,1.7933,12.309
5.2596,1.8327,12.667
5.2596,1.8721,13.027
5.2596,1.9115,13.39
5.2596,1.9509,13.755
5.2596,1.9904,14.124
5.2596,2.0298,14.494
5.2596,2.0692,14.857
5.2596,2.1086,15.222
5.2596,2.148,15.587
5.4161,0.17754,-1.1743
5.4161,0.21695,-0.85479
5.4161,0.25635,-0.53472
5.4161,0.29576,-0.21412
5.4161,0.33517,0.107
5.4161,0.37458,0.42865
5.4161,0.41399,0.75134
5.4161,0.4534,1.0747
5.4161,0.49281,1.3981
5.4161,0.53222,1.7215
5.4161,0.57163,2.0453
5.4161,0.61104,2.3695
5.4161,0.65044,2.6942
5.4161,0.68985,3.019
5.4161,0.72926,3.3445
5.4161,0.76867,3.6706
5.4161,0.80808,3.9971
5.4161,0.84749,4.3242
5.4161,0.8869,4.6518
5.4161,0.92631,4.9799
5.4161,0.96572,5.3088
5.4161,1.0051,5.638
5.4161,1.0445,5.9676
5.4161,1.0839,6.2978
5.4161,1.1234,6.6285
5.4161,1.1628,6.9599
5.4161,1.2022,7.292
5.4161,1.2416,7.6248
5.4161,1.281,7.9584
5.4161,1.3204,8.2928
5.4161,1.3598,8.628
5.4161,1.3992,8.9641
5.4161,1.4386,9.3011
5.4161,1.478,9.6381
5.4161,1.5174,9.9754
5.4161,1.5569,10.313
5.4161,1.5963,10.652
5.4161,1.6357,10.992
5.4161,1.6751,11.332
5.4161,1.7145,11.673
5.4161,1.7539,12.014
5.4161,1.7933,12.357
5.4161,1.8327,12.706
5.4161,1.8721,13.062
5.4161,1.9115,13.415
5.4161,1.9509,13.761
5.4161,1.9904,14.109
5.4161,2.0298,14.457
5.4161,2.0692,14.808
5.4161,2.1086,15.178
5.4161,2.148,15.553
5.5726,0.17754,-1.1458
5.5726,0.21695,-0.82039
5.5726,0.25635,-0.49485
5.5726,0.29576,-0.16919
5.5726,0.33517,0.15659
5.5726,0.37458,0.48249
5.5726,0.41399,0.80851
5.5726,0.4534,1.1346
5.5726,0.49281,1.4609
5.5726,0.53222,1.7873
5.5726,0.57163,2.1139
5.5726,0.61104,2.4404
5.5726,0.65044,2.7659
5.5726,0.68985,3.0917
5.5726,0.72926,3.4179
5.5726,0.76867,3.7444
5.5726,0.80808,4.0711
5.5726,0.84749,4.399
5.5726,0.8869,4.7282
5.5726,0.92631,5.0577
5.5726,0.96572,5.3877
5.5726,1.0051,5.7182
5.5726,1.0445,6.0492
5.5726,1.0839,6.3809
5.5726,1.1234,6.7134
5.5726,1.1628,7.0467
5.5726,1.2022,7.3809
5.5726,1.2416,7.7163
5.5726,1.281,8.0527
5.5726,1.3204,8.3901
5.5726,1.3598,8.7295
5.5726,1.3992,9.0702
5.5726,1.4386,9.4124
5.5726,1.478,9.7481
5.5726,1.5174,10.088
5.5726,1.5569,10.426
5.5726,1.5963,10.762
5.5726,1.6357,11.097
5.5726,1.6751,11.433
5.5726,1.7145,11.769
5.5726,1.7539,12.106
5.5726,1.7933,12.443
5.5726,1.8327,12.78
5.5726,1.8721,13.118
5.5726,1.9115,13.469
5.5726,1.9509,13.82
5.5726,1.9904,14.162
5.5726,2.0298,14.505
5.5726,2.0692,14.848
5.5726,2.1086,15.192
5.5726,2.148,15.536
5.7291,0.17754,-1.1216
5.7291,0.21695,-0.79434
5.7291,0.25635,-0.46712
5.7291,0.29576,-0.1399
5.7291,0.33517,0.18733
5.7291,0.37458,0.51459
5.7291,0.41399,0.84187
5.7291,0.4534,1.1692
5.7291,0.49281,1.4966
5.7291,0.53222,1.824
5.7291,0.57163,2.1515
5.7291,0.61104,2.4791
5.7291,0.65044,2.8063
5.7291,0.68985,3.1336
5.7291,0.72926,3.4612
5.7291,0.76867,3.7891
5.7291,0.80808,4.1172
5.7291,0.84749,4.4457
5.7291,0.8869,4.775
5.7291,0.92631,5.1047
5.7291,0.96572,5.4348
5.7291,1.0051,5.7652
5.7291,1.0445,6.0959
5.7291,1.0839,6.427
5.7291,1.1234,6.7584
5.7291,1.1628,7.0901
5.7291,1.2022,7.4223
5.7291,1.2416,7.7548
5.7291,1.281,8.0878
5.7291,1.3204,8.4211
5.7291,1.3598,8.7549
5.7291,1.3992,9.089
5.7291,1.4386,9.4238
5.7291,1.478,9.7589
5.7291,1.5174,10.095
5.7291,1.5569,10.431
5.7291,1.5963,10.765
5.7291,1.6357,11.099
5.7291,1.6751,11.436
5.7291,1.7145,11.773
5.7291,1.7539,12.11
5.7291,1.7933,12.448
5.7291,1.8327,12.787
5.7291,1.8721,13.126
5.7291,1.9115,13.466
5.7291,1.9509,13.807
5.7291,1.9904,14.148
5.7291,2.0298,14.49
5.7291,2.0692,14.832
5.7291,2.1086,15.176
5.7291,2.148,15.52
5.8856,0.17754,-1.0748
5.8856,0.21695,-0.74525
5.8856,0.25635,-0.41608
5.8856,0.29576,-0.087249
5.8856,0.33517,0.2413
5.8856,0.37458,0.56962
5.8856,0.41399,0.89776
5.8856,0.4534,1.2258
5.8856,0.49281,1.5537
5.8856,0.53222,1.8815
5.8856,0.57163,2.2094
5.8856,0.61104,2.5374
5.8856,0.65044,2.8655
5.8856,0.68985,3.1938
5.8856,0.72926,3.5223
5.8856,0.76867,3.8511
5.8856,0.80808,4.1802
5.8856,0.84749,4.5096
5.8856,0.8869,4.8394
5.8856,0.92631,5.1699
5.8856,0.96572,5.5006
5.8856,1.0051,5.8317
5.8856,1.0445,6.163
5.8856,1.0839,6.4947
5.8856,1.1234,6.8266
5.8856,1.1628,7.1589
5.8856,1.2022,7.4914
5.8856,1.2416,7.8242
5.8856,1.281,8.1572
5.8856,1.3204,8.4906
5.8856,1.3598,8.8241
5.8856,1.3992,9.158
5.8856,1.4386,9.4922
5.8856,1.478,9.8268
5.8856,1.5174,10.162
5.8856,1.5569,10.497
5.8856,1.5963,10.833
5.8856,1.6357,11.168
5.8856,1.6751,11.503
5.8856,1.7145,11.839
5.8856,1.7539,12.175
5.8856,1.7933,12.511
5.8856,1.8327,12.847
5.8856,1.8721,13.183
5.8856,1.9115,13.519
5.8856,1.9509,13.856
5.8856,1.9904,14.192
5.8856,2.0298,14.528
5.8856,2.0692,14.864
5.8856,2.1086,15.199
5.8856,2.148,15.535
6.0422,0.17754,-1.0375
6.0422,0.21695,-0.70421
6.0422,0.25635,-0.37116
6.0422,0.29576,-0.038293
6.0422,0.33517,0.29397
6.0422,0.37458,0.62583
6.0422,0.41399,0.95736
6.0422,0.4534,1.2886
6.0422,0.49281,1.62
6.0422,0.53222,1.9509
6.0422,0.57163,2.2816
6.0422,0.61104,2.6121
6.0422,0.65044,2.9426
6.0422,0.68985,3.2731
6.0422,0.72926,3.6037
6.0422,0.76867,3.9346
6.0422,0.80808,4.2665
6.0422,0.84749,4.5986
6.0422,0.8869,4.9311
6.0422,0.92631,5.2639
6.0422,0.96572,5.597
6.0422,1.0051,5.9304
6.0422,1.0445,6.264
6.0422,1.0839,6.598
6.0422,1.1234,6.9315
6.0422,1.1628,7.2641
6.0422,1.2022,7.5969
6.0422,1.2416,7.93
6.0422,1.281,8.2632
6.0422,1.3204,8.5966
6.0422,1.3598,8.9302
6.0422,1.3992,9.264
6.0422,1.4386,9.5979
6.0422,1.478,9.9321
6.0422,1.5174,10.266
6.0422,1.5569,10.601
6.0422,1.5963,10.935
6.0422,1.6357,11.27
6.0422,1.6751,11.605
6.0422,1.7145,11.94
6.0422,1.7539,12.276
6.0422,1.7933,12.611
6.0422,1.8327,12.947
6.0422,1.8721,13.283
6.0422,1.9115,13.619
6.0422,1.9509,13.955
6.0422,1.9904,14.292
6.0422,2.0298,14.628
6.0422,2.0692,14.964
6.0422,2.1086,15.3
6.0422,2.148,15.636
6.1987,0.17754,-1.0115
6.1987,0.21695,-0.67233
6.1987,0.25635,-0.33359
6.1987,0.29576,0.0045162
6.1987,0.33517,0.34204
6.1987,0.37458,0.67919
6.1987,0.41399,1.016
6.1987,0.4534,1.3524
6.1987,0.49281,1.6887
6.1987,0.53222,2.0248
6.1987,0.57163,2.3604
6.1987,0.61104,2.6957
6.1987,0.65044,3.031
6.1987,0.68985,3.3661
6.1987,0.72926,3.7013
6.1987,0.76867,4.0366
6.1987,0.80808,4.372
6.1987,0.84749,4.7074
6.1987,0.8869,5.043
6.1987,0.92631,5.3786
6.1987,0.96572,5.7144
6.1987,1.0051,6.0502
6.1987,1.0445,6.3862
6.1987,1.0839,6.7222
6.1987,1.1234,7.0583
6.1987,1.1628,7.3944
6.1987,1.2022,7.7305
6.1987,1.2416,8.0667
6.1987,1.281,8.4028
6.1987,1.3204,8.7388
6.1987,1.3598,9.0748
6.1987,1.3992,9.4107
6.1987,1.4386,9.7466
6.1987,1.478,10.083
6.1987,1.5174,10.419
6.1987,1.5569,10.754
6.1987,1.5963,11.088
6.1987,1.6357,11.423
6.1987,1.6751,11.758
6.1987,1.7145,12.092
6.1987,1.7539,12.426
6.1987,1.7933,12.76
6.1987,1.8327,13.094
6.1987,1.8721,13.428
6.1987,1.9115,13.762
6.1987,1.9509,14.095
6.1987,1.9904,14.429
6.1987,2.0298,14.762
6.1987,2.0692,15.095
6.1987,2.1086,15.428
6.1987,2.148,15.761
6.3552,0.17754,-1.0025
6.3552,0.21695,-0.65726
6.3552,0.25635,-0.31257
6.3552,0.29576,0.031585
6.3552,0.33517,0.37522
6.3552,0.37458,0.71835
6.3552,0.41399,1.061
6.3552,0.4534,1.4033
6.3552,0.49281,1.7453
6.3552,0.53222,2.0869
6.3552,0.57163,2.4278
6.3552,0.61104,2.7684
6.3552,0.65044,3.109
6.3552,0.68985,3.4494
6.3552,0.72926,3.7897
6.3552,0.76867,4.1299
6.3552,0.80808,4.47
6.3552,0.84749,4.8101
6.3552,0.8869,5.1502
6.3552,0.92631,5.4903
6.3552,0.96572,5.8304
6.3552,1.0051,6.1702
6.3552,1.0445,6.5103
6.3552,1.0839,6.8502
6.3552,1.1234,7.1898
6.3552,1.1628,7.5296
6.3552,1.2022,7.8688
6.3552,1.2416,8.2079
6.3552,1.281,8.547
6.3552,1.3204,8.8865
6.3552,1.3598,9.2256
6.3552,1.3992,9.5645
6.3552,1.4386,9.9029
6.3552,1.478,10.241
6.3552,1.5174,10.579
6.3552,1.5569,10.916
6.3552,1.5963,11.253
6.3552,1.6357,11.59
6.3552,1.6751,11.926
6.3552,1.7145,12.262
6.3552,1.7539,12.597
6.3552,1.7933,12.932
6.3552,1.8327,13.267
6.3552,1.8721,13.601
6.3552,1.9115,13.934
6.3552,1.9509,14.267
6.3552,1.9904,14.6
6.3552,2.0298,14.932
6.3552,2.0692,15.263
6.3552,2.1086,15.594
6.3552,2.148,15.924
6.5117,0.17754,-1.0193
6.5117,0.21695,-0.66748
6.5117,0.25635,-0.31636
6.5117,0.29576,0.034372
6.5117,0.33517,0.38472
6.5117,0.37458,0.73466
6.5117,0.41399,1.0842
6.5117,0.4534,1.4334
6.5117,0.49281,1.7821
6.5117,0.53222,2.1305
6.5117,0.57163,2.4789
6.5117,0.61104,2.8272
6.5117,0.65044,3.1752
6.5117,0.68985,3.5229
6.5117,0.72926,3.8703
6.5117,0.76867,4.2174
6.5117,0.80808,4.5642
6.5117,0.84749,4.9108
6.5117,0.8869,5.257
6.5117,0.92631,5.6024
6.5117,0.96572,5.9475
6.5117,1.0051,6.2923
6.5117,1.0445,6.637
6.5117,1.0839,6.9823
6.5117,1.1234,7.3273
6.5117,1.1628,7.672
6.5117,1.2022,8.0164
6.5117,1.2416,8.3604
6.5117,1.281,8.7041
6.5117,1.3204,9.0473
6.5117,1.3598,9.3902
6.5117,1.3992,9.7325
6.5117,1.4386,10.074
6.5117,1.478,10.416
6.5117,1.5174,10.757
6.5117,1.5569,11.098
6.5117,1.5963,11.437
6.5117,1.6357,11.777
6.5117,1.6751,12.115
6.5117,1.7145,12.453
6.5117,1.7539,12.79
6.5117,1.7933,13.126
6.5117,1.8327,13.461
6.5117,1.8721,13.795
6.5117,1.9115,14.128
6.5117,1.9509,14.46
6.5117,1.9904,14.794
6.5117,2.0298,15.128
6.5117,2.0692,15.462
6.5117,2.1086,15.795
6.5117,2.148,16.128
6.6682,0.17754,-1.0417
6.6682,0.21695,-0.68324
6.6682,0.25635,-0.32482
6.6682,0.29576,0.033466
6.6682,0.33517,0.39159
6.6682,0.37458,0.74954
6.6682,0.41399,1.1065
6.6682,0.4534,1.4631
6.6682,0.49281,1.8193
6.6682,0.53222,2.1751
6.6682,0.57163,2.5304
6.6682,0.61104,2.8853
6.6682,0.65044,3.2398
6.6682,0.68985,3.5938
6.6682,0.72926,3.9474
6.6682,0.76867,4.3006
6.6682,0.80808,4.6533
6.6682,0.84749,5.0056
6.6682,0.8869,5.3575
6.6682,0.92631,5.7089
6.6682,0.96572,6.0612
6.6682,1.0051,6.4131
6.6682,1.0445,6.7647
6.6682,1.0839,7.1161
6.6682,1.1234,7.467
6.6682,1.1628,7.8177
6.6682,1.2022,8.168
6.6682,1.2416,8.518
6.6682,1.281,8.8677
6.6682,1.3204,9.217
6.6682,1.3598,9.5659
6.6682,1.3992,9.9145
6.6682,1.4386,10.263
6.6682,1.478,10.611
6.6682,1.5174,10.959
6.6682,1.5569,11.306
6.6682,1.5963,11.653
6.6682,1.6357,11.999
6.6682,1.6751,12.344
6.6682,1.7145,12.689
6.6682,1.7539,13.033
6.6682,1.7933,13.376
6.6682,1.8327,13.719
6.6682,1.8721,14.061
6.6682,1.9115,14.401
6.6682,1.9509,14.741
6.6682,1.9904,15.08
6.6682,2.0298,15.417
6.6682,2.0692,15.754
6.6682,2.1086,16.089
6.6682,2.148,16.422
6.8248,0.17754,-1.0528
6.8248,0.21695,-0.68863
6.8248,0.25635,-0.32477
6.8248,0.29576,0.038814
6.8248,0.33517,0.4021
6.8248,0.37458,0.76507
6.8248,0.41399,1.1277
6.8248,0.4534,1.4902
6.8248,0.49281,1.8529
6.8248,0.53222,2.2154
6.8248,0.57163,2.5778
6.8248,0.61104,2.94
6.8248,0.65044,3.3021
6.8248,0.68985,3.664
6.8248,0.72926,4.0255
6.8248,0.76867,4.3854
6.8248,0.80808,4.7449
6.8248,0.84749,5.1039
6.8248,0.8869,5.4625
6.8248,0.92631,5.8207
6.8248,0.96572,6.1784
6.8248,1.0051,6.5358
6.8248,1.0445,6.8936
6.8248,1.0839,7.2512
6.8248,1.1234,7.6084
6.8248,1.1628,7.9652
6.8248,1.2022,8.3217
6.8248,1.2416,8.6779
6.8248,1.281,9.0337
6.8248,1.3204,9.3891
6.8248,1.3598,9.7441
6.8248,1.3992,10.099
6.8248,1.4386,10.453
6.8248,1.478,10.807
6.8248,1.5174,11.16
6.8248,1.5569,11.513
6.8248,1.5963,11.866
6.8248,1.6357,12.218
6.8248,1.6751,12.57
6.8248,1.7145,12.92
6.8248,1.7539,13.27
6.8248,1.7933,13.62
6.8248,1.8327,13.969
6.8248,1.8721,14.318
6.8248,1.9115,14.666
6.8248,1.9509,15.015
6.8248,1.9904,15.363
6.8248,2.0298,15.71
6.8248,2.0692,16.057
6.8248,2.1086,16.402
6.8248,2.148,16.748
6.9813,0.17754,-1.0632
6.9813,0.21695,-0.6921
6.9813,0.25635,-0.32121
6.9813,0.29576,0.049434
6.9813,0.33517,0.4198
6.9813,0.37458,0.78989
6.9813,0.41399,1.1597
6.9813,0.4534,1.5291
6.9813,0.49281,1.8982
6.9813,0.53222,2.267
6.9813,0.57163,2.6354
6.9813,0.61104,3.0034
6.9813,0.65044,3.3713
6.9813,0.68985,3.7393
6.9813,0.72926,4.1064
6.9813,0.76867,4.4727
6.9813,0.80808,4.8385
6.9813,0.84749,5.2038
6.9813,0.8869,5.5687
6.9813,0.92631,5.9331
6.9813,0.96572,6.297
6.9813,1.0051,6.6621
6.9813,1.0445,7.0273
6.9813,1.0839,7.3921
6.9813,1.1234,7.7565
6.9813,1.1628,8.1204
6.9813,1.2022,8.4832
6.9813,1.2416,8.8444
6.9813,1.281,9.2051
6.9813,1.3204,9.5654
6.9813,1.3598,9.9253
6.9813,1.3992,10.285
6.9813,1.4386,10.644
6.9813,1.478,11.002
6.9813,1.5174,11.361
6.9813,1.5569,11.718
6.9813,1.5963,12.076
6.9813,1.6357,12.433
6.9813,1.6751,12.789
6.9813,1.7145,13.145
6.9813,1.7539,13.501
6.9813,1.7933,13.857
6.9813,1.8327,14.212
6.9813,1.8721,14.566
6.9813,1.9115,14.92
6.9813,1.9509,15.273
6.9813,1.9904,15.626
6.9813,2.0298,15.978
6.9813,2.0692,16.329
6.9813,2.1086,16.679
6.9813,2.148,17.029
7.1378,0.17754,-1.0589
7.1378,0.21695,-0.68413
7.1378,0.25635,-0.30929
7.1378,0.29576,0.06537
7.1378,0.33517,0.43996
7.1378,0.37458,0.81479
7.1378,0.41399,1.1897
7.1378,0.4534,1.5645
7.1378,0.49281,1.939
7.1378,0.53222,2.3134
7.1378,0.57163,2.6876
7.1378,0.61104,3.0615
7.1378,0.65044,3.4352
7.1378,0.68985,3.8086
7.1378,0.72926,4.1817
7.1378,0.76867,4.5545
7.1378,0.80808,4.927
7.1378,0.84749,5.299
7.1378,0.8869,5.6707
7.1378,0.92631,6.0419
7.1378,0.96572,6.4126
7.1378,1.0051,6.7829
7.1378,1.0445,7.1528
7.1378,1.0839,7.5221
7.1378,1.1234,7.8909
7.1378,1.1628,8.2593
7.1378,1.2022,8.6271
7.1378,1.2416,8.9945
7.1378,1.281,9.3613
7.1378,1.3204,9.7276
7.1378,1.3598,10.093
7.1378,1.3992,10.459
7.1378,1.4386,10.824
7.1378,1.478,11.188
7.1378,1.5174,11.552
7.1378,1.5569,11.915
7.1378,1.5963,12.278
7.1378,1.6357,12.64
7.1378,1.6751,13.002
7.1378,1.7145,13.363
7.1378,1.7539,13.723
7.1378,1.7933,14.083
7.1378,1.8327,14.442
7.1378,1.8721,14.801
7.1378,1.9115,15.159
7.1378,1.9509,15.516
7.1378,1.9904,15.872
7.1378,2.0298,16.228
7.1378,2.0692,16.582
7.1378,2.1086,16.936
7.1378,2.148,17.288
7.2943,0.17754,-1.0784
7.2943,0.21695,-0.69844
7.2943,0.25635,-0.31892
7.2943,0.29576,0.060196
7.2943,0.33517,0.43894
7.2943,0.37458,0.81735
7.2943,0.41399,1.1955
7.2943,0.4534,1.5733
7.2943,0.49281,1.9509
7.2943,0.53222,2.3282
7.2943,0.57163,2.7054
7.2943,0.61104,3.0825
7.2943,0.65044,3.4594
7.2943,0.68985,3.8362
7.2943,0.72926,4.2129
7.2943,0.76867,4.5896
7.2943,0.80808,4.9662
7.2943,0.84749,5.3426
7.2943,0.8869,5.7187
7.2943,0.92631,6.0947
7.2943,0.96572,6.4704
7.2943,1.0051,6.8461
7.2943,1.0445,7.2217
7.2943,1.0839,7.5971
7.2943,1.1234,7.9719
7.2943,1.1628,8.3466
7.2943,1.2022,8.7209
7.2943,1.2416,9.0946
7.2943,1.281,9.4678
7.2943,1.3204,9.8404
7.2943,1.3598,10.212
7.2943,1.3992,10.583
7.2943,1.4386,10.954
7.2943,1.478,11.324
7.2943,1.5174,11.694
7.2943,1.5569,12.062
7.2943,1.5963,12.43
7.2943,1.6357,12.798
7.2943,1.6751,13.164
7.2943,1.7145,13.53
7.2943,1.7539,13.895
7.2943,1.7933,14.258
7.2943,1.8327,14.62
7.2943,1.8721,14.981
7.2943,1.9115,15.341
7.2943,1.9509,15.7
7.2943,1.9904,16.058
7.2943,2.0298,16.414
7.2943,2.0692,16.769
7.2943,2.1086,17.123
7.2943,2.148,17.475
7.4509,0.17754,-1.1032
7.4509,0.21695,-0.71957
7.4509,0.25635,-0.33646
7.4509,0.29576,0.046127
7.4509,0.33517,0.42822
7.4509,0.37458,0.80987
7.4509,0.41399,1.1911
7.4509,0.4534,1.572
7.4509,0.49281,1.9525
7.4509,0.53222,2.3327
7.4509,0.57163,2.7127
7.4509,0.61104,3.0925
7.4509,0.65044,3.4721
7.4509,0.68985,3.8512
7.4509,0.72926,4.23
7.4509,0.76867,4.6084
7.4509,0.80808,4.9873
7.4509,0.84749,5.3664
7.4509,0.8869,5.7453
7.4509,0.92631,6.124
7.4509,0.96572,6.5019
7.4509,1.0051,6.8796
7.4509,1.0445,7.2569
7.4509,1.0839,7.6338
7.4509,1.1234,8.0103
7.4509,1.1628,8.3856
7.4509,1.2022,8.7618
7.4509,1.2416,9.137
7.4509,1.281,9.5115
7.4509,1.3204,9.8855
7.4509,1.3598,10.259
7.4509,1.3992,10.631
7.4509,1.4386,11.003
7.4509,1.478,11.374
7.4509,1.5174,11.745
7.4509,1.5569,12.114
7.4509,1.5963,12.483
7.4509,1.6357,12.85
7.4509,1.6751,13.216
7.4509,1.7145,13.581
7.4509,1.7539,13.945
7.4509,1.7933,14.308
7.4509,1.8327,14.67
7.4509,1.8721,15.031
7.4509,1.9115,15.393
7.4509,1.9509,15.753
7.4509,1.9904,16.112
7.4509,2.0298,16.47
7.4509,2.0692,16.827
7.4509,2.1086,17.182
7.4509,2.148,17.535
7.6074,0.17754,-1.1172
7.6074,0.21695,-0.73226
7.6074,0.25635,-0.34804
7.6074,0.29576,0.035531
7.6074,0.33517,0.41849
7.6074,0.37458,0.80088
7.6074,0.41399,1.1828
7.6074,0.4534,1.5642
7.6074,0.49281,1.9452
7.6074,0.53222,2.3258
7.6074,0.57163,2.7061
7.6074,0.61104,3.086
7.6074,0.65044,3.4658
7.6074,0.68985,3.8453
7.6074,0.72926,4.2241
7.6074,0.76867,4.6025
7.6074,0.80808,4.9806
7.6074,0.84749,5.3598
7.6074,0.8869,5.7389
7.6074,0.92631,6.1179
7.6074,0.96572,6.4962
7.6074,1.0051,6.874
7.6074,1.0445,7.2515
7.6074,1.0839,7.6287
7.6074,1.1234,8.0056
7.6074,1.1628,8.382
7.6074,1.2022,8.7578
7.6074,1.2416,9.1334
7.6074,1.281,9.5088
7.6074,1.3204,9.8835
7.6074,1.3598,10.258
7.6074,1.3992,10.631
7.6074,1.4386,11.004
7.6074,1.478,11.376
7.6074,1.5174,11.748
7.6074,1.5569,12.118
7.6074,1.5963,12.488
7.6074,1.6357,12.858
7.6074,1.6751,13.226
7.6074,1.7145,13.593
7.6074,1.7539,13.959
7.6074,1.7933,14.324
7.6074,1.8327,14.689
7.6074,1.8721,15.052
7.6074,1.9115,15.415
7.6074,1.9509,15.777
7.6074,1.9904,16.137
7.6074,2.0298,16.498
7.6074,2.0692,16.857
7.6074,2.1086,17.216
7.6074,2.148,17.573
7.7639,0.17754,-1.1211
7.7639,0.21695,-0.73694
7.7639,0.25635,-0.3534
7.7639,0.29576,0.029515
7.7639,0.33517,0.41184
7.7639,0.37458,0.79364
7.7639,0.41399,1.1749
7.7639,0.4534,1.5558
7.7639,0.49281,1.9363
7.7639,0.53222,2.3165
7.7639,0.57163,2.6963
7.7639,0.61104,3.0759
7.7639,0.65044,3.4553
7.7639,0.68985,3.8344
7.7639,0.72926,4.2133
7.7639,0.76867,4.5916
7.7639,0.80808,4.9696
7.7639,0.84749,5.3478
7.7639,0.8869,5.7267
7.7639,0.92631,6.1054
7.7639,0.96572,6.484
7.7639,1.0051,6.8619
7.7639,1.0445,7.2395
7.7639,1.0839,7.6169
7.7639,1.1234,7.994
7.7639,1.1628,8.3708
7.7639,1.2022,8.7473
7.7639,1.2416,9.1234
7.7639,1.281,9.4988
7.7639,1.3204,9.8745
7.7639,1.3598,10.249
7.7639,1.3992,10.624
7.7639,1.4386,10.998
7.7639,1.478,11.371
7.7639,1.5174,11.744
7.7639,1.5569,12.116
7.7639,1.5963,12.488
7.7639,1.6357,12.859
7.7639,1.6751,13.229
7.7639,1.7145,13.598
7.7639,1.7539,13.967
7.7639,1.7933,14.335
7.7639,1.8327,14.702
7.7639,1.8721,15.068
7.7639,1.9115,15.433
7.7639,1.9509,15.798
7.7639,1.9904,16.162
7.7639,2.0298,16.525
7.7639,2.0692,16.887
7.7639,2.1086,17.248
7.7639,2.148,17.609
7.9204,0.17754,-1.1249
7.9204,0.21695,-0.74156
7.9204,0.25635,-0.35883
7.9204,0.29576,0.023358
7.9204,0.33517,0.40505
7.9204,0.37458,0.78629
7.9204,0.41399,1.1671
7.9204,0.4534,1.5476
7.9204,0.49281,1.9277
7.9204,0.53222,2.3076
7.9204,0.57163,2.6872
7.9204,0.61104,3.0666
7.9204,0.65044,3.4458
7.9204,0.68985,3.8248
7.9204,0.72926,4.2037
7.9204,0.76867,4.5822
7.9204,0.80808,4.9603
7.9204,0.84749,5.3383
7.9204,0.8869,5.7167
7.9204,0.92631,6.0953
7.9204,0.96572,6.4739
7.9204,1.0051,6.8521
7.9204,1.0445,7.2299
7.9204,1.0839,7.6074
7.9204,1.1234,7.9848
7.9204,1.1628,8.3619
7.9204,1.2022,8.7387
7.9204,1.2416,9.1152
7.9204,1.281,9.4915
7.9204,1.3204,9.8673
7.9204,1.3598,10.243
7.9204,1.3992,10.618
7.9204,1.4386,10.993
7.9204,1.478,11.367
7.9204,1.5174,11.741
7.9204,1.5569,12.114
7.9204,1.5963,12.487
7.9204,1.6357,12.859
7.9204,1.6751,13.23
7.9204,1.7145,13.601
7.9204,1.7539,13.972
7.9204,1.7933,14.342
7.9204,1.8327,14.711
7.9204,1.8721,15.079
7.9204,1.9115,15.446
7.9204,1.9509,15.813
7.9204,1.9904,16.179
7.9204,2.0298,16.545
7.9204,2.0692,16.91
7.9204,2.1086,17.274
7.9204,2.148,17.637
8.0769,0.17754,-1.1309
8.0769,0.21695,-0.74822
8.0769,0.25635,-0.36601
8.0769,0.29576,0.015753
8.0769,0.33517,0.39711
8.0769,0.37458,0.7781
8.0769,0.41399,1.1587
8.0769,0.4534,1.5391
8.0769,0.49281,1.9192
8.0769,0.53222,2.299
8.0769,0.57163,2.6787
8.0769,0.61104,3.0581
8.0769,0.65044,3.4374
8.0769,0.68985,3.8166
8.0769,0.72926,4.1956
8.0769,0.76867,4.5745
8.0769,0.80808,4.9529
8.0769,0.84749,5.3311
8.0769,0.8869,5.7091
8.0769,0.92631,6.0879
8.0769,0.96572,6.4665
8.0769,1.0051,6.845
8.0769,1.0445,7.2231
8.0769,1.0839,7.6008
8.0769,1.1234,7.9784
8.0769,1.1628,8.3558
8.0769,1.2022,8.7329
8.0769,1.2416,9.1097
8.0769,1.281,9.4863
8.0769,1.3204,9.8626
8.0769,1.3598,10.239
8.0769,1.3992,10.614
8.0769,1.4386,10.989
8.0769,1.478,11.364
8.0769,1.5174,11.739
8.0769,1.5569,12.112
8.0769,1.5963,12.486
8.0769,1.6357,12.859
8.0769,1.6751,13.232
8.0769,1.7145,13.604
8.0769,1.7539,13.975
8.0769,1.7933,14.346
8.0769,1.8327,14.716
8.0769,1.8721,15.086
8.0769,1.9115,15.455
8.0769,1.9509,15.824
8.0769,1.9904,16.192
8.0769,2.0298,16.559
8.0769,2.0692,16.926
8.0769,2.1086,17.292
8.0769,2.148,17.657
8.2335,0.17754,-1.1393
8.2335,0.21695,-0.75699
8.2335,0.25635,-0.37502
8.2335,0.29576,0.0065869
8.2335,0.33517,0.38786
8.2335,0.37458,0.76883
8.2335,0.41399,1.1495
8.2335,0.4534,1.53
8.2335,0.49281,1.9102
8.2335,0.53222,2.2902
8.2335,0.57163,2.6701
8.2335,0.61104,3.0498
8.2335,0.65044,3.4293
8.2335,0.68985,3.8088
8.2335,0.72926,4.188
8.2335,0.76867,4.5672
8.2335,0.80808,4.9462
8.2335,0.84749,5.3248
8.2335,0.8869,5.7032
8.2335,0.92631,6.0817
8.2335,0.96572,6.4605
8.2335,1.0051,6.8392
8.2335,1.0445,7.2177
8.2335,1.0839,7.5958
8.2335,1.1234,7.9736
8.2335,1.1628,8.3512
8.2335,1.2022,8.7286
8.2335,1.2416,9.1057
8.2335,1.281,9.4825
8.2335,1.3204,9.8591
8.2335,1.3598,10.235
8.2335,1.3992,10.611
8.2335,1.4386,10.987
8.2335,1.478,11.362
8.2335,1.5174,11.737
8.2335,1.5569,12.111
8.2335,1.5963,12.486
8.2335,1.6357,12.859
8.2335,1.6751,13.232
8.2335,1.7145,13.605
8.2335,1.7539,13.977
8.2335,1.7933,14.349
8.2335,1.8327,14.72
8.2335,1.8721,15.091
8.2335,1.9115,15.461
8.2335,1.9509,15.831
8.2335,1.9904,16.2
8.2335,2.0298,16.569
8.2335,2.0692,16.937
8.2335,2.1086,17.304
8.2335,2.148,17.671
8.39,0.17754,-1.1498
8.39,0.21695,-0.76754
8.39,0.25635,-0.38563
8.39,0.29576,-0.0040066
8.39,0.33517,0.37734
8.39,0.37458,0.75844
8.39,0.41399,1.1393
8.39,0.4534,1.52
8.39,0.49281,1.9005
8.39,0.53222,2.2808
8.39,0.57163,2.661
8.39,0.61104,3.041
8.39,0.65044,3.4209
8.39,0.68985,3.8007
8.39,0.72926,4.1803
8.39,0.76867,4.5599
8.39,0.80808,4.9393
8.39,0.84749,5.3183
8.39,0.8869,5.6971
8.39,0.92631,6.0758
8.39,0.96572,6.4547
8.39,1.0051,6.8336
8.39,1.0445,7.2124
8.39,1.0839,7.5909
8.39,1.1234,7.9689
8.39,1.1628,8.3468
8.39,1.2022,8.7244
8.39,1.2416,9.1018
8.39,1.281,9.4789
8.39,1.3204,9.8557
8.39,1.3598,10.232
8.39,1.3992,10.608
8.39,1.4386,10.984
8.39,1.478,11.36
8.39,1.5174,11.735
8.39,1.5569,12.11
8.39,1.5963,12.484
8.39,1.6357,12.858
8.39,1.6751,13.232
8.39,1.7145,13.605
8.39,1.7539,13.978
8.39,1.7933,14.35
8.39,1.8327,14.722
8.39,1.8721,15.094
8.39,1.9115,15.465
8.39,1.9509,15.835
8.39,1.9904,16.206
8.39,2.0298,16.575
8.39,2.0692,16.944
8.39,2.1086,17.313
8.39,2.148,17.681
8.5465,0.17754,-1.1618
8.5465,0.21695,-0.77958
8.5465,0.25635,-0.39761
8.5465,0.29576,-0.015876
8.5465,0.33517,0.36563
8.5465,0.37458,0.74694
8.5465,0.41399,1.1281
8.5465,0.4534,1.509
8.5465,0.49281,1.8898
8.5465,0.53222,2.2705
8.5465,0.57163,2.651
8.5465,0.61104,3.0314
8.5465,0.65044,3.4117
8.5465,0.68985,3.7918
8.5465,0.72926,4.1718
8.5465,0.76867,4.5517
8.5465,0.80808,4.9315
8.5465,0.84749,5.3111
8.5465,0.8869,5.6903
8.5465,0.92631,6.0693
8.5465,0.96572,6.4482
8.5465,1.0051,6.8273
8.5465,1.0445,7.2063
8.5465,1.0839,7.5851
8.5465,1.1234,7.9635
8.5465,1.1628,8.3415
8.5465,1.2022,8.7194
8.5465,1.2416,9.0969
8.5465,1.281,9.4742
8.5465,1.3204,9.8513
8.5465,1.3598,10.228
8.5465,1.3992,10.604
8.5465,1.4386,10.981
8.5465,1.478,11.356
8.5465,1.5174,11.732
8.5465,1.5569,12.107
8.5465,1.5963,12.482
8.5465,1.6357,12.856
8.5465,1.6751,13.23
8.5465,1.7145,13.604
8.5465,1.7539,13.977
8.5465,1.7933,14.35
8.5465,1.8327,14.722
8.5465,1.8721,15.094
8.5465,1.9115,15.466
8.5465,1.9509,15.837
8.5465,1.9904,16.208
8.5465,2.0298,16.578
8.5465,2.0692,16.948
8.5465,2.1086,17.317
8.5465,2.148,17.686
8.703,0.17754,-1.1751
8.703,0.21695,-0.79281
8.703,0.25635,-0.41073
8.703,0.29576,-0.028852
8.703,0.33517,0.35284
8.703,0.37458,0.73437
8.703,0.41399,1.1158
8.703,0.4534,1.497
8.703,0.49281,1.8781
8.703,0.53222,2.2591
8.703,0.57163,2.6399
8.703,0.61104,3.0207
8.703,0.65044,3.4013
8.703,0.68985,3.7818
8.703,0.72926,4.1622
8.703,0.76867,4.5424
8.703,0.80808,4.9225
8.703,0.84749,5.3024
8.703,0.8869,5.682
8.703,0.92631,6.0614
8.703,0.96572,6.4405
8.703,1.0051,6.8196
8.703,1.0445,7.1988
8.703,1.0839,7.5777
8.703,1.1234,7.9564
8.703,1.1628,8.3347
8.703,1.2022,8.7127
8.703,1.2416,9.0905
8.703,1.281,9.4679
8.703,1.3204,9.8451
8.703,1.3598,10.222
8.703,1.3992,10.599
8.703,1.4386,10.975
8.703,1.478,11.351
8.703,1.5174,11.727
8.703,1.5569,12.102
8.703,1.5963,12.477
8.703,1.6357,12.852
8.703,1.6751,13.226
8.703,1.7145,13.6
8.703,1.7539,13.973
8.703,1.7933,14.347
8.703,1.8327,14.72
8.703,1.8721,15.092
8.703,1.9115,15.464
8.703,1.9509,15.836
8.703,1.9904,16.207
8.703,2.0298,16.578
8.703,2.0692,16.948
8.703,2.1086,17.318
8.703,2.148,17.688
8.8595,0.17754,-1.1893
8.8595,0.21695,-0.80693
8.8595,0.25635,-0.42473
8.8595,0.29576,-0.042699
8.8595,0.33517,0.33918
8.8595,0.37458,0.72091
8.8595,0.41399,1.1025
8.8595,0.4534,1.484
8.8595,0.49281,1.8654
8.8595,0.53222,2.2466
8.8595,0.57163,2.6278
8.8595,0.61104,3.0088
8.8595,0.65044,3.3897
8.8595,0.68985,3.7704
8.8595,0.72926,4.1511
8.8595,0.76867,4.5316
8.8595,0.80808,4.9119
8.8595,0.84749,5.292
8.8595,0.8869,5.672
8.8595,0.92631,6.0517
8.8595,0.96572,6.431
8.8595,1.0051,6.8102
8.8595,1.0445,7.1894
8.8595,1.0839,7.5685
8.8595,1.1234,7.9473
8.8595,1.1628,8.3258
8.8595,1.2022,8.704
8.8595,1.2416,9.0819
8.8595,1.281,9.4595
8.8595,1.3204,9.8369
8.8595,1.3598,10.214
8.8595,1.3992,10.591
8.8595,1.4386,10.967
8.8595,1.478,11.343
8.8595,1.5174,11.719
8.8595,1.5569,12.095
8.8595,1.5963,12.47
8.8595,1.6357,12.845
8.8595,1.6751,13.22
8.8595,1.7145,13.594
8.8595,1.7539,13.968
8.8595,1.7933,14.341
8.8595,1.8327,14.714
8.8595,1.8721,15.087
8.8595,1.9115,15.46
8.8595,1.9509,15.832
8.8595,1.9904,16.203
8.8595,2.0298,16.575
8.8595,2.0692,16.946
8.8595,2.1086,17.316
8.8595,2.148,17.686
9.0161,0.17754,-1.2042
9.0161,0.21695,-0.82175
9.0161,0.25635,-0.43945
9.0161,0.29576,-0.057289
9.0161,0.33517,0.32473
9.0161,0.37458,0.70663
9.0161,0.41399,1.0884
9.0161,0.4534,1.4701
9.0161,0.49281,1.8516
9.0161,0.53222,2.233
9.0161,0.57163,2.6144
9.0161,0.61104,2.9956
9.0161,0.65044,3.3766
9.0161,0.68985,3.7576
9.0161,0.72926,4.1384
9.0161,0.76867,4.519
9.0161,0.80808,4.8995
9.0161,0.84749,5.2798
9.0161,0.8869,5.6599
9.0161,0.92631,6.0398
9.0161,0.96572,6.4194
9.0161,1.0051,6.7987
9.0161,1.0445,7.1779
9.0161,1.0839,7.557
9.0161,1.1234,7.9359
9.0161,1.1628,8.3146
9.0161,1.2022,8.6929
9.0161,1.2416,9.0709
9.0161,1.281,9.4487
9.0161,1.3204,9.8262
9.0161,1.3598,10.203
9.0161,1.3992,10.58
9.0161,1.4386,10.957
9.0161,1.478,11.333
9.0161,1.5174,11.709
9.0161,1.5569,12.085
9.0161,1.5963,12.461
9.0161,1.6357,12.836
9.0161,1.6751,13.211
9.0161,1.7145,13.585
9.0161,1.7539,13.959
9.0161,1.7933,14.333
9.0161,1.8327,14.706
9.0161,1.8721,15.079
9.0161,1.9115,15.452
9.0161,1.9509,15.825
9.0161,1.9904,16.197
9.0161,2.0298,16.569
9.0161,2.0692,16.94
9.0161,2.1086,17.311
9.0161,2.148,17.682
