1.6648,1.1749,-2.207
1.6648,4.4249,-1.9029
1.6648,7.6748,-1.623
1.6648,10.925,-1.3577
1.6648,14.175,-1.0988
1.6648,17.425,-0.84603
1.6648,20.675,-0.58286
1.6648,23.925,-0.31536
1.6648,27.175,-0.046997
1.6648,30.425,0.20421
1.6648,33.675,0.45505
1.6648,36.925,0.6888
1.6648,40.175,0.92205
1.6648,43.425,1.1466
1.6648,46.675,1.3553
1.6648,49.924,1.555
1.6648,53.174,1.7453
1.6648,56.424,1.9571
1.6648,59.674,2.1511
1.6648,62.924,2.328
1.6648,66.174,2.4888
1.6648,69.424,2.6376
1.6648,72.674,2.7875
1.6648,75.924,2.9361
1.6648,79.174,3.087
1.6648,82.424,3.2331
1.6648,85.674,3.3694
1.6648,88.924,3.4987
1.6648,92.174,3.6236
1.6648,95.424,3.7384
1.6648,98.674,3.8442
1.6648,101.92,3.9447
1.6648,105.17,4.042
1.6648,108.42,4.1408
1.6648,111.67,4.2392
1.6648,114.92,4.3373
1.6648,118.17,4.4355
1.6648,121.42,4.5334
1.6648,124.67,4.6311
1.6648,127.92,4.7284
1.6648,131.17,4.8253
1.6648,134.42,4.9218
1.6648,137.67,5.018
1.6648,140.92,5.1138
1.6648,144.17,5.2092
1.6648,147.42,5.3041
1.6648,150.67,5.3985
1.6648,153.92,5.4922
1.6648,157.17,5.5843
1.6648,160.42,5.6756
1.6648,163.67,5.7664
1.8148,1.1749,-2.1062
1.8148,4.4249,-1.7848
1.8148,7.6748,-1.4938
1.8148,10.925,-1.2214
1.8148,14.175,-0.95764
1.8148,17.425,-0.69695
1.8148,20.675,-0.43492
1.8148,23.925,-0.16465
1.8148,27.175,0.10221
1.8148,30.425,0.35994
1.8148,33.675,0.60812
1.8148,36.925,0.84924
1.8148,40.175,1.0826
1.8148,43.425,1.3078
1.8148,46.675,1.5118
1.8148,49.924,1.7183
1.8148,53.174,1.9117
1.8148,56.424,2.1197
1.8148,59.674,2.2979
1.8148,62.924,2.4808
1.8148,66.174,2.6324
1.8148,69.424,2.771
1.8148,72.674,2.9135
1.8148,75.924,3.0584
1.8148,79.174,3.2048
1.8148,82.424,3.3506
1.8148,85.674,3.4844
1.8148,88.924,3.6112
1.8148,92.174,3.7331
1.8148,95.424,3.8463
1.8148,98.674,3.9503
1.8148,101.92,4.0503
1.8148,105.17,4.1479
1.8148,108.42,4.2443
1.8148,111.67,4.3407
1.8148,114.92,4.4372
1.8148,118.17,4.5339
1.8148,121.42,4.6304
1.8148,124.67,4.7268
1.8148,127.92,4.8231
1.8148,131.17,4.9191
1.8148,134.42,5.0148
1.8148,137.67,5.1102
1.8148,140.92,5.2052
1.8148,144.17,5.2999
1.8148,147.42,5.3936
1.8148,150.67,5.4859
1.8148,153.92,5.5777
1.8148,157.17,5.6688
1.8148,160.42,5.7599
1.8148,163.67,5.851
1.9648,1.1749,-2.0031
1.9648,4.4249,-1.6731
1.9648,7.6748,-1.3689
1.9648,10.925,-1.0877
1.9648,14.175,-0.81868
1.9648,17.425,-0.55205
1.9648,20.675,-0.28701
1.9648,23.925,-0.014275
1.9648,27.175,0.25236
1.9648,30.425,0.51214
1.9648,33.675,0.76174
1.9648,36.925,1.007
1.9648,40.175,1.2462
1.9648,43.425,1.4707
1.9648,46.675,1.673
1.9648,49.924,1.8737
1.9648,53.174,2.0735
1.9648,56.424,2.2677
1.9648,59.674,2.445
1.9648,62.924,2.6263
1.9648,66.174,2.7672
1.9648,69.424,2.901
1.9648,72.674,3.0394
1.9648,75.924,3.1815
1.9648,79.174,3.3242
1.9648,82.424,3.4672
1.9648,85.674,3.5975
1.9648,88.924,3.7209
1.9648,92.174,3.8409
1.9648,95.424,3.9543
1.9648,98.674,4.0586
1.9648,101.92,4.1567
1.9648,105.17,4.2519
1.9648,108.42,4.3465
1.9648,111.67,4.4412
1.9648,114.92,4.5361
1.9648,118.17,4.6313
1.9648,121.42,4.7267
1.9648,124.67,4.8221
1.9648,127.92,4.9174
1.9648,131.17,5.0125
1.9648,134.42,5.1074
1.9648,137.67,5.202
1.9648,140.92,5.2954
1.9648,144.17,5.3879
1.9648,147.42,5.4798
1.9648,150.67,5.5711
1.9648,153.92,5.6625
1.9648,157.17,5.754
1.9648,160.42,5.845
1.9648,163.67,5.9356
2.1147,1.1749,-1.9118
2.1147,4.4249,-1.5678
2.1147,7.6748,-1.2482
2.1147,10.925,-0.95893
2.1147,14.175,-0.68135
2.1147,17.425,-0.40971
2.1147,20.675,-0.13879
2.1147,23.925,0.13576
2.1147,27.175,0.4038
2.1147,30.425,0.66506
2.1147,33.675,0.91755
2.1147,36.925,1.1643
2.1147,40.175,1.4067
2.1147,43.425,1.6329
2.1147,46.675,1.8369
2.1147,49.924,2.0426
2.1147,53.174,2.2252
2.1147,56.424,2.4134
2.1147,59.674,2.5904
2.1147,62.924,2.765
2.1147,66.174,2.901
2.1147,69.424,3.0311
2.1147,72.674,3.1671
2.1147,75.924,3.3061
2.1147,79.174,3.4444
2.1147,82.424,3.5801
2.1147,85.674,3.7094
2.1147,88.924,3.8316
2.1147,92.174,3.9496
2.1147,95.424,4.0619
2.1147,98.674,4.1647
2.1147,101.92,4.2609
2.1147,105.17,4.3543
2.1147,108.42,4.4472
2.1147,111.67,4.5404
2.1147,114.92,4.6341
2.1147,118.17,4.7282
2.1147,121.42,4.8225
2.1147,124.67,4.9169
2.1147,127.92,5.0112
2.1147,131.17,5.1055
2.1147,134.42,5.1984
2.1147,137.67,5.2907
2.1147,140.92,5.3825
2.1147,144.17,5.4739
2.1147,147.42,5.5653
2.1147,150.67,5.657
2.1147,153.92,5.7483
2.1147,157.17,5.8392
2.1147,160.42,5.9297
2.1147,163.67,6.0197
2.2647,1.1749,-1.8419
2.2647,4.4249,-1.4694
2.2647,7.6748,-1.135
2.2647,10.925,-0.83213
2.2647,14.175,-0.54514
2.2647,17.425,-0.26785
2.2647,20.675,0.0089027
2.2647,23.925,0.2856
2.2647,27.175,0.55682
2.2647,30.425,0.81961
2.2647,33.675,1.0728
2.2647,36.925,1.3217
2.2647,40.175,1.5654
2.2647,43.425,1.7922
2.2647,46.675,1.9994
2.2647,49.924,2.2029
2.2647,53.174,2.3797
2.2647,56.424,2.5633
2.2647,59.674,2.7389
2.2647,62.924,2.8995
2.2647,66.174,3.0338
2.2647,69.424,3.1632
2.2647,72.674,3.2948
2.2647,75.924,3.4281
2.2647,79.174,3.5608
2.2647,82.424,3.6949
2.2647,85.674,3.8209
2.2647,88.924,3.9402
2.2647,92.174,4.0551
2.2647,95.424,4.1668
2.2647,98.674,4.2684
2.2647,101.92,4.3631
2.2647,105.17,4.4551
2.2647,108.42,4.5467
2.2647,111.67,4.6387
2.2647,114.92,4.7313
2.2647,118.17,4.8242
2.2647,121.42,4.9175
2.2647,124.67,5.0109
2.2647,127.92,5.1032
2.2647,131.17,5.195
2.2647,134.42,5.2865
2.2647,137.67,5.3776
2.2647,140.92,5.4689
2.2647,144.17,5.5605
2.2647,147.42,5.6517
2.2647,150.67,5.7427
2.2647,153.92,5.8334
2.2647,157.17,5.9237
2.2647,160.42,6.0137
2.2647,163.67,6.1033
2.4147,1.1749,-1.7934
2.4147,4.4249,-1.3827
2.4147,7.6748,-1.0267
2.4147,10.925,-0.70617
2.4147,14.175,-0.4172
2.4147,17.425,-0.12659
2.4147,20.675,0.15484
2.4147,23.925,0.43625
2.4147,27.175,0.71146
2.4147,30.425,0.97606
2.4147,33.675,1.23
2.4147,36.925,1.4777
2.4147,40.175,1.7213
2.4147,43.425,1.9499
2.4147,46.675,2.1613
2.4147,49.924,2.3551
2.4147,53.174,2.5264
2.4147,56.424,2.7034
2.4147,59.674,2.8833
2.4147,62.924,3.0359
2.4147,66.174,3.1705
2.4147,69.424,3.2921
2.4147,72.674,3.4154
2.4147,75.924,3.5436
2.4147,79.174,3.6738
2.4147,82.424,3.8063
2.4147,85.674,3.93
2.4147,88.924,4.0472
2.4147,92.174,4.1602
2.4147,95.424,4.2696
2.4147,98.674,4.3703
2.4147,101.92,4.464
2.4147,105.17,4.5549
2.4147,108.42,4.6453
2.4147,111.67,4.7361
2.4147,114.92,4.8275
2.4147,118.17,4.9192
2.4147,121.42,5.0104
2.4147,124.67,5.1015
2.4147,127.92,5.1923
2.4147,131.17,5.2829
2.4147,134.42,5.3738
2.4147,137.67,5.465
2.4147,140.92,5.556
2.4147,144.17,5.6468
2.4147,147.42,5.7374
2.4147,150.67,5.8278
2.4147,153.92,5.9179
2.4147,157.17,6.0077
2.4147,160.42,6.0972
2.4147,163.67,6.1863
2.5647,1.1749,-1.7689
2.5647,4.4249,-1.3129
2.5647,7.6748,-0.92581
2.5647,10.925,-0.58895
2.5647,14.175,-0.28377
2.5647,17.425,0.01243
2.5647,20.675,0.30181
2.5647,23.925,0.58672
2.5647,27.175,0.86689
2.5647,30.425,1.1345
2.5647,33.675,1.389
2.5647,36.925,1.6315
2.5647,40.175,1.8732
2.5647,43.425,2.1059
2.5647,46.675,2.3155
2.5647,49.924,2.499
2.5647,53.174,2.6662
2.5647,56.424,2.8372
2.5647,59.674,3.0148
2.5647,62.924,3.1651
2.5647,66.174,3.2929
2.5647,69.424,3.4098
2.5647,72.674,3.5307
2.5647,75.924,3.6566
2.5647,79.174,3.7848
2.5647,82.424,3.9153
2.5647,85.674,4.0369
2.5647,88.924,4.1524
2.5647,92.174,4.2636
2.5647,95.424,4.3708
2.5647,98.674,4.4708
2.5647,101.92,4.5636
2.5647,105.17,4.6534
2.5647,108.42,4.7426
2.5647,111.67,4.8321
2.5647,114.92,4.9215
2.5647,118.17,5.0111
2.5647,121.42,5.1008
2.5647,124.67,5.1904
2.5647,127.92,5.2805
2.5647,131.17,5.3711
2.5647,134.42,5.4615
2.5647,137.67,5.552
2.5647,140.92,5.6423
2.5647,144.17,5.7324
2.5647,147.42,5.8224
2.5647,150.67,5.9122
2.5647,153.92,6.0018
2.5647,157.17,6.0911
2.5647,160.42,6.1801
2.5647,163.67,6.2688
2.7146,1.1749,-1.7547
2.7146,4.4249,-1.2625
2.7146,7.6748,-0.8331
2.7146,10.925,-0.46883
2.7146,14.175,-0.15107
2.7146,17.425,0.1517
2.7146,20.675,0.45003
2.7146,23.925,0.73712
2.7146,27.175,1.022
2.7146,30.425,1.2945
2.7146,33.675,1.5477
2.7146,36.925,1.782
2.7146,40.175,2.0206
2.7146,43.425,2.2525
2.7146,46.675,2.4565
2.7146,49.924,2.6387
2.7146,53.174,2.8005
2.7146,56.424,2.9642
2.7146,59.674,3.1391
2.7146,62.924,3.287
2.7146,66.174,3.4098
2.7146,69.424,3.524
2.7146,72.674,3.6427
2.7146,75.924,3.7668
2.7146,79.174,3.8942
2.7146,82.424,4.0218
2.7146,85.674,4.1416
2.7146,88.924,4.2554
2.7146,92.174,4.365
2.7146,95.424,4.4703
2.7146,98.674,4.5697
2.7146,101.92,4.6618
2.7146,105.17,4.7503
2.7146,108.42,4.8377
2.7146,111.67,4.9252
2.7146,114.92,5.013
2.7146,118.17,5.1011
2.7146,121.42,5.1899
2.7146,124.67,5.2793
2.7146,127.92,5.3689
2.7146,131.17,5.4587
2.7146,134.42,5.5484
2.7146,137.67,5.6381
2.7146,140.92,5.7277
2.7146,144.17,5.8173
2.7146,147.42,5.9067
2.7146,150.67,5.996
2.7146,153.92,6.085
2.7146,157.17,6.1739
2.7146,160.42,6.2625
2.7146,163.67,6.3508
2.8646,1.1749,-1.7065
2.8646,4.4249,-1.218
2.8646,7.6748,-0.75385
2.8646,10.925,-0.35461
2.8646,14.175,-0.017546
2.8646,17.425,0.29081
2.8646,20.675,0.59456
2.8646,23.925,0.88893
2.8646,27.175,1.1729
2.8646,30.425,1.454
2.8646,33.675,1.7007
2.8646,36.925,1.9279
2.8646,40.175,2.1614
2.8646,43.425,2.3906
2.8646,46.675,2.5997
2.8646,49.924,2.7693
2.8646,53.174,2.9296
2.8646,56.424,3.0872
2.8646,59.674,3.2577
2.8646,62.924,3.4003
2.8646,66.174,3.5213
2.8646,69.424,3.6384
2.8646,72.674,3.7559
2.8646,75.924,3.879
2.8646,79.174,4.0027
2.8646,82.424,4.1256
2.8646,85.674,4.2438
2.8646,88.924,4.3562
2.8646,92.174,4.4637
2.8646,95.424,4.568
2.8646,98.674,4.6664
2.8646,101.92,4.7574
2.8646,105.17,4.8444
2.8646,108.42,4.9303
2.8646,111.67,5.0162
2.8646,114.92,5.103
2.8646,118.17,5.1907
2.8646,121.42,5.2789
2.8646,124.67,5.3675
2.8646,127.92,5.4563
2.8646,131.17,5.5453
2.8646,134.42,5.6343
2.8646,137.67,5.7234
2.8646,140.92,5.8124
2.8646,144.17,5.9014
2.8646,147.42,5.9903
2.8646,150.67,6.0791
2.8646,153.92,6.1677
2.8646,157.17,6.2561
2.8646,160.42,6.3443
2.8646,163.67,6.4323
3.0146,1.1749,-1.6373
3.0146,4.4249,-1.1456
3.0146,7.6748,-0.67728
3.0146,10.925,-0.24511
3.0146,14.175,0.11727
3.0146,17.425,0.43349
3.0146,20.675,0.7414
3.0146,23.925,1.0407
3.0146,27.175,1.3269
3.0146,30.425,1.6053
3.0146,33.675,1.848
3.0146,36.925,2.0697
3.0146,40.175,2.2948
3.0146,43.425,2.521
3.0146,46.675,2.7307
3.0146,49.924,2.8973
3.0146,53.174,3.0567
3.0146,56.424,3.2106
3.0146,59.674,3.3719
3.0146,62.924,3.5153
3.0146,66.174,3.6402
3.0146,69.424,3.7559
3.0146,72.674,3.8709
3.0146,75.924,3.9886
3.0146,79.174,4.1078
3.0146,82.424,4.2267
3.0146,85.674,4.3429
3.0146,88.924,4.4532
3.0146,92.174,4.5597
3.0146,95.424,4.6612
3.0146,98.674,4.7593
3.0146,101.92,4.8501
3.0146,105.17,4.9362
3.0146,108.42,5.0211
3.0146,111.67,5.1065
3.0146,114.92,5.1925
3.0146,118.17,5.2793
3.0146,121.42,5.3667
3.0146,124.67,5.4545
3.0146,127.92,5.5426
3.0146,131.17,5.6309
3.0146,134.42,5.7194
3.0146,137.67,5.8078
3.0146,140.92,5.8964
3.0146,144.17,5.9848
3.0146,147.42,6.0733
3.0146,150.67,6.1616
3.0146,153.92,6.2498
3.0146,157.17,6.3378
3.0146,160.42,6.4257
3.0146,163.67,6.5133
3.1645,1.1749,-1.5684
3.1645,4.4249,-1.0704
3.1645,7.6748,-0.59504
3.1645,10.925,-0.1441
3.1645,14.175,0.25055
3.1645,17.425,0.57959
3.1645,20.675,0.89024
3.1645,23.925,1.1932
3.1645,27.175,1.4745
3.1645,30.425,1.7422
3.1645,33.675,1.9887
3.1645,36.925,2.2043
3.1645,40.175,2.4202
3.1645,43.425,2.6428
3.1645,46.675,2.8478
3.1645,49.924,3.0156
3.1645,53.174,3.1762
3.1645,56.424,3.3301
3.1645,59.674,3.4829
3.1645,62.924,3.636
3.1645,66.174,3.7507
3.1645,69.424,3.8743
3.1645,72.674,3.9829
3.1645,75.924,4.0947
3.1645,79.174,4.2087
3.1645,82.424,4.3252
3.1645,85.674,4.439
3.1645,88.924,4.549
3.1645,92.174,4.6545
3.1645,95.424,4.753
3.1645,98.674,4.8492
3.1645,101.92,4.9406
3.1645,105.17,5.0268
3.1645,108.42,5.1111
3.1645,111.67,5.1956
3.1645,114.92,5.2808
3.1645,118.17,5.3667
3.1645,121.42,5.4533
3.1645,124.67,5.5405
3.1645,127.92,5.6279
3.1645,131.17,5.7156
3.1645,134.42,5.8035
3.1645,137.67,5.8915
3.1645,140.92,5.9795
3.1645,144.17,6.0676
3.1645,147.42,6.1556
3.1645,150.67,6.2435
3.1645,153.92,6.3313
3.1645,157.17,6.419
3.1645,160.42,6.5065
3.1645,163.67,6.5939
3.3145,1.1749,-1.5035
3.3145,4.4249,-0.99969
3.3145,7.6748,-0.51567
3.3145,10.925,-0.057878
3.3145,14.175,0.35983
3.3145,17.425,0.72557
3.3145,20.675,1.0381
3.3145,23.925,1.3387
3.3145,27.175,1.6255
3.3145,30.425,1.8831
3.3145,33.675,2.1153
3.3145,36.925,2.3287
3.3145,40.175,2.5398
3.3145,43.425,2.7595
3.3145,46.675,2.9574
3.3145,49.924,3.1289
3.3145,53.174,3.2919
3.3145,56.424,3.4434
3.3145,59.674,3.5959
3.3145,62.924,3.7448
3.3145,66.174,3.8585
3.3145,69.424,3.9851
3.3145,72.674,4.0889
3.3145,75.924,4.1946
3.3145,79.174,4.3064
3.3145,82.424,4.4212
3.3145,85.674,4.5334
3.3145,88.924,4.6427
3.3145,92.174,4.7474
3.3145,95.424,4.8465
3.3145,98.674,4.938
3.3145,101.92,5.0301
3.3145,105.17,5.1161
3.3145,108.42,5.1997
3.3145,111.67,5.2834
3.3145,114.92,5.3677
3.3145,118.17,5.453
3.3145,121.42,5.5389
3.3145,124.67,5.6254
3.3145,127.92,5.7123
3.3145,131.17,5.7995
3.3145,134.42,5.8869
3.3145,137.67,5.9744
3.3145,140.92,6.062
3.3145,144.17,6.1496
3.3145,147.42,6.2373
3.3145,150.67,6.3248
3.3145,153.92,6.4123
3.3145,157.17,6.4997
3.3145,160.42,6.5869
3.3145,163.67,6.674
3.4645,1.1749,-1.4475
3.4645,4.4249,-0.93783
3.4645,7.6748,-0.45094
3.4645,10.925,0.012885
3.4645,14.175,0.44812
3.4645,17.425,0.83962
3.4645,20.675,1.1822
3.4645,23.925,1.4803
3.4645,27.175,1.7483
3.4645,30.425,2.0204
3.4645,33.675,2.2499
3.4645,36.925,2.4475
3.4645,40.175,2.6589
3.4645,43.425,2.8711
3.4645,46.675,3.0623
3.4645,49.924,3.2295
3.4645,53.174,3.4031
3.4645,56.424,3.5554
3.4645,59.674,3.7069
3.4645,62.924,3.8513
3.4645,66.174,3.9642
3.4645,69.424,4.0824
3.4645,72.674,4.1885
3.4645,75.924,4.2917
3.4645,79.174,4.4015
3.4645,82.424,4.5148
3.4645,85.674,4.6257
3.4645,88.924,4.7344
3.4645,92.174,4.8385
3.4645,95.424,4.9389
3.4645,98.674,5.0253
3.4645,101.92,5.1181
3.4645,105.17,5.204
3.4645,108.42,5.2871
3.4645,111.67,5.37
3.4645,114.92,5.4536
3.4645,118.17,5.5381
3.4645,121.42,5.6235
3.4645,124.67,5.7094
3.4645,127.92,5.7958
3.4645,131.17,5.8825
3.4645,134.42,5.9695
3.4645,137.67,6.0566
3.4645,140.92,6.1438
3.4645,144.17,6.2311
3.4645,147.42,6.3184
3.4645,150.67,6.4056
3.4645,153.92,6.4928
3.4645,157.17,6.5799
3.4645,160.42,6.6668
3.4645,163.67,6.7537
3.6144,1.1749,-1.4107
3.6144,4.4249,-0.87691
3.6144,7.6748,-0.38414
3.6144,10.925,0.083548
3.6144,14.175,0.5287
3.6144,17.425,0.93777
3.6144,20.675,1.2979
3.6144,23.925,1.6233
3.6144,27.175,1.8766
3.6144,30.425,2.1347
3.6144,33.675,2.3798
3.6144,36.925,2.5729
3.6144,40.175,2.7707
3.6144,43.425,2.9798
3.6144,46.675,3.1705
3.6144,49.924,3.3412
3.6144,53.174,3.51
3.6144,56.424,3.6639
3.6144,59.674,3.8145
3.6144,62.924,3.9562
3.6144,66.174,4.0686
3.6144,69.424,4.1791
3.6144,72.674,4.2859
3.6144,75.924,4.3867
3.6144,79.174,4.4946
3.6144,82.424,4.6065
3.6144,85.674,4.7161
3.6144,88.924,4.8243
3.6144,92.174,4.9278
3.6144,95.424,5.0291
3.6144,98.674,5.1111
3.6144,101.92,5.2046
3.6144,105.17,5.2907
3.6144,108.42,5.3733
3.6144,111.67,5.4556
3.6144,114.92,5.5385
3.6144,118.17,5.6224
3.6144,121.42,5.7072
3.6144,124.67,5.7926
3.6144,127.92,5.8785
3.6144,131.17,5.9648
3.6144,134.42,6.0514
3.6144,137.67,6.1381
3.6144,140.92,6.225
3.6144,144.17,6.312
3.6144,147.42,6.3989
3.6144,150.67,6.4859
3.6144,153.92,6.5728
3.6144,157.17,6.6596
3.6144,160.42,6.7464
3.6144,163.67,6.833
3.7644,1.1749,-1.3856
3.7644,4.4249,-0.82322
3.7644,7.6748,-0.31591
3.7644,10.925,0.16291
3.7644,14.175,0.61522
3.7644,17.425,1.0357
3.7644,20.675,1.4041
3.7644,23.925,1.729
3.7644,27.175,1.9835
3.7644,30.425,2.2552
3.7644,33.675,2.491
3.7644,36.925,2.6953
3.7644,40.175,2.8862
3.7644,43.425,3.0859
3.7644,46.675,3.2713
3.7644,49.924,3.4488
3.7644,53.174,3.6102
3.7644,56.424,3.7686
3.7644,59.674,3.9183
3.7644,62.924,4.0615
3.7644,66.174,4.1766
3.7644,69.424,4.2761
3.7644,72.674,4.3815
3.7644,75.924,4.4798
3.7644,79.174,4.5858
3.7644,82.424,4.6963
3.7644,85.674,4.8048
3.7644,88.924,4.9126
3.7644,92.174,5.0157
3.7644,95.424,5.1164
3.7644,98.674,5.1956
3.7644,101.92,5.2899
3.7644,105.17,5.3763
3.7644,108.42,5.4587
3.7644,111.67,5.5403
3.7644,114.92,5.6226
3.7644,118.17,5.7059
3.7644,121.42,5.7901
3.7644,124.67,5.875
3.7644,127.92,5.9605
3.7644,131.17,6.0464
3.7644,134.42,6.1327
3.7644,137.67,6.2191
3.7644,140.92,6.3057
3.7644,144.17,6.3923
3.7644,147.42,6.479
3.7644,150.67,6.5657
3.7644,153.92,6.6524
3.7644,157.17,6.739
3.7644,160.42,6.8255
3.7644,163.67,6.9119
3.9144,1.1749,-1.3543
3.9144,4.4249,-0.77234
3.9144,7.6748,-0.24279
3.9144,10.925,0.24449
3.9144,14.175,0.70845
3.9144,17.425,1.1448
3.9144,20.675,1.5135
3.9144,23.925,1.8124
3.9144,27.175,2.1013
3.9144,30.425,2.3671
3.9144,33.675,2.5936
3.9144,36.925,2.8057
3.9144,40.175,3.0009
3.9144,43.425,3.1904
3.9144,46.675,3.3689
3.9144,49.924,3.5454
3.9144,53.174,3.7108
3.9144,56.424,3.869
3.9144,59.674,4.0197
3.9144,62.924,4.1644
3.9144,66.174,4.2842
3.9144,69.424,4.3798
3.9144,72.674,4.4757
3.9144,75.924,4.5716
3.9144,79.174,4.6756
3.9144,82.424,4.7846
3.9144,85.674,4.8922
3.9144,88.924,4.9996
3.9144,92.174,5.1023
3.9144,95.424,5.2026
3.9144,98.674,5.2791
3.9144,101.92,5.3742
3.9144,105.17,5.4612
3.9144,108.42,5.5434
3.9144,111.67,5.6244
3.9144,114.92,5.706
3.9144,118.17,5.7887
3.9144,121.42,5.8723
3.9144,124.67,5.9568
3.9144,127.92,6.0419
3.9144,131.17,6.1275
3.9144,134.42,6.2134
3.9144,137.67,6.2995
3.9144,140.92,6.3858
3.9144,144.17,6.4722
3.9144,147.42,6.5586
3.9144,150.67,6.6451
3.9144,153.92,6.7315
3.9144,157.17,6.8179
3.9144,160.42,6.9043
3.9144,163.67,6.9905
4.0644,1.1749,-1.2863
4.0644,4.4249,-0.71046
4.0644,7.6748,-0.16473
4.0644,10.925,0.3352
4.0644,14.175,0.80497
4.0644,17.425,1.2496
4.0644,20.675,1.635
4.0644,23.925,1.9313
4.0644,27.175,2.2017
4.0644,30.425,2.4629
4.0644,33.675,2.7002
4.0644,36.925,2.9123
4.0644,40.175,3.1095
4.0644,43.425,3.2906
4.0644,46.675,3.4594
4.0644,49.924,3.6305
4.0644,53.174,3.8024
4.0644,56.424,3.962
4.0644,59.674,4.115
4.0644,62.924,4.2599
4.0644,66.174,4.3885
4.0644,69.424,4.4826
4.0644,72.674,4.5694
4.0644,75.924,4.662
4.0644,79.174,4.7626
4.0644,82.424,4.8691
4.0644,85.674,4.9757
4.0644,88.924,5.0817
4.0644,92.174,5.1831
4.0644,95.424,5.282
4.0644,98.674,5.3644
4.0644,101.92,5.4578
4.0644,105.17,5.5456
4.0644,108.42,5.6276
4.0644,111.67,5.7081
4.0644,114.92,5.789
4.0644,118.17,5.8711
4.0644,121.42,5.9542
4.0644,124.67,6.0382
4.0644,127.92,6.1229
4.0644,131.17,6.2081
4.0644,134.42,6.2937
4.0644,137.67,6.3796
4.0644,140.92,6.4656
4.0644,144.17,6.5518
4.0644,147.42,6.638
4.0644,150.67,6.7243
4.0644,153.92,6.8105
4.0644,157.17,6.8966
4.0644,160.42,6.9827
4.0644,163.67,7.0688
4.2143,1.1749,-1.2113
4.2143,4.4249,-0.63585
4.2143,7.6748,-0.079664
4.2143,10.925,0.43654
4.2143,14.175,0.91039
4.2143,17.425,1.3548
4.2143,20.675,1.7506
4.2143,23.925,2.0561
4.2143,27.175,2.3102
4.2143,30.425,2.5575
4.2143,33.675,2.8001
4.2143,36.925,3.0139
4.2143,40.175,3.2082
4.2143,43.425,3.383
4.2143,46.675,3.5401
4.2143,49.924,3.7131
4.2143,53.174,3.8842
4.2143,56.424,4.0494
4.2143,59.674,4.2025
4.2143,62.924,4.3519
4.2143,66.174,4.4878
4.2143,69.424,4.584
4.2143,72.674,4.6651
4.2143,75.924,4.7518
4.2143,79.174,4.8474
4.2143,82.424,4.9497
4.2143,85.674,5.0533
4.2143,88.924,5.1587
4.2143,92.174,5.2602
4.2143,95.424,5.3588
4.2143,98.674,5.4496
4.2143,101.92,5.5408
4.2143,105.17,5.6294
4.2143,108.42,5.7115
4.2143,111.67,5.7914
4.2143,114.92,5.8717
4.2143,118.17,5.9531
4.2143,121.42,6.0356
4.2143,124.67,6.1192
4.2143,127.92,6.2035
4.2143,131.17,6.2884
4.2143,134.42,6.3737
4.2143,137.67,6.4593
4.2143,140.92,6.545
4.2143,144.17,6.6307
4.2143,147.42,6.7167
4.2143,150.67,6.8028
4.2143,153.92,6.8888
4.2143,157.17,6.9749
4.2143,160.42,7.0609
4.2143,163.67,7.1468
4.3643,1.1749,-1.164
4.3643,4.4249,-0.57691
4.3643,7.6748,-0.0071067
4.3643,10.925,0.53698
4.3643,14.175,1.0204
4.3643,17.425,1.4665
4.3643,20.675,1.8498
4.3643,23.925,2.1639
4.3643,27.175,2.4248
4.3643,30.425,2.6664
4.3643,33.675,2.9026
4.3643,36.925,3.1183
4.3643,40.175,3.3118
4.3643,43.425,3.484
4.3643,46.675,3.6357
4.3643,49.924,3.7986
4.3643,53.174,3.9668
4.3643,56.424,4.1307
4.3643,59.674,4.2909
4.3643,62.924,4.4437
4.3643,66.174,4.5845
4.3643,69.424,4.6915
4.3643,72.674,4.7655
4.3643,75.924,4.8445
4.3643,79.174,4.9332
4.3643,82.424,5.0308
4.3643,85.674,5.1334
4.3643,88.924,5.2361
4.3643,92.174,5.3374
4.3643,95.424,5.435
4.3643,98.674,5.5317
4.3643,101.92,5.6236
4.3643,105.17,5.7129
4.3643,108.42,5.7951
4.3643,111.67,5.8745
4.3643,114.92,5.9541
4.3643,118.17,6.0348
4.3643,121.42,6.1167
4.3643,124.67,6.1998
4.3643,127.92,6.2835
4.3643,131.17,6.3679
4.3643,134.42,6.4529
4.3643,137.67,6.5382
4.3643,140.92,6.6238
4.3643,144.17,6.7095
4.3643,147.42,6.7953
4.3643,150.67,6.8811
4.3643,153.92,6.967
4.3643,157.17,7.0529
4.3643,160.42,7.1387
4.3643,163.67,7.2245
4.5143,1.1749,-1.1302
4.5143,4.4249,-0.53128
4.5143,7.6748,0.054353
4.5143,10.925,0.61389
4.5143,14.175,1.1115
4.5143,17.425,1.5701
4.5143,20.675,1.9376
4.5143,23.925,2.2654
4.5143,27.175,2.5398
4.5143,30.425,2.7817
4.5143,33.675,3.0157
4.5143,36.925,3.233
4.5143,40.175,3.4217
4.5143,43.425,3.5826
4.5143,46.675,3.7312
4.5143,49.924,3.8925
4.5143,53.174,4.0528
4.5143,56.424,4.2197
4.5143,59.674,4.3751
4.5143,62.924,4.532
4.5143,66.174,4.6762
4.5143,69.424,4.7884
4.5143,72.674,4.8644
4.5143,75.924,4.9412
4.5143,79.174,5.0228
4.5143,82.424,5.1155
4.5143,85.674,5.2142
4.5143,88.924,5.3154
4.5143,92.174,5.416
4.5143,95.424,5.5137
4.5143,98.674,5.6104
4.5143,101.92,5.7061
4.5143,105.17,5.796
4.5143,108.42,5.8785
4.5143,111.67,5.9575
4.5143,114.92,6.0365
4.5143,118.17,6.1163
4.5143,121.42,6.1976
4.5143,124.67,6.28
4.5143,127.92,6.3634
4.5143,131.17,6.4475
4.5143,134.42,6.5321
4.5143,137.67,6.6171
4.5143,140.92,6.7024
4.5143,144.17,6.7879
4.5143,147.42,6.8735
4.5143,150.67,6.9592
4.5143,153.92,7.0449
4.5143,157.17,7.1306
4.5143,160.42,7.2162
4.5143,163.67,7.3019
4.6642,1.1749,-1.0874
4.6642,4.4249,-0.48363
4.6642,7.6748,0.1095
4.6642,10.925,0.67736
4.6642,14.175,1.202
4.6642,17.425,1.6743
4.6642,20.675,2.0472
4.6642,23.925,2.3748
4.6642,27.175,2.6613
4.6642,30.425,2.902
4.6642,33.675,3.1303
4.6642,36.925,3.34
4.6642,40.175,3.5274
4.6642,43.425,3.6964
4.6642,46.675,3.8267
4.6642,49.924,3.9816
4.6642,53.174,4.1467
4.6642,56.424,4.3139
4.6642,59.674,4.4728
4.6642,62.924,4.619
4.6642,66.174,4.7662
4.6642,69.424,4.8912
4.6642,72.674,4.969
4.6642,75.924,5.0381
4.6642,79.174,5.1171
4.6642,82.424,5.2035
4.6642,85.674,5.2985
4.6642,88.924,5.3972
4.6642,92.174,5.4967
4.6642,95.424,5.5945
4.6642,98.674,5.6915
4.6642,101.92,5.7875
4.6642,105.17,5.8792
4.6642,108.42,5.962
4.6642,111.67,6.0404
4.6642,114.92,6.1185
4.6642,118.17,6.1976
4.6642,121.42,6.2782
4.6642,124.67,6.3602
4.6642,127.92,6.443
4.6642,131.17,6.5267
4.6642,134.42,6.611
4.6642,137.67,6.6957
4.6642,140.92,6.7807
4.6642,144.17,6.866
4.6642,147.42,6.9514
4.6642,150.67,7.0368
4.6642,153.92,7.1224
4.6642,157.17,7.2079
4.6642,160.42,7.2935
4.6642,163.67,7.379
4.8142,1.1749,-1.0438
4.8142,4.4249,-0.43387
4.8142,7.6748,0.16851
4.8142,10.925,0.74803
4.8142,14.175,1.284
4.8142,17.425,1.7865
4.8142,20.675,2.1681
4.8142,23.925,2.4935
4.8142,27.175,2.7863
4.8142,30.425,3.0172
4.8142,33.675,3.2472
4.8142,36.925,3.4515
4.8142,40.175,3.6338
4.8142,43.425,3.7908
4.8142,46.675,3.9305
4.8142,49.924,4.0859
4.8142,53.174,4.2457
4.8142,56.424,4.4089
4.8142,59.674,4.5706
4.8142,62.924,4.7116
4.8142,66.174,4.8606
4.8142,69.424,4.9841
4.8142,72.674,5.0612
4.8142,75.924,5.1285
4.8142,79.174,5.2145
4.8142,82.424,5.295
4.8142,85.674,5.3847
4.8142,88.924,5.4811
4.8142,92.174,5.5793
4.8142,95.424,5.6764
4.8142,98.674,5.7728
4.8142,101.92,5.8693
4.8142,105.17,5.9619
4.8142,108.42,6.0452
4.8142,111.67,6.1232
4.8142,114.92,6.2004
4.8142,118.17,6.2787
4.8142,121.42,6.3585
4.8142,124.67,6.4398
4.8142,127.92,6.5222
4.8142,131.17,6.6056
4.8142,134.42,6.6895
4.8142,137.67,6.7739
4.8142,140.92,6.8587
4.8142,144.17,6.9437
4.8142,147.42,7.0289
4.8142,150.67,7.1142
4.8142,153.92,7.1996
4.8142,157.17,7.285
4.8142,160.42,7.3704
4.8142,163.67,7.4557
4.9642,1.1749,-1.0131
4.9642,4.4249,-0.38925
4.9642,7.6748,0.22056
4.9642,10.925,0.80724
4.9642,14.175,1.3834
4.9642,17.425,1.9061
4.9642,20.675,2.2797
4.9642,23.925,2.6122
4.9642,27.175,2.9186
4.9642,30.425,3.1456
4.9642,33.675,3.3658
4.9642,36.925,3.5614
4.9642,40.175,3.7354
4.9642,43.425,3.887
4.9642,46.675,4.0287
4.9642,49.924,4.1751
4.9642,53.174,4.3411
4.9642,56.424,4.4991
4.9642,59.674,4.6599
4.9642,62.924,4.8009
4.9642,66.174,4.9507
4.9642,69.424,5.0842
4.9642,72.674,5.1594
4.9642,75.924,5.2199
4.9642,79.174,5.3023
4.9642,82.424,5.3822
4.9642,85.674,5.4713
4.9642,88.924,5.5659
4.9642,92.174,5.6628
4.9642,95.424,5.759
4.9642,98.674,5.8548
4.9642,101.92,5.9507
4.9642,105.17,6.045
4.9642,108.42,6.1293
4.9642,111.67,6.2071
4.9642,114.92,6.2833
4.9642,118.17,6.361
4.9642,121.42,6.4399
4.9642,124.67,6.5202
4.9642,127.92,6.6018
4.9642,131.17,6.6844
4.9642,134.42,6.7678
4.9642,137.67,6.8517
4.9642,140.92,6.9361
4.9642,144.17,7.0208
4.9642,147.42,7.1057
4.9642,150.67,7.1904
4.9642,153.92,7.2755
4.9642,157.17,7.3606
4.9642,160.42,7.4457
4.9642,163.67,7.5309
5.1142,1.1749,-0.9929
5.1142,4.4249,-0.3511
5.1142,7.6748,0.27364
5.1142,10.925,0.87433
5.1142,14.175,1.4568
5.1142,17.425,1.9814
5.1142,20.675,2.3803
5.1142,23.925,2.7378
5.1142,27.175,3.0587
5.1142,30.425,3.28
5.1142,33.675,3.4835
5.1142,36.925,3.6677
5.1142,40.175,3.8363
5.1142,43.425,3.9604
5.1142,46.675,4.1122
5.1142,49.924,4.2647
5.1142,53.174,4.4319
5.1142,56.424,4.5881
5.1142,59.674,4.7456
5.1142,62.924,4.8965
5.1142,66.174,5.0433
5.1142,69.424,5.1784
5.1142,72.674,5.2679
5.1142,75.924,5.3242
5.1142,79.174,5.3904
5.1142,82.424,5.4675
5.1142,85.674,5.5546
5.1142,88.924,5.6482
5.1142,92.174,5.7465
5.1142,95.424,5.8413
5.1142,98.674,5.9364
5.1142,101.92,6.0319
5.1142,105.17,6.127
5.1142,108.42,6.2123
5.1142,111.67,6.2899
5.1142,114.92,6.3653
5.1142,118.17,6.4414
5.1142,121.42,6.5193
5.1142,124.67,6.5992
5.1142,127.92,6.6809
5.1142,131.17,6.7635
5.1142,134.42,6.8468
5.1142,137.67,6.9301
5.1142,140.92,7.0139
5.1142,144.17,7.098
5.1142,147.42,7.1824
5.1142,150.67,7.2671
5.1142,153.92,7.3518
5.1142,157.17,7.4366
5.1142,160.42,7.5215
5.1142,163.67,7.6064
5.2641,1.1749,-0.98896
5.2641,4.4249,-0.32067
5.2641,7.6748,0.32548
5.2641,10.925,0.93788
5.2641,14.175,1.5242
5.2641,17.425,2.0523
5.2641,20.675,2.5024
5.2641,23.925,2.8816
5.2641,27.175,3.1874
5.2641,30.425,3.4013
5.2641,33.675,3.5965
5.2641,36.925,3.7801
5.2641,40.175,3.9341
5.2641,43.425,4.0687
5.2641,46.675,4.208
5.2641,49.924,4.3499
5.2641,53.174,4.5124
5.2641,56.424,4.6729
5.2641,59.674,4.8262
5.2641,62.924,4.9797
5.2641,66.174,5.1265
5.2641,69.424,5.2677
5.2641,72.674,5.3747
5.2641,75.924,5.4263
5.2641,79.174,5.4829
5.2641,82.424,5.5608
5.2641,85.674,5.6402
5.2641,88.924,5.7297
5.2641,92.174,5.8295
5.2641,95.424,5.9232
5.2641,98.674,6.0172
5.2641,101.92,6.112
5.2641,105.17,6.2083
5.2641,108.42,6.2955
5.2641,111.67,6.3731
5.2641,114.92,6.4472
5.2641,118.17,6.5221
5.2641,121.42,6.5989
5.2641,124.67,6.6777
5.2641,127.92,6.7581
5.2641,131.17,6.8398
5.2641,134.42,6.9231
5.2641,137.67,7.007
5.2641,140.92,7.0911
5.2641,144.17,7.1754
5.2641,147.42,7.2597
5.2641,150.67,7.3441
5.2641,153.92,7.4284
5.2641,157.17,7.5128
5.2641,160.42,7.5973
5.2641,163.67,7.6818
5.4141,1.1749,-0.98505
5.4141,4.4249,-0.29982
5.4141,7.6748,0.36228
5.4141,10.925,0.98925
5.4141,14.175,1.5912
5.4141,17.425,2.1406
5.4141,20.675,2.6256
5.4141,23.925,3.0151
5.4141,27.175,3.3095
5.4141,30.425,3.524
5.4141,33.675,3.7049
5.4141,36.925,3.8791
5.4141,40.175,4.0397
5.4141,43.425,4.1608
5.4141,46.675,4.2922
5.4141,49.924,4.4298
5.4141,53.174,4.5841
5.4141,56.424,4.7393
5.4141,59.674,4.8987
5.4141,62.924,5.0567
5.4141,66.174,5.2086
5.4141,69.424,5.3543
5.4141,72.674,5.4764
5.4141,75.924,5.5435
5.4141,79.174,5.5902
5.4141,82.424,5.6658
5.4141,85.674,5.7362
5.4141,88.924,5.8189
5.4141,92.174,5.9121
5.4141,95.424,6.0044
5.4141,98.674,6.0974
5.4141,101.92,6.1915
5.4141,105.17,6.2886
5.4141,108.42,6.3763
5.4141,111.67,6.4543
5.4141,114.92,6.5302
5.4141,118.17,6.6067
5.4141,121.42,6.6816
5.4141,124.67,6.7586
5.4141,127.92,6.8376
5.4141,131.17,6.9182
5.4141,134.42,7
5.4141,137.67,7.0827
5.4141,140.92,7.1663
5.4141,144.17,7.2509
5.4141,147.42,7.3355
5.4141,150.67,7.4202
5.4141,153.92,7.5048
5.4141,157.17,7.5893
5.4141,160.42,7.6737
5.4141,163.67,7.758
5.5641,1.1749,-0.97607
5.5641,4.4249,-0.28502
5.5641,7.6748,0.39657
5.5641,10.925,1.0399
5.5641,14.175,1.6522
5.5641,17.425,2.2334
5.5641,20.675,2.7311
5.5641,23.925,3.1095
5.5641,27.175,3.4212
5.5641,30.425,3.6321
5.5641,33.675,3.8188
5.5641,36.925,3.9753
5.5641,40.175,4.125
5.5641,43.425,4.2432
5.5641,46.675,4.3683
5.5641,49.924,4.5073
5.5641,53.174,4.6478
5.5641,56.424,4.8113
5.5641,59.674,4.9728
5.5641,62.924,5.117
5.5641,66.174,5.2809
5.5641,69.424,5.4301
5.5641,72.674,5.569
5.5641,75.924,5.6392
5.5641,79.174,5.6925
5.5641,82.424,5.7566
5.5641,85.674,5.8289
5.5641,88.924,5.9072
5.5641,92.174,5.9983
5.5641,95.424,6.0885
5.5641,98.674,6.1799
5.5641,101.92,6.2728
5.5641,105.17,6.3679
5.5641,108.42,6.457
5.5641,111.67,6.5355
5.5641,114.92,6.6089
5.5641,118.17,6.682
5.5641,121.42,6.7596
5.5641,124.67,6.839
5.5641,127.92,6.9191
5.5641,131.17,6.9985
5.5641,134.42,7.0792
5.5641,137.67,7.1611
5.5641,140.92,7.2438
5.5641,144.17,7.3271
5.5641,147.42,7.4109
5.5641,150.67,7.495
5.5641,153.92,7.5797
5.5641,157.17,7.6646
5.5641,160.42,7.7493
5.5641,163.67,7.8339
5.714,1.1749,-0.97663
5.714,4.4249,-0.27175
5.714,7.6748,0.42253
5.714,10.925,1.0799
5.714,14.175,1.7202
5.714,17.425,2.3191
5.714,20.675,2.8017
5.714,23.925,3.2099
5.714,27.175,3.5267
5.714,30.425,3.7504
5.714,33.675,3.9248
5.714,36.925,4.0771
5.714,40.175,4.2198
5.714,43.425,4.3336
5.714,46.675,4.4313
5.714,49.924,4.5659
5.714,53.174,4.7055
5.714,56.424,4.8621
5.714,59.674,5.0267
5.714,62.924,5.185
5.714,66.174,5.3429
5.714,69.424,5.5042
5.714,72.674,5.651
5.714,75.924,5.7496
5.714,79.174,5.7979
5.714,82.424,5.8456
5.714,85.674,5.9168
5.714,88.924,5.9963
5.714,92.174,6.0786
5.714,95.424,6.1697
5.714,98.674,6.2598
5.714,101.92,6.352
5.714,105.17,6.4505
5.714,108.42,6.5449
5.714,111.67,6.6247
5.714,114.92,6.6971
5.714,118.17,6.7682
5.714,121.42,6.8408
5.714,124.67,6.9157
5.714,127.92,6.993
5.714,131.17,7.0747
5.714,134.42,7.1576
5.714,137.67,7.2402
5.714,140.92,7.3221
5.714,144.17,7.4047
5.714,147.42,7.4879
5.714,150.67,7.5715
5.714,153.92,7.6555
5.714,157.17,7.7397
5.714,160.42,7.8241
5.714,163.67,7.9086
5.864,1.1749,-0.98285
5.864,4.4249,-0.26005
5.864,7.6748,0.45649
5.864,10.925,1.1455
5.864,14.175,1.7874
5.864,17.425,2.3698
5.864,20.675,2.8396
5.864,23.925,3.295
5.864,27.175,3.6423
5.864,30.425,3.874
5.864,33.675,4.0295
5.864,36.925,4.1688
5.864,40.175,4.2962
5.864,43.425,4.408
5.864,46.675,4.5069
5.864,49.924,4.6215
5.864,53.174,4.7534
5.864,56.424,4.9049
5.864,59.674,5.0677
5.864,62.924,5.2354
5.864,66.174,5.4005
5.864,69.424,5.5622
5.864,72.674,5.7232
5.864,75.924,5.8434
5.864,79.174,5.899
5.864,82.424,5.9443
5.864,85.674,6.012
5.864,88.924,6.0819
5.864,92.174,6.1638
5.864,95.424,6.2575
5.864,98.674,6.3445
5.864,101.92,6.4342
5.864,105.17,6.5264
5.864,108.42,6.6364
5.864,111.67,6.7191
5.864,114.92,6.7916
5.864,118.17,6.8608
5.864,121.42,6.9311
5.864,124.67,7.0037
5.864,127.92,7.079
5.864,131.17,7.1563
5.864,134.42,7.2355
5.864,137.67,7.316
5.864,140.92,7.3975
5.864,144.17,7.4819
5.864,147.42,7.5655
5.864,150.67,7.6485
5.864,153.92,7.732
5.864,157.17,7.8157
5.864,160.42,7.8997
5.864,163.67,7.9838
6.014,1.1749,-0.99067
6.014,4.4249,-0.24857
6.014,7.6748,0.49098
6.014,10.925,1.1878
6.014,14.175,1.8134
6.014,17.425,2.4044
6.014,20.675,2.9093
6.014,23.925,3.3491
6.014,27.175,3.7221
6.014,30.425,3.9789
6.014,33.675,4.1358
6.014,36.925,4.258
6.014,40.175,4.3699
6.014,43.425,4.4846
6.014,46.675,4.569
6.014,49.924,4.6728
6.014,53.174,4.7895
6.014,56.424,4.9385
6.014,59.674,5.0992
6.014,62.924,5.2666
6.014,66.174,5.4356
6.014,69.424,5.6103
6.014,72.674,5.7768
6.014,75.924,5.9155
6.014,79.174,5.98
6.014,82.424,6.025
6.014,85.674,6.0935
6.014,88.924,6.161
6.014,92.174,6.24
6.014,95.424,6.3454
6.014,98.674,6.4319
6.014,101.92,6.5241
6.014,105.17,6.6152
6.014,108.42,6.7297
6.014,111.67,6.816
6.014,114.92,6.8895
6.014,118.17,6.9573
6.014,121.42,7.025
6.014,124.67,7.0951
6.014,127.92,7.1679
6.014,131.17,7.2432
6.014,134.42,7.3205
6.014,137.67,7.3994
6.014,140.92,7.4797
6.014,144.17,7.5609
6.014,147.42,7.6428
6.014,150.67,7.7254
6.014,153.92,7.8084
6.014,157.17,7.8922
6.014,160.42,7.9757
6.014,163.67,8.0595
6.164,1.1749,-0.99107
6.164,4.4249,-0.2319
6.164,7.6748,0.52284
6.164,10.925,1.2043
6.164,14.175,1.8366
6.164,17.425,2.416
6.164,20.675,2.9221
6.164,23.925,3.393
6.164,27.175,3.7972
6.164,30.425,4.0959
6.164,33.675,4.2553
6.164,36.925,4.3633
6.164,40.175,4.4479
6.164,43.425,4.5457
6.164,46.675,4.584
6.164,49.924,4.6752
6.164,53.174,4.8194
6.164,56.424,4.963
6.164,59.674,5.1217
6.164,62.924,5.2913
6.164,66.174,5.4631
6.164,69.424,5.6404
6.164,72.674,5.8166
6.164,75.924,5.9685
6.164,79.174,6.0434
6.164,82.424,6.088
6.164,85.674,6.1533
6.164,88.924,6.2459
6.164,92.174,6.3181
6.164,95.424,6.4252
6.164,98.674,6.5178
6.164,101.92,6.6121
6.164,105.17,6.7062
6.164,108.42,6.8024
6.164,111.67,6.9047
6.164,114.92,6.9864
6.164,118.17,7.0534
6.164,121.42,7.1188
6.164,124.67,7.1863
6.164,127.92,7.2566
6.164,131.17,7.3297
6.164,134.42,7.4052
6.164,137.67,7.4826
6.164,140.92,7.5614
6.164,144.17,7.6415
6.164,147.42,7.7225
6.164,150.67,7.8042
6.164,153.92,7.8864
6.164,157.17,7.9692
6.164,160.42,8.0522
6.164,163.67,8.1355
6.3139,1.1749,-0.98716
6.3139,4.4249,-0.21038
6.3139,7.6748,0.554
6.3139,10.925,1.2464
6.3139,14.175,1.8658
6.3139,17.425,2.4356
6.3139,20.675,2.951
6.3139,23.925,3.4292
6.3139,27.175,3.8603
6.3139,30.425,4.2087
6.3139,33.675,4.3767
6.3139,36.925,4.4371
6.3139,40.175,4.509
6.3139,43.425,4.6091
6.3139,46.675,4.6766
6.3139,49.924,4.7288
6.3139,53.174,4.8249
6.3139,56.424,4.9771
6.3139,59.674,5.1346
6.3139,62.924,5.3045
6.3139,66.174,5.4855
6.3139,69.424,5.659
6.3139,72.674,5.8436
6.3139,75.924,5.9945
6.3139,79.174,6.0947
6.3139,82.424,6.1425
6.3139,85.674,6.1906
6.3139,88.924,6.2832
6.3139,92.174,6.3888
6.3139,95.424,6.4846
6.3139,98.674,6.5819
6.3139,101.92,6.6788
6.3139,105.17,6.7784
6.3139,108.42,6.8803
6.3139,111.67,6.9816
6.3139,114.92,7.0652
6.3139,118.17,7.1416
6.3139,121.42,7.2109
6.3139,124.67,7.2762
6.3139,127.92,7.3443
6.3139,131.17,7.4155
6.3139,134.42,7.4893
6.3139,137.67,7.5652
6.3139,140.92,7.6429
6.3139,144.17,7.7219
6.3139,147.42,7.8019
6.3139,150.67,7.8828
6.3139,153.92,7.9644
6.3139,157.17,8.0465
6.3139,160.42,8.1291
6.3139,163.67,8.212
6.4639,1.1749,-0.98856
6.4639,4.4249,-0.18608
6.4639,7.6748,0.58429
6.4639,10.925,1.291
6.4639,14.175,1.9149
6.4639,17.425,2.487
6.4639,20.675,3.0045
6.4639,23.925,3.4778
6.4639,27.175,3.901
6.4639,30.425,4.2711
6.4639,33.675,4.5045
6.4639,36.925,4.5685
6.4639,40.175,4.6174
6.4639,43.425,4.6848
6.4639,46.675,4.7265
6.4639,49.924,4.7568
6.4639,53.174,4.8232
6.4639,56.424,4.9827
6.4639,59.674,5.1358
6.4639,62.924,5.3066
6.4639,66.174,5.4933
6.4639,69.424,5.6723
6.4639,72.674,5.8545
6.4639,75.924,6.0274
6.4639,79.174,6.1351
6.4639,82.424,6.184
6.4639,85.674,6.238
6.4639,88.924,6.3234
6.4639,92.174,6.4114
6.4639,95.424,6.5247
6.4639,98.674,6.6467
6.4639,101.92,6.7322
6.4639,105.17,6.8348
6.4639,108.42,6.9408
6.4639,111.67,7.0728
6.4639,114.92,7.1579
6.4639,118.17,7.2255
6.4639,121.42,7.2939
6.4639,124.67,7.3671
6.4639,127.92,7.4357
6.4639,131.17,7.5083
6.4639,134.42,7.5801
6.4639,137.67,7.6542
6.4639,140.92,7.7302
6.4639,144.17,7.8078
6.4639,147.42,7.8866
6.4639,150.67,7.9664
6.4639,153.92,8.0469
6.4639,157.17,8.1281
6.4639,160.42,8.2098
6.4639,163.67,8.2919
6.6139,1.1749,-0.97127
6.6139,4.4249,-0.16379
6.6139,7.6748,0.60807
6.6139,10.925,1.3344
6.6139,14.175,1.9719
6.6139,17.425,2.5265
6.6139,20.675,3.0526
6.6139,23.925,3.5176
6.6139,27.175,3.9309
6.6139,30.425,4.2895
6.6139,33.675,4.5529
6.6139,36.925,4.6454
6.6139,40.175,4.6365
6.6139,43.425,4.6662
6.6139,46.675,4.7027
6.6139,49.924,4.7793
6.6139,53.174,4.8432
6.6139,56.424,4.9723
6.6139,59.674,5.1197
6.6139,62.924,5.2929
6.6139,66.174,5.4756
6.6139,69.424,5.6664
6.6139,72.674,5.8547
6.6139,75.924,6.0404
6.6139,79.174,6.1714
6.6139,82.424,6.2364
6.6139,85.674,6.2821
6.6139,88.924,6.3518
6.6139,92.174,6.4335
6.6139,95.424,6.5431
6.6139,98.674,6.6732
6.6139,101.92,6.7987
6.6139,105.17,6.8982
6.6139,108.42,6.9911
6.6139,111.67,7.1347
6.6139,114.92,7.2322
6.6139,118.17,7.3147
6.6139,121.42,7.3894
6.6139,124.67,7.4515
6.6139,127.92,7.5212
6.6139,131.17,7.59
6.6139,134.42,7.6617
6.6139,137.67,7.7415
6.6139,140.92,7.822
6.6139,144.17,7.8999
6.6139,147.42,7.9767
6.6139,150.67,8.0546
6.6139,153.92,8.1336
6.6139,157.17,8.2133
6.6139,160.42,8.2937
6.6139,163.67,8.3746
6.7638,1.1749,-0.97978
6.7638,4.4249,-0.15484
6.7638,7.6748,0.64086
6.7638,10.925,1.3533
6.7638,14.175,2.0086
6.7638,17.425,2.5788
6.7638,20.675,3.0731
6.7638,23.925,3.5476
6.7638,27.175,3.9692
6.7638,30.425,4.3458
6.7638,33.675,4.6085
6.7638,36.925,4.7315
6.7638,40.175,4.7239
6.7638,43.425,4.7007
6.7638,46.675,4.7192
6.7638,49.924,4.7586
6.7638,53.174,4.8205
6.7638,56.424,4.9146
6.7638,59.674,5.0838
6.7638,62.924,5.2603
6.7638,66.174,5.4446
6.7638,69.424,5.6449
6.7638,72.674,5.8347
6.7638,75.924,6.0386
6.7638,79.174,6.1886
6.7638,82.424,6.2626
6.7638,85.674,6.3153
6.7638,88.924,6.3698
6.7638,92.174,6.4633
6.7638,95.424,6.5568
6.7638,98.674,6.6829
6.7638,101.92,6.8088
6.7638,105.17,6.9428
6.7638,108.42,7.0651
6.7638,111.67,7.1817
6.7638,114.92,7.2874
6.7638,118.17,7.376
6.7638,121.42,7.4547
6.7638,124.67,7.5301
6.7638,127.92,7.6052
6.7638,131.17,7.6776
6.7638,134.42,7.7466
6.7638,137.67,7.8178
6.7638,140.92,7.8918
6.7638,144.17,7.974
6.7638,147.42,8.0564
6.7638,150.67,8.1388
6.7638,153.92,8.2213
6.7638,157.17,8.3011
6.7638,160.42,8.38
6.7638,163.67,8.4596
6.9138,1.1749,-0.98191
6.9138,4.4249,-0.14166
6.9138,7.6748,0.6612
6.9138,10.925,1.3751
6.9138,14.175,2.0264
6.9138,17.425,2.586
6.9138,20.675,3.104
6.9138,23.925,3.5737
6.9138,27.175,4.006
6.9138,30.425,4.386
6.9138,33.675,4.6598
6.9138,36.925,4.8597
6.9138,40.175,4.894
6.9138,43.425,4.8236
6.9138,46.675,4.8182
6.9138,49.924,4.8222
6.9138,53.174,4.8213
6.9138,56.424,4.8837
6.9138,59.674,5.0199
6.9138,62.924,5.1966
6.9138,66.174,5.3916
6.9138,69.424,5.5876
6.9138,72.674,5.8086
6.9138,75.924,6.0117
6.9138,79.174,6.1962
6.9138,82.424,6.3021
6.9138,85.674,6.344
6.9138,88.924,6.3981
6.9138,92.174,6.4928
6.9138,95.424,6.6036
6.9138,98.674,6.7247
6.9138,101.92,6.8452
6.9138,105.17,6.9417
6.9138,108.42,7.086
6.9138,111.67,7.2318
6.9138,114.92,7.3297
6.9138,118.17,7.423
6.9138,121.42,7.5079
6.9138,124.67,7.5879
6.9138,127.92,7.6668
6.9138,131.17,7.7459
6.9138,134.42,7.8256
6.9138,137.67,7.9021
6.9138,140.92,7.9818
6.9138,144.17,8.0547
6.9138,147.42,8.1294
6.9138,150.67,8.2084
6.9138,153.92,8.2921
6.9138,157.17,8.3755
6.9138,160.42,8.4587
6.9138,163.67,8.5417
7.0638,1.1749,-0.973
7.0638,4.4249,-0.12498
7.0638,7.6748,0.69037
7.0638,10.925,1.3956
7.0638,14.175,2.0414
7.0638,17.425,2.6162
7.0638,20.675,3.1447
7.0638,23.925,3.6301
7.0638,27.175,4.0597
7.0638,30.425,4.426
7.0638,33.675,4.7401
7.0638,36.925,4.9807
7.0638,40.175,5.0963
7.0638,43.425,5.0703
7.0638,46.675,4.9512
7.0638,49.924,4.9451
7.0638,53.174,4.907
7.0638,56.424,4.9109
7.0638,59.674,4.9872
7.0638,62.924,5.1258
7.0638,66.174,5.3161
7.0638,69.424,5.5185
7.0638,72.674,5.7266
7.0638,75.924,5.9563
7.0638,79.174,6.1562
7.0638,82.424,6.3116
7.0638,85.674,6.3707
7.0638,88.924,6.4342
7.0638,92.174,6.5079
7.0638,95.424,6.6087
7.0638,98.674,6.7414
7.0638,101.92,6.8556
7.0638,105.17,6.9653
7.0638,108.42,7.0924
7.0638,111.67,7.2292
7.0638,114.92,7.3793
7.0638,118.17,7.4869
7.0638,121.42,7.5523
7.0638,124.67,7.6322
7.0638,127.92,7.7164
7.0638,131.17,7.8002
7.0638,134.42,7.8839
7.0638,137.67,7.9676
7.0638,140.92,8.0511
7.0638,144.17,8.1344
7.0638,147.42,8.2174
7.0638,150.67,8.2939
7.0638,153.92,8.3699
7.0638,157.17,8.447
7.0638,160.42,8.5285
7.0638,163.67,8.6126
7.2138,1.1749,-0.96308
7.2138,4.4249,-0.1086
7.2138,7.6748,0.70912
7.2138,10.925,1.4223
7.2138,14.175,2.0686
7.2138,17.425,2.6591
7.2138,20.675,3.1975
7.2138,23.925,3.6702
7.2138,27.175,4.1344
7.2138,30.425,4.563
7.2138,33.675,4.9132
7.2138,36.925,5.1992
7.2138,40.175,5.3512
7.2138,43.425,5.2792
7.2138,46.675,5.1765
7.2138,49.924,5.1191
7.2138,53.174,5.0643
7.2138,56.424,4.9684
7.2138,59.674,4.9928
7.2138,62.924,5.073
7.2138,66.174,5.2249
7.2138,69.424,5.4329
7.2138,72.674,5.6452
7.2138,75.924,5.8659
7.2138,79.174,6.082
7.2138,82.424,6.2428
7.2138,85.674,6.3893
7.2138,88.924,6.4361
7.2138,92.174,6.5018
7.2138,95.424,6.61
7.2138,98.674,6.7393
7.2138,101.92,6.8879
7.2138,105.17,7.0053
7.2138,108.42,7.1147
7.2138,111.67,7.224
7.2138,114.92,7.4
7.2138,118.17,7.5119
7.2138,121.42,7.6364
7.2138,124.67,7.6987
7.2138,127.92,7.7607
7.2138,131.17,7.8417
7.2138,134.42,7.9307
7.2138,137.67,8.0192
7.2138,140.92,8.1069
7.2138,144.17,8.1939
7.2138,147.42,8.28
7.2138,150.67,8.3655
7.2138,153.92,8.4502
7.2138,157.17,8.5338
7.2138,160.42,8.6106
7.2138,163.67,8.6884
7.3637,1.1749,-0.957
7.3637,4.4249,-0.10234
7.3637,7.6748,0.72827
7.3637,10.925,1.4723
7.3637,14.175,2.1327
7.3637,17.425,2.7254
7.3637,20.675,3.2552
7.3637,23.925,3.7415
7.3637,27.175,4.193
7.3637,30.425,4.608
7.3637,33.675,4.9761
7.3637,36.925,5.2332
7.3637,40.175,5.4561
7.3637,43.425,5.5885
7.3637,46.675,5.4777
7.3637,49.924,5.3733
7.3637,53.174,5.2884
7.3637,56.424,5.1196
7.3637,59.674,5.0249
7.3637,62.924,5.0332
7.3637,66.174,5.1599
7.3637,69.424,5.339
7.3637,72.674,5.5475
7.3637,75.924,5.7666
7.3637,79.174,5.9856
7.3637,82.424,6.1796
7.3637,85.674,6.3499
7.3637,88.924,6.4035
7.3637,92.174,6.4733
7.3637,95.424,6.5571
7.3637,98.674,6.7059
7.3637,101.92,6.8741
7.3637,105.17,7.0274
7.3637,108.42,7.1579
7.3637,111.67,7.2811
7.3637,114.92,7.4731
7.3637,118.17,7.5779
7.3637,121.42,7.6552
7.3637,124.67,7.7593
7.3637,127.92,7.8436
7.3637,131.17,7.9078
7.3637,134.42,7.975
7.3637,137.67,8.0587
7.3637,140.92,8.1518
7.3637,144.17,8.2437
7.3637,147.42,8.3341
7.3637,150.67,8.4233
7.3637,153.92,8.5165
7.3637,157.17,8.5982
7.3637,160.42,8.6841
7.3637,163.67,8.7693
7.5137,1.1749,-0.9587
7.5137,4.4249,-0.098723
7.5137,7.6748,0.74559
7.5137,10.925,1.5375
7.5137,14.175,2.2008
7.5137,17.425,2.7937
7.5137,20.675,3.3262
7.5137,23.925,3.8151
7.5137,27.175,4.2473
7.5137,30.425,4.6565
7.5137,33.675,5.0344
7.5137,36.925,5.3751
7.5137,40.175,5.6066
7.5137,43.425,5.7788
7.5137,46.675,5.8263
7.5137,49.924,5.693
7.5137,53.174,5.5364
7.5137,56.424,5.3216
7.5137,59.674,5.0997
7.5137,62.924,5.0554
7.5137,66.174,5.1301
7.5137,69.424,5.2515
7.5137,72.674,5.4528
7.5137,75.924,5.6591
7.5137,79.174,5.8826
7.5137,82.424,6.0958
7.5137,85.674,6.2468
7.5137,88.924,6.3952
7.5137,92.174,6.3966
7.5137,95.424,6.4873
7.5137,98.674,6.6131
7.5137,101.92,6.8017
7.5137,105.17,7.0012
7.5137,108.42,7.1702
7.5137,111.67,7.3183
7.5137,114.92,7.4948
7.5137,118.17,7.6575
7.5137,121.42,7.7504
7.5137,124.67,7.8214
7.5137,127.92,7.8858
7.5137,131.17,7.9879
7.5137,134.42,8.0548
7.5137,137.67,8.1245
7.5137,140.92,8.1968
7.5137,144.17,8.2821
7.5137,147.42,8.3779
7.5137,150.67,8.4718
7.5137,153.92,8.5641
7.5137,157.17,8.6619
7.5137,160.42,8.7489
7.5137,163.67,8.8319
7.6637,1.1749,-0.96471
7.6637,4.4249,-0.099562
7.6637,7.6748,0.75812
7.6637,10.925,1.5721
7.6637,14.175,2.2478
7.6637,17.425,2.8521
7.6637,20.675,3.4059
7.6637,23.925,3.9004
7.6637,27.175,4.3599
7.6637,30.425,4.7904
7.6637,33.675,5.1428
7.6637,36.925,5.409
7.6637,40.175,5.7126
7.6637,43.425,5.9954
7.6637,46.675,6.1843
7.6637,49.924,6.1343
7.6637,53.174,5.9335
7.6637,56.424,5.6914
7.6637,59.674,5.3592
7.6637,62.924,5.1399
7.6637,66.174,5.1223
7.6637,69.424,5.1931
7.6637,72.674,5.3594
7.6637,75.924,5.5642
7.6637,79.174,5.7736
7.6637,82.424,6.0038
7.6637,85.674,6.1721
7.6637,88.924,6.2848
7.6637,92.174,6.3575
7.6637,95.424,6.4073
7.6637,98.674,6.4987
7.6637,101.92,6.6584
7.6637,105.17,6.9041
7.6637,108.42,7.1337
7.6637,111.67,7.3251
7.6637,114.92,7.4929
7.6637,118.17,7.7193
7.6637,121.42,7.8372
7.6637,124.67,7.9193
7.6637,127.92,7.987
7.6637,131.17,8.0519
7.6637,134.42,8.1202
7.6637,137.67,8.2019
7.6637,140.92,8.274
7.6637,144.17,8.3481
7.6637,147.42,8.424
7.6637,150.67,8.5098
7.6637,153.92,8.6071
7.6637,157.17,8.7024
7.6637,160.42,8.8026
7.6637,163.67,8.9023
7.8136,1.1749,-0.96671
7.8136,4.4249,-0.10297
7.8136,7.6748,0.75085
7.8136,10.925,1.5662
7.8136,14.175,2.2774
7.8136,17.425,2.9068
7.8136,20.675,3.4907
7.8136,23.925,4.0067
7.8136,27.175,4.477
7.8136,30.425,4.9173
7.8136,33.675,5.3204
7.8136,36.925,5.6499
7.8136,40.175,5.9707
7.8136,43.425,6.2692
7.8136,46.675,6.5149
7.8136,49.924,6.6043
7.8136,53.174,6.4397
7.8136,56.424,6.1794
7.8136,59.674,5.7912
7.8136,62.924,5.3827
7.8136,66.174,5.1816
7.8136,69.424,5.2037
7.8136,72.674,5.293
7.8136,75.924,5.4521
7.8136,79.174,5.6693
7.8136,82.424,5.8884
7.8136,85.674,6.1027
7.8136,88.924,6.1997
7.8136,92.174,6.291
7.8136,95.424,6.3066
7.8136,98.674,6.4067
7.8136,101.92,6.553
7.8136,105.17,6.7612
7.8136,108.42,7.0275
7.8136,111.67,7.2847
7.8136,114.92,7.505
7.8136,118.17,7.7352
7.8136,121.42,7.8872
7.8136,124.67,7.9897
7.8136,127.92,8.0672
7.8136,131.17,8.1369
7.8136,134.42,8.206
7.8136,137.67,8.2765
7.8136,140.92,8.3568
7.8136,144.17,8.4289
7.8136,147.42,8.5028
7.8136,150.67,8.5783
7.8136,153.92,8.6552
7.8136,157.17,8.7402
7.8136,160.42,8.8384
7.8136,163.67,8.9407
7.9636,1.1749,-0.96855
7.9636,4.4249,-0.10626
7.9636,7.6748,0.7438
7.9636,10.925,1.5614
7.9636,14.175,2.3094
7.9636,17.425,2.9774
7.9636,20.675,3.5878
7.9636,23.925,4.1375
7.9636,27.175,4.6351
7.9636,30.425,5.1002
7.9636,33.675,5.5211
7.9636,36.925,5.9234
7.9636,40.175,6.2749
7.9636,43.425,6.5995
7.9636,46.675,6.8369
7.9636,49.924,7.0151
7.9636,53.174,6.9986
7.9636,56.424,6.7119
7.9636,59.674,6.3371
7.9636,62.924,5.7658
7.9636,66.174,5.3845
7.9636,69.424,5.2402
7.9636,72.674,5.2857
7.9636,75.924,5.3662
7.9636,79.174,5.5583
7.9636,82.424,5.7781
7.9636,85.674,5.9934
7.9636,88.924,6.1363
7.9636,92.174,6.1792
7.9636,95.424,6.2269
7.9636,98.674,6.2646
7.9636,101.92,6.4077
7.9636,105.17,6.5587
7.9636,108.42,6.8432
7.9636,111.67,7.1701
7.9636,114.92,7.4498
7.9636,118.17,7.7057
7.9636,121.42,7.9077
7.9636,124.67,8.037
7.9636,127.92,8.1273
7.9636,131.17,8.203
7.9636,134.42,8.275
7.9636,137.67,8.3473
7.9636,140.92,8.4209
7.9636,144.17,8.496
7.9636,147.42,8.5993
7.9636,150.67,8.6734
7.9636,153.92,8.7489
7.9636,157.17,8.8255
7.9636,160.42,8.9031
7.9636,163.67,8.9815
8.1136,1.1749,-0.97062
8.1136,4.4249,-0.1101
8.1136,7.6748,0.73695
8.1136,10.925,1.5564
8.1136,14.175,2.325
8.1136,17.425,3.0276
8.1136,20.675,3.6789
8.1136,23.925,4.2686
8.1136,27.175,4.8022
8.1136,30.425,5.2974
8.1136,33.675,5.7637
8.1136,36.925,6.1929
8.1136,40.175,6.5721
8.1136,43.425,6.8969
8.1136,46.675,7.2145
8.1136,49.924,7.4721
8.1136,53.174,7.5795
8.1136,56.424,7.4544
8.1136,59.674,6.9698
8.1136,62.924,6.4346
8.1136,66.174,5.7092
8.1136,69.424,5.373
8.1136,72.674,5.3117
8.1136,75.924,5.3554
8.1136,79.174,5.4761
8.1136,82.424,5.6731
8.1136,85.674,5.8749
8.1136,88.924,6.0703
8.1136,92.174,6.1424
8.1136,95.424,6.1345
8.1136,98.674,6.1559
8.1136,101.92,6.2436
8.1136,105.17,6.4186
8.1136,108.42,6.6443
8.1136,111.67,6.9933
8.1136,114.92,7.3402
8.1136,118.17,7.6408
8.1136,121.42,7.8917
8.1136,124.67,8.0699
8.1136,127.92,8.1926
8.1136,131.17,8.2827
8.1136,134.42,8.3548
8.1136,137.67,8.4256
8.1136,140.92,8.4973
8.1136,144.17,8.5704
8.1136,147.42,8.6448
8.1136,150.67,8.7499
8.1136,153.92,8.8438
8.1136,157.17,8.9192
8.1136,160.42,8.9955
8.1136,163.67,9.0727
8.2635,1.1749,-0.973
8.2635,4.4249,-0.11424
8.2635,7.6748,0.73079
8.2635,10.925,1.5526
8.2635,14.175,2.3368
8.2635,17.425,3.0673
8.2635,20.675,3.7557
8.2635,23.925,4.3855
8.2635,27.175,4.9593
8.2635,30.425,5.4932
8.2635,33.675,5.9935
8.2635,36.925,6.4617
8.2635,40.175,6.8937
8.2635,43.425,7.2665
8.2635,46.675,7.6084
8.2635,49.924,7.8924
8.2635,53.174,8.0928
8.2635,56.424,8.1288
8.2635,59.674,7.8823
8.2635,62.924,7.301
8.2635,66.174,6.3746
8.2635,69.424,5.6689
8.2635,72.674,5.3952
8.2635,75.924,5.3856
8.2635,79.174,5.4402
8.2635,82.424,5.5773
8.2635,85.674,5.7757
8.2635,88.924,5.983
8.2635,92.174,6.1046
8.2635,95.424,6.0963
8.2635,98.674,6.0551
8.2635,101.92,6.0982
8.2635,105.17,6.2305
8.2635,108.42,6.4544
8.2635,111.67,6.7744
8.2635,114.92,7.16
8.2635,118.17,7.5321
8.2635,121.42,7.847
8.2635,124.67,8.0632
8.2635,127.92,8.204
8.2635,131.17,8.3081
8.2635,134.42,8.4051
8.2635,137.67,8.4955
8.2635,140.92,8.583
8.2635,144.17,8.6692
8.2635,147.42,8.7513
8.2635,150.67,8.8254
8.2635,153.92,8.9006
8.2635,157.17,9.0057
8.2635,160.42,9.0891
8.2635,163.67,9.1651
8.4135,1.1749,-0.97577
8.4135,4.4249,-0.11851
8.4135,7.6748,0.72525
8.4135,10.925,1.5498
8.4135,14.175,2.3459
8.4135,17.425,3.098
8.4135,20.675,3.8183
8.4135,23.925,4.4871
8.4135,27.175,5.1026
8.4135,30.425,5.6757
8.4135,33.675,6.2128
8.4135,36.925,6.7225
8.4135,40.175,7.1939
8.4135,43.425,7.6184
8.4135,46.675,8.0024
8.4135,49.924,8.3461
8.4135,53.174,8.5191
8.4135,56.424,8.7056
8.4135,59.674,8.6474
8.4135,62.924,8.2117
8.4135,66.174,7.4199
8.4135,69.424,6.2749
8.4135,72.674,5.6463
8.4135,75.924,5.4697
8.4135,79.174,5.4676
8.4135,82.424,5.5397
8.4135,85.674,5.69
8.4135,88.924,5.8819
8.4135,92.174,6.073
8.4135,95.424,6.0805
8.4135,98.674,6.016
8.4135,101.92,5.9853
8.4135,105.17,6.0586
8.4135,108.42,6.2258
8.4135,111.67,6.5189
8.4135,114.92,6.9153
8.4135,118.17,7.3369
8.4135,121.42,7.7197
8.4135,124.67,8.0308
8.4135,127.92,8.2158
8.4135,131.17,8.3389
8.4135,134.42,8.4481
8.4135,137.67,8.5272
8.4135,140.92,8.6145
8.4135,144.17,8.7071
8.4135,147.42,8.7977
8.4135,150.67,8.8868
8.4135,153.92,8.9746
8.4135,157.17,9.0616
8.4135,160.42,9.1477
8.4135,163.67,9.2331
8.5635,1.1749,-0.97903
8.5635,4.4249,-0.12287
8.5635,7.6748,0.71987
8.5635,10.925,1.5479
8.5635,14.175,2.3535
8.5635,17.425,3.123
8.5635,20.675,3.8693
8.5635,23.925,4.5724
8.5635,27.175,5.2281
8.5635,30.425,5.8409
8.5635,33.675,6.416
8.5635,36.925,6.9558
8.5635,40.175,7.4832
8.5635,43.425,7.9481
8.5635,46.675,8.3921
8.5635,49.924,8.7545
8.5635,53.174,9.0845
8.5635,56.424,9.2639
8.5635,59.674,9.3622
8.5635,62.924,9.2076
8.5635,66.174,8.6747
8.5635,69.424,7.294
8.5635,72.674,6.1701
8.5635,75.924,5.6882
8.5635,79.174,5.5524
8.5635,82.424,5.565
8.5635,85.674,5.6533
8.5635,88.924,5.8054
8.5635,92.174,5.9977
8.5635,95.424,6.0871
8.5635,98.674,6.001
8.5635,101.92,5.9166
8.5635,105.17,5.917
8.5635,108.42,6.0287
8.5635,111.67,6.2424
8.5635,114.92,6.6149
8.5635,118.17,7.068
8.5635,121.42,7.5062
8.5635,124.67,7.9423
8.5635,127.92,8.19
8.5635,131.17,8.3604
8.5635,134.42,8.4954
8.5635,137.67,8.5818
8.5635,140.92,8.6877
8.5635,144.17,8.7657
8.5635,147.42,8.8435
8.5635,150.67,8.9247
8.5635,153.92,9.0176
8.5635,157.17,9.1088
8.5635,160.42,9.1984
8.5635,163.67,9.2869
8.7135,1.1749,-0.98281
8.7135,4.4249,-0.12744
8.7135,7.6748,0.71478
8.7135,10.925,1.547
8.7135,14.175,2.3607
8.7135,17.425,3.1448
8.7135,20.675,3.9122
8.7135,23.925,4.6442
8.7135,27.175,5.3357
8.7135,30.425,5.9862
8.7135,33.675,6.5987
8.7135,36.925,7.1751
8.7135,40.175,7.7406
8.7135,43.425,8.2675
8.7135,46.675,8.7524
8.7135,49.924,9.1925
8.7135,53.174,9.5416
8.7135,56.424,9.8628
8.7135,59.674,10.066
8.7135,62.924,10.062
8.7135,66.174,9.8023
8.7135,69.424,8.796
8.7135,72.674,7.0894
8.7135,75.924,6.1345
8.7135,79.174,5.7589
8.7135,82.424,5.6542
8.7135,85.674,5.6634
8.7135,88.924,5.7713
8.7135,92.174,5.9461
8.7135,95.424,6.0949
8.7135,98.674,6.0126
8.7135,101.92,5.8812
8.7135,105.17,5.8169
8.7135,108.42,5.8614
8.7135,111.67,6.008
8.7135,114.92,6.2951
8.7135,118.17,6.7353
8.7135,121.42,7.2277
8.7135,124.67,7.7864
8.7135,127.92,8.1166
8.7135,131.17,8.3254
8.7135,134.42,8.4688
8.7135,137.67,8.6089
8.7135,140.92,8.7455
8.7135,144.17,8.8297
8.7135,147.42,8.9281
8.7135,150.67,9.0068
8.7135,153.92,9.0855
8.7135,157.17,9.1643
8.7135,160.42,9.2433
8.7135,163.67,9.3336
8.8634,1.1749,-0.98707
8.8634,4.4249,-0.13335
8.8634,7.6748,0.71019
8.8634,10.925,1.5471
8.8634,14.175,2.3681
8.8634,17.425,3.165
8.8634,20.675,3.9498
8.8634,23.925,4.7053
8.8634,27.175,5.4276
8.8634,30.425,6.1123
8.8634,33.675,6.7601
8.8634,36.925,7.3719
8.8634,40.175,7.9486
8.8634,43.425,8.5355
8.8634,46.675,9.0619
8.8634,49.924,9.6171
8.8634,53.174,10.014
8.8634,56.424,10.351
8.8634,59.674,10.682
8.8634,62.924,10.869
8.8634,66.174,10.803
8.8634,69.424,10.367
8.8634,72.674,8.528
8.8634,75.924,6.9151
8.8634,79.174,6.151
8.8634,82.424,5.8463
8.8634,85.674,5.7611
8.8634,88.924,5.775
8.8634,92.174,5.8877
8.8634,95.424,6.0318
8.8634,98.674,6.0543
8.8634,101.92,5.9035
8.8634,105.17,5.7552
8.8634,108.42,5.7325
8.8634,111.67,5.8024
8.8634,114.92,6.0077
8.8634,118.17,6.388
8.8634,121.42,6.89
8.8634,124.67,7.4568
8.8634,127.92,7.9797
8.8634,131.17,8.2599
8.8634,134.42,8.4443
8.8634,137.67,8.5831
8.8634,140.92,8.7006
8.8634,144.17,8.8437
8.8634,147.42,8.9756
8.8634,150.67,9.0778
8.8634,153.92,9.1701
8.8634,157.17,9.2494
8.8634,160.42,9.3287
8.8634,163.67,9.408
