0.38021,1.4599,0.089177
0.38021,1.4859,0.30521
0.38021,1.5119,0.52378
0.38021,1.5379,0.73141
0.38021,1.5638,0.93222
0.38021,1.5898,1.1483
0.38021,1.6158,1.3254
0.38021,1.6418,1.4979
0.38021,1.6677,1.6888
0.38021,1.6937,1.8461
0.38021,1.7197,2.0243
0.38021,1.7457,2.1977
0.38021,1.7716,2.369
0.38021,1.7976,2.5281
0.38021,1.8236,2.6787
0.38021,1.8496,2.8156
0.38021,1.8755,2.9285
0.38021,1.9015,3.0651
0.38021,1.9275,3.1847
0.38021,1.9535,3.29
0.38021,1.9795,3.3767
0.38021,2.0054,3.4529
0.38021,2.0314,3.5291
0.38021,2.0574,3.6199
0.38021,2.0834,3.7314
0.38021,2.1093,3.843
0.38021,2.1353,3.9312
0.38021,2.1613,3.9916
0.38021,2.1873,4.0583
0.38021,2.2132,4.1064
0.38021,2.2392,4.1802
0.38021,2.2652,4.2278
0.38021,2.2912,4.2547
0.38021,2.3172,4.2985
0.38021,2.3431,4.3434
0.38021,2.3691,4.3957
0.38021,2.3951,4.443
0.38021,2.4211,4.4959
0.38021,2.447,4.5465
0.38021,2.473,4.5961
0.38021,2.499,4.6455
0.38021,2.525,4.694
0.38021,2.5509,4.7416
0.38021,2.5769,4.7883
0.38021,2.6029,4.834
0.38021,2.6289,4.8787
0.38021,2.6548,4.9224
0.38021,2.6808,4.9651
0.38021,2.7068,5.0067
0.38021,2.7328,5.0467
0.38021,2.7588,5.0857
0.55694,1.4599,-0.0080908
0.55694,1.4859,0.20294
0.55694,1.5119,0.41677
0.55694,1.5379,0.63083
0.55694,1.5638,0.83425
0.55694,1.5898,1.0354
0.55694,1.6158,1.2326
0.55694,1.6418,1.4036
0.55694,1.6677,1.5937
0.55694,1.6937,1.7577
0.55694,1.7197,1.932
0.55694,1.7457,2.1032
0.55694,1.7716,2.2783
0.55694,1.7976,2.4386
0.55694,1.8236,2.5905
0.55694,1.8496,2.7273
0.55694,1.8755,2.843
0.55694,1.9015,2.9683
0.55694,1.9275,3.1011
0.55694,1.9535,3.2089
0.55694,1.9795,3.294
0.55694,2.0054,3.3695
0.55694,2.0314,3.4551
0.55694,2.0574,3.5572
0.55694,2.0834,3.6751
0.55694,2.1093,3.7884
0.55694,2.1353,3.8758
0.55694,2.1613,3.9307
0.55694,2.1873,4.0157
0.55694,2.2132,4.0627
0.55694,2.2392,4.129
0.55694,2.2652,4.1602
0.55694,2.2912,4.2039
0.55694,2.3172,4.2555
0.55694,2.3431,4.307
0.55694,2.3691,4.356
0.55694,2.3951,4.4107
0.55694,2.4211,4.4628
0.55694,2.447,4.5139
0.55694,2.473,4.5652
0.55694,2.499,4.6156
0.55694,2.525,4.6649
0.55694,2.5509,4.7134
0.55694,2.5769,4.7609
0.55694,2.6029,4.8073
0.55694,2.6289,4.8527
0.55694,2.6548,4.897
0.55694,2.6808,4.9401
0.55694,2.7068,4.9816
0.55694,2.7328,5.0219
0.55694,2.7588,5.0612
0.73368,1.4599,-0.10126
0.73368,1.4859,0.10696
0.73368,1.5119,0.31466
0.73368,1.5379,0.52249
0.73368,1.5638,0.72641
0.73368,1.5898,0.9238
0.73368,1.6158,1.1381
0.73368,1.6418,1.3151
0.73368,1.6677,1.4999
0.73368,1.6937,1.6711
0.73368,1.7197,1.8419
0.73368,1.7457,2.0153
0.73368,1.7716,2.1876
0.73368,1.7976,2.3519
0.73368,1.8236,2.5054
0.73368,1.8496,2.6414
0.73368,1.8755,2.7557
0.73368,1.9015,2.883
0.73368,1.9275,3.0113
0.73368,1.9535,3.119
0.73368,1.9795,3.2068
0.73368,2.0054,3.2935
0.73368,2.0314,3.3923
0.73368,2.0574,3.488
0.73368,2.0834,3.6136
0.73368,2.1093,3.7258
0.73368,2.1353,3.8094
0.73368,2.1613,3.8773
0.73368,2.1873,3.9691
0.73368,2.2132,4.0078
0.73368,2.2392,4.0657
0.73368,2.2652,4.1169
0.73368,2.2912,4.1649
0.73368,2.3172,4.2208
0.73368,2.3431,4.2694
0.73368,2.3691,4.3233
0.73368,2.3951,4.3786
0.73368,2.4211,4.431
0.73368,2.447,4.4841
0.73368,2.473,4.5363
0.73368,2.499,4.5875
0.73368,2.525,4.6377
0.73368,2.5509,4.687
0.73368,2.5769,4.7353
0.73368,2.6029,4.7824
0.73368,2.6289,4.8283
0.73368,2.6548,4.873
0.73368,2.6808,4.9161
0.73368,2.7068,4.9579
0.73368,2.7328,4.9986
0.73368,2.7588,5.0391
0.91041,1.4599,-0.18956
0.91041,1.4859,0.014866
0.91041,1.5119,0.21841
0.91041,1.5379,0.42327
0.91041,1.5638,0.62405
0.91041,1.5898,0.82537
0.91041,1.6158,1.0269
0.91041,1.6418,1.2251
0.91041,1.6677,1.407
0.91041,1.6937,1.586
0.91041,1.7197,1.754
0.91041,1.7457,1.9301
0.91041,1.7716,2.0981
0.91041,1.7976,2.2683
0.91041,1.8236,2.4236
0.91041,1.8496,2.5544
0.91041,1.8755,2.6699
0.91041,1.9015,2.8009
0.91041,1.9275,2.9203
0.91041,1.9535,3.0295
0.91041,1.9795,3.1266
0.91041,2.0054,3.2251
0.91041,2.0314,3.3237
0.91041,2.0574,3.4298
0.91041,2.0834,3.5594
0.91041,2.1093,3.6677
0.91041,2.1353,3.7646
0.91041,2.1613,3.8493
0.91041,2.1873,3.9184
0.91041,2.2132,3.9714
0.91041,2.2392,4.033
0.91041,2.2652,4.0818
0.91041,2.2912,4.1302
0.91041,2.3172,4.1842
0.91041,2.3431,4.2385
0.91041,2.3691,4.293
0.91041,2.3951,4.3479
0.91041,2.4211,4.4024
0.91041,2.447,4.4564
0.91041,2.473,4.5094
0.91041,2.499,4.5614
0.91041,2.525,4.6124
0.91041,2.5509,4.6625
0.91041,2.5769,4.7114
0.91041,2.6029,4.7591
0.91041,2.6289,4.8055
0.91041,2.6548,4.8503
0.91041,2.6808,4.8937
0.91041,2.7068,4.9358
0.91041,2.7328,4.9787
0.91041,2.7588,5.0215
1.0871,1.4599,-0.2726
1.0871,1.4859,-0.073342
1.0871,1.5119,0.1266
1.0871,1.5379,0.32652
1.0871,1.5638,0.52807
1.0871,1.5898,0.72559
1.0871,1.6158,0.92143
1.0871,1.6418,1.1301
1.0871,1.6677,1.3143
1.0871,1.6937,1.5017
1.0871,1.7197,1.6684
1.0871,1.7457,1.8476
1.0871,1.7716,2.0139
1.0871,1.7976,2.1855
1.0871,1.8236,2.3452
1.0871,1.8496,2.4681
1.0871,1.8755,2.5841
1.0871,1.9015,2.7135
1.0871,1.9275,2.8303
1.0871,1.9535,2.9468
1.0871,1.9795,3.056
1.0871,2.0054,3.1598
1.0871,2.0314,3.2657
1.0871,2.0574,3.38
1.0871,2.0834,3.4971
1.0871,2.1093,3.6197
1.0871,2.1353,3.7199
1.0871,2.1613,3.8059
1.0871,2.1873,3.8772
1.0871,2.2132,3.9382
1.0871,2.2392,3.9942
1.0871,2.2652,4.048
1.0871,2.2912,4.0981
1.0871,2.3172,4.1555
1.0871,2.3431,4.2102
1.0871,2.3691,4.2644
1.0871,2.3951,4.321
1.0871,2.4211,4.3763
1.0871,2.447,4.431
1.0871,2.473,4.4846
1.0871,2.499,4.5374
1.0871,2.525,4.5891
1.0871,2.5509,4.64
1.0871,2.5769,4.6894
1.0871,2.6029,4.7376
1.0871,2.6289,4.7841
1.0871,2.6548,4.8292
1.0871,2.6808,4.8733
1.0871,2.7068,4.9178
1.0871,2.7328,4.9605
1.0871,2.7588,5.002
1.2639,1.4599,-0.35089
1.2639,1.4859,-0.15558
1.2639,1.5119,0.039135
1.2639,1.5379,0.23484
1.2639,1.5638,0.43236
1.2639,1.5898,0.63069
1.2639,1.6158,0.82288
1.2639,1.6418,1.0244
1.2639,1.6677,1.2238
1.2639,1.6937,1.4164
1.2639,1.7197,1.5843
1.2639,1.7457,1.7677
1.2639,1.7716,1.9333
1.2639,1.7976,2.1047
1.2639,1.8236,2.2652
1.2639,1.8496,2.3805
1.2639,1.8755,2.497
1.2639,1.9015,2.6199
1.2639,1.9275,2.7453
1.2639,1.9535,2.866
1.2639,1.9795,2.9866
1.2639,2.0054,3.0994
1.2639,2.0314,3.216
1.2639,2.0574,3.3316
1.2639,2.0834,3.4504
1.2639,2.1093,3.5694
1.2639,2.1353,3.681
1.2639,2.1613,3.774
1.2639,2.1873,3.8562
1.2639,2.2132,3.916
1.2639,2.2392,3.9598
1.2639,2.2652,4.0124
1.2639,2.2912,4.0605
1.2639,2.3172,4.1284
1.2639,2.3431,4.1756
1.2639,2.3691,4.2406
1.2639,2.3951,4.2969
1.2639,2.4211,4.3528
1.2639,2.447,4.408
1.2639,2.473,4.4623
1.2639,2.499,4.5156
1.2639,2.525,4.568
1.2639,2.5509,4.6194
1.2639,2.5769,4.6693
1.2639,2.6029,4.7177
1.2639,2.6289,4.7645
1.2639,2.6548,4.8107
1.2639,2.6808,4.8558
1.2639,2.7068,4.8995
1.2639,2.7328,4.9422
1.2639,2.7588,4.984
1.4406,1.4599,-0.42899
1.4406,1.4859,-0.23443
1.4406,1.5119,-0.042569
1.4406,1.5379,0.14875
1.4406,1.5638,0.34113
1.4406,1.5898,0.53551
1.4406,1.6158,0.73011
1.4406,1.6418,0.92566
1.4406,1.6677,1.1279
1.4406,1.6937,1.3266
1.4406,1.7197,1.5007
1.4406,1.7457,1.6881
1.4406,1.7716,1.8553
1.4406,1.7976,2.0279
1.4406,1.8236,2.1747
1.4406,1.8496,2.2868
1.4406,1.8755,2.4069
1.4406,1.9015,2.5354
1.4406,1.9275,2.6626
1.4406,1.9535,2.792
1.4406,1.9795,2.921
1.4406,2.0054,3.0473
1.4406,2.0314,3.1666
1.4406,2.0574,3.2833
1.4406,2.0834,3.413
1.4406,2.1093,3.5216
1.4406,2.1353,3.6427
1.4406,2.1613,3.7264
1.4406,2.1873,3.8364
1.4406,2.2132,3.8881
1.4406,2.2392,3.929
1.4406,2.2652,3.9829
1.4406,2.2912,4.027
1.4406,2.3172,4.0937
1.4406,2.3431,4.1536
1.4406,2.3691,4.2188
1.4406,2.3951,4.2756
1.4406,2.4211,4.3319
1.4406,2.447,4.3875
1.4406,2.473,4.4423
1.4406,2.499,4.4962
1.4406,2.525,4.5494
1.4406,2.5509,4.6009
1.4406,2.5769,4.6511
1.4406,2.6029,4.6997
1.4406,2.6289,4.7474
1.4406,2.6548,4.7936
1.4406,2.6808,4.8386
1.4406,2.7068,4.8825
1.4406,2.7328,4.9253
1.4406,2.7588,4.9672
1.6173,1.4599,-0.50521
1.6173,1.4859,-0.31181
1.6173,1.5119,-0.12093
1.6173,1.5379,0.068239
1.6173,1.5638,0.25661
1.6173,1.5898,0.44602
1.6173,1.6158,0.63831
1.6173,1.6418,0.83247
1.6173,1.6677,1.0292
1.6173,1.6937,1.2283
1.6173,1.7197,1.4156
1.6173,1.7457,1.6078
1.6173,1.7716,1.7784
1.6173,1.7976,1.9438
1.6173,1.8236,2.0805
1.6173,1.8496,2.1929
1.6173,1.8755,2.3206
1.6173,1.9015,2.4518
1.6173,1.9275,2.5863
1.6173,1.9535,2.7231
1.6173,1.9795,2.8615
1.6173,2.0054,2.9976
1.6173,2.0314,3.1198
1.6173,2.0574,3.2518
1.6173,2.0834,3.367
1.6173,2.1093,3.4793
1.6173,2.1353,3.6003
1.6173,2.1613,3.6974
1.6173,2.1873,3.8063
1.6173,2.2132,3.8548
1.6173,2.2392,3.8948
1.6173,2.2652,3.9511
1.6173,2.2912,4.0075
1.6173,2.3172,4.0681
1.6173,2.3431,4.1374
1.6173,2.3691,4.2001
1.6173,2.3951,4.257
1.6173,2.4211,4.3136
1.6173,2.447,4.3696
1.6173,2.473,4.4248
1.6173,2.499,4.479
1.6173,2.525,4.5327
1.6173,2.5509,4.5845
1.6173,2.5769,4.6347
1.6173,2.6029,4.6837
1.6173,2.6289,4.7314
1.6173,2.6548,4.7777
1.6173,2.6808,4.8229
1.6173,2.7068,4.8673
1.6173,2.7328,4.9122
1.6173,2.7588,4.9548
1.7941,1.4599,-0.58156
1.7941,1.4859,-0.38718
1.7941,1.5119,-0.19762
1.7941,1.5379,-0.010031
1.7941,1.5638,0.17662
1.7941,1.5898,0.36285
1.7941,1.6158,0.55081
1.7941,1.6418,0.74168
1.7941,1.6677,0.93611
1.7941,1.6937,1.1337
1.7941,1.7197,1.3277
1.7941,1.7457,1.5235
1.7941,1.7716,1.6984
1.7941,1.7976,1.8574
1.7941,1.8236,1.9734
1.7941,1.8496,2.1017
1.7941,1.8755,2.2354
1.7941,1.9015,2.3663
1.7941,1.9275,2.513
1.7941,1.9535,2.6562
1.7941,1.9795,2.8123
1.7941,2.0054,2.9585
1.7941,2.0314,3.0903
1.7941,2.0574,3.2125
1.7941,2.0834,3.3308
1.7941,2.1093,3.4464
1.7941,2.1353,3.5605
1.7941,2.1613,3.6688
1.7941,2.1873,3.7749
1.7941,2.2132,3.8244
1.7941,2.2392,3.8753
1.7941,2.2652,3.9349
1.7941,2.2912,3.9858
1.7941,2.3172,4.0542
1.7941,2.3431,4.1246
1.7941,2.3691,4.1842
1.7941,2.3951,4.241
1.7941,2.4211,4.2979
1.7941,2.447,4.3541
1.7941,2.473,4.4096
1.7941,2.499,4.4649
1.7941,2.525,4.5182
1.7941,2.5509,4.5699
1.7941,2.5769,4.6203
1.7941,2.6029,4.6694
1.7941,2.6289,4.7171
1.7941,2.6548,4.7642
1.7941,2.6808,4.811
1.7941,2.7068,4.8554
1.7941,2.7328,4.8995
1.7941,2.7588,4.941
1.9708,1.4599,-0.65937
1.9708,1.4859,-0.46041
1.9708,1.5119,-0.27208
1.9708,1.5379,-0.085936
1.9708,1.5638,0.1012
1.9708,1.5898,0.28366
1.9708,1.6158,0.46795
1.9708,1.6418,0.65476
1.9708,1.6677,0.84761
1.9708,1.6937,1.0408
1.9708,1.7197,1.2372
1.9708,1.7457,1.4287
1.9708,1.7716,1.6013
1.9708,1.7976,1.7496
1.9708,1.8236,1.8818
1.9708,1.8496,2.0093
1.9708,1.8755,2.1497
1.9708,1.9015,2.2996
1.9708,1.9275,2.4467
1.9708,1.9535,2.607
1.9708,1.9795,2.7728
1.9708,2.0054,2.9251
1.9708,2.0314,3.0651
1.9708,2.0574,3.1891
1.9708,2.0834,3.3004
1.9708,2.1093,3.4187
1.9708,2.1353,3.5351
1.9708,2.1613,3.6416
1.9708,2.1873,3.7426
1.9708,2.2132,3.8075
1.9708,2.2392,3.8556
1.9708,2.2652,3.9135
1.9708,2.2912,3.9677
1.9708,2.3172,4.0435
1.9708,2.3431,4.1146
1.9708,2.3691,4.1708
1.9708,2.3951,4.2277
1.9708,2.4211,4.2847
1.9708,2.447,4.3411
1.9708,2.473,4.3976
1.9708,2.499,4.4524
1.9708,2.525,4.5056
1.9708,2.5509,4.5574
1.9708,2.5769,4.6078
1.9708,2.6029,4.6572
1.9708,2.6289,4.7055
1.9708,2.6548,4.7526
1.9708,2.6808,4.7984
1.9708,2.7068,4.8428
1.9708,2.7328,4.8867
1.9708,2.7588,4.9293
2.1475,1.4599,-0.73642
2.1475,1.4859,-0.53321
2.1475,1.5119,-0.344
2.1475,1.5379,-0.15924
2.1475,1.5638,0.025268
2.1475,1.5898,0.20894
2.1475,1.6158,0.38979
2.1475,1.6418,0.57219
2.1475,1.6677,0.763
2.1475,1.6937,0.9545
2.1475,1.7197,1.1442
2.1475,1.7457,1.3327
2.1475,1.7716,1.5054
2.1475,1.7976,1.6538
2.1475,1.8236,1.7854
2.1475,1.8496,1.927
2.1475,1.8755,2.0821
2.1475,1.9015,2.2378
2.1475,1.9275,2.4006
2.1475,1.9535,2.571
2.1475,1.9795,2.7428
2.1475,2.0054,2.8996
2.1475,2.0314,3.038
2.1475,2.0574,3.1587
2.1475,2.0834,3.2765
2.1475,2.1093,3.3961
2.1475,2.1353,3.5101
2.1475,2.1613,3.6143
2.1475,2.1873,3.7167
2.1475,2.2132,3.789
2.1475,2.2392,3.8409
2.1475,2.2652,3.9002
2.1475,2.2912,3.9624
2.1475,2.3172,4.0366
2.1475,2.3431,4.1041
2.1475,2.3691,4.16
2.1475,2.3951,4.2168
2.1475,2.4211,4.2738
2.1475,2.447,4.3311
2.1475,2.473,4.3874
2.1475,2.499,4.4419
2.1475,2.525,4.4945
2.1475,2.5509,4.5462
2.1475,2.5769,4.597
2.1475,2.6029,4.6466
2.1475,2.6289,4.6945
2.1475,2.6548,4.7414
2.1475,2.6808,4.787
2.1475,2.7068,4.8316
2.1475,2.7328,4.875
2.1475,2.7588,4.9185
2.3243,1.4599,-0.78918
2.3243,1.4859,-0.60655
2.3243,1.5119,-0.41285
2.3243,1.5379,-0.22954
2.3243,1.5638,-0.048062
2.3243,1.5898,0.13824
2.3243,1.6158,0.31536
2.3243,1.6418,0.49517
2.3243,1.6677,0.67919
2.3243,1.6937,0.86892
2.3243,1.7197,1.0555
2.3243,1.7457,1.2319
2.3243,1.7716,1.3993
2.3243,1.7976,1.5552
2.3243,1.8236,1.7028
2.3243,1.8496,1.8617
2.3243,1.8755,2.0292
2.3243,1.9015,2.1902
2.3243,1.9275,2.3645
2.3243,1.9535,2.5435
2.3243,1.9795,2.7184
2.3243,2.0054,2.871
2.3243,2.0314,3.0134
2.3243,2.0574,3.1384
2.3243,2.0834,3.2565
2.3243,2.1093,3.374
2.3243,2.1353,3.4856
2.3243,2.1613,3.5909
2.3243,2.1873,3.6897
2.3243,2.2132,3.7734
2.3243,2.2392,3.8278
2.3243,2.2652,3.8936
2.3243,2.2912,3.9601
2.3243,2.3172,4.0314
2.3243,2.3431,4.0962
2.3243,2.3691,4.1517
2.3243,2.3951,4.2083
2.3243,2.4211,4.2652
2.3243,2.447,4.3218
2.3243,2.473,4.3775
2.3243,2.499,4.4311
2.3243,2.525,4.4843
2.3243,2.5509,4.537
2.3243,2.5769,4.5879
2.3243,2.6029,4.6372
2.3243,2.6289,4.685
2.3243,2.6548,4.7321
2.3243,2.6808,4.7787
2.3243,2.7068,4.8248
2.3243,2.7328,4.8702
2.3243,2.7588,4.9079
2.501,1.4599,-0.84636
2.501,1.4859,-0.66136
2.501,1.5119,-0.47778
2.501,1.5379,-0.2963
2.501,1.5638,-0.11668
2.501,1.5898,0.067557
2.501,1.6158,0.2455
2.501,1.6418,0.41987
2.501,1.6677,0.59985
2.501,1.6937,0.78652
2.501,1.7197,0.9684
2.501,1.7457,1.1333
2.501,1.7716,1.2927
2.501,1.7976,1.4693
2.501,1.8236,1.6411
2.501,1.8496,1.8096
2.501,1.8755,1.9817
2.501,1.9015,2.1583
2.501,1.9275,2.3423
2.501,1.9535,2.5215
2.501,1.9795,2.6955
2.501,2.0054,2.8513
2.501,2.0314,2.9919
2.501,2.0574,3.1194
2.501,2.0834,3.2391
2.501,2.1093,3.3529
2.501,2.1353,3.4643
2.501,2.1613,3.5695
2.501,2.1873,3.6696
2.501,2.2132,3.7575
2.501,2.2392,3.8264
2.501,2.2652,3.8867
2.501,2.2912,3.9598
2.501,2.3172,4.029
2.501,2.3431,4.0907
2.501,2.3691,4.1446
2.501,2.3951,4.202
2.501,2.4211,4.2566
2.501,2.447,4.3117
2.501,2.473,4.368
2.501,2.499,4.4239
2.501,2.525,4.478
2.501,2.5509,4.53
2.501,2.5769,4.5804
2.501,2.6029,4.63
2.501,2.6289,4.6789
2.501,2.6548,4.727
2.501,2.6808,4.7744
2.501,2.7068,4.8186
2.501,2.7328,4.8556
2.501,2.7588,4.8978
2.6777,1.4599,-0.90107
2.6777,1.4859,-0.71367
2.6777,1.5119,-0.53694
2.6777,1.5379,-0.35556
2.6777,1.5638,-0.17849
2.6777,1.5898,-0.0021569
2.6777,1.6158,0.17948
2.6777,1.6418,0.35518
2.6777,1.6677,0.52822
2.6777,1.6937,0.69944
2.6777,1.7197,0.88864
2.6777,1.7457,1.0489
2.6777,1.7716,1.2311
2.6777,1.7976,1.4078
2.6777,1.8236,1.5932
2.6777,1.8496,1.7716
2.6777,1.8755,1.951
2.6777,1.9015,2.1332
2.6777,1.9275,2.3188
2.6777,1.9535,2.4954
2.6777,1.9795,2.6736
2.6777,2.0054,2.8319
2.6777,2.0314,2.9753
2.6777,2.0574,3.1049
2.6777,2.0834,3.2232
2.6777,2.1093,3.3348
2.6777,2.1353,3.4453
2.6777,2.1613,3.5519
2.6777,2.1873,3.6506
2.6777,2.2132,3.7437
2.6777,2.2392,3.8214
2.6777,2.2652,3.8856
2.6777,2.2912,3.9551
2.6777,2.3172,4.0279
2.6777,2.3431,4.0838
2.6777,2.3691,4.1357
2.6777,2.3951,4.1897
2.6777,2.4211,4.2491
2.6777,2.447,4.3077
2.6777,2.473,4.3648
2.6777,2.499,4.4188
2.6777,2.525,4.4722
2.6777,2.5509,4.5237
2.6777,2.5769,4.5744
2.6777,2.6029,4.6243
2.6777,2.6289,4.6735
2.6777,2.6548,4.722
2.6777,2.6808,4.7655
2.6777,2.7068,4.8048
2.6777,2.7328,4.8483
2.6777,2.7588,4.891
2.8545,1.4599,-0.94599
2.8545,1.4859,-0.76831
2.8545,1.5119,-0.5855
2.8545,1.5379,-0.41071
2.8545,1.5638,-0.23426
2.8545,1.5898,-0.059098
2.8545,1.6158,0.11649
2.8545,1.6418,0.2987
2.8545,1.6677,0.46169
2.8545,1.6937,0.62053
2.8545,1.7197,0.80353
2.8545,1.7457,0.99117
2.8545,1.7716,1.1784
2.8545,1.7976,1.3657
2.8545,1.8236,1.5555
2.8545,1.8496,1.7422
2.8545,1.8755,1.9277
2.8545,1.9015,2.1121
2.8545,1.9275,2.2968
2.8545,1.9535,2.4792
2.8545,1.9795,2.6544
2.8545,2.0054,2.8179
2.8545,2.0314,2.9612
2.8545,2.0574,3.0912
2.8545,2.0834,3.2076
2.8545,2.1093,3.3191
2.8545,2.1353,3.4289
2.8545,2.1613,3.5361
2.8545,2.1873,3.6336
2.8545,2.2132,3.7271
2.8545,2.2392,3.8056
2.8545,2.2652,3.8839
2.8545,2.2912,3.9507
2.8545,2.3172,4.0192
2.8545,2.3431,4.0745
2.8545,2.3691,4.1273
2.8545,2.3951,4.1864
2.8545,2.4211,4.2461
2.8545,2.447,4.3048
2.8545,2.473,4.3609
2.8545,2.499,4.4143
2.8545,2.525,4.4669
2.8545,2.5509,4.5186
2.8545,2.5769,4.5696
2.8545,2.6029,4.6198
2.8545,2.6289,4.6685
2.8545,2.6548,4.713
2.8545,2.6808,4.7549
2.8545,2.7068,4.7991
2.8545,2.7328,4.8425
2.8545,2.7588,4.883
3.0312,1.4599,-0.97573
3.0312,1.4859,-0.80223
3.0312,1.5119,-0.6307
3.0312,1.5379,-0.45933
3.0312,1.5638,-0.2854
3.0312,1.5898,-0.10947
3.0312,1.6158,0.056373
3.0312,1.6418,0.22501
3.0312,1.6677,0.40463
3.0312,1.6937,0.58308
3.0312,1.7197,0.75818
3.0312,1.7457,0.94769
3.0312,1.7716,1.1371
3.0312,1.7976,1.3304
3.0312,1.8236,1.5255
3.0312,1.8496,1.7165
3.0312,1.8755,1.9023
3.0312,1.9015,2.0914
3.0312,1.9275,2.2798
3.0312,1.9535,2.4645
3.0312,1.9795,2.641
3.0312,2.0054,2.802
3.0312,2.0314,2.9483
3.0312,2.0574,3.0783
3.0312,2.0834,3.1963
3.0312,2.1093,3.3064
3.0312,2.1353,3.4156
3.0312,2.1613,3.5221
3.0312,2.1873,3.6197
3.0312,2.2132,3.712
3.0312,2.2392,3.7972
3.0312,2.2652,3.8766
3.0312,2.2912,3.9482
3.0312,2.3172,4.0135
3.0312,2.3431,4.0743
3.0312,2.3691,4.1277
3.0312,2.3951,4.1904
3.0312,2.4211,4.2476
3.0312,2.447,4.302
3.0312,2.473,4.3561
3.0312,2.499,4.4096
3.0312,2.525,4.4623
3.0312,2.5509,4.5147
3.0312,2.5769,4.5656
3.0312,2.6029,4.6149
3.0312,2.6289,4.6613
3.0312,2.6548,4.7054
3.0312,2.6808,4.7503
3.0312,2.7068,4.7935
3.0312,2.7328,4.837
3.0312,2.7588,4.8798
3.208,1.4599,-1.0068
3.208,1.4859,-0.83483
3.208,1.5119,-0.66459
3.208,1.5379,-0.49595
3.208,1.5638,-0.32908
3.208,1.5898,-0.16573
3.208,1.6158,0.0057107
3.208,1.6418,0.17827
3.208,1.6677,0.35754
3.208,1.6937,0.53895
3.208,1.7197,0.73249
3.208,1.7457,0.91406
3.208,1.7716,1.1028
3.208,1.7976,1.3009
3.208,1.8236,1.4966
3.208,1.8496,1.6897
3.208,1.8755,1.8807
3.208,1.9015,2.0734
3.208,1.9275,2.2635
3.208,1.9535,2.4489
3.208,1.9795,2.6286
3.208,2.0054,2.7887
3.208,2.0314,2.9314
3.208,2.0574,3.0655
3.208,2.0834,3.1837
3.208,2.1093,3.2944
3.208,2.1353,3.4043
3.208,2.1613,3.5097
3.208,2.1873,3.607
3.208,2.2132,3.6988
3.208,2.2392,3.7863
3.208,2.2652,3.8688
3.208,2.2912,3.9369
3.208,2.3172,4.0092
3.208,2.3431,4.0683
3.208,2.3691,4.1326
3.208,2.3951,4.1899
3.208,2.4211,4.2432
3.208,2.447,4.2973
3.208,2.473,4.3526
3.208,2.499,4.4078
3.208,2.525,4.4611
3.208,2.5509,4.5127
3.208,2.5769,4.5625
3.208,2.6029,4.6103
3.208,2.6289,4.6566
3.208,2.6548,4.7018
3.208,2.6808,4.7466
3.208,2.7068,4.7897
3.208,2.7328,4.8313
3.208,2.7588,4.8725
3.3847,1.4599,-1.042
3.3847,1.4859,-0.87051
3.3847,1.5119,-0.69989
3.3847,1.5379,-0.53041
3.3847,1.5638,-0.36424
3.3847,1.5898,-0.19684
3.3847,1.6158,-0.027347
3.3847,1.6418,0.14423
3.3847,1.6677,0.31954
3.3847,1.6937,0.50013
3.3847,1.7197,0.69036
3.3847,1.7457,0.88173
3.3847,1.7716,1.0766
3.3847,1.7976,1.2735
3.3847,1.8236,1.4699
3.3847,1.8496,1.664
3.3847,1.8755,1.8575
3.3847,1.9015,2.0489
3.3847,1.9275,2.2407
3.3847,1.9535,2.4301
3.3847,1.9795,2.6121
3.3847,2.0054,2.7753
3.3847,2.0314,2.9168
3.3847,2.0574,3.0492
3.3847,2.0834,3.1708
3.3847,2.1093,3.2843
3.3847,2.1353,3.3936
3.3847,2.1613,3.4988
3.3847,2.1873,3.5958
3.3847,2.2132,3.6907
3.3847,2.2392,3.7725
3.3847,2.2652,3.8592
3.3847,2.2912,3.9289
3.3847,2.3172,4.0038
3.3847,2.3431,4.0762
3.3847,2.3691,4.1353
3.3847,2.3951,4.1868
3.3847,2.4211,4.2433
3.3847,2.447,4.2998
3.3847,2.473,4.3553
3.3847,2.499,4.4092
3.3847,2.525,4.4612
3.3847,2.5509,4.5116
3.3847,2.5769,4.5602
3.3847,2.6029,4.6073
3.3847,2.6289,4.6535
3.3847,2.6548,4.699
3.3847,2.6808,4.7439
3.3847,2.7068,4.788
3.3847,2.7328,4.8314
3.3847,2.7588,4.8741
3.5614,1.4599,-1.0676
3.5614,1.4859,-0.89886
3.5614,1.5119,-0.7315
3.5614,1.5379,-0.5638
3.5614,1.5638,-0.39634
3.5614,1.5898,-0.22808
3.5614,1.6158,-0.058352
3.5614,1.6418,0.11386
3.5614,1.6677,0.29169
3.5614,1.6937,0.4704
3.5614,1.7197,0.65981
3.5614,1.7457,0.85331
3.5614,1.7716,1.0508
3.5614,1.7976,1.2481
3.5614,1.8236,1.4436
3.5614,1.8496,1.6373
3.5614,1.8755,1.8292
3.5614,1.9015,2.0235
3.5614,1.9275,2.218
3.5614,1.9535,2.4064
3.5614,1.9795,2.5852
3.5614,2.0054,2.7555
3.5614,2.0314,2.9012
3.5614,2.0574,3.0323
3.5614,2.0834,3.1589
3.5614,2.1093,3.2762
3.5614,2.1353,3.3845
3.5614,2.1613,3.4898
3.5614,2.1873,3.5906
3.5614,2.2132,3.686
3.5614,2.2392,3.7633
3.5614,2.2652,3.8487
3.5614,2.2912,3.9183
3.5614,2.3172,4.0021
3.5614,2.3431,4.0853
3.5614,2.3691,4.1419
3.5614,2.3951,4.1924
3.5614,2.4211,4.245
3.5614,2.447,4.2987
3.5614,2.473,4.3523
3.5614,2.499,4.4074
3.5614,2.525,4.4586
3.5614,2.5509,4.5107
3.5614,2.5769,4.5584
3.5614,2.6029,4.6054
3.5614,2.6289,4.6517
3.5614,2.6548,4.6973
3.5614,2.6808,4.7423
3.5614,2.7068,4.7865
3.5614,2.7328,4.83
3.5614,2.7588,4.8729
3.7382,1.4599,-1.0919
3.7382,1.4859,-0.9255
3.7382,1.5119,-0.75994
3.7382,1.5379,-0.59332
3.7382,1.5638,-0.42577
3.7382,1.5898,-0.2565
3.7382,1.6158,-0.085738
3.7382,1.6418,0.090627
3.7382,1.6677,0.26884
3.7382,1.6937,0.44875
3.7382,1.7197,0.63388
3.7382,1.7457,0.82912
3.7382,1.7716,1.0253
3.7382,1.7976,1.2243
3.7382,1.8236,1.4178
3.7382,1.8496,1.6095
3.7382,1.8755,1.8025
3.7382,1.9015,1.9983
3.7382,1.9275,2.1885
3.7382,1.9535,2.3731
3.7382,1.9795,2.5553
3.7382,2.0054,2.7299
3.7382,2.0314,2.879
3.7382,2.0574,3.0165
3.7382,2.0834,3.1484
3.7382,2.1093,3.2706
3.7382,2.1353,3.3794
3.7382,2.1613,3.4829
3.7382,2.1873,3.588
3.7382,2.2132,3.6857
3.7382,2.2392,3.7613
3.7382,2.2652,3.8375
3.7382,2.2912,3.9205
3.7382,2.3172,4.0081
3.7382,2.3431,4.0764
3.7382,2.3691,4.1292
3.7382,2.3951,4.1807
3.7382,2.4211,4.2415
3.7382,2.447,4.2983
3.7382,2.473,4.3508
3.7382,2.499,4.4057
3.7382,2.525,4.4607
3.7382,2.5509,4.5092
3.7382,2.5769,4.5571
3.7382,2.6029,4.6044
3.7382,2.6289,4.651
3.7382,2.6548,4.6969
3.7382,2.6808,4.742
3.7382,2.7068,4.7865
3.7382,2.7328,4.8301
3.7382,2.7588,4.8696
3.9149,1.4599,-1.1128
3.9149,1.4859,-0.9507
3.9149,1.5119,-0.78733
3.9149,1.5379,-0.62179
3.9149,1.5638,-0.45382
3.9149,1.5898,-0.28456
3.9149,1.6158,-0.11255
3.9149,1.6418,0.06355
3.9149,1.6677,0.24011
3.9149,1.6937,0.42423
3.9149,1.7197,0.61026
3.9149,1.7457,0.80399
3.9149,1.7716,1.0038
3.9149,1.7976,1.2018
3.9149,1.8236,1.394
3.9149,1.8496,1.5807
3.9149,1.8755,1.7769
3.9149,1.9015,1.9677
3.9149,1.9275,2.1533
3.9149,1.9535,2.3437
3.9149,1.9795,2.5209
3.9149,2.0054,2.6914
3.9149,2.0314,2.8546
3.9149,2.0574,2.9991
3.9149,2.0834,3.1404
3.9149,2.1093,3.269
3.9149,2.1353,3.383
3.9149,2.1613,3.4807
3.9149,2.1873,3.591
3.9149,2.2132,3.6817
3.9149,2.2392,3.7596
3.9149,2.2652,3.8303
3.9149,2.2912,3.922
3.9149,2.3172,4.006
3.9149,2.3431,4.0808
3.9149,2.3691,4.1403
3.9149,2.3951,4.1899
3.9149,2.4211,4.2423
3.9149,2.447,4.2963
3.9149,2.473,4.3547
3.9149,2.499,4.4101
3.9149,2.525,4.4595
3.9149,2.5509,4.5085
3.9149,2.5769,4.5569
3.9149,2.6029,4.6047
3.9149,2.6289,4.6517
3.9149,2.6548,4.6979
3.9149,2.6808,4.7413
3.9149,2.7068,4.7826
3.9149,2.7328,4.8223
3.9149,2.7588,4.8607
4.0916,1.4599,-1.1336
4.0916,1.4859,-0.97417
4.0916,1.5119,-0.81177
4.0916,1.5379,-0.64755
4.0916,1.5638,-0.48111
4.0916,1.5898,-0.31259
4.0916,1.6158,-0.14118
4.0916,1.6418,0.033617
4.0916,1.6677,0.21412
4.0916,1.6937,0.3985
4.0916,1.7197,0.5878
4.0916,1.7457,0.78049
4.0916,1.7716,0.98012
4.0916,1.7976,1.1748
4.0916,1.8236,1.3658
4.0916,1.8496,1.5568
4.0916,1.8755,1.7438
4.0916,1.9015,1.9333
4.0916,1.9275,2.123
4.0916,1.9535,2.3083
4.0916,1.9795,2.4828
4.0916,2.0054,2.6637
4.0916,2.0314,2.8298
4.0916,2.0574,2.9836
4.0916,2.0834,3.131
4.0916,2.1093,3.2671
4.0916,2.1353,3.3853
4.0916,2.1613,3.4919
4.0916,2.1873,3.5919
4.0916,2.2132,3.6858
4.0916,2.2392,3.7662
4.0916,2.2652,3.84
4.0916,2.2912,3.9157
4.0916,2.3172,4.0038
4.0916,2.3431,4.0727
4.0916,2.3691,4.1298
4.0916,2.3951,4.1843
4.0916,2.4211,4.2411
4.0916,2.447,4.3028
4.0916,2.473,4.3553
4.0916,2.499,4.409
4.0916,2.525,4.4592
4.0916,2.5509,4.5091
4.0916,2.5769,4.5582
4.0916,2.6029,4.606
4.0916,2.6289,4.6516
4.0916,2.6548,4.6953
4.0916,2.6808,4.7373
4.0916,2.7068,4.7777
4.0916,2.7328,4.8167
4.0916,2.7588,4.8544
4.2684,1.4599,-1.1534
4.2684,1.4859,-0.99677
4.2684,1.5119,-0.83554
4.2684,1.5379,-0.67256
4.2684,1.5638,-0.50744
4.2684,1.5898,-0.34067
4.2684,1.6158,-0.1718
4.2684,1.6418,0.0037331
4.2684,1.6677,0.18427
4.2684,1.6937,0.37078
4.2684,1.7197,0.56273
4.2684,1.7457,0.75602
4.2684,1.7716,0.9522
4.2684,1.7976,1.1437
4.2684,1.8236,1.334
4.2684,1.8496,1.5241
4.2684,1.8755,1.7144
4.2684,1.9015,1.8942
4.2684,1.9275,2.0859
4.2684,1.9535,2.2732
4.2684,1.9795,2.4512
4.2684,2.0054,2.6321
4.2684,2.0314,2.8059
4.2684,2.0574,2.9695
4.2684,2.0834,3.1202
4.2684,2.1093,3.2652
4.2684,2.1353,3.3888
4.2684,2.1613,3.4933
4.2684,2.1873,3.5857
4.2684,2.2132,3.6883
4.2684,2.2392,3.7698
4.2684,2.2652,3.8438
4.2684,2.2912,3.9188
4.2684,2.3172,3.9999
4.2684,2.3431,4.0642
4.2684,2.3691,4.1187
4.2684,2.3951,4.1734
4.2684,2.4211,4.2312
4.2684,2.447,4.2905
4.2684,2.473,4.3498
4.2684,2.499,4.4071
4.2684,2.525,4.4606
4.2684,2.5509,4.5119
4.2684,2.5769,4.5611
4.2684,2.6029,4.6084
4.2684,2.6289,4.6545
4.2684,2.6548,4.6982
4.2684,2.6808,4.74
4.2684,2.7068,4.7803
4.2684,2.7328,4.8192
4.2684,2.7588,4.8568
4.4451,1.4599,-1.1766
4.4451,1.4859,-1.0192
4.4451,1.5119,-0.85919
4.4451,1.5379,-0.69752
4.4451,1.5638,-0.53371
4.4451,1.5898,-0.368
4.4451,1.6158,-0.19871
4.4451,1.6418,-0.024396
4.4451,1.6677,0.15588
4.4451,1.6937,0.34071
4.4451,1.7197,0.53115
4.4451,1.7457,0.72615
4.4451,1.7716,0.91877
4.4451,1.7976,1.1085
4.4451,1.8236,1.3016
4.4451,1.8496,1.4844
4.4451,1.8755,1.671
4.4451,1.9015,1.8588
4.4451,1.9275,2.0488
4.4451,1.9535,2.237
4.4451,1.9795,2.4233
4.4451,2.0054,2.6046
4.4451,2.0314,2.7825
4.4451,2.0574,2.9524
4.4451,2.0834,3.1122
4.4451,2.1093,3.2645
4.4451,2.1353,3.3886
4.4451,2.1613,3.4859
4.4451,2.1873,3.5836
4.4451,2.2132,3.6819
4.4451,2.2392,3.7673
4.4451,2.2652,3.8337
4.4451,2.2912,3.9176
4.4451,2.3172,3.9907
4.4451,2.3431,4.0676
4.4451,2.3691,4.1219
4.4451,2.3951,4.1691
4.4451,2.4211,4.2396
4.4451,2.447,4.2962
4.4451,2.473,4.3534
4.4451,2.499,4.4094
4.4451,2.525,4.4637
4.4451,2.5509,4.5157
4.4451,2.5769,4.5663
4.4451,2.6029,4.6142
4.4451,2.6289,4.6603
4.4451,2.6548,4.7047
4.4451,2.6808,4.7476
4.4451,2.7068,4.7889
4.4451,2.7328,4.829
4.4451,2.7588,4.8678
4.6218,1.4599,-1.198
4.6218,1.4859,-1.0422
4.6218,1.5119,-0.88412
4.6218,1.5379,-0.72344
4.6218,1.5638,-0.56016
4.6218,1.5898,-0.39528
4.6218,1.6158,-0.22614
4.6218,1.6418,-0.052628
4.6218,1.6677,0.12687
4.6218,1.6937,0.31219
4.6218,1.7197,0.50169
4.6218,1.7457,0.69294
4.6218,1.7716,0.88226
4.6218,1.7976,1.0732
4.6218,1.8236,1.263
4.6218,1.8496,1.4474
4.6218,1.8755,1.6335
4.6218,1.9015,1.8228
4.6218,1.9275,2.0119
4.6218,1.9535,2.2016
4.6218,1.9795,2.391
4.6218,2.0054,2.5792
4.6218,2.0314,2.7627
4.6218,2.0574,2.9401
4.6218,2.0834,3.1075
4.6218,2.1093,3.2637
4.6218,2.1353,3.3977
4.6218,2.1613,3.4914
4.6218,2.1873,3.5719
4.6218,2.2132,3.6684
4.6218,2.2392,3.7544
4.6218,2.2652,3.8328
4.6218,2.2912,3.9087
4.6218,2.3172,3.9821
4.6218,2.3431,4.0645
4.6218,2.3691,4.1205
4.6218,2.3951,4.1692
4.6218,2.4211,4.2403
4.6218,2.447,4.3098
4.6218,2.473,4.3628
4.6218,2.499,4.4165
4.6218,2.525,4.4698
4.6218,2.5509,4.5222
4.6218,2.5769,4.5736
4.6218,2.6029,4.6239
4.6218,2.6289,4.6723
4.6218,2.6548,4.7167
4.6218,2.6808,4.7587
4.6218,2.7068,4.7986
4.6218,2.7328,4.8368
4.6218,2.7588,4.8734
4.7986,1.4599,-1.2204
4.7986,1.4859,-1.0674
4.7986,1.5119,-0.90934
4.7986,1.5379,-0.74995
4.7986,1.5638,-0.58742
4.7986,1.5898,-0.42215
4.7986,1.6158,-0.25381
4.7986,1.6418,-0.08049
4.7986,1.6677,0.097213
4.7986,1.6937,0.28021
4.7986,1.7197,0.46748
4.7986,1.7457,0.65561
4.7986,1.7716,0.84461
4.7986,1.7976,1.034
4.7986,1.8236,1.2217
4.7986,1.8496,1.4083
4.7986,1.8755,1.5976
4.7986,1.9015,1.7857
4.7986,1.9275,1.975
4.7986,1.9535,2.1696
4.7986,1.9795,2.3655
4.7986,2.0054,2.5586
4.7986,2.0314,2.7482
4.7986,2.0574,2.9304
4.7986,2.0834,3.1052
4.7986,2.1093,3.2683
4.7986,2.1353,3.4
4.7986,2.1613,3.4999
4.7986,2.1873,3.5805
4.7986,2.2132,3.6715
4.7986,2.2392,3.7563
4.7986,2.2652,3.8333
4.7986,2.2912,3.9072
4.7986,2.3172,3.9803
4.7986,2.3431,4.064
4.7986,2.3691,4.1228
4.7986,2.3951,4.1733
4.7986,2.4211,4.2358
4.7986,2.447,4.3118
4.7986,2.473,4.3689
4.7986,2.499,4.4235
4.7986,2.525,4.4778
4.7986,2.5509,4.531
4.7986,2.5769,4.5831
4.7986,2.6029,4.6339
4.7986,2.6289,4.6835
4.7986,2.6548,4.7319
4.7986,2.6808,4.7783
4.7986,2.7068,4.8192
4.7986,2.7328,4.8581
4.7986,2.7588,4.8951
4.9753,1.4599,-1.2543
4.9753,1.4859,-1.0964
4.9753,1.5119,-0.93752
4.9753,1.5379,-0.77778
4.9753,1.5638,-0.61495
4.9753,1.5898,-0.44911
4.9753,1.6158,-0.28025
4.9753,1.6418,-0.10808
4.9753,1.6677,0.067489
4.9753,1.6937,0.24678
4.9753,1.7197,0.43017
4.9753,1.7457,0.61699
4.9753,1.7716,0.80579
4.9753,1.7976,0.99441
4.9753,1.8236,1.182
4.9753,1.8496,1.3713
4.9753,1.8755,1.562
4.9753,1.9015,1.7504
4.9753,1.9275,1.9443
4.9753,1.9535,2.1478
4.9753,1.9795,2.3433
4.9753,2.0054,2.5447
4.9753,2.0314,2.7381
4.9753,2.0574,2.9216
4.9753,2.0834,3.1036
4.9753,2.1093,3.2778
4.9753,2.1353,3.4106
4.9753,2.1613,3.4969
4.9753,2.1873,3.5813
4.9753,2.2132,3.6617
4.9753,2.2392,3.7606
4.9753,2.2652,3.8407
4.9753,2.2912,3.9187
4.9753,2.3172,3.9922
4.9753,2.3431,4.0679
4.9753,2.3691,4.1285
4.9753,2.3951,4.1869
4.9753,2.4211,4.2456
4.9753,2.447,4.312
4.9753,2.473,4.3776
4.9753,2.499,4.433
4.9753,2.525,4.4881
4.9753,2.5509,4.5422
4.9753,2.5769,4.595
4.9753,2.6029,4.6453
4.9753,2.6289,4.6926
4.9753,2.6548,4.7374
4.9753,2.6808,4.78
4.9753,2.7068,4.8205
4.9753,2.7328,4.8593
4.9753,2.7588,4.8966
5.152,1.4599,-1.2771
5.152,1.4859,-1.1226
5.152,1.5119,-0.96778
5.152,1.5379,-0.80679
5.152,1.5638,-0.64343
5.152,1.5898,-0.47667
5.152,1.6158,-0.30739
5.152,1.6418,-0.13572
5.152,1.6677,0.037803
5.152,1.6937,0.21396
5.152,1.7197,0.39447
5.152,1.7457,0.57777
5.152,1.7716,0.76515
5.152,1.7976,0.95412
5.152,1.8236,1.144
5.152,1.8496,1.3357
5.152,1.8755,1.5298
5.152,1.9015,1.7178
5.152,1.9275,1.9255
5.152,1.9535,2.1239
5.152,1.9795,2.3234
5.152,2.0054,2.5287
5.152,2.0314,2.7286
5.152,2.0574,2.9176
5.152,2.0834,3.1023
5.152,2.1093,3.2802
5.152,2.1353,3.4304
5.152,2.1613,3.5135
5.152,2.1873,3.5824
5.152,2.2132,3.6613
5.152,2.2392,3.7564
5.152,2.2652,3.8444
5.152,2.2912,3.9282
5.152,2.3172,4.0054
5.152,2.3431,4.0741
5.152,2.3691,4.1448
5.152,2.3951,4.2043
5.152,2.4211,4.2656
5.152,2.447,4.3295
5.152,2.473,4.3877
5.152,2.499,4.4455
5.152,2.525,4.5014
5.152,2.5509,4.5548
5.152,2.5769,4.6055
5.152,2.6029,4.6534
5.152,2.6289,4.6996
5.152,2.6548,4.7443
5.152,2.6808,4.7873
5.152,2.7068,4.8289
5.152,2.7328,4.8692
5.152,2.7588,4.9085
5.3288,1.4599,-1.3015
5.3288,1.4859,-1.156
5.3288,1.5119,-0.99861
5.3288,1.5379,-0.83752
5.3288,1.5638,-0.67278
5.3288,1.5898,-0.50603
5.3288,1.6158,-0.33594
5.3288,1.6418,-0.16462
5.3288,1.6677,0.0074982
5.3288,1.6937,0.1809
5.3288,1.7197,0.35786
5.3288,1.7457,0.53816
5.3288,1.7716,0.72433
5.3288,1.7976,0.91345
5.3288,1.8236,1.1066
5.3288,1.8496,1.3021
5.3288,1.8755,1.4977
5.3288,1.9015,1.6952
5.3288,1.9275,1.9079
5.3288,1.9535,2.1103
5.3288,1.9795,2.3188
5.3288,2.0054,2.5143
5.3288,2.0314,2.7193
5.3288,2.0574,2.9131
5.3288,2.0834,3.1041
5.3288,2.1093,3.2903
5.3288,2.1353,3.4486
5.3288,2.1613,3.51
5.3288,2.1873,3.5811
5.3288,2.2132,3.6617
5.3288,2.2392,3.7561
5.3288,2.2652,3.8576
5.3288,2.2912,3.9471
5.3288,2.3172,4.0222
5.3288,2.3431,4.0894
5.3288,2.3691,4.1543
5.3288,2.3951,4.2263
5.3288,2.4211,4.286
5.3288,2.447,4.3419
5.3288,2.473,4.403
5.3288,2.499,4.4609
5.3288,2.525,4.5163
5.3288,2.5509,4.5699
5.3288,2.5769,4.6216
5.3288,2.6029,4.6711
5.3288,2.6289,4.7185
5.3288,2.6548,4.7641
5.3288,2.6808,4.8078
5.3288,2.7068,4.8499
5.3288,2.7328,4.8906
5.3288,2.7588,4.93
5.5055,1.4599,-1.3419
5.5055,1.4859,-1.1885
5.5055,1.5119,-1.0298
5.5055,1.5379,-0.86849
5.5055,1.5638,-0.70258
5.5055,1.5898,-0.53517
5.5055,1.6158,-0.36522
5.5055,1.6418,-0.19451
5.5055,1.6677,-0.023279
5.5055,1.6937,0.14841
5.5055,1.7197,0.324
5.5055,1.7457,0.50077
5.5055,1.7716,0.6836
5.5055,1.7976,0.87346
5.5055,1.8236,1.0692
5.5055,1.8496,1.2694
5.5055,1.8755,1.4726
5.5055,1.9015,1.6777
5.5055,1.9275,1.8942
5.5055,1.9535,2.0995
5.5055,1.9795,2.3091
5.5055,2.0054,2.5119
5.5055,2.0314,2.715
5.5055,2.0574,2.9166
5.5055,2.0834,3.1135
5.5055,2.1093,3.3004
5.5055,2.1353,3.4376
5.5055,2.1613,3.5037
5.5055,2.1873,3.5738
5.5055,2.2132,3.6603
5.5055,2.2392,3.7593
5.5055,2.2652,3.8599
5.5055,2.2912,3.9538
5.5055,2.3172,4.0355
5.5055,2.3431,4.1088
5.5055,2.3691,4.1805
5.5055,2.3951,4.2428
5.5055,2.4211,4.3036
5.5055,2.447,4.3616
5.5055,2.473,4.42
5.5055,2.499,4.478
5.5055,2.525,4.5345
5.5055,2.5509,4.5891
5.5055,2.5769,4.6419
5.5055,2.6029,4.6924
5.5055,2.6289,4.7408
5.5055,2.6548,4.7871
5.5055,2.6808,4.8316
5.5055,2.7068,4.8742
5.5055,2.7328,4.9154
5.5055,2.7588,4.9551
5.6822,1.4599,-1.3681
5.6822,1.4859,-1.2169
5.6822,1.5119,-1.0581
5.6822,1.5379,-0.89746
5.6822,1.5638,-0.73327
5.6822,1.5898,-0.56454
5.6822,1.6158,-0.39479
5.6822,1.6418,-0.22472
5.6822,1.6677,-0.053584
5.6822,1.6937,0.11867
5.6822,1.7197,0.28993
5.6822,1.7457,0.46394
5.6822,1.7716,0.64514
5.6822,1.7976,0.83558
5.6822,1.8236,1.0376
5.6822,1.8496,1.2515
5.6822,1.8755,1.4676
5.6822,1.9015,1.6768
5.6822,1.9275,1.8898
5.6822,1.9535,2.1089
5.6822,1.9795,2.3214
5.6822,2.0054,2.5228
5.6822,2.0314,2.7321
5.6822,2.0574,2.9405
5.6822,2.0834,3.1296
5.6822,2.1093,3.3181
5.6822,2.1353,3.4389
5.6822,2.1613,3.4973
5.6822,2.1873,3.5729
5.6822,2.2132,3.6647
5.6822,2.2392,3.765
5.6822,2.2652,3.8678
5.6822,2.2912,3.9668
5.6822,2.3172,4.0539
5.6822,2.3431,4.132
5.6822,2.3691,4.1986
5.6822,2.3951,4.268
5.6822,2.4211,4.3275
5.6822,2.447,4.3854
5.6822,2.473,4.4423
5.6822,2.499,4.4997
5.6822,2.525,4.5562
5.6822,2.5509,4.6109
5.6822,2.5769,4.6634
5.6822,2.6029,4.7133
5.6822,2.6289,4.7605
5.6822,2.6548,4.8053
5.6822,2.6808,4.8478
5.6822,2.7068,4.8882
5.6822,2.7328,4.9294
5.6822,2.7588,4.9698
5.859,1.4599,-1.3833
5.859,1.4859,-1.2414
5.859,1.5119,-1.0886
5.859,1.5379,-0.92934
5.859,1.5638,-0.76228
5.859,1.5898,-0.59392
5.859,1.6158,-0.42476
5.859,1.6418,-0.25438
5.859,1.6677,-0.083674
5.859,1.6937,0.086498
5.859,1.7197,0.25843
5.859,1.7457,0.4311
5.859,1.7716,0.61266
5.859,1.7976,0.8053
5.859,1.8236,1.0122
5.859,1.8496,1.2378
5.859,1.8755,1.4608
5.859,1.9015,1.6819
5.859,1.9275,1.8956
5.859,1.9535,2.1176
5.859,1.9795,2.3375
5.859,2.0054,2.5495
5.859,2.0314,2.7591
5.859,2.0574,2.9612
5.859,2.0834,3.1598
5.859,2.1093,3.3378
5.859,2.1353,3.4369
5.859,2.1613,3.5001
5.859,2.1873,3.5853
5.859,2.2132,3.6773
5.859,2.2392,3.776
5.859,2.2652,3.8791
5.859,2.2912,3.9794
5.859,2.3172,4.0726
5.859,2.3431,4.1507
5.859,2.3691,4.2284
5.859,2.3951,4.292
5.859,2.4211,4.3518
5.859,2.447,4.4112
5.859,2.473,4.4678
5.859,2.499,4.5239
5.859,2.525,4.5799
5.859,2.5509,4.6307
5.859,2.5769,4.6807
5.859,2.6029,4.7298
5.859,2.6289,4.7784
5.859,2.6548,4.8251
5.859,2.6808,4.87
5.859,2.7068,4.9133
5.859,2.7328,4.9551
5.859,2.7588,4.9945
6.0357,1.4599,-1.4276
6.0357,1.4859,-1.2755
6.0357,1.5119,-1.1243
6.0357,1.5379,-0.95905
6.0357,1.5638,-0.79195
6.0357,1.5898,-0.6238
6.0357,1.6158,-0.45455
6.0357,1.6418,-0.28463
6.0357,1.6677,-0.11353
6.0357,1.6937,0.056844
6.0357,1.7197,0.22811
6.0357,1.7457,0.40743
6.0357,1.7716,0.59535
6.0357,1.7976,0.7903
6.0357,1.8236,1.0061
6.0357,1.8496,1.2313
6.0357,1.8755,1.4539
6.0357,1.9015,1.676
6.0357,1.9275,1.9031
6.0357,1.9535,2.1256
6.0357,1.9795,2.3518
6.0357,2.0054,2.568
6.0357,2.0314,2.7835
6.0357,2.0574,2.9939
6.0357,2.0834,3.1938
6.0357,2.1093,3.3526
6.0357,2.1353,3.4395
6.0357,2.1613,3.5116
6.0357,2.1873,3.5985
6.0357,2.2132,3.6936
6.0357,2.2392,3.7931
6.0357,2.2652,3.8961
6.0357,2.2912,3.9968
6.0357,2.3172,4.0923
6.0357,2.3431,4.1757
6.0357,2.3691,4.2506
6.0357,2.3951,4.3172
6.0357,2.4211,4.3804
6.0357,2.447,4.4395
6.0357,2.473,4.4963
6.0357,2.499,4.5526
6.0357,2.525,4.6078
6.0357,2.5509,4.6609
6.0357,2.5769,4.7071
6.0357,2.6029,4.7573
6.0357,2.6289,4.806
6.0357,2.6548,4.8504
6.0357,2.6808,4.8918
6.0357,2.7068,4.9309
6.0357,2.7328,4.968
6.0357,2.7588,5.0052
6.2124,1.4599,-1.4609
6.2124,1.4859,-1.3081
6.2124,1.5119,-1.15
6.2124,1.5379,-0.98678
6.2124,1.5638,-0.82052
6.2124,1.5898,-0.65309
6.2124,1.6158,-0.48418
6.2124,1.6418,-0.31459
6.2124,1.6677,-0.14511
6.2124,1.6937,0.03106
6.2124,1.7197,0.20309
6.2124,1.7457,0.3879
6.2124,1.7716,0.58354
6.2124,1.7976,0.79137
6.2124,1.8236,1.009
6.2124,1.8496,1.2306
6.2124,1.8755,1.4547
6.2124,1.9015,1.6795
6.2124,1.9275,1.906
6.2124,1.9535,2.1363
6.2124,1.9795,2.3624
6.2124,2.0054,2.5854
6.2124,2.0314,2.8128
6.2124,2.0574,3.0308
6.2124,2.0834,3.2337
6.2124,2.1093,3.3889
6.2124,2.1353,3.4719
6.2124,2.1613,3.542
6.2124,2.1873,3.6235
6.2124,2.2132,3.7161
6.2124,2.2392,3.8147
6.2124,2.2652,3.9177
6.2124,2.2912,4.0196
6.2124,2.3172,4.116
6.2124,2.3431,4.2018
6.2124,2.3691,4.2777
6.2124,2.3951,4.3463
6.2124,2.4211,4.411
6.2124,2.447,4.4715
6.2124,2.473,4.5294
6.2124,2.499,4.5804
6.2124,2.525,4.6342
6.2124,2.5509,4.687
6.2124,2.5769,4.7384
6.2124,2.6029,4.7863
6.2124,2.6289,4.8312
6.2124,2.6548,4.8672
6.2124,2.6808,4.9119
6.2124,2.7068,4.9551
6.2124,2.7328,4.997
6.2124,2.7588,5.0375
6.3892,1.4599,-1.4847
6.3892,1.4859,-1.3297
6.3892,1.5119,-1.1713
6.3892,1.5379,-1.0112
6.3892,1.5638,-0.84784
6.3892,1.5898,-0.6822
6.3892,1.6158,-0.51412
6.3892,1.6418,-0.34469
6.3892,1.6677,-0.17384
6.3892,1.6937,-0.0023769
6.3892,1.7197,0.1839
6.3892,1.7457,0.36853
6.3892,1.7716,0.57493
6.3892,1.7976,0.79034
6.3892,1.8236,1.011
6.3892,1.8496,1.2386
6.3892,1.8755,1.4669
6.3892,1.9015,1.6917
6.3892,1.9275,1.9194
6.3892,1.9535,2.1463
6.3892,1.9795,2.3825
6.3892,2.0054,2.6192
6.3892,2.0314,2.8505
6.3892,2.0574,3.0745
6.3892,2.0834,3.2762
6.3892,2.1093,3.4372
6.3892,2.1353,3.5163
6.3892,2.1613,3.5827
6.3892,2.1873,3.6546
6.3892,2.2132,3.7432
6.3892,2.2392,3.8414
6.3892,2.2652,3.943
6.3892,2.2912,4.0461
6.3892,2.3172,4.14
6.3892,2.3431,4.2301
6.3892,2.3691,4.3087
6.3892,2.3951,4.3795
6.3892,2.4211,4.445
6.3892,2.447,4.507
6.3892,2.473,4.5652
6.3892,2.499,4.618
6.3892,2.525,4.6694
6.3892,2.5509,4.7222
6.3892,2.5769,4.7735
6.3892,2.6029,4.8183
6.3892,2.6289,4.8493
6.3892,2.6548,4.8938
6.3892,2.6808,4.9325
6.3892,2.7068,4.9699
6.3892,2.7328,5.0082
6.3892,2.7588,5.0452
6.5659,1.4599,-1.5092
6.5659,1.4859,-1.3564
6.5659,1.5119,-1.1969
6.5659,1.5379,-1.0368
6.5659,1.5638,-0.87808
6.5659,1.5898,-0.71314
6.5659,1.6158,-0.54413
6.5659,1.6418,-0.3751
6.5659,1.6677,-0.20458
6.5659,1.6937,-0.026883
6.5659,1.7197,0.16373
6.5659,1.7457,0.35834
6.5659,1.7716,0.57173
6.5659,1.7976,0.79634
6.5659,1.8236,1.022
6.5659,1.8496,1.2443
6.5659,1.8755,1.4693
6.5659,1.9015,1.7016
6.5659,1.9275,1.9308
6.5659,1.9535,2.1719
6.5659,1.9795,2.4128
6.5659,2.0054,2.655
6.5659,2.0314,2.8945
6.5659,2.0574,3.1147
6.5659,2.0834,3.3151
6.5659,2.1093,3.4592
6.5659,2.1353,3.5394
6.5659,2.1613,3.6066
6.5659,2.1873,3.6875
6.5659,2.2132,3.7741
6.5659,2.2392,3.8706
6.5659,2.2652,3.9717
6.5659,2.2912,4.0726
6.5659,2.3172,4.1632
6.5659,2.3431,4.2573
6.5659,2.3691,4.3395
6.5659,2.3951,4.4129
6.5659,2.4211,4.4802
6.5659,2.447,4.5427
6.5659,2.473,4.6026
6.5659,2.499,4.6596
6.5659,2.525,4.7077
6.5659,2.5509,4.7606
6.5659,2.5769,4.8119
6.5659,2.6029,4.8615
6.5659,2.6289,4.8915
6.5659,2.6548,4.9271
6.5659,2.6808,4.9676
6.5659,2.7068,5.0059
6.5659,2.7328,5.0256
6.5659,2.7588,5.0639
6.7426,1.4599,-1.5332
6.7426,1.4859,-1.377
6.7426,1.5119,-1.228
6.7426,1.5379,-1.0686
6.7426,1.5638,-0.90623
6.7426,1.5898,-0.7414
6.7426,1.6158,-0.57456
6.7426,1.6418,-0.40549
6.7426,1.6677,-0.233
6.7426,1.6937,-0.05211
6.7426,1.7197,0.13945
6.7426,1.7457,0.34401
6.7426,1.7716,0.57578
6.7426,1.7976,0.80451
6.7426,1.8236,1.0368
6.7426,1.8496,1.2643
6.7426,1.8755,1.4887
6.7426,1.9015,1.7201
6.7426,1.9275,1.9564
6.7426,1.9535,2.1974
6.7426,1.9795,2.4429
6.7426,2.0054,2.689
6.7426,2.0314,2.9278
6.7426,2.0574,3.1427
6.7426,2.0834,3.3352
6.7426,2.1093,3.4796
6.7426,2.1353,3.5601
6.7426,2.1613,3.631
6.7426,2.1873,3.7183
6.7426,2.2132,3.8061
6.7426,2.2392,3.9012
6.7426,2.2652,4.0004
6.7426,2.2912,4.1017
6.7426,2.3172,4.1965
6.7426,2.3431,4.2896
6.7426,2.3691,4.373
6.7426,2.3951,4.4465
6.7426,2.4211,4.5134
6.7426,2.447,4.5769
6.7426,2.473,4.6371
6.7426,2.499,4.6951
6.7426,2.525,4.7484
6.7426,2.5509,4.8014
6.7426,2.5769,4.8531
6.7426,2.6029,4.9027
6.7426,2.6289,4.946
6.7426,2.6548,4.9686
6.7426,2.6808,5.0088
6.7426,2.7068,5.0473
6.7426,2.7328,5.0802
6.7426,2.7588,5.0902
6.9194,1.4599,-1.5533
6.9194,1.4859,-1.4017
6.9194,1.5119,-1.2582
6.9194,1.5379,-1.0987
6.9194,1.5638,-0.9365
6.9194,1.5898,-0.77298
6.9194,1.6158,-0.60884
6.9194,1.6418,-0.43731
6.9194,1.6677,-0.25934
6.9194,1.6937,-0.069984
6.9194,1.7197,0.11808
6.9194,1.7457,0.35045
6.9194,1.7716,0.57319
6.9194,1.7976,0.81002
6.9194,1.8236,1.0469
6.9194,1.8496,1.2821
6.9194,1.8755,1.5071
6.9194,1.9015,1.7403
6.9194,1.9275,1.9808
6.9194,1.9535,2.2231
6.9194,1.9795,2.4707
6.9194,2.0054,2.7245
6.9194,2.0314,2.9549
6.9194,2.0574,3.1661
6.9194,2.0834,3.3585
6.9194,2.1093,3.4823
6.9194,2.1353,3.5759
6.9194,2.1613,3.6592
6.9194,2.1873,3.7462
6.9194,2.2132,3.8376
6.9194,2.2392,3.9323
6.9194,2.2652,4.0297
6.9194,2.2912,4.1294
6.9194,2.3172,4.2264
6.9194,2.3431,4.3203
6.9194,2.3691,4.404
6.9194,2.3951,4.4801
6.9194,2.4211,4.5504
6.9194,2.447,4.6149
6.9194,2.473,4.6707
6.9194,2.499,4.7297
6.9194,2.525,4.7843
6.9194,2.5509,4.8355
6.9194,2.5769,4.8808
6.9194,2.6029,4.9306
6.9194,2.6289,4.9787
6.9194,2.6548,5.0224
6.9194,2.6808,5.0535
6.9194,2.7068,5.0918
6.9194,2.7328,5.1285
6.9194,2.7588,5.1555
7.0961,1.4599,-1.5836
7.0961,1.4859,-1.4395
7.0961,1.5119,-1.2884
7.0961,1.5379,-1.1359
7.0961,1.5638,-0.98342
7.0961,1.5898,-0.81895
7.0961,1.6158,-0.64491
7.0961,1.6418,-0.47301
7.0961,1.6677,-0.28762
7.0961,1.6937,-0.097496
7.0961,1.7197,0.1048
7.0961,1.7457,0.33677
7.0961,1.7716,0.56731
7.0961,1.7976,0.80711
7.0961,1.8236,1.0486
7.0961,1.8496,1.2863
7.0961,1.8755,1.5145
7.0961,1.9015,1.7513
7.0961,1.9275,1.9999
7.0961,1.9535,2.2492
7.0961,1.9795,2.5013
7.0961,2.0054,2.7617
7.0961,2.0314,2.9972
7.0961,2.0574,3.1958
7.0961,2.0834,3.3843
7.0961,2.1093,3.5088
7.0961,2.1353,3.5939
7.0961,2.1613,3.677
7.0961,2.1873,3.7703
7.0961,2.2132,3.865
7.0961,2.2392,3.9607
7.0961,2.2652,4.0586
7.0961,2.2912,4.157
7.0961,2.3172,4.2566
7.0961,2.3431,4.3461
7.0961,2.3691,4.4358
7.0961,2.3951,4.5145
7.0961,2.4211,4.5841
7.0961,2.447,4.6516
7.0961,2.473,4.7112
7.0961,2.499,4.7648
7.0961,2.525,4.8213
7.0961,2.5509,4.8708
7.0961,2.5769,4.9224
7.0961,2.6029,4.9635
7.0961,2.6289,5.0114
7.0961,2.6548,5.0573
7.0961,2.6808,5.0966
7.0961,2.7068,5.1309
7.0961,2.7328,5.1718
7.0961,2.7588,5.211
7.2728,1.4599,-1.6302
7.2728,1.4859,-1.4902
7.2728,1.5119,-1.3501
7.2728,1.5379,-1.2042
7.2728,1.5638,-1.0355
7.2728,1.5898,-0.8625
7.2728,1.6158,-0.6923
7.2728,1.6418,-0.51075
7.2728,1.6677,-0.31819
7.2728,1.6937,-0.11964
7.2728,1.7197,0.092551
7.2728,1.7457,0.3222
7.2728,1.7716,0.5562
7.2728,1.7976,0.79948
7.2728,1.8236,1.0452
7.2728,1.8496,1.2903
7.2728,1.8755,1.5246
7.2728,1.9015,1.7636
7.2728,1.9275,2.0188
7.2728,1.9535,2.272
7.2728,1.9795,2.5365
7.2728,2.0054,2.7933
7.2728,2.0314,3.0249
7.2728,2.0574,3.225
7.2728,2.0834,3.4017
7.2728,2.1093,3.5531
7.2728,2.1353,3.628
7.2728,2.1613,3.7016
7.2728,2.1873,3.803
7.2728,2.2132,3.891
7.2728,2.2392,3.9873
7.2728,2.2652,4.0859
7.2728,2.2912,4.185
7.2728,2.3172,4.283
7.2728,2.3431,4.3756
7.2728,2.3691,4.4648
7.2728,2.3951,4.546
7.2728,2.4211,4.6188
7.2728,2.447,4.6848
7.2728,2.473,4.7492
7.2728,2.499,4.8091
7.2728,2.525,4.861
7.2728,2.5509,4.9125
7.2728,2.5769,4.9609
7.2728,2.6029,5.0037
7.2728,2.6289,5.0484
7.2728,2.6548,5.0875
7.2728,2.6808,5.1235
7.2728,2.7068,5.1623
7.2728,2.7328,5.1876
7.2728,2.7588,5.2237
7.4496,1.4599,-1.7085
7.4496,1.4859,-1.574
7.4496,1.5119,-1.4322
7.4496,1.5379,-1.2578
7.4496,1.5638,-1.0914
7.4496,1.5898,-0.91395
7.4496,1.6158,-0.7409
7.4496,1.6418,-0.5488
7.4496,1.6677,-0.35128
7.4496,1.6937,-0.14883
7.4496,1.7197,0.071366
7.4496,1.7457,0.30425
7.4496,1.7716,0.54335
7.4496,1.7976,0.78987
7.4496,1.8236,1.0393
7.4496,1.8496,1.2885
7.4496,1.8755,1.5367
7.4496,1.9015,1.7828
7.4496,1.9275,2.0363
7.4496,1.9535,2.2968
7.4496,1.9795,2.567
7.4496,2.0054,2.8256
7.4496,2.0314,3.0777
7.4496,2.0574,3.2648
7.4496,2.0834,3.4341
7.4496,2.1093,3.597
7.4496,2.1353,3.6742
7.4496,2.1613,3.7414
7.4496,2.1873,3.824
7.4496,2.2132,3.9198
7.4496,2.2392,4.0134
7.4496,2.2652,4.112
7.4496,2.2912,4.2119
7.4496,2.3172,4.3114
7.4496,2.3431,4.4057
7.4496,2.3691,4.4956
7.4496,2.3951,4.5777
7.4496,2.4211,4.6526
7.4496,2.447,4.7212
7.4496,2.473,4.7845
7.4496,2.499,4.8477
7.4496,2.525,4.9051
7.4496,2.5509,4.956
7.4496,2.5769,5.0077
7.4496,2.6029,5.0469
7.4496,2.6289,5.0822
7.4496,2.6548,5.1211
7.4496,2.6808,5.1657
7.4496,2.7068,5.2082
7.4496,2.7328,5.2392
7.4496,2.7588,5.2547
7.6263,1.4599,-1.8048
7.6263,1.4859,-1.6578
7.6263,1.5119,-1.4838
7.6263,1.5379,-1.3268
7.6263,1.5638,-1.1485
7.6263,1.5898,-0.97083
7.6263,1.6158,-0.78212
7.6263,1.6418,-0.58684
7.6263,1.6677,-0.38668
7.6263,1.6937,-0.17418
7.6263,1.7197,0.053228
7.6263,1.7457,0.29074
7.6263,1.7716,0.52948
7.6263,1.7976,0.78056
7.6263,1.8236,1.0323
7.6263,1.8496,1.2859
7.6263,1.8755,1.5413
7.6263,1.9015,1.7947
7.6263,1.9275,2.0587
7.6263,1.9535,2.323
7.6263,1.9795,2.585
7.6263,2.0054,2.8477
7.6263,2.0314,3.0824
7.6263,2.0574,3.3077
7.6263,2.0834,3.4732
7.6263,2.1093,3.6263
7.6263,2.1353,3.7148
7.6263,2.1613,3.7831
7.6263,2.1873,3.8563
7.6263,2.2132,3.9465
7.6263,2.2392,4.0398
7.6263,2.2652,4.1375
7.6263,2.2912,4.2379
7.6263,2.3172,4.3384
7.6263,2.3431,4.4344
7.6263,2.3691,4.5257
7.6263,2.3951,4.609
7.6263,2.4211,4.6853
7.6263,2.447,4.7555
7.6263,2.473,4.8222
7.6263,2.499,4.8816
7.6263,2.525,4.9403
7.6263,2.5509,5.0004
7.6263,2.5769,5.0463
7.6263,2.6029,5.0907
7.6263,2.6289,5.1285
7.6263,2.6548,5.1583
7.6263,2.6808,5.1873
7.6263,2.7068,5.2299
7.6263,2.7328,5.27
7.6263,2.7588,5.3084
7.803,1.4599,-1.8862
7.803,1.4859,-1.7127
7.803,1.5119,-1.5663
7.803,1.5379,-1.3878
7.803,1.5638,-1.2019
7.803,1.5898,-1.017
7.803,1.6158,-0.82307
7.803,1.6418,-0.62431
7.803,1.6677,-0.41902
7.803,1.6937,-0.2
7.803,1.7197,0.032345
7.803,1.7457,0.27151
7.803,1.7716,0.5163
7.803,1.7976,0.77116
7.803,1.8236,1.0262
7.803,1.8496,1.2839
7.803,1.8755,1.5449
7.803,1.9015,1.8062
7.803,1.9275,2.0745
7.803,1.9535,2.3467
7.803,1.9795,2.5943
7.803,2.0054,2.85
7.803,2.0314,3.0896
7.803,2.0574,3.307
7.803,2.0834,3.5058
7.803,2.1093,3.6413
7.803,2.1353,3.7345
7.803,2.1613,3.8082
7.803,2.1873,3.8854
7.803,2.2132,3.9735
7.803,2.2392,4.0653
7.803,2.2652,4.1629
7.803,2.2912,4.2628
7.803,2.3172,4.3652
7.803,2.3431,4.4638
7.803,2.3691,4.5498
7.803,2.3951,4.6387
7.803,2.4211,4.7178
7.803,2.447,4.7902
7.803,2.473,4.8553
7.803,2.499,4.9219
7.803,2.525,4.9805
7.803,2.5509,5.031
7.803,2.5769,5.0878
7.803,2.6029,5.1401
7.803,2.6289,5.1715
7.803,2.6548,5.2084
7.803,2.6808,5.2323
7.803,2.7068,5.2495
7.803,2.7328,5.29
7.803,2.7588,5.328
7.9798,1.4599,-1.9437
7.9798,1.4859,-1.7901
7.9798,1.5119,-1.6077
7.9798,1.5379,-1.4227
7.9798,1.5638,-1.2494
7.9798,1.5898,-1.0587
7.9798,1.6158,-0.86624
7.9798,1.6418,-0.66558
7.9798,1.6677,-0.45331
7.9798,1.6937,-0.2283
7.9798,1.7197,0.0098202
7.9798,1.7457,0.25136
7.9798,1.7716,0.50283
7.9798,1.7976,0.76022
7.9798,1.8236,1.0203
7.9798,1.8496,1.2817
7.9798,1.8755,1.5468
7.9798,1.9015,1.8141
7.9798,1.9275,2.0862
7.9798,1.9535,2.3605
7.9798,1.9795,2.6301
7.9798,2.0054,2.8526
7.9798,2.0314,3.0882
7.9798,2.0574,3.3182
7.9798,2.0834,3.5113
7.9798,2.1093,3.6563
7.9798,2.1353,3.7572
7.9798,2.1613,3.835
7.9798,2.1873,3.9112
7.9798,2.2132,3.997
7.9798,2.2392,4.0911
7.9798,2.2652,4.1881
7.9798,2.2912,4.2879
7.9798,2.3172,4.3894
7.9798,2.3431,4.4914
7.9798,2.3691,4.5782
7.9798,2.3951,4.666
7.9798,2.4211,4.7489
7.9798,2.447,4.8235
7.9798,2.473,4.8927
7.9798,2.499,4.9543
7.9798,2.525,5.0166
7.9798,2.5509,5.0802
7.9798,2.5769,5.129
7.9798,2.6029,5.1728
7.9798,2.6289,5.2277
7.9798,2.6548,5.2495
7.9798,2.6808,5.2872
7.9798,2.7068,5.3048
7.9798,2.7328,5.3378
7.9798,2.7588,5.3688
8.1565,1.4599,-2.0023
8.1565,1.4859,-1.8241
8.1565,1.5119,-1.6439
8.1565,1.5379,-1.4804
8.1565,1.5638,-1.298
8.1565,1.5898,-1.1117
8.1565,1.6158,-0.91533
8.1565,1.6418,-0.70782
8.1565,1.6677,-0.48857
8.1565,1.6937,-0.25779
8.1565,1.7197,-0.014268
8.1565,1.7457,0.23164
8.1565,1.7716,0.48869
8.1565,1.7976,0.74795
8.1565,1.8236,1.0142
8.1565,1.8496,1.279
8.1565,1.8755,1.547
8.1565,1.9015,1.8193
8.1565,1.9275,2.0924
8.1565,1.9535,2.3633
8.1565,1.9795,2.6294
8.1565,2.0054,2.8834
8.1565,2.0314,3.0927
8.1565,2.0574,3.318
8.1565,2.0834,3.509
8.1565,2.1093,3.6661
8.1565,2.1353,3.7721
8.1565,2.1613,3.8599
8.1565,2.1873,3.9369
8.1565,2.2132,4.0237
8.1565,2.2392,4.117
8.1565,2.2652,4.2139
8.1565,2.2912,4.3139
8.1565,2.3172,4.4141
8.1565,2.3431,4.5153
8.1565,2.3691,4.6104
8.1565,2.3951,4.692
8.1565,2.4211,4.7788
8.1565,2.447,4.8576
8.1565,2.473,4.9277
8.1565,2.499,4.9945
8.1565,2.525,5.0552
8.1565,2.5509,5.1178
8.1565,2.5769,5.1808
8.1565,2.6029,5.2285
8.1565,2.6289,5.2674
8.1565,2.6548,5.3088
8.1565,2.6808,5.3263
8.1565,2.7068,5.3654
8.1565,2.7328,5.3962
8.1565,2.7588,5.4282
8.3332,1.4599,-2.0591
8.3332,1.4859,-1.8816
8.3332,1.5119,-1.7162
8.3332,1.5379,-1.5424
8.3332,1.5638,-1.3536
8.3332,1.5898,-1.1674
8.3332,1.6158,-0.96425
8.3332,1.6418,-0.74986
8.3332,1.6677,-0.52466
8.3332,1.6937,-0.28681
8.3332,1.7197,-0.04025
8.3332,1.7457,0.21131
8.3332,1.7716,0.474
8.3332,1.7976,0.73474
8.3332,1.8236,1.0076
8.3332,1.8496,1.2754
8.3332,1.8755,1.5452
8.3332,1.9015,1.8205
8.3332,1.9275,2.0948
8.3332,1.9535,2.365
8.3332,1.9795,2.6237
8.3332,2.0054,2.8747
8.3332,2.0314,3.1104
8.3332,2.0574,3.3168
8.3332,2.0834,3.5198
8.3332,2.1093,3.6685
8.3332,2.1353,3.7846
8.3332,2.1613,3.8797
8.3332,2.1873,3.9666
8.3332,2.2132,4.0504
8.3332,2.2392,4.1428
8.3332,2.2652,4.2376
8.3332,2.2912,4.337
8.3332,2.3172,4.4395
8.3332,2.3431,4.5396
8.3332,2.3691,4.6388
8.3332,2.3951,4.7208
8.3332,2.4211,4.8078
8.3332,2.447,4.8902
8.3332,2.473,4.963
8.3332,2.499,5.0326
8.3332,2.525,5.0968
8.3332,2.5509,5.1564
8.3332,2.5769,5.2209
8.3332,2.6029,5.2831
8.3332,2.6289,5.3299
8.3332,2.6548,5.3668
8.3332,2.6808,5.3947
8.3332,2.7068,5.4215
8.3332,2.7328,5.4573
8.3332,2.7588,5.4782
8.51,1.4599,-2.1226
8.51,1.4859,-1.9486
8.51,1.5119,-1.7883
8.51,1.5379,-1.6008
8.51,1.5638,-1.4171
8.51,1.5898,-1.2207
8.51,1.6158,-1.0122
8.51,1.6418,-0.79082
8.51,1.6677,-0.55967
8.51,1.6937,-0.31565
8.51,1.7197,-0.064865
8.51,1.7457,0.19184
8.51,1.7716,0.45733
8.51,1.7976,0.7204
8.51,1.8236,1.0001
8.51,1.8496,1.2682
8.51,1.8755,1.5399
8.51,1.9015,1.8193
8.51,1.9275,2.0934
8.51,1.9535,2.3624
8.51,1.9795,2.6167
8.51,2.0054,2.8659
8.51,2.0314,3.1022
8.51,2.0574,3.3227
8.51,2.0834,3.5152
8.51,2.1093,3.6758
8.51,2.1353,3.796
8.51,2.1613,3.8938
8.51,2.1873,3.9879
8.51,2.2132,4.0774
8.51,2.2392,4.1688
8.51,2.2652,4.2617
8.51,2.2912,4.3601
8.51,2.3172,4.4612
8.51,2.3431,4.5641
8.51,2.3691,4.6633
8.51,2.3951,4.7561
8.51,2.4211,4.8363
8.51,2.447,4.9223
8.51,2.473,5.0018
8.51,2.499,5.0661
8.51,2.525,5.1387
8.51,2.5509,5.2004
8.51,2.5769,5.2616
8.51,2.6029,5.326
8.51,2.6289,5.3876
8.51,2.6548,5.4336
8.51,2.6808,5.4684
8.51,2.7068,5.4897
8.51,2.7328,5.5142
8.51,2.7588,5.5463
8.6867,1.4599,-2.1762
8.6867,1.4859,-2.0326
8.6867,1.5119,-1.8487
8.6867,1.5379,-1.6669
8.6867,1.5638,-1.4791
8.6867,1.5898,-1.2741
8.6867,1.6158,-1.0579
8.6867,1.6418,-0.83134
8.6867,1.6677,-0.59542
8.6867,1.6937,-0.34526
8.6867,1.7197,-0.092291
8.6867,1.7457,0.17192
8.6867,1.7716,0.438
8.6867,1.7976,0.70473
8.6867,1.8236,0.98734
8.6867,1.8496,1.2518
8.6867,1.8755,1.5327
8.6867,1.9015,1.8154
8.6867,1.9275,2.0883
8.6867,1.9535,2.3561
8.6867,1.9795,2.6093
8.6867,2.0054,2.8574
8.6867,2.0314,3.0999
8.6867,2.0574,3.3231
8.6867,2.0834,3.5105
8.6867,2.1093,3.6762
8.6867,2.1353,3.8062
8.6867,2.1613,3.9119
8.6867,2.1873,4.0087
8.6867,2.2132,4.1016
8.6867,2.2392,4.1932
8.6867,2.2652,4.2874
8.6867,2.2912,4.3849
8.6867,2.3172,4.4862
8.6867,2.3431,4.5892
8.6867,2.3691,4.687
8.6867,2.3951,4.7866
8.6867,2.4211,4.8693
8.6867,2.447,4.9543
8.6867,2.473,5.0371
8.6867,2.499,5.1082
8.6867,2.525,5.1743
8.6867,2.5509,5.247
8.6867,2.5769,5.3058
8.6867,2.6029,5.3682
8.6867,2.6289,5.4315
8.6867,2.6548,5.4924
8.6867,2.6808,5.5399
8.6867,2.7068,5.5725
8.6867,2.7328,5.5881
8.6867,2.7588,5.6166
8.8634,1.4599,-2.2621
8.8634,1.4859,-2.0968
8.8634,1.5119,-1.9173
8.8634,1.5379,-1.7317
8.8634,1.5638,-1.5345
8.8634,1.5898,-1.3247
8.8634,1.6158,-1.1008
8.8634,1.6418,-0.87066
8.8634,1.6677,-0.62972
8.8634,1.6937,-0.37715
8.8634,1.7197,-0.11741
8.8634,1.7457,0.15152
8.8634,1.7716,0.41744
8.8634,1.7976,0.6875
8.8634,1.8236,0.96404
8.8634,1.8496,1.231
8.8634,1.8755,1.5224
8.8634,1.9015,1.8088
8.8634,1.9275,2.0804
8.8634,1.9535,2.3469
8.8634,1.9795,2.6027
8.8634,2.0054,2.8494
8.8634,2.0314,3.094
8.8634,2.0574,3.3167
8.8634,2.0834,3.5085
8.8634,2.1093,3.6794
8.8634,2.1353,3.815
8.8634,2.1613,3.9307
8.8634,2.1873,4.0317
8.8634,2.2132,4.1284
8.8634,2.2392,4.2213
8.8634,2.2652,4.3139
8.8634,2.2912,4.4103
8.8634,2.3172,4.512
8.8634,2.3431,4.6153
8.8634,2.3691,4.7186
8.8634,2.3951,4.8108
8.8634,2.4211,4.9059
8.8634,2.447,4.9885
8.8634,2.473,5.0725
8.8634,2.499,5.152
8.8634,2.525,5.2161
8.8634,2.5509,5.2862
8.8634,2.5769,5.357
8.8634,2.6029,5.4136
8.8634,2.6289,5.4776
8.8634,2.6548,5.5396
8.8634,2.6808,5.599
8.8634,2.7068,5.6488
8.8634,2.7328,5.6665
8.8634,2.7588,5.695
