0.38021,1.2324,-0.55684
0.38021,1.3003,-0.2792
0.38021,1.3683,-0.01737
0.38021,1.4363,0.23554
0.38021,1.5042,0.48033
0.38021,1.5722,0.72034
0.38021,1.6401,0.94384
0.38021,1.7081,1.1589
0.38021,1.7761,1.3453
0.38021,1.844,1.5185
0.38021,1.912,1.7055
0.38021,1.98,1.882
0.38021,2.0479,2.0396
0.38021,2.1159,2.1849
0.38021,2.1839,2.3322
0.38021,2.2518,2.4779
0.38021,2.3198,2.6209
0.38021,2.3878,2.7607
0.38021,2.4557,2.8909
0.38021,2.5237,3.01
0.38021,2.5917,3.1175
0.38021,2.6596,3.2209
0.38021,2.7276,3.2814
0.38021,2.7956,3.3354
0.38021,2.8635,3.4177
0.38021,2.9315,3.53
0.38021,2.9995,3.6548
0.38021,3.0674,3.7821
0.38021,3.1354,3.8874
0.38021,3.2033,3.9876
0.38021,3.2713,4.0751
0.38021,3.3393,4.1561
0.38021,3.4072,4.2357
0.38021,3.4752,4.3123
0.38021,3.5432,4.3858
0.38021,3.6111,4.4591
0.38021,3.6791,4.5297
0.38021,3.7471,4.5928
0.38021,3.815,4.651
0.38021,3.883,4.7062
0.38021,3.951,4.7596
0.38021,4.0189,4.8133
0.38021,4.0869,4.8749
0.38021,4.1549,4.9339
0.38021,4.2228,4.9856
0.38021,4.2908,5.0365
0.38021,4.3588,5.0864
0.38021,4.4267,5.1342
0.38021,4.4947,5.1823
0.38021,4.5627,5.2311
0.38021,4.6306,5.278
0.55694,1.2324,-0.61212
0.55694,1.3003,-0.33222
0.55694,1.3683,-0.067228
0.55694,1.4363,0.18574
0.55694,1.5042,0.43419
0.55694,1.5722,0.67385
0.55694,1.6401,0.90428
0.55694,1.7081,1.1237
0.55694,1.7761,1.3164
0.55694,1.844,1.4877
0.55694,1.912,1.6774
0.55694,1.98,1.8562
0.55694,2.0479,2.0166
0.55694,2.1159,2.1624
0.55694,2.1839,2.3104
0.55694,2.2518,2.4567
0.55694,2.3198,2.6003
0.55694,2.3878,2.7437
0.55694,2.4557,2.8802
0.55694,2.5237,2.9998
0.55694,2.5917,3.1168
0.55694,2.6596,3.2233
0.55694,2.7276,3.2838
0.55694,2.7956,3.3382
0.55694,2.8635,3.4402
0.55694,2.9315,3.5616
0.55694,2.9995,3.6864
0.55694,3.0674,3.79
0.55694,3.1354,3.8872
0.55694,3.2033,3.974
0.55694,3.2713,4.0569
0.55694,3.3393,4.1291
0.55694,3.4072,4.2057
0.55694,3.4752,4.2812
0.55694,3.5432,4.3577
0.55694,3.6111,4.431
0.55694,3.6791,4.4956
0.55694,3.7471,4.5562
0.55694,3.815,4.6136
0.55694,3.883,4.6689
0.55694,3.951,4.7241
0.55694,4.0189,4.7872
0.55694,4.0869,4.8482
0.55694,4.1549,4.9021
0.55694,4.2228,4.9523
0.55694,4.2908,5.0017
0.55694,4.3588,5.0511
0.55694,4.4267,5.1026
0.55694,4.4947,5.1514
0.55694,4.5627,5.1991
0.55694,4.6306,5.2464
0.73368,1.2324,-0.6569
0.73368,1.3003,-0.38392
0.73368,1.3683,-0.11759
0.73368,1.4363,0.13913
0.73368,1.5042,0.38499
0.73368,1.5722,0.62698
0.73368,1.6401,0.86146
0.73368,1.7081,1.0881
0.73368,1.7761,1.288
0.73368,1.844,1.4582
0.73368,1.912,1.6508
0.73368,1.98,1.8324
0.73368,2.0479,1.9956
0.73368,2.1159,2.1423
0.73368,2.1839,2.2909
0.73368,2.2518,2.4371
0.73368,2.3198,2.5827
0.73368,2.3878,2.7275
0.73368,2.4557,2.867
0.73368,2.5237,2.9976
0.73368,2.5917,3.1112
0.73368,2.6596,3.2117
0.73368,2.7276,3.2758
0.73368,2.7956,3.3559
0.73368,2.8635,3.471
0.73368,2.9315,3.5925
0.73368,2.9995,3.6935
0.73368,3.0674,3.7913
0.73368,3.1354,3.8724
0.73368,3.2033,3.951
0.73368,3.2713,4.0281
0.73368,3.3393,4.1022
0.73368,3.4072,4.1793
0.73368,3.4752,4.2573
0.73368,3.5432,4.3331
0.73368,3.6111,4.4008
0.73368,3.6791,4.4638
0.73368,3.7471,4.5231
0.73368,3.815,4.5799
0.73368,3.883,4.6352
0.73368,3.951,4.6997
0.73368,4.0189,4.762
0.73368,4.0869,4.8157
0.73368,4.1549,4.8669
0.73368,4.2228,4.9177
0.73368,4.2908,4.9711
0.73368,4.3588,5.023
0.73368,4.4267,5.0721
0.73368,4.4947,5.1207
0.73368,4.5627,5.1689
0.73368,4.6306,5.2167
0.91041,1.2324,-0.70478
0.91041,1.3003,-0.4333
0.91041,1.3683,-0.16688
0.91041,1.4363,0.092481
0.91041,1.5042,0.34085
0.91041,1.5722,0.58062
0.91041,1.6401,0.81515
0.91041,1.7081,1.0499
0.91041,1.7761,1.2595
0.91041,1.844,1.4299
0.91041,1.912,1.6259
0.91041,1.98,1.8107
0.91041,2.0479,1.9773
0.91041,2.1159,2.1251
0.91041,2.1839,2.2742
0.91041,2.2518,2.421
0.91041,2.3198,2.5676
0.91041,2.3878,2.7137
0.91041,2.4557,2.8519
0.91041,2.5237,2.9921
0.91041,2.5917,3.1027
0.91041,2.6596,3.2021
0.91041,2.7276,3.2894
0.91041,2.7956,3.3897
0.91041,2.8635,3.478
0.91041,2.9315,3.6068
0.91041,2.9995,3.6914
0.91041,3.0674,3.7699
0.91041,3.1354,3.8415
0.91041,3.2033,3.9251
0.91041,3.2713,4.0015
0.91041,3.3393,4.0792
0.91041,3.4072,4.1562
0.91041,3.4752,4.2347
0.91041,3.5432,4.3058
0.91041,3.6111,4.3714
0.91041,3.6791,4.4328
0.91041,3.7471,4.4913
0.91041,3.815,4.548
0.91041,3.883,4.6128
0.91041,3.951,4.6763
0.91041,4.0189,4.7297
0.91041,4.0869,4.782
0.91041,4.1549,4.8374
0.91041,4.2228,4.8917
0.91041,4.2908,4.9434
0.91041,4.3588,4.9934
0.91041,4.4267,5.0429
0.91041,4.4947,5.092
0.91041,4.5627,5.1407
0.91041,4.6306,5.189
1.0871,1.2324,-0.74947
1.0871,1.3003,-0.48018
1.0871,1.3683,-0.21219
1.0871,1.4363,0.047119
1.0871,1.5042,0.29781
1.0871,1.5722,0.53842
1.0871,1.6401,0.77081
1.0871,1.7081,0.99752
1.0871,1.7761,1.2309
1.0871,1.844,1.4054
1.0871,1.912,1.6026
1.0871,1.98,1.7912
1.0871,2.0479,1.9622
1.0871,2.1159,2.1113
1.0871,2.1839,2.2568
1.0871,2.2518,2.4042
1.0871,2.3198,2.5538
1.0871,2.3878,2.7009
1.0871,2.4557,2.8404
1.0871,2.5237,2.9788
1.0871,2.5917,3.09
1.0871,2.6596,3.2022
1.0871,2.7276,3.3168
1.0871,2.7956,3.4112
1.0871,2.8635,3.4842
1.0871,2.9315,3.5947
1.0871,2.9995,3.6676
1.0871,3.0674,3.7425
1.0871,3.1354,3.8166
1.0871,3.2033,3.8965
1.0871,3.2713,3.9795
1.0871,3.3393,4.0567
1.0871,3.4072,4.135
1.0871,3.4752,4.2109
1.0871,3.5432,4.2792
1.0871,3.6111,4.3428
1.0871,3.6791,4.4032
1.0871,3.7471,4.4637
1.0871,3.815,4.5264
1.0871,3.883,4.5902
1.0871,3.951,4.6444
1.0871,4.0189,4.7016
1.0871,4.0869,4.7579
1.0871,4.1549,4.813
1.0871,4.2228,4.8645
1.0871,4.2908,4.9155
1.0871,4.3588,4.9659
1.0871,4.4267,5.0159
1.0871,4.4947,5.0655
1.0871,4.5627,5.1146
1.0871,4.6306,5.1634
1.2639,1.2324,-0.78532
1.2639,1.3003,-0.52389
1.2639,1.3683,-0.25658
1.2639,1.4363,0.0024326
1.2639,1.5042,0.25453
1.2639,1.5722,0.49969
1.2639,1.6401,0.73238
1.2639,1.7081,0.95652
1.2639,1.7761,1.1767
1.2639,1.844,1.3832
1.2639,1.912,1.5803
1.2639,1.98,1.7734
1.2639,2.0479,1.9501
1.2639,2.1159,2.1014
1.2639,2.1839,2.2398
1.2639,2.2518,2.3853
1.2639,2.3198,2.5373
1.2639,2.3878,2.6876
1.2639,2.4557,2.8283
1.2639,2.5237,2.9596
1.2639,2.5917,3.0822
1.2639,2.6596,3.1875
1.2639,2.7276,3.3279
1.2639,2.7956,3.4067
1.2639,2.8635,3.4893
1.2639,2.9315,3.574
1.2639,2.9995,3.6463
1.2639,3.0674,3.7195
1.2639,3.1354,3.7938
1.2639,3.2033,3.8788
1.2639,3.2713,3.9615
1.2639,3.3393,4.037
1.2639,3.4072,4.1168
1.2639,3.4752,4.1873
1.2639,3.5432,4.2533
1.2639,3.6111,4.3173
1.2639,3.6791,4.3805
1.2639,3.7471,4.4423
1.2639,3.815,4.5046
1.2639,3.883,4.5637
1.2639,3.951,4.6221
1.2639,4.0189,4.6793
1.2639,4.0869,4.7341
1.2639,4.1549,4.7865
1.2639,4.2228,4.8384
1.2639,4.2908,4.8898
1.2639,4.3588,4.9407
1.2639,4.4267,4.9911
1.2639,4.4947,5.0412
1.2639,4.5627,5.0909
1.2639,4.6306,5.1399
1.4406,1.2324,-0.81179
1.4406,1.3003,-0.55976
1.4406,1.3683,-0.2998
1.4406,1.4363,-0.040042
1.4406,1.5042,0.21258
1.4406,1.5722,0.46009
1.4406,1.6401,0.69833
1.4406,1.7081,0.92387
1.4406,1.7761,1.1355
1.4406,1.844,1.3521
1.4406,1.912,1.5585
1.4406,1.98,1.7565
1.4406,2.0479,1.9405
1.4406,2.1159,2.0914
1.4406,2.1839,2.2236
1.4406,2.2518,2.3657
1.4406,2.3198,2.5196
1.4406,2.3878,2.6718
1.4406,2.4557,2.809
1.4406,2.5237,2.9452
1.4406,2.5917,3.0717
1.4406,2.6596,3.1848
1.4406,2.7276,3.3158
1.4406,2.7956,3.3968
1.4406,2.8635,3.4739
1.4406,2.9315,3.5491
1.4406,2.9995,3.6214
1.4406,3.0674,3.6996
1.4406,3.1354,3.7786
1.4406,3.2033,3.86
1.4406,3.2713,3.9434
1.4406,3.3393,4.0246
1.4406,3.4072,4.0966
1.4406,3.4752,4.1656
1.4406,3.5432,4.2335
1.4406,3.6111,4.2983
1.4406,3.6791,4.361
1.4406,3.7471,4.4237
1.4406,3.815,4.4845
1.4406,3.883,4.5439
1.4406,3.951,4.6018
1.4406,4.0189,4.6563
1.4406,4.0869,4.7096
1.4406,4.1549,4.7624
1.4406,4.2228,4.8146
1.4406,4.2908,4.8664
1.4406,4.3588,4.9178
1.4406,4.4267,4.9689
1.4406,4.4947,5.0193
1.4406,4.5627,5.069
1.4406,4.6306,5.1179
1.6173,1.2324,-0.83189
1.6173,1.3003,-0.58651
1.6173,1.3683,-0.33832
1.6173,1.4363,-0.081359
1.6173,1.5042,0.1721
1.6173,1.5722,0.41886
1.6173,1.6401,0.66252
1.6173,1.7081,0.89156
1.6173,1.7761,1.1108
1.6173,1.844,1.3262
1.6173,1.912,1.5343
1.6173,1.98,1.7367
1.6173,2.0479,1.9321
1.6173,2.1159,2.0766
1.6173,2.1839,2.2076
1.6173,2.2518,2.3501
1.6173,2.3198,2.5016
1.6173,2.3878,2.6431
1.6173,2.4557,2.7917
1.6173,2.5237,2.9259
1.6173,2.5917,3.0572
1.6173,2.6596,3.1719
1.6173,2.7276,3.2932
1.6173,2.7956,3.3821
1.6173,2.8635,3.4523
1.6173,2.9315,3.5284
1.6173,2.9995,3.6072
1.6173,3.0674,3.6894
1.6173,3.1354,3.7676
1.6173,3.2033,3.8515
1.6173,3.2713,3.9318
1.6173,3.3393,4.0078
1.6173,3.4072,4.0812
1.6173,3.4752,4.151
1.6173,3.5432,4.2166
1.6173,3.6111,4.281
1.6173,3.6791,4.3428
1.6173,3.7471,4.4067
1.6173,3.815,4.4669
1.6173,3.883,4.5249
1.6173,3.951,4.5798
1.6173,4.0189,4.634
1.6173,4.0869,4.6876
1.6173,4.1549,4.7407
1.6173,4.2228,4.7935
1.6173,4.2908,4.846
1.6173,4.3588,4.8978
1.6173,4.4267,4.9488
1.6173,4.4947,4.9991
1.6173,4.5627,5.0486
1.6173,4.6306,5.0973
1.7941,1.2324,-0.86369
1.7941,1.3003,-0.61161
1.7941,1.3683,-0.36558
1.7941,1.4363,-0.11871
1.7941,1.5042,0.13291
1.7941,1.5722,0.38025
1.7941,1.6401,0.62203
1.7941,1.7081,0.85994
1.7941,1.7761,1.0798
1.7941,1.844,1.3025
1.7941,1.912,1.5151
1.7941,1.98,1.7191
1.7941,2.0479,1.9096
1.7941,2.1159,2.0598
1.7941,2.1839,2.1947
1.7941,2.2518,2.3317
1.7941,2.3198,2.4785
1.7941,2.3878,2.6242
1.7941,2.4557,2.7711
1.7941,2.5237,2.9037
1.7941,2.5917,3.0357
1.7941,2.6596,3.1589
1.7941,2.7276,3.269
1.7941,2.7956,3.3606
1.7941,2.8635,3.4359
1.7941,2.9315,3.5135
1.7941,2.9995,3.6001
1.7941,3.0674,3.6777
1.7941,3.1354,3.7593
1.7941,3.2033,3.8403
1.7941,3.2713,3.923
1.7941,3.3393,3.9988
1.7941,3.4072,4.0672
1.7941,3.4752,4.1353
1.7941,3.5432,4.2027
1.7941,3.6111,4.266
1.7941,3.6791,4.3298
1.7941,3.7471,4.3914
1.7941,3.815,4.4491
1.7941,3.883,4.5047
1.7941,3.951,4.5598
1.7941,4.0189,4.6142
1.7941,4.0869,4.6684
1.7941,4.1549,4.7223
1.7941,4.2228,4.7755
1.7941,4.2908,4.8277
1.7941,4.3588,4.8795
1.7941,4.4267,4.9303
1.7941,4.4947,4.9804
1.7941,4.5627,5.0296
1.7941,4.6306,5.0781
1.9708,1.2324,-0.89074
1.9708,1.3003,-0.64309
1.9708,1.3683,-0.39483
1.9708,1.4363,-0.14874
1.9708,1.5042,0.097854
1.9708,1.5722,0.34257
1.9708,1.6401,0.58547
1.9708,1.7081,0.82157
1.9708,1.7761,1.0487
1.9708,1.844,1.2734
1.9708,1.912,1.4905
1.9708,1.98,1.7041
1.9708,2.0479,1.8958
1.9708,2.1159,2.0353
1.9708,2.1839,2.1649
1.9708,2.2518,2.3038
1.9708,2.3198,2.4575
1.9708,2.3878,2.6055
1.9708,2.4557,2.7497
1.9708,2.5237,2.8921
1.9708,2.5917,3.0246
1.9708,2.6596,3.1424
1.9708,2.7276,3.2488
1.9708,2.7956,3.348
1.9708,2.8635,3.4317
1.9708,2.9315,3.5109
1.9708,2.9995,3.5924
1.9708,3.0674,3.6727
1.9708,3.1354,3.7532
1.9708,3.2033,3.8343
1.9708,3.2713,3.9124
1.9708,3.3393,3.9863
1.9708,3.4072,4.0585
1.9708,3.4752,4.127
1.9708,3.5432,4.1915
1.9708,3.6111,4.253
1.9708,3.6791,4.3177
1.9708,3.7471,4.3749
1.9708,3.815,4.4314
1.9708,3.883,4.4872
1.9708,3.951,4.5429
1.9708,4.0189,4.5981
1.9708,4.0869,4.6522
1.9708,4.1549,4.7059
1.9708,4.2228,4.7592
1.9708,4.2908,4.8114
1.9708,4.3588,4.8628
1.9708,4.4267,4.9134
1.9708,4.4947,4.9632
1.9708,4.5627,5.0122
1.9708,4.6306,5.0603
2.1475,1.2324,-0.90755
2.1475,1.3003,-0.66743
2.1475,1.3683,-0.42621
2.1475,1.4363,-0.18137
2.1475,1.5042,0.06331
2.1475,1.5722,0.30676
2.1475,1.6401,0.54809
2.1475,1.7081,0.78606
2.1475,1.7761,1.0148
2.1475,1.844,1.237
2.1475,1.912,1.4529
2.1475,1.98,1.67
2.1475,2.0479,1.8312
2.1475,2.1159,1.9869
2.1475,2.1839,2.1296
2.1475,2.2518,2.2801
2.1475,2.3198,2.4342
2.1475,2.3878,2.5841
2.1475,2.4557,2.7332
2.1475,2.5237,2.8743
2.1475,2.5917,3.0033
2.1475,2.6596,3.1201
2.1475,2.7276,3.2402
2.1475,2.7956,3.3445
2.1475,2.8635,3.4329
2.1475,2.9315,3.5132
2.1475,2.9995,3.5919
2.1475,3.0674,3.6676
2.1475,3.1354,3.7493
2.1475,3.2033,3.8279
2.1475,3.2713,3.909
2.1475,3.3393,3.984
2.1475,3.4072,4.0544
2.1475,3.4752,4.1201
2.1475,3.5432,4.1818
2.1475,3.6111,4.2451
2.1475,3.6791,4.3029
2.1475,3.7471,4.36
2.1475,3.815,4.4172
2.1475,3.883,4.4732
2.1475,3.951,4.5284
2.1475,4.0189,4.5838
2.1475,4.0869,4.6385
2.1475,4.1549,4.6921
2.1475,4.2228,4.7449
2.1475,4.2908,4.7967
2.1475,4.3588,4.8478
2.1475,4.4267,4.898
2.1475,4.4947,4.9475
2.1475,4.5627,4.9961
2.1475,4.6306,5.0438
2.3243,1.2324,-0.92353
2.3243,1.3003,-0.67856
2.3243,1.3683,-0.44866
2.3243,1.4363,-0.21332
2.3243,1.5042,0.028296
2.3243,1.5722,0.27046
2.3243,1.6401,0.50984
2.3243,1.7081,0.74669
2.3243,1.7761,0.97786
2.3243,1.844,1.2004
2.3243,1.912,1.4145
2.3243,1.98,1.6144
2.3243,2.0479,1.79
2.3243,2.1159,1.9463
2.3243,2.1839,2.1041
2.3243,2.2518,2.2588
2.3243,2.3198,2.4148
2.3243,2.3878,2.5696
2.3243,2.4557,2.7181
2.3243,2.5237,2.8588
2.3243,2.5917,2.9863
2.3243,2.6596,3.1097
2.3243,2.7276,3.2327
2.3243,2.7956,3.3406
2.3243,2.8635,3.4378
2.3243,2.9315,3.5106
2.3243,2.9995,3.5861
2.3243,3.0674,3.6649
2.3243,3.1354,3.7474
2.3243,3.2033,3.8244
2.3243,3.2713,3.9085
2.3243,3.3393,3.9836
2.3243,3.4072,4.0523
2.3243,3.4752,4.1144
2.3243,3.5432,4.1745
2.3243,3.6111,4.2336
2.3243,3.6791,4.2912
2.3243,3.7471,4.348
2.3243,3.815,4.4047
2.3243,3.883,4.4617
2.3243,3.951,4.5177
2.3243,4.0189,4.5727
2.3243,4.0869,4.6268
2.3243,4.1549,4.6799
2.3243,4.2228,4.7322
2.3243,4.2908,4.7837
2.3243,4.3588,4.8343
2.3243,4.4267,4.8844
2.3243,4.4947,4.9335
2.3243,4.5627,4.9813
2.3243,4.6306,5.0281
2.501,1.2324,-0.92458
2.501,1.3003,-0.69895
2.501,1.3683,-0.46094
2.501,1.4363,-0.23571
2.501,1.5042,-0.006774
2.501,1.5722,0.23596
2.501,1.6401,0.47422
2.501,1.7081,0.70141
2.501,1.7761,0.93302
2.501,1.844,1.153
2.501,1.912,1.3658
2.501,1.98,1.5673
2.501,2.0479,1.7527
2.501,2.1159,1.9198
2.501,2.1839,2.0853
2.501,2.2518,2.2438
2.501,2.3198,2.4032
2.501,2.3878,2.558
2.501,2.4557,2.7095
2.501,2.5237,2.8556
2.501,2.5917,2.9868
2.501,2.6596,3.1129
2.501,2.7276,3.2283
2.501,2.7956,3.337
2.501,2.8635,3.4342
2.501,2.9315,3.5113
2.501,2.9995,3.5865
2.501,3.0674,3.6668
2.501,3.1354,3.7476
2.501,3.2033,3.8264
2.501,3.2713,3.9084
2.501,3.3393,3.9849
2.501,3.4072,4.051
2.501,3.4752,4.1102
2.501,3.5432,4.1679
2.501,3.6111,4.2248
2.501,3.6791,4.2821
2.501,3.7471,4.3402
2.501,3.815,4.3974
2.501,3.883,4.4536
2.501,3.951,4.509
2.501,4.0189,4.5634
2.501,4.0869,4.6168
2.501,4.1549,4.6694
2.501,4.2228,4.7213
2.501,4.2908,4.7726
2.501,4.3588,4.8227
2.501,4.4267,4.8717
2.501,4.4947,4.9197
2.501,4.5627,4.9668
2.501,4.6306,5.0128
2.6777,1.2324,-0.92869
2.6777,1.3003,-0.70231
2.6777,1.3683,-0.47776
2.6777,1.4363,-0.25115
2.6777,1.5042,-0.032405
2.6777,1.5722,0.19416
2.6777,1.6401,0.43012
2.6777,1.7081,0.6636
2.6777,1.7761,0.88846
2.6777,1.844,1.1109
2.6777,1.912,1.3222
2.6777,1.98,1.5285
2.6777,2.0479,1.7238
2.6777,2.1159,1.9025
2.6777,2.1839,2.0685
2.6777,2.2518,2.2332
2.6777,2.3198,2.3971
2.6777,2.3878,2.5539
2.6777,2.4557,2.7123
2.6777,2.5237,2.859
2.6777,2.5917,2.9913
2.6777,2.6596,3.1176
2.6777,2.7276,3.2309
2.6777,2.7956,3.3387
2.6777,2.8635,3.4376
2.6777,2.9315,3.5208
2.6777,2.9995,3.5943
2.6777,3.0674,3.6735
2.6777,3.1354,3.753
2.6777,3.2033,3.8315
2.6777,3.2713,3.91
2.6777,3.3393,3.9849
2.6777,3.4072,4.0476
2.6777,3.4752,4.1067
2.6777,3.5432,4.1632
2.6777,3.6111,4.221
2.6777,3.6791,4.2787
2.6777,3.7471,4.3358
2.6777,3.815,4.3921
2.6777,3.883,4.4476
2.6777,3.951,4.502
2.6777,4.0189,4.5557
2.6777,4.0869,4.6087
2.6777,4.1549,4.6609
2.6777,4.2228,4.7121
2.6777,4.2908,4.7623
2.6777,4.3588,4.8115
2.6777,4.4267,4.8597
2.6777,4.4947,4.9069
2.6777,4.5627,4.9531
2.6777,4.6306,4.9988
2.8545,1.2324,-0.93403
2.8545,1.3003,-0.70872
2.8545,1.3683,-0.49015
2.8545,1.4363,-0.2669
2.8545,1.5042,-0.049332
2.8545,1.5722,0.17042
2.8545,1.6401,0.39727
2.8545,1.7081,0.63544
2.8545,1.7761,0.86089
2.8545,1.844,1.0784
2.8545,1.912,1.2934
2.8545,1.98,1.5011
2.8545,2.0479,1.7003
2.8545,2.1159,1.8877
2.8545,2.1839,2.0657
2.8545,2.2518,2.2301
2.8545,2.3198,2.4027
2.8545,2.3878,2.562
2.8545,2.4557,2.7198
2.8545,2.5237,2.8634
2.8545,2.5917,2.9984
2.8545,2.6596,3.1217
2.8545,2.7276,3.2355
2.8545,2.7956,3.343
2.8545,2.8635,3.4435
2.8545,2.9315,3.5299
2.8545,2.9995,3.6047
2.8545,3.0674,3.6795
2.8545,3.1354,3.7604
2.8545,3.2033,3.8384
2.8545,3.2713,3.9146
2.8545,3.3393,3.9883
2.8545,3.4072,4.0516
2.8545,3.4752,4.1084
2.8545,3.5432,4.1648
2.8545,3.6111,4.2212
2.8545,3.6791,4.2776
2.8545,3.7471,4.3336
2.8545,3.815,4.3888
2.8545,3.883,4.4432
2.8545,3.951,4.4969
2.8545,4.0189,4.55
2.8545,4.0869,4.6022
2.8545,4.1549,4.6535
2.8545,4.2228,4.704
2.8545,4.2908,4.7533
2.8545,4.3588,4.8025
2.8545,4.4267,4.8505
2.8545,4.4947,4.8976
2.8545,4.5627,4.9419
2.8545,4.6306,4.9851
3.0312,1.2324,-0.92814
3.0312,1.3003,-0.71112
3.0312,1.3683,-0.4959
3.0312,1.4363,-0.27637
3.0312,1.5042,-0.062662
3.0312,1.5722,0.15527
3.0312,1.6401,0.38826
3.0312,1.7081,0.61596
3.0312,1.7761,0.84042
3.0312,1.844,1.0605
3.0312,1.912,1.2739
3.0312,1.98,1.4817
3.0312,2.0479,1.6846
3.0312,2.1159,1.8796
3.0312,2.1839,2.0588
3.0312,2.2518,2.2324
3.0312,2.3198,2.4076
3.0312,2.3878,2.5756
3.0312,2.4557,2.7288
3.0312,2.5237,2.8722
3.0312,2.5917,3.0052
3.0312,2.6596,3.1292
3.0312,2.7276,3.2416
3.0312,2.7956,3.3493
3.0312,2.8635,3.4509
3.0312,2.9315,3.5409
3.0312,2.9995,3.6201
3.0312,3.0674,3.6921
3.0312,3.1354,3.7694
3.0312,3.2033,3.847
3.0312,3.2713,3.9221
3.0312,3.3393,3.9946
3.0312,3.4072,4.0584
3.0312,3.4752,4.1148
3.0312,3.5432,4.1694
3.0312,3.6111,4.2241
3.0312,3.6791,4.2789
3.0312,3.7471,4.333
3.0312,3.815,4.387
3.0312,3.883,4.4408
3.0312,3.951,4.4938
3.0312,4.0189,4.5462
3.0312,4.0869,4.5979
3.0312,4.1549,4.6487
3.0312,4.2228,4.6974
3.0312,4.2908,4.7463
3.0312,4.3588,4.7943
3.0312,4.4267,4.8401
3.0312,4.4947,4.8856
3.0312,4.5627,4.9313
3.0312,4.6306,4.9761
3.208,1.2324,-0.92314
3.208,1.3003,-0.71267
3.208,1.3683,-0.49985
3.208,1.4363,-0.28409
3.208,1.5042,-0.064791
3.208,1.5722,0.16036
3.208,1.6401,0.38623
3.208,1.7081,0.61
3.208,1.7761,0.83173
3.208,1.844,1.0489
3.208,1.912,1.2603
3.208,1.98,1.4696
3.208,2.0479,1.6727
3.208,2.1159,1.8721
3.208,2.1839,2.0601
3.208,2.2518,2.2383
3.208,2.3198,2.4149
3.208,2.3878,2.5901
3.208,2.4557,2.7439
3.208,2.5237,2.8828
3.208,2.5917,3.01
3.208,2.6596,3.1346
3.208,2.7276,3.2492
3.208,2.7956,3.3583
3.208,2.8635,3.462
3.208,2.9315,3.5537
3.208,2.9995,3.6285
3.208,3.0674,3.7067
3.208,3.1354,3.7822
3.208,3.2033,3.8566
3.208,3.2713,3.931
3.208,3.3393,4.0038
3.208,3.4072,4.0687
3.208,3.4752,4.1232
3.208,3.5432,4.1744
3.208,3.6111,4.2272
3.208,3.6791,4.2809
3.208,3.7471,4.3341
3.208,3.815,4.3872
3.208,3.883,4.4401
3.208,3.951,4.4925
3.208,4.0189,4.5442
3.208,4.0869,4.5942
3.208,4.1549,4.6438
3.208,4.2228,4.6924
3.208,4.2908,4.7399
3.208,4.3588,4.787
3.208,4.4267,4.8333
3.208,4.4947,4.8788
3.208,4.5627,4.9239
3.208,4.6306,4.9671
3.3847,1.2324,-0.91751
3.3847,1.3003,-0.7058
3.3847,1.3683,-0.49296
3.3847,1.4363,-0.27844
3.3847,1.5042,-0.060616
3.3847,1.5722,0.16155
3.3847,1.6401,0.38614
3.3847,1.7081,0.60914
3.3847,1.7761,0.82794
3.3847,1.844,1.0437
3.3847,1.912,1.2538
3.3847,1.98,1.4619
3.3847,2.0479,1.6671
3.3847,2.1159,1.8653
3.3847,2.1839,2.0611
3.3847,2.2518,2.2468
3.3847,2.3198,2.4305
3.3847,2.3878,2.6008
3.3847,2.4557,2.7519
3.3847,2.5237,2.891
3.3847,2.5917,3.0162
3.3847,2.6596,3.1418
3.3847,2.7276,3.2594
3.3847,2.7956,3.3699
3.3847,2.8635,3.4766
3.3847,2.9315,3.5674
3.3847,2.9995,3.6431
3.3847,3.0674,3.7221
3.3847,3.1354,3.795
3.3847,3.2033,3.8711
3.3847,3.2713,3.9436
3.3847,3.3393,4.0136
3.3847,3.4072,4.0784
3.3847,3.4752,4.1322
3.3847,3.5432,4.1821
3.3847,3.6111,4.2329
3.3847,3.6791,4.2849
3.3847,3.7471,4.3371
3.3847,3.815,4.3893
3.3847,3.883,4.4412
3.3847,3.951,4.4926
3.3847,4.0189,4.5429
3.3847,4.0869,4.5918
3.3847,4.1549,4.6402
3.3847,4.2228,4.6884
3.3847,4.2908,4.7359
3.3847,4.3588,4.7827
3.3847,4.4267,4.8265
3.3847,4.4947,4.8705
3.3847,4.5627,4.9142
3.3847,4.6306,4.9572
3.5614,1.2324,-0.91063
3.5614,1.3003,-0.70066
3.5614,1.3683,-0.48789
3.5614,1.4363,-0.27246
3.5614,1.5042,-0.053954
3.5614,1.5722,0.16635
3.5614,1.6401,0.38735
3.5614,1.7081,0.6098
3.5614,1.7761,0.8275
3.5614,1.844,1.0417
3.5614,1.912,1.2502
3.5614,1.98,1.4564
3.5614,2.0479,1.6603
3.5614,2.1159,1.8611
3.5614,2.1839,2.0571
3.5614,2.2518,2.2493
3.5614,2.3198,2.4367
3.5614,2.3878,2.6106
3.5614,2.4557,2.7638
3.5614,2.5237,2.8947
3.5614,2.5917,3.0262
3.5614,2.6596,3.1517
3.5614,2.7276,3.2721
3.5614,2.7956,3.3846
3.5614,2.8635,3.4928
3.5614,2.9315,3.5813
3.5614,2.9995,3.6626
3.5614,3.0674,3.7408
3.5614,3.1354,3.8169
3.5614,3.2033,3.8859
3.5614,3.2713,3.9578
3.5614,3.3393,4.0226
3.5614,3.4072,4.0906
3.5614,3.4752,4.143
3.5614,3.5432,4.1912
3.5614,3.6111,4.2403
3.5614,3.6791,4.2906
3.5614,3.7471,4.3416
3.5614,3.815,4.3931
3.5614,3.883,4.444
3.5614,3.951,4.4938
3.5614,4.0189,4.543
3.5614,4.0869,4.5917
3.5614,4.1549,4.6399
3.5614,4.2228,4.6857
3.5614,4.2908,4.7303
3.5614,4.3588,4.7751
3.5614,4.4267,4.8194
3.5614,4.4947,4.863
3.5614,4.5627,4.9055
3.5614,4.6306,4.9438
3.7382,1.2324,-0.90834
3.7382,1.3003,-0.69688
3.7382,1.3683,-0.48378
3.7382,1.4363,-0.26709
3.7382,1.5042,-0.049726
3.7382,1.5722,0.16974
3.7382,1.6401,0.38979
3.7382,1.7081,0.61079
3.7382,1.7761,0.8282
3.7382,1.844,1.0418
3.7382,1.912,1.2489
3.7382,1.98,1.4504
3.7382,2.0479,1.6547
3.7382,2.1159,1.8565
3.7382,2.1839,2.0547
3.7382,2.2518,2.2474
3.7382,2.3198,2.4386
3.7382,2.3878,2.6121
3.7382,2.4557,2.768
3.7382,2.5237,2.908
3.7382,2.5917,3.0337
3.7382,2.6596,3.1622
3.7382,2.7276,3.2864
3.7382,2.7956,3.4028
3.7382,2.8635,3.5113
3.7382,2.9315,3.6025
3.7382,2.9995,3.6845
3.7382,3.0674,3.7638
3.7382,3.1354,3.8288
3.7382,3.2033,3.8994
3.7382,3.2713,3.9711
3.7382,3.3393,4.0316
3.7382,3.4072,4.1022
3.7382,3.4752,4.153
3.7382,3.5432,4.2002
3.7382,3.6111,4.2482
3.7382,3.6791,4.2985
3.7382,3.7471,4.3493
3.7382,3.815,4.3989
3.7382,3.883,4.4479
3.7382,3.951,4.4964
3.7382,4.0189,4.5444
3.7382,4.0869,4.591
3.7382,4.1549,4.6362
3.7382,4.2228,4.6816
3.7382,4.2908,4.7263
3.7382,4.3588,4.7704
3.7382,4.4267,4.8133
3.7382,4.4947,4.8524
3.7382,4.5627,4.8903
3.7382,4.6306,4.927
3.9149,1.2324,-0.90035
3.9149,1.3003,-0.69012
3.9149,1.3683,-0.47918
3.9149,1.4363,-0.26487
3.9149,1.5042,-0.048352
3.9149,1.5722,0.16984
3.9149,1.6401,0.38969
3.9149,1.7081,0.61138
3.9149,1.7761,0.82992
3.9149,1.844,1.0433
3.9149,1.912,1.2497
3.9149,1.98,1.4491
3.9149,2.0479,1.6486
3.9149,2.1159,1.85
3.9149,2.1839,2.051
3.9149,2.2518,2.2474
3.9149,2.3198,2.437
3.9149,2.3878,2.6069
3.9149,2.4557,2.7638
3.9149,2.5237,2.9131
3.9149,2.5917,3.0426
3.9149,2.6596,3.1731
3.9149,2.7276,3.3028
3.9149,2.7956,3.4223
3.9149,2.8635,3.5317
3.9149,2.9315,3.6305
3.9149,2.9995,3.7113
3.9149,3.0674,3.7914
3.9149,3.1354,3.8563
3.9149,3.2033,3.912
3.9149,3.2713,3.9784
3.9149,3.3393,4.0484
3.9149,3.4072,4.1136
3.9149,3.4752,4.1632
3.9149,3.5432,4.2119
3.9149,3.6111,4.2591
3.9149,3.6791,4.3068
3.9149,3.7471,4.3579
3.9149,3.815,4.4054
3.9149,3.883,4.4528
3.9149,3.951,4.4998
3.9149,4.0189,4.5455
3.9149,4.0869,4.5909
3.9149,4.1549,4.6358
3.9149,4.2228,4.6801
3.9149,4.2908,4.7232
3.9149,4.3588,4.7631
3.9149,4.4267,4.8017
3.9149,4.4947,4.8391
3.9149,4.5627,4.8753
3.9149,4.6306,4.911
4.0916,1.2324,-0.89043
4.0916,1.3003,-0.68328
4.0916,1.3683,-0.47505
4.0916,1.4363,-0.26407
4.0916,1.5042,-0.049898
4.0916,1.5722,0.16684
4.0916,1.6401,0.38521
4.0916,1.7081,0.60768
4.0916,1.7761,0.82785
4.0916,1.844,1.0373
4.0916,1.912,1.2448
4.0916,1.98,1.4443
4.0916,2.0479,1.6419
4.0916,2.1159,1.8401
4.0916,2.1839,2.0431
4.0916,2.2518,2.2408
4.0916,2.3198,2.4378
4.0916,2.3878,2.6135
4.0916,2.4557,2.7674
4.0916,2.5237,2.9123
4.0916,2.5917,3.0543
4.0916,2.6596,3.1917
4.0916,2.7276,3.3204
4.0916,2.7956,3.4455
4.0916,2.8635,3.5532
4.0916,2.9315,3.6652
4.0916,2.9995,3.7467
4.0916,3.0674,3.8161
4.0916,3.1354,3.8743
4.0916,3.2033,3.9279
4.0916,3.2713,3.9946
4.0916,3.3393,4.0622
4.0916,3.4072,4.1259
4.0916,3.4752,4.1786
4.0916,3.5432,4.2251
4.0916,3.6111,4.2713
4.0916,3.6791,4.321
4.0916,3.7471,4.3669
4.0916,3.815,4.4135
4.0916,3.883,4.4593
4.0916,3.951,4.5043
4.0916,4.0189,4.5488
4.0916,4.0869,4.593
4.0916,4.1549,4.6362
4.0916,4.2228,4.6768
4.0916,4.2908,4.716
4.0916,4.3588,4.754
4.0916,4.4267,4.7908
4.0916,4.4947,4.827
4.0916,4.5627,4.8645
4.0916,4.6306,4.9013
4.2684,1.2324,-0.88176
4.2684,1.3003,-0.67731
4.2684,1.3683,-0.47154
4.2684,1.4363,-0.26397
4.2684,1.5042,-0.052445
4.2684,1.5722,0.16174
4.2684,1.6401,0.37829
4.2684,1.7081,0.59827
4.2684,1.7761,0.81649
4.2684,1.844,1.0321
4.2684,1.912,1.236
4.2684,1.98,1.4319
4.2684,2.0479,1.6289
4.2684,2.1159,1.8296
4.2684,2.1839,2.0313
4.2684,2.2518,2.2369
4.2684,2.3198,2.429
4.2684,2.3878,2.6149
4.2684,2.4557,2.7715
4.2684,2.5237,2.9282
4.2684,2.5917,3.0718
4.2684,2.6596,3.2074
4.2684,2.7276,3.3388
4.2684,2.7956,3.4665
4.2684,2.8635,3.5799
4.2684,2.9315,3.6837
4.2684,2.9995,3.7714
4.2684,3.0674,3.8373
4.2684,3.1354,3.8911
4.2684,3.2033,3.9449
4.2684,3.2713,4.0136
4.2684,3.3393,4.0708
4.2684,3.4072,4.1366
4.2684,3.4752,4.192
4.2684,3.5432,4.2404
4.2684,3.6111,4.2873
4.2684,3.6791,4.3323
4.2684,3.7471,4.378
4.2684,3.815,4.4228
4.2684,3.883,4.4666
4.2684,3.951,4.5103
4.2684,4.0189,4.5533
4.2684,4.0869,4.5945
4.2684,4.1549,4.6344
4.2684,4.2228,4.6728
4.2684,4.2908,4.7109
4.2684,4.3588,4.7494
4.2684,4.4267,4.7873
4.2684,4.4947,4.8246
4.2684,4.5627,4.8614
4.2684,4.6306,4.8976
4.4451,1.2324,-0.87589
4.4451,1.3003,-0.67477
4.4451,1.3683,-0.47274
4.4451,1.4363,-0.26586
4.4451,1.5042,-0.055216
4.4451,1.5722,0.15765
4.4451,1.6401,0.37029
4.4451,1.7081,0.58573
4.4451,1.7761,0.80148
4.4451,1.844,1.0115
4.4451,1.912,1.2211
4.4451,1.98,1.4214
4.4451,2.0479,1.618
4.4451,2.1159,1.8171
4.4451,2.1839,2.0218
4.4451,2.2518,2.2238
4.4451,2.3198,2.4194
4.4451,2.3878,2.6064
4.4451,2.4557,2.7786
4.4451,2.5237,2.9374
4.4451,2.5917,3.0862
4.4451,2.6596,3.2263
4.4451,2.7276,3.3521
4.4451,2.7956,3.4737
4.4451,2.8635,3.5854
4.4451,2.9315,3.6856
4.4451,2.9995,3.7774
4.4451,3.0674,3.8495
4.4451,3.1354,3.9112
4.4451,3.2033,3.9687
4.4451,3.2713,4.0325
4.4451,3.3393,4.0826
4.4451,3.4072,4.1426
4.4451,3.4752,4.2095
4.4451,3.5432,4.2565
4.4451,3.6111,4.3014
4.4451,3.6791,4.3444
4.4451,3.7471,4.3879
4.4451,3.815,4.4319
4.4451,3.883,4.4753
4.4451,3.951,4.5176
4.4451,4.0189,4.5595
4.4451,4.0869,4.5998
4.4451,4.1549,4.6389
4.4451,4.2228,4.6772
4.4451,4.2908,4.7156
4.4451,4.3588,4.7534
4.4451,4.4267,4.7907
4.4451,4.4947,4.8273
4.4451,4.5627,4.8634
4.4451,4.6306,4.899
4.6218,1.2324,-0.87265
4.6218,1.3003,-0.67547
4.6218,1.3683,-0.47336
4.6218,1.4363,-0.26872
4.6218,1.5042,-0.059444
4.6218,1.5722,0.1508
4.6218,1.6401,0.3617
4.6218,1.7081,0.57348
4.6218,1.7761,0.78533
4.6218,1.844,0.99627
4.6218,1.912,1.2021
4.6218,1.98,1.4051
4.6218,2.0479,1.6071
4.6218,2.1159,1.8088
4.6218,2.1839,2.0115
4.6218,2.2518,2.2141
4.6218,2.3198,2.4115
4.6218,2.3878,2.6002
4.6218,2.4557,2.7742
4.6218,2.5237,2.9377
4.6218,2.5917,3.0992
4.6218,2.6596,3.2396
4.6218,2.7276,3.3597
4.6218,2.7956,3.4813
4.6218,2.8635,3.5884
4.6218,2.9315,3.6938
4.6218,2.9995,3.7836
4.6218,3.0674,3.8706
4.6218,3.1354,3.9138
4.6218,3.2033,3.9869
4.6218,3.2713,4.0612
4.6218,3.3393,4.1032
4.6218,3.4072,4.1527
4.6218,3.4752,4.21
4.6218,3.5432,4.2653
4.6218,3.6111,4.3124
4.6218,3.6791,4.3571
4.6218,3.7471,4.3998
4.6218,3.815,4.4431
4.6218,3.883,4.4851
4.6218,3.951,4.5263
4.6218,4.0189,4.567
4.6218,4.0869,4.6072
4.6218,4.1549,4.647
4.6218,4.2228,4.6863
4.6218,4.2908,4.7232
4.6218,4.3588,4.7592
4.6218,4.4267,4.7958
4.6218,4.4947,4.8319
4.6218,4.5627,4.8674
4.6218,4.6306,4.9024
4.7986,1.2324,-0.87098
4.7986,1.3003,-0.67776
4.7986,1.3683,-0.47947
4.7986,1.4363,-0.27667
4.7986,1.5042,-0.073741
4.7986,1.5722,0.13378
4.7986,1.6401,0.3442
4.7986,1.7081,0.55798
4.7986,1.7761,0.77008
4.7986,1.844,0.97831
4.7986,1.912,1.1881
4.7986,1.98,1.3954
4.7986,2.0479,1.5975
4.7986,2.1159,1.7987
4.7986,2.1839,2.0022
4.7986,2.2518,2.2049
4.7986,2.3198,2.4016
4.7986,2.3878,2.5898
4.7986,2.4557,2.763
4.7986,2.5237,2.9269
4.7986,2.5917,3.0986
4.7986,2.6596,3.2533
4.7986,2.7276,3.3805
4.7986,2.7956,3.4863
4.7986,2.8635,3.5909
4.7986,2.9315,3.7068
4.7986,2.9995,3.7972
4.7986,3.0674,3.8879
4.7986,3.1354,3.9318
4.7986,3.2033,3.9827
4.7986,3.2713,4.0671
4.7986,3.3393,4.109
4.7986,3.4072,4.1558
4.7986,3.4752,4.2155
4.7986,3.5432,4.2742
4.7986,3.6111,4.3212
4.7986,3.6791,4.3659
4.7986,3.7471,4.4109
4.7986,3.815,4.4539
4.7986,3.883,4.4953
4.7986,3.951,4.5361
4.7986,4.0189,4.5759
4.7986,4.0869,4.6151
4.7986,4.1549,4.6537
4.7986,4.2228,4.6916
4.7986,4.2908,4.729
4.7986,4.3588,4.7662
4.7986,4.4267,4.8028
4.7986,4.4947,4.8377
4.7986,4.5627,4.8699
4.7986,4.6306,4.9016
4.9753,1.2324,-0.87241
4.9753,1.3003,-0.68118
4.9753,1.3683,-0.48744
4.9753,1.4363,-0.28861
4.9753,1.5042,-0.088395
4.9753,1.5722,0.11742
4.9753,1.6401,0.32624
4.9753,1.7081,0.5364
4.9753,1.7761,0.74717
4.9753,1.844,0.95648
4.9753,1.912,1.1644
4.9753,1.98,1.3724
4.9753,2.0479,1.5796
4.9753,2.1159,1.7864
4.9753,2.1839,1.9913
4.9753,2.2518,2.1935
4.9753,2.3198,2.3855
4.9753,2.3878,2.5709
4.9753,2.4557,2.7547
4.9753,2.5237,2.9198
4.9753,2.5917,3.0853
4.9753,2.6596,3.2442
4.9753,2.7276,3.3803
4.9753,2.7956,3.4841
4.9753,2.8635,3.5944
4.9753,2.9315,3.6989
4.9753,2.9995,3.7943
4.9753,3.0674,3.9046
4.9753,3.1354,3.9543
4.9753,3.2033,4.0002
4.9753,3.2713,4.0688
4.9753,3.3393,4.1151
4.9753,3.4072,4.1617
4.9753,3.4752,4.2261
4.9753,3.5432,4.2779
4.9753,3.6111,4.3306
4.9753,3.6791,4.3792
4.9753,3.7471,4.4225
4.9753,3.815,4.4651
4.9753,3.883,4.5065
4.9753,3.951,4.5467
4.9753,4.0189,4.5857
4.9753,4.0869,4.6236
4.9753,4.1549,4.6607
4.9753,4.2228,4.6969
4.9753,4.2908,4.7324
4.9753,4.3588,4.7672
4.9753,4.4267,4.8014
4.9753,4.4947,4.835
4.9753,4.5627,4.8682
4.9753,4.6306,4.9009
5.152,1.2324,-0.8783
5.152,1.3003,-0.68918
5.152,1.3683,-0.49805
5.152,1.4363,-0.30134
5.152,1.5042,-0.10136
5.152,1.5722,0.10039
5.152,1.6401,0.30392
5.152,1.7081,0.51069
5.152,1.7761,0.72108
5.152,1.844,0.932
5.152,1.912,1.1432
5.152,1.98,1.3544
5.152,2.0479,1.5661
5.152,2.1159,1.7736
5.152,2.1839,1.9796
5.152,2.2518,2.1816
5.152,2.3198,2.3747
5.152,2.3878,2.5578
5.152,2.4557,2.7416
5.152,2.5237,2.9136
5.152,2.5917,3.0785
5.152,2.6596,3.23
5.152,2.7276,3.3619
5.152,2.7956,3.484
5.152,2.8635,3.5945
5.152,2.9315,3.6994
5.152,2.9995,3.8167
5.152,3.0674,3.9178
5.152,3.1354,3.9912
5.152,3.2033,4.0413
5.152,3.2713,4.0856
5.152,3.3393,4.1336
5.152,3.4072,4.1774
5.152,3.4752,4.2315
5.152,3.5432,4.2864
5.152,3.6111,4.3362
5.152,3.6791,4.387
5.152,3.7471,4.4311
5.152,3.815,4.4746
5.152,3.883,4.5168
5.152,3.951,4.5576
5.152,4.0189,4.5966
5.152,4.0869,4.6344
5.152,4.1549,4.6715
5.152,4.2228,4.7078
5.152,4.2908,4.742
5.152,4.3588,4.7749
5.152,4.4267,4.8082
5.152,4.4947,4.8421
5.152,4.5627,4.8757
5.152,4.6306,4.9077
5.3288,1.2324,-0.8922
5.3288,1.3003,-0.70095
5.3288,1.3683,-0.50763
5.3288,1.4363,-0.31188
5.3288,1.5042,-0.1166
5.3288,1.5722,0.080808
5.3288,1.6401,0.28335
5.3288,1.7081,0.48949
5.3288,1.7761,0.69876
5.3288,1.844,0.90844
5.3288,1.912,1.1237
5.3288,1.98,1.3397
5.3288,2.0479,1.5533
5.3288,2.1159,1.7618
5.3288,2.1839,1.9638
5.3288,2.2518,2.1604
5.3288,2.3198,2.3555
5.3288,2.3878,2.5419
5.3288,2.4557,2.7234
5.3288,2.5237,2.9018
5.3288,2.5917,3.0778
5.3288,2.6596,3.2299
5.3288,2.7276,3.3559
5.3288,2.7956,3.4778
5.3288,2.8635,3.5861
5.3288,2.9315,3.6964
5.3288,2.9995,3.8153
5.3288,3.0674,3.9296
5.3288,3.1354,4.0142
5.3288,3.2033,4.0595
5.3288,3.2713,4.1297
5.3288,3.3393,4.1666
5.3288,3.4072,4.2056
5.3288,3.4752,4.2501
5.3288,3.5432,4.2991
5.3288,3.6111,4.3472
5.3288,3.6791,4.3935
5.3288,3.7471,4.44
5.3288,3.815,4.4845
5.3288,3.883,4.5277
5.3288,3.951,4.5694
5.3288,4.0189,4.6093
5.3288,4.0869,4.6468
5.3288,4.1549,4.6819
5.3288,4.2228,4.7175
5.3288,4.2908,4.7526
5.3288,4.3588,4.7871
5.3288,4.4267,4.8195
5.3288,4.4947,4.8511
5.3288,4.5627,4.882
5.3288,4.6306,4.9121
5.5055,1.2324,-0.90347
5.5055,1.3003,-0.71372
5.5055,1.3683,-0.52376
5.5055,1.4363,-0.33103
5.5055,1.5042,-0.13697
5.5055,1.5722,0.061303
5.5055,1.6401,0.26174
5.5055,1.7081,0.4674
5.5055,1.7761,0.67602
5.5055,1.844,0.8878
5.5055,1.912,1.1048
5.5055,1.98,1.3204
5.5055,2.0479,1.5348
5.5055,2.1159,1.7397
5.5055,2.1839,1.9411
5.5055,2.2518,2.1389
5.5055,2.3198,2.333
5.5055,2.3878,2.5196
5.5055,2.4557,2.7061
5.5055,2.5237,2.8858
5.5055,2.5917,3.0573
5.5055,2.6596,3.2211
5.5055,2.7276,3.3451
5.5055,2.7956,3.4554
5.5055,2.8635,3.5759
5.5055,2.9315,3.6948
5.5055,2.9995,3.8172
5.5055,3.0674,3.9342
5.5055,3.1354,4.0215
5.5055,3.2033,4.0712
5.5055,3.2713,4.1528
5.5055,3.3393,4.1862
5.5055,3.4072,4.2183
5.5055,3.4752,4.2658
5.5055,3.5432,4.3162
5.5055,3.6111,4.3604
5.5055,3.6791,4.4076
5.5055,3.7471,4.4552
5.5055,3.815,4.5018
5.5055,3.883,4.5437
5.5055,3.951,4.5838
5.5055,4.0189,4.622
5.5055,4.0869,4.6585
5.5055,4.1549,4.6941
5.5055,4.2228,4.7289
5.5055,4.2908,4.7611
5.5055,4.3588,4.7943
5.5055,4.4267,4.8272
5.5055,4.4947,4.8591
5.5055,4.5627,4.8896
5.5055,4.6306,4.9196
5.6822,1.2324,-0.92743
5.6822,1.3003,-0.74169
5.6822,1.3683,-0.54752
5.6822,1.4363,-0.3549
5.6822,1.5042,-0.15893
5.6822,1.5722,0.03967
5.6822,1.6401,0.24158
5.6822,1.7081,0.44173
5.6822,1.7761,0.65137
5.6822,1.844,0.86591
5.6822,1.912,1.0843
5.6822,1.98,1.3045
5.6822,2.0479,1.5118
5.6822,2.1159,1.7151
5.6822,2.1839,1.9216
5.6822,2.2518,2.1189
5.6822,2.3198,2.3094
5.6822,2.3878,2.4947
5.6822,2.4557,2.6799
5.6822,2.5237,2.8623
5.6822,2.5917,3.0389
5.6822,2.6596,3.1887
5.6822,2.7276,3.3139
5.6822,2.7956,3.4413
5.6822,2.8635,3.5661
5.6822,2.9315,3.6908
5.6822,2.9995,3.8145
5.6822,3.0674,3.9356
5.6822,3.1354,4.026
5.6822,3.2033,4.0875
5.6822,3.2713,4.166
5.6822,3.3393,4.1988
5.6822,3.4072,4.2319
5.6822,3.4752,4.2771
5.6822,3.5432,4.3302
5.6822,3.6111,4.3835
5.6822,3.6791,4.4263
5.6822,3.7471,4.468
5.6822,3.815,4.5149
5.6822,3.883,4.5596
5.6822,3.951,4.5991
5.6822,4.0189,4.6371
5.6822,4.0869,4.6735
5.6822,4.1549,4.7082
5.6822,4.2228,4.7415
5.6822,4.2908,4.7742
5.6822,4.3588,4.8065
5.6822,4.4267,4.8372
5.6822,4.4947,4.8666
5.6822,4.5627,4.8966
5.6822,4.6306,4.9263
5.859,1.2324,-0.95575
5.859,1.3003,-0.7664
5.859,1.3683,-0.57208
5.859,1.4363,-0.3782
5.859,1.5042,-0.18122
5.859,1.5722,0.018417
5.859,1.6401,0.21757
5.859,1.7081,0.41709
5.859,1.7761,0.63014
5.859,1.844,0.84669
5.859,1.912,1.0648
5.859,1.98,1.2798
5.859,2.0479,1.4875
5.859,2.1159,1.6961
5.859,2.1839,1.9002
5.859,2.2518,2.0923
5.859,2.3198,2.2814
5.859,2.3878,2.4643
5.859,2.4557,2.6496
5.859,2.5237,2.8364
5.859,2.5917,3.0066
5.859,2.6596,3.1557
5.859,2.7276,3.287
5.859,2.7956,3.4178
5.859,2.8635,3.5479
5.859,2.9315,3.6795
5.859,2.9995,3.81
5.859,3.0674,3.934
5.859,3.1354,4.0348
5.859,3.2033,4.1077
5.859,3.2713,4.1761
5.859,3.3393,4.2094
5.859,3.4072,4.2417
5.859,3.4752,4.2878
5.859,3.5432,4.3401
5.859,3.6111,4.4027
5.859,3.6791,4.4471
5.859,3.7471,4.4907
5.859,3.815,4.5316
5.859,3.883,4.575
5.859,3.951,4.6164
5.859,4.0189,4.6544
5.859,4.0869,4.6907
5.859,4.1549,4.7255
5.859,4.2228,4.7589
5.859,4.2908,4.7913
5.859,4.3588,4.8229
5.859,4.4267,4.8533
5.859,4.4947,4.8831
5.859,4.5627,4.9125
5.859,4.6306,4.9416
6.0357,1.2324,-0.98388
6.0357,1.3003,-0.79456
6.0357,1.3683,-0.60094
6.0357,1.4363,-0.40423
6.0357,1.5042,-0.20442
6.0357,1.5722,-0.0047351
6.0357,1.6401,0.20258
6.0357,1.7081,0.4094
6.0357,1.7761,0.62031
6.0357,1.844,0.83095
6.0357,1.912,1.048
6.0357,1.98,1.2607
6.0357,2.0479,1.4615
6.0357,2.1159,1.6694
6.0357,2.1839,1.8639
6.0357,2.2518,2.0567
6.0357,2.3198,2.2466
6.0357,2.3878,2.4339
6.0357,2.4557,2.6191
6.0357,2.5237,2.8126
6.0357,2.5917,2.978
6.0357,2.6596,3.1324
6.0357,2.7276,3.2635
6.0357,2.7956,3.3986
6.0357,2.8635,3.5324
6.0357,2.9315,3.6677
6.0357,2.9995,3.8013
6.0357,3.0674,3.9352
6.0357,3.1354,4.0478
6.0357,3.2033,4.1231
6.0357,3.2713,4.1761
6.0357,3.3393,4.2168
6.0357,3.4072,4.2499
6.0357,3.4752,4.2969
6.0357,3.5432,4.3493
6.0357,3.6111,4.4126
6.0357,3.6791,4.4618
6.0357,3.7471,4.5089
6.0357,3.815,4.5539
6.0357,3.883,4.5953
6.0357,3.951,4.6353
6.0357,4.0189,4.6739
6.0357,4.0869,4.7102
6.0357,4.1549,4.7449
6.0357,4.2228,4.7779
6.0357,4.2908,4.8097
6.0357,4.3588,4.8406
6.0357,4.4267,4.871
6.0357,4.4947,4.901
6.0357,4.5627,4.9308
6.0357,4.6306,4.9599
6.2124,1.2324,-1.0191
6.2124,1.3003,-0.82724
6.2124,1.3683,-0.62842
6.2124,1.4363,-0.42895
6.2124,1.5042,-0.22932
6.2124,1.5722,-0.029595
6.2124,1.6401,0.17878
6.2124,1.7081,0.39239
6.2124,1.7761,0.60282
6.2124,1.844,0.81187
6.2124,1.912,1.0237
6.2124,1.98,1.2285
6.2124,2.0479,1.4339
6.2124,2.1159,1.6309
6.2124,2.1839,1.8262
6.2124,2.2518,2.0197
6.2124,2.3198,2.2103
6.2124,2.3878,2.403
6.2124,2.4557,2.5932
6.2124,2.5237,2.7833
6.2124,2.5917,2.9534
6.2124,2.6596,3.0994
6.2124,2.7276,3.2407
6.2124,2.7956,3.3778
6.2124,2.8635,3.513
6.2124,2.9315,3.6504
6.2124,2.9995,3.7883
6.2124,3.0674,3.9254
6.2124,3.1354,4.0431
6.2124,3.2033,4.1231
6.2124,3.2713,4.1855
6.2124,3.3393,4.2214
6.2124,3.4072,4.2632
6.2124,3.4752,4.3071
6.2124,3.5432,4.3677
6.2124,3.6111,4.4212
6.2124,3.6791,4.4723
6.2124,3.7471,4.5218
6.2124,3.815,4.5745
6.2124,3.883,4.6148
6.2124,3.951,4.6565
6.2124,4.0189,4.6967
6.2124,4.0869,4.7327
6.2124,4.1549,4.7673
6.2124,4.2228,4.8001
6.2124,4.2908,4.8314
6.2124,4.3588,4.8616
6.2124,4.4267,4.891
6.2124,4.4947,4.9199
6.2124,4.5627,4.9486
6.2124,4.6306,4.9772
6.3892,1.2324,-1.0592
6.3892,1.3003,-0.86072
6.3892,1.3683,-0.65958
6.3892,1.4363,-0.45905
6.3892,1.5042,-0.25668
6.3892,1.5722,-0.051166
6.3892,1.6401,0.16065
6.3892,1.7081,0.37176
6.3892,1.7761,0.58259
6.3892,1.844,0.7946
6.3892,1.912,0.99299
6.3892,1.98,1.196
6.3892,2.0479,1.3925
6.3892,2.1159,1.5914
6.3892,2.1839,1.7875
6.3892,2.2518,1.9814
6.3892,2.3198,2.1763
6.3892,2.3878,2.3697
6.3892,2.4557,2.5586
6.3892,2.5237,2.7512
6.3892,2.5917,2.9272
6.3892,2.6596,3.0737
6.3892,2.7276,3.2134
6.3892,2.7956,3.3532
6.3892,2.8635,3.491
6.3892,2.9315,3.6297
6.3892,2.9995,3.7702
6.3892,3.0674,3.9107
6.3892,3.1354,4.0441
6.3892,3.2033,4.1369
6.3892,3.2713,4.2082
6.3892,3.3393,4.2476
6.3892,3.4072,4.2682
6.3892,3.4752,4.3178
6.3892,3.5432,4.3716
6.3892,3.6111,4.446
6.3892,3.6791,4.4984
6.3892,3.7471,4.5409
6.3892,3.815,4.5962
6.3892,3.883,4.6401
6.3892,3.951,4.6804
6.3892,4.0189,4.7202
6.3892,4.0869,4.7595
6.3892,4.1549,4.7935
6.3892,4.2228,4.826
6.3892,4.2908,4.8571
6.3892,4.3588,4.8866
6.3892,4.4267,4.9151
6.3892,4.4947,4.9429
6.3892,4.5627,4.9704
6.3892,4.6306,4.9977
6.5659,1.2324,-1.098
6.5659,1.3003,-0.89913
6.5659,1.3683,-0.69721
6.5659,1.4363,-0.49351
6.5659,1.5042,-0.28739
6.5659,1.5722,-0.078357
6.5659,1.6401,0.13367
6.5659,1.7081,0.34812
6.5659,1.7761,0.56414
6.5659,1.844,0.77113
6.5659,1.912,0.97616
6.5659,1.98,1.1715
6.5659,2.0479,1.3655
6.5659,2.1159,1.5599
6.5659,2.1839,1.7533
6.5659,2.2518,1.9461
6.5659,2.3198,2.1395
6.5659,2.3878,2.3324
6.5659,2.4557,2.5259
6.5659,2.5237,2.7182
6.5659,2.5917,2.8892
6.5659,2.6596,3.0379
6.5659,2.7276,3.1803
6.5659,2.7956,3.3298
6.5659,2.8635,3.4704
6.5659,2.9315,3.6098
6.5659,2.9995,3.7499
6.5659,3.0674,3.8911
6.5659,3.1354,4.0279
6.5659,3.2033,4.1341
6.5659,3.2713,4.2118
6.5659,3.3393,4.2767
6.5659,3.4072,4.3071
6.5659,3.4752,4.3354
6.5659,3.5432,4.3803
6.5659,3.6111,4.4539
6.5659,3.6791,4.5268
6.5659,3.7471,4.5825
6.5659,3.815,4.6247
6.5659,3.883,4.6695
6.5659,3.951,4.7092
6.5659,4.0189,4.7485
6.5659,4.0869,4.7875
6.5659,4.1549,4.8249
6.5659,4.2228,4.8564
6.5659,4.2908,4.8871
6.5659,4.3588,4.9157
6.5659,4.4267,4.9432
6.5659,4.4947,4.9697
6.5659,4.5627,4.9956
6.5659,4.6306,5.0212
6.7426,1.2324,-1.1429
6.7426,1.3003,-0.94218
6.7426,1.3683,-0.73796
6.7426,1.4363,-0.53098
6.7426,1.5042,-0.3209
6.7426,1.5722,-0.10949
6.7426,1.6401,0.10586
6.7426,1.7081,0.32409
6.7426,1.7761,0.5433
6.7426,1.844,0.75478
6.7426,1.912,0.94612
6.7426,1.98,1.1523
6.7426,2.0479,1.3371
6.7426,2.1159,1.5264
6.7426,2.1839,1.7198
6.7426,2.2518,1.913
6.7426,2.3198,2.106
6.7426,2.3878,2.2996
6.7426,2.4557,2.4958
6.7426,2.5237,2.6881
6.7426,2.5917,2.8599
6.7426,2.6596,3.0143
6.7426,2.7276,3.1564
6.7426,2.7956,3.2989
6.7426,2.8635,3.4429
6.7426,2.9315,3.5845
6.7426,2.9995,3.7273
6.7426,3.0674,3.8693
6.7426,3.1354,4.01
6.7426,3.2033,4.1246
6.7426,3.2713,4.2146
6.7426,3.3393,4.2774
6.7426,3.4072,4.3321
6.7426,3.4752,4.3644
6.7426,3.5432,4.4119
6.7426,3.6111,4.4701
6.7426,3.6791,4.548
6.7426,3.7471,4.6075
6.7426,3.815,4.6515
6.7426,3.883,4.6982
6.7426,3.951,4.7511
6.7426,4.0189,4.7871
6.7426,4.0869,4.8229
6.7426,4.1549,4.86
6.7426,4.2228,4.8929
6.7426,4.2908,4.9223
6.7426,4.3588,4.9508
6.7426,4.4267,4.9775
6.7426,4.4947,5.003
6.7426,4.5627,5.0277
6.7426,4.6306,5.0519
6.9194,1.2324,-1.1912
6.9194,1.3003,-0.98716
6.9194,1.3683,-0.7793
6.9194,1.4363,-0.56865
6.9194,1.5042,-0.35517
6.9194,1.5722,-0.14048
6.9194,1.6401,0.076914
6.9194,1.7081,0.29871
6.9194,1.7761,0.51998
6.9194,1.844,0.72574
6.9194,1.912,0.91287
6.9194,1.98,1.108
6.9194,2.0479,1.2962
6.9194,2.1159,1.4905
6.9194,2.1839,1.6886
6.9194,2.2518,1.8834
6.9194,2.3198,2.0753
6.9194,2.3878,2.2689
6.9194,2.4557,2.4647
6.9194,2.5237,2.6597
6.9194,2.5917,2.8334
6.9194,2.6596,2.9918
6.9194,2.7276,3.1327
6.9194,2.7956,3.2725
6.9194,2.8635,3.4153
6.9194,2.9315,3.5573
6.9194,2.9995,3.7002
6.9194,3.0674,3.8439
6.9194,3.1354,3.9871
6.9194,3.2033,4.1139
6.9194,3.2713,4.2115
6.9194,3.3393,4.2733
6.9194,3.4072,4.3154
6.9194,3.4752,4.3907
6.9194,3.5432,4.4296
6.9194,3.6111,4.4939
6.9194,3.6791,4.567
6.9194,3.7471,4.626
6.9194,3.815,4.6822
6.9194,3.883,4.7298
6.9194,3.951,4.7845
6.9194,4.0189,4.8295
6.9194,4.0869,4.865
6.9194,4.1549,4.8988
6.9194,4.2228,4.9344
6.9194,4.2908,4.9637
6.9194,4.3588,4.9913
6.9194,4.4267,5.0174
6.9194,4.4947,5.042
6.9194,4.5627,5.0622
6.9194,4.6306,5.0792
7.0961,1.2324,-1.2372
7.0961,1.3003,-1.0314
7.0961,1.3683,-0.82049
7.0961,1.4363,-0.60638
7.0961,1.5042,-0.39121
7.0961,1.5722,-0.17093
7.0961,1.6401,0.048188
7.0961,1.7081,0.26792
7.0961,1.7761,0.48068
7.0961,1.844,0.68451
7.0961,1.912,0.87505
7.0961,1.98,1.0688
7.0961,2.0479,1.2616
7.0961,2.1159,1.4609
7.0961,2.1839,1.6602
7.0961,2.2518,1.8568
7.0961,2.3198,2.0469
7.0961,2.3878,2.2423
7.0961,2.4557,2.438
7.0961,2.5237,2.6316
7.0961,2.5917,2.805
7.0961,2.6596,2.9563
7.0961,2.7276,3.103
7.0961,2.7956,3.244
7.0961,2.8635,3.3856
7.0961,2.9315,3.5292
7.0961,2.9995,3.674
7.0961,3.0674,3.818
7.0961,3.1354,3.9628
7.0961,3.2033,4.1011
7.0961,3.2713,4.215
7.0961,3.3393,4.287
7.0961,3.4072,4.3309
7.0961,3.4752,4.3814
7.0961,3.5432,4.442
7.0961,3.6111,4.5061
7.0961,3.6791,4.5822
7.0961,3.7471,4.6354
7.0961,3.815,4.7015
7.0961,3.883,4.7562
7.0961,3.951,4.8125
7.0961,4.0189,4.8708
7.0961,4.0869,4.908
7.0961,4.1549,4.9461
7.0961,4.2228,4.9776
7.0961,4.2908,5.0116
7.0961,4.3588,5.038
7.0961,4.4267,5.0631
7.0961,4.4947,5.0868
7.0961,4.5627,5.1091
7.0961,4.6306,5.1304
7.2728,1.2324,-1.2847
7.2728,1.3003,-1.0755
7.2728,1.3683,-0.86055
7.2728,1.4363,-0.64075
7.2728,1.5042,-0.41923
7.2728,1.5722,-0.20202
7.2728,1.6401,0.019232
7.2728,1.7081,0.23537
7.2728,1.7761,0.44391
7.2728,1.844,0.64731
7.2728,1.912,0.83905
7.2728,1.98,1.0371
7.2728,2.0479,1.2348
7.2728,2.1159,1.434
7.2728,2.1839,1.6329
7.2728,2.2518,1.8301
7.2728,2.3198,2.0239
7.2728,2.3878,2.2167
7.2728,2.4557,2.4111
7.2728,2.5237,2.6038
7.2728,2.5917,2.781
7.2728,2.6596,2.9327
7.2728,2.7276,3.0731
7.2728,2.7956,3.2147
7.2728,2.8635,3.3568
7.2728,2.9315,3.5006
7.2728,2.9995,3.6458
7.2728,3.0674,3.7906
7.2728,3.1354,3.9369
7.2728,3.2033,4.0823
7.2728,3.2713,4.2098
7.2728,3.3393,4.3052
7.2728,3.4072,4.3636
7.2728,3.4752,4.4011
7.2728,3.5432,4.4533
7.2728,3.6111,4.5398
7.2728,3.6791,4.5906
7.2728,3.7471,4.6685
7.2728,3.815,4.7199
7.2728,3.883,4.7745
7.2728,3.951,4.8328
7.2728,4.0189,4.918
7.2728,4.0869,4.9692
7.2728,4.1549,5.0003
7.2728,4.2228,5.0301
7.2728,4.2908,5.0625
7.2728,4.3588,5.0912
7.2728,4.4267,5.1152
7.2728,4.4947,5.1376
7.2728,4.5627,5.1587
7.2728,4.6306,5.1786
7.4496,1.2324,-1.3314
7.4496,1.3003,-1.1176
7.4496,1.3683,-0.88927
7.4496,1.4363,-0.67042
7.4496,1.5042,-0.45046
7.4496,1.5722,-0.22979
7.4496,1.6401,-0.0082756
7.4496,1.7081,0.20517
7.4496,1.7761,0.41127
7.4496,1.844,0.61257
7.4496,1.912,0.80842
7.4496,1.98,1.0077
7.4496,2.0479,1.2068
7.4496,2.1159,1.4068
7.4496,2.1839,1.6059
7.4496,2.2518,1.8046
7.4496,2.3198,2.0009
7.4496,2.3878,2.1926
7.4496,2.4557,2.3832
7.4496,2.5237,2.5753
7.4496,2.5917,2.7538
7.4496,2.6596,2.9114
7.4496,2.7276,3.0519
7.4496,2.7956,3.1902
7.4496,2.8635,3.332
7.4496,2.9315,3.474
7.4496,2.9995,3.6178
7.4496,3.0674,3.7641
7.4496,3.1354,3.9101
7.4496,3.2033,4.0574
7.4496,3.2713,4.1912
7.4496,3.3393,4.3072
7.4496,3.4072,4.3956
7.4496,3.4752,4.4541
7.4496,3.5432,4.493
7.4496,3.6111,4.5477
7.4496,3.6791,4.6237
7.4496,3.7471,4.6822
7.4496,3.815,4.7398
7.4496,3.883,4.8199
7.4496,3.951,4.8594
7.4496,4.0189,4.9363
7.4496,4.0869,5.0301
7.4496,4.1549,5.061
7.4496,4.2228,5.0898
7.4496,4.2908,5.1169
7.4496,4.3588,5.1445
7.4496,4.4267,5.1738
7.4496,4.4947,5.1949
7.4496,4.5627,5.2146
7.4496,4.6306,5.2331
7.6263,1.2324,-1.3749
7.6263,1.3003,-1.1438
7.6263,1.3683,-0.91999
7.6263,1.4363,-0.69608
7.6263,1.5042,-0.47516
7.6263,1.5722,-0.25469
7.6263,1.6401,-0.03439
7.6263,1.7081,0.17746
7.6263,1.7761,0.38247
7.6263,1.844,0.58355
7.6263,1.912,0.78147
7.6263,1.98,0.98087
7.6263,2.0479,1.1805
7.6263,2.1159,1.3806
7.6263,2.1839,1.5795
7.6263,2.2518,1.7801
7.6263,2.3198,1.9771
7.6263,2.3878,2.17
7.6263,2.4557,2.3579
7.6263,2.5237,2.5469
7.6263,2.5917,2.7251
7.6263,2.6596,2.8897
7.6263,2.7276,3.0322
7.6263,2.7956,3.1693
7.6263,2.8635,3.3078
7.6263,2.9315,3.4492
7.6263,2.9995,3.594
7.6263,3.0674,3.7383
7.6263,3.1354,3.8854
7.6263,3.2033,4.0351
7.6263,3.2713,4.174
7.6263,3.3393,4.3061
7.6263,3.4072,4.3928
7.6263,3.4752,4.4534
7.6263,3.5432,4.5221
7.6263,3.6111,4.5924
7.6263,3.6791,4.634
7.6263,3.7471,4.7239
7.6263,3.815,4.7998
7.6263,3.883,4.8421
7.6263,3.951,4.9298
7.6263,4.0189,4.9676
7.6263,4.0869,5.0552
7.6263,4.1549,5.1272
7.6263,4.2228,5.1559
7.6263,4.2908,5.182
7.6263,4.3588,5.2062
7.6263,4.4267,5.2304
7.6263,4.4947,5.2584
7.6263,4.5627,5.277
7.6263,4.6306,5.2933
7.803,1.2324,-1.402
7.803,1.3003,-1.1708
7.803,1.3683,-0.95324
7.803,1.4363,-0.71952
7.803,1.5042,-0.49921
7.803,1.5722,-0.27734
7.803,1.6401,-0.058248
7.803,1.7081,0.15206
7.803,1.7761,0.35607
7.803,1.844,0.55699
7.803,1.912,0.75608
7.803,1.98,0.95525
7.803,2.0479,1.1554
7.803,2.1159,1.3548
7.803,2.1839,1.5541
7.803,2.2518,1.7535
7.803,2.3198,1.9547
7.803,2.3878,2.1478
7.803,2.4557,2.3369
7.803,2.5237,2.5211
7.803,2.5917,2.6985
7.803,2.6596,2.8631
7.803,2.7276,3.0102
7.803,2.7956,3.1501
7.803,2.8635,3.2887
7.803,2.9315,3.4282
7.803,2.9995,3.5704
7.803,3.0674,3.7162
7.803,3.1354,3.8634
7.803,3.2033,4.0135
7.803,3.2713,4.1577
7.803,3.3393,4.2942
7.803,3.4072,4.4066
7.803,3.4752,4.472
7.803,3.5432,4.5271
7.803,3.6111,4.6258
7.803,3.6791,4.7073
7.803,3.7471,4.7509
7.803,3.815,4.8245
7.803,3.883,4.9297
7.803,3.951,4.9704
7.803,4.0189,5.0473
7.803,4.0869,5.0827
7.803,4.1549,5.182
7.803,4.2228,5.2276
7.803,4.2908,5.2537
7.803,4.3588,5.2769
7.803,4.4267,5.2981
7.803,4.4947,5.3224
7.803,4.5627,5.3452
7.803,4.6306,5.3614
7.9798,1.2324,-1.4218
7.9798,1.3003,-1.2044
7.9798,1.3683,-0.9663
7.9798,1.4363,-0.74658
7.9798,1.5042,-0.52098
7.9798,1.5722,-0.29765
7.9798,1.6401,-0.080973
7.9798,1.7081,0.12781
7.9798,1.7761,0.33112
7.9798,1.844,0.53172
7.9798,1.912,0.73102
7.9798,1.98,0.93052
7.9798,2.0479,1.1303
7.9798,2.1159,1.3299
7.9798,2.1839,1.5293
7.9798,2.2518,1.7269
7.9798,2.3198,1.93
7.9798,2.3878,2.1205
7.9798,2.4557,2.3146
7.9798,2.5237,2.4963
7.9798,2.5917,2.6723
7.9798,2.6596,2.8374
7.9798,2.7276,2.9866
7.9798,2.7956,3.1284
7.9798,2.8635,3.2687
7.9798,2.9315,3.4097
7.9798,2.9995,3.5523
7.9798,3.0674,3.6965
7.9798,3.1354,3.843
7.9798,3.2033,3.9936
7.9798,3.2713,4.1414
7.9798,3.3393,4.2803
7.9798,3.4072,4.4039
7.9798,3.4752,4.4984
7.9798,3.5432,4.551
7.9798,3.6111,4.6133
7.9798,3.6791,4.7165
7.9798,3.7471,4.825
7.9798,3.815,4.8811
7.9798,3.883,4.9321
7.9798,3.951,5.0483
7.9798,4.0189,5.1097
7.9798,4.0869,5.1723
7.9798,4.1549,5.2046
7.9798,4.2228,5.2925
7.9798,4.2908,5.331
7.9798,4.3588,5.3542
7.9798,4.4267,5.3743
7.9798,4.4947,5.3925
7.9798,4.5627,5.4174
7.9798,4.6306,5.4341
8.1565,1.2324,-1.4557
8.1565,1.3003,-1.2267
8.1565,1.3683,-0.99503
8.1565,1.4363,-0.76593
8.1565,1.5042,-0.53957
8.1565,1.5722,-0.31924
8.1565,1.6401,-0.10307
8.1565,1.7081,0.10424
8.1565,1.7761,0.30701
8.1565,1.844,0.50731
8.1565,1.912,0.70735
8.1565,1.98,0.906
8.1565,2.0479,1.1058
8.1565,2.1159,1.3057
8.1565,2.1839,1.5051
8.1565,2.2518,1.7028
8.1565,2.3198,1.9035
8.1565,2.3878,2.0952
8.1565,2.4557,2.2905
8.1565,2.5237,2.472
8.1565,2.5917,2.6475
8.1565,2.6596,2.8135
8.1565,2.7276,2.9649
8.1565,2.7956,3.109
8.1565,2.8635,3.2507
8.1565,2.9315,3.3925
8.1565,2.9995,3.5355
8.1565,3.0674,3.6801
8.1565,3.1354,3.8263
8.1565,3.2033,3.9744
8.1565,3.2713,4.1259
8.1565,3.3393,4.2708
8.1565,3.4072,4.4074
8.1565,3.4752,4.5076
8.1565,3.5432,4.5869
8.1565,3.6111,4.6348
8.1565,3.6791,4.7347
8.1565,3.7471,4.8552
8.1565,3.815,4.9311
8.1565,3.883,5.0214
8.1565,3.951,5.0659
8.1565,4.0189,5.1663
8.1565,4.0869,5.2322
8.1565,4.1549,5.2924
8.1565,4.2228,5.3422
8.1565,4.2908,5.3924
8.1565,4.3588,5.431
8.1565,4.4267,5.4573
8.1565,4.4947,5.4742
8.1565,4.5627,5.4893
8.1565,4.6306,5.513
8.3332,1.2324,-1.4831
8.3332,1.3003,-1.245
8.3332,1.3683,-1.0123
8.3332,1.4363,-0.78031
8.3332,1.5042,-0.55714
8.3332,1.5722,-0.3387
8.3332,1.6401,-0.12498
8.3332,1.7081,0.081077
8.3332,1.7761,0.2834
8.3332,1.844,0.48388
8.3332,1.912,0.68369
8.3332,1.98,0.88199
8.3332,2.0479,1.082
8.3332,2.1159,1.2822
8.3332,2.1839,1.4821
8.3332,2.2518,1.6806
8.3332,2.3198,1.8775
8.3332,2.3878,2.0717
8.3332,2.4557,2.266
8.3332,2.5237,2.4476
8.3332,2.5917,2.6233
8.3332,2.6596,2.7911
8.3332,2.7276,2.9484
8.3332,2.7956,3.0948
8.3332,2.8635,3.2352
8.3332,2.9315,3.3781
8.3332,2.9995,3.5217
8.3332,3.0674,3.6665
8.3332,3.1354,3.8126
8.3332,3.2033,3.96
8.3332,3.2713,4.1119
8.3332,3.3393,4.2544
8.3332,3.4072,4.4089
8.3332,3.4752,4.5196
8.3332,3.5432,4.6176
8.3332,3.6111,4.678
8.3332,3.6791,4.7257
8.3332,3.7471,4.8592
8.3332,3.815,4.9481
8.3332,3.883,5.0398
8.3332,3.951,5.1232
8.3332,4.0189,5.2026
8.3332,4.0869,5.2676
8.3332,4.1549,5.3345
8.3332,4.2228,5.425
8.3332,4.2908,5.4712
8.3332,4.3588,5.4941
8.3332,4.4267,5.5316
8.3332,4.4947,5.5613
8.3332,4.5627,5.5765
8.3332,4.6306,5.5884
8.51,1.2324,-1.4985
8.51,1.3003,-1.2603
8.51,1.3683,-1.0251
8.51,1.4363,-0.79882
8.51,1.5042,-0.57717
8.51,1.5722,-0.35861
8.51,1.6401,-0.1469
8.51,1.7081,0.058223
8.51,1.7761,0.26021
8.51,1.844,0.46078
8.51,1.912,0.66035
8.51,1.98,0.85852
8.51,2.0479,1.0587
8.51,2.1159,1.2592
8.51,2.1839,1.4594
8.51,2.2518,1.6587
8.51,2.3198,1.856
8.51,2.3878,2.0507
8.51,2.4557,2.2425
8.51,2.5237,2.4247
8.51,2.5917,2.6007
8.51,2.6596,2.7712
8.51,2.7276,2.9296
8.51,2.7956,3.0846
8.51,2.8635,3.2293
8.51,2.9315,3.3689
8.51,2.9995,3.5106
8.51,3.0674,3.6558
8.51,3.1354,3.8019
8.51,3.2033,3.9491
8.51,3.2713,4.1044
8.51,3.3393,4.2493
8.51,3.4072,4.4081
8.51,3.4752,4.5583
8.51,3.5432,4.6477
8.51,3.6111,4.7099
8.51,3.6791,4.7748
8.51,3.7471,4.8571
8.51,3.815,4.9711
8.51,3.883,5.0649
8.51,3.951,5.1425
8.51,4.0189,5.2274
8.51,4.0869,5.3128
8.51,4.1549,5.3961
8.51,4.2228,5.467
8.51,4.2908,5.533
8.51,4.3588,5.5994
8.51,4.4267,5.6306
8.51,4.4947,5.6508
8.51,4.5627,5.6618
8.51,4.6306,5.681
8.6867,1.2324,-1.5096
8.6867,1.3003,-1.272
8.6867,1.3683,-1.0392
8.6867,1.4363,-0.81815
8.6867,1.5042,-0.59797
8.6867,1.5722,-0.37899
8.6867,1.6401,-0.16888
8.6867,1.7081,0.035577
8.6867,1.7761,0.23746
8.6867,1.844,0.43791
8.6867,1.912,0.63753
8.6867,1.98,0.83586
8.6867,2.0479,1.036
8.6867,2.1159,1.2368
8.6867,2.1839,1.4372
8.6867,2.2518,1.6374
8.6867,2.3198,1.8326
8.6867,2.3878,2.0296
8.6867,2.4557,2.2202
8.6867,2.5237,2.4034
8.6867,2.5917,2.5797
8.6867,2.6596,2.7525
8.6867,2.7276,2.9119
8.6867,2.7956,3.0684
8.6867,2.8635,3.2227
8.6867,2.9315,3.3682
8.6867,2.9995,3.5112
8.6867,3.0674,3.6541
8.6867,3.1354,3.7962
8.6867,3.2033,3.941
8.6867,3.2713,4.0977
8.6867,3.3393,4.243
8.6867,3.4072,4.3969
8.6867,3.4752,4.5529
8.6867,3.5432,4.6865
8.6867,3.6111,4.7657
8.6867,3.6791,4.826
8.6867,3.7471,4.8831
8.6867,3.815,4.9831
8.6867,3.883,5.0718
8.6867,3.951,5.2027
8.6867,4.0189,5.2664
8.6867,4.0869,5.3363
8.6867,4.1549,5.4322
8.6867,4.2228,5.5612
8.6867,4.2908,5.6165
8.6867,4.3588,5.674
8.6867,4.4267,5.7131
8.6867,4.4947,5.7456
8.6867,4.5627,5.768
8.6867,4.6306,5.779
8.8634,1.2324,-1.5206
8.8634,1.3003,-1.2846
8.8634,1.3683,-1.0585
8.8634,1.4363,-0.83508
8.8634,1.5042,-0.61634
8.8634,1.5722,-0.39975
8.8634,1.6401,-0.191
8.8634,1.7081,0.01329
8.8634,1.7761,0.21503
8.8634,1.844,0.41559
8.8634,1.912,0.61545
8.8634,1.98,0.81407
8.8634,2.0479,1.0141
8.8634,2.1159,1.2153
8.8634,2.1839,1.4162
8.8634,2.2518,1.6166
8.8634,2.3198,1.812
8.8634,2.3878,2.0076
8.8634,2.4557,2.1994
8.8634,2.5237,2.3832
8.8634,2.5917,2.5602
8.8634,2.6596,2.7341
8.8634,2.7276,2.8982
8.8634,2.7956,3.0567
8.8634,2.8635,3.2107
8.8634,2.9315,3.3654
8.8634,2.9995,3.5132
8.8634,3.0674,3.6535
8.8634,3.1354,3.7993
8.8634,3.2033,3.9463
8.8634,3.2713,4.093
8.8634,3.3393,4.2403
8.8634,3.4072,4.3922
8.8634,3.4752,4.5436
8.8634,3.5432,4.7062
8.8634,3.6111,4.8089
8.8634,3.6791,4.8785
8.8634,3.7471,4.9364
8.8634,3.815,5.0212
8.8634,3.883,5.0869
8.8634,3.951,5.2747
8.8634,4.0189,5.3475
8.8634,4.0869,5.3966
8.8634,4.1549,5.4496
8.8634,4.2228,5.5733
8.8634,4.2908,5.7036
8.8634,4.3588,5.756
8.8634,4.4267,5.8068
8.8634,4.4947,5.8287
8.8634,4.5627,5.8552
8.8634,4.6306,5.8862
