1.6648,0.68,-2.9959
1.6648,0.7944,-2.9596
1.6648,0.9088,-2.8893
1.6648,1.0232,-2.8037
1.6648,1.1376,-2.7213
1.6648,1.252,-2.6326
1.6648,1.3664,-2.5434
1.6648,1.4808,-2.4556
1.6648,1.5952,-2.3404
1.6648,1.7096,-2.2468
1.6648,1.824,-2.154
1.6648,1.9384,-2.0363
1.6648,2.0528,-1.9151
1.6648,2.1672,-1.7809
1.6648,2.2816,-1.6432
1.6648,2.396,-1.4969
1.6648,2.5104,-1.3421
1.6648,2.6248,-1.1782
1.6648,2.7392,-1.011
1.6648,2.8536,-0.8341
1.6648,2.968,-0.65251
1.6648,3.0824,-0.46666
1.6648,3.1968,-0.27321
1.6648,3.3112,-0.082589
1.6648,3.4256,0.13827
1.6648,3.54,0.35269
1.6648,3.6544,0.59953
1.6648,3.7688,0.86966
1.6648,3.8832,1.1259
1.6648,3.9976,1.4529
1.6648,4.112,1.7646
1.6648,4.2264,2.0745
1.6648,4.3408,2.3863
1.6648,4.4552,2.6817
1.6648,4.5696,2.9547
1.6648,4.684,3.2027
1.6648,4.7984,3.4437
1.6648,4.9128,3.666
1.6648,5.0272,3.8614
1.6648,5.1416,4.0677
1.6648,5.256,4.2634
1.6648,5.3704,4.4564
1.6648,5.4848,4.6403
1.6648,5.5992,4.818
1.6648,5.7136,4.9917
1.6648,5.828,5.1591
1.6648,5.9424,5.322
1.6648,6.0568,5.4807
1.6648,6.1712,5.6344
1.6648,6.2856,5.7819
1.6648,6.4,5.9235
1.8148,0.68,-2.8988
1.8148,0.7944,-2.8167
1.8148,0.9088,-2.7581
1.8148,1.0232,-2.693
1.8148,1.1376,-2.5911
1.8148,1.252,-2.501
1.8148,1.3664,-2.4112
1.8148,1.4808,-2.3165
1.8148,1.5952,-2.2156
1.8148,1.7096,-2.0978
1.8148,1.824,-2.0061
1.8148,1.9384,-1.8996
1.8148,2.0528,-1.7737
1.8148,2.1672,-1.6377
1.8148,2.2816,-1.4982
1.8148,2.396,-1.3513
1.8148,2.5104,-1.1948
1.8148,2.6248,-1.0306
1.8148,2.7392,-0.85785
1.8148,2.8536,-0.68063
1.8148,2.968,-0.49547
1.8148,3.0824,-0.31111
1.8148,3.1968,-0.0995
1.8148,3.3112,0.069983
1.8148,3.4256,0.28632
1.8148,3.54,0.49966
1.8148,3.6544,0.76162
1.8148,3.7688,1.0189
1.8148,3.8832,1.283
1.8148,3.9976,1.5979
1.8148,4.112,1.8951
1.8148,4.2264,2.2073
1.8148,4.3408,2.4971
1.8148,4.4552,2.7839
1.8148,4.5696,3.0486
1.8148,4.684,3.2889
1.8148,4.7984,3.5251
1.8148,4.9128,3.7214
1.8148,5.0272,3.9263
1.8148,5.1416,4.1219
1.8148,5.256,4.3117
1.8148,5.3704,4.4982
1.8148,5.4848,4.676
1.8148,5.5992,4.8509
1.8148,5.7136,5.0192
1.8148,5.828,5.1833
1.8148,5.9424,5.3426
1.8148,6.0568,5.497
1.8148,6.1712,5.6452
1.8148,6.2856,5.7874
1.8148,6.4,5.9239
1.9648,0.68,-2.8019
1.9648,0.7944,-2.7031
1.9648,0.9088,-2.6341
1.9648,1.0232,-2.5651
1.9648,1.1376,-2.4816
1.9648,1.252,-2.383
1.9648,1.3664,-2.2765
1.9648,1.4808,-2.1802
1.9648,1.5952,-2.0779
1.9648,1.7096,-1.969
1.9648,1.824,-1.8597
1.9648,1.9384,-1.7546
1.9648,2.0528,-1.6328
1.9648,2.1672,-1.496
1.9648,2.2816,-1.3549
1.9648,2.396,-1.2063
1.9648,2.5104,-1.0496
1.9648,2.6248,-0.88356
1.9648,2.7392,-0.71057
1.9648,2.8536,-0.52983
1.9648,2.968,-0.34503
1.9648,3.0824,-0.15441
1.9648,3.1968,0.053945
1.9648,3.3112,0.25334
1.9648,3.4256,0.43607
1.9648,3.54,0.64883
1.9648,3.6544,0.90654
1.9648,3.7688,1.1688
1.9648,3.8832,1.4492
1.9648,3.9976,1.7578
1.9648,4.112,2.0342
1.9648,4.2264,2.3353
1.9648,4.3408,2.6016
1.9648,4.4552,2.878
1.9648,4.5696,3.1401
1.9648,4.684,3.3734
1.9648,4.7984,3.588
1.9648,4.9128,3.7921
1.9648,5.0272,3.9868
1.9648,5.1416,4.1754
1.9648,5.256,4.3597
1.9648,5.3704,4.5391
1.9648,5.4848,4.7134
1.9648,5.5992,4.8826
1.9648,5.7136,5.047
1.9648,5.828,5.2066
1.9648,5.9424,5.3614
1.9648,6.0568,5.51
1.9648,6.1712,5.6525
1.9648,6.2856,5.7921
1.9648,6.4,5.9234
2.1147,0.68,-2.6913
2.1147,0.7944,-2.6063
2.1147,0.9088,-2.5041
2.1147,1.0232,-2.4295
2.1147,1.1376,-2.3496
2.1147,1.252,-2.2616
2.1147,1.3664,-2.168
2.1147,1.4808,-2.0575
2.1147,1.5952,-1.9446
2.1147,1.7096,-1.8368
2.1147,1.824,-1.7271
2.1147,1.9384,-1.6114
2.1147,2.0528,-1.4918
2.1147,2.1672,-1.3556
2.1147,2.2816,-1.213
2.1147,2.396,-1.0636
2.1147,2.5104,-0.90551
2.1147,2.6248,-0.73183
2.1147,2.7392,-0.56517
2.1147,2.8536,-0.37824
2.1147,2.968,-0.19526
2.1147,3.0824,-0.0056379
2.1147,3.1968,0.20524
2.1147,3.3112,0.41348
2.1147,3.4256,0.60315
2.1147,3.54,0.80487
2.1147,3.6544,1.0577
2.1147,3.7688,1.3195
2.1147,3.8832,1.6046
2.1147,3.9976,1.9016
2.1147,4.112,2.1799
2.1147,4.2264,2.4542
2.1147,4.3408,2.7078
2.1147,4.4552,2.9648
2.1147,4.5696,3.2288
2.1147,4.684,3.4507
2.1147,4.7984,3.6638
2.1147,4.9128,3.859
2.1147,5.0272,4.0454
2.1147,5.1416,4.2253
2.1147,5.256,4.4062
2.1147,5.3704,4.5808
2.1147,5.4848,4.7496
2.1147,5.5992,4.9138
2.1147,5.7136,5.0734
2.1147,5.828,5.2281
2.1147,5.9424,5.3766
2.1147,6.0568,5.5216
2.1147,6.1712,5.6587
2.1147,6.2856,5.79
2.1147,6.4,5.9159
2.2647,0.68,-2.5781
2.2647,0.7944,-2.4912
2.2647,0.9088,-2.4022
2.2647,1.0232,-2.3062
2.2647,1.1376,-2.2223
2.2647,1.252,-2.1307
2.2647,1.3664,-2.0374
2.2647,1.4808,-1.9409
2.2647,1.5952,-1.8303
2.2647,1.7096,-1.7063
2.2647,1.824,-1.5918
2.2647,1.9384,-1.4692
2.2647,2.0528,-1.3516
2.2647,2.1672,-1.2165
2.2647,2.2816,-1.0722
2.2647,2.396,-0.92138
2.2647,2.5104,-0.76059
2.2647,2.6248,-0.58149
2.2647,2.7392,-0.4141
2.2647,2.8536,-0.22953
2.2647,2.968,-0.04121
2.2647,3.0824,0.14128
2.2647,3.1968,0.35452
2.2647,3.3112,0.56455
2.2647,3.4256,0.76279
2.2647,3.54,0.96557
2.2647,3.6544,1.2115
2.2647,3.7688,1.4708
2.2647,3.8832,1.7536
2.2647,3.9976,2.0378
2.2647,4.112,2.3121
2.2647,4.2264,2.5699
2.2647,4.3408,2.8133
2.2647,4.4552,3.0488
2.2647,4.5696,3.3087
2.2647,4.684,3.5234
2.2647,4.7984,3.7361
2.2647,4.9128,3.9193
2.2647,5.0272,4.0982
2.2647,5.1416,4.2781
2.2647,5.256,4.4534
2.2647,5.3704,4.6211
2.2647,5.4848,4.7844
2.2647,5.5992,4.9434
2.2647,5.7136,5.0981
2.2647,5.828,5.2475
2.2647,5.9424,5.3903
2.2647,6.0568,5.527
2.2647,6.1712,5.6579
2.2647,6.2856,5.7879
2.2647,6.4,5.9181
2.4147,0.68,-2.4686
2.4147,0.7944,-2.3877
2.4147,0.9088,-2.288
2.4147,1.0232,-2.1933
2.4147,1.1376,-2.1002
2.4147,1.252,-2.0047
2.4147,1.3664,-1.9078
2.4147,1.4808,-1.8084
2.4147,1.5952,-1.7048
2.4147,1.7096,-1.5919
2.4147,1.824,-1.4639
2.4147,1.9384,-1.3408
2.4147,2.0528,-1.2129
2.4147,2.1672,-1.078
2.4147,2.2816,-0.93263
2.4147,2.396,-0.77694
2.4147,2.5104,-0.61725
2.4147,2.6248,-0.44086
2.4147,2.7392,-0.26584
2.4147,2.8536,-0.085932
2.4147,2.968,0.11143
2.4147,3.0824,0.29304
2.4147,3.1968,0.50052
2.4147,3.3112,0.7148
2.4147,3.4256,0.91171
2.4147,3.54,1.1247
2.4147,3.6544,1.3677
2.4147,3.7688,1.6225
2.4147,3.8832,1.8965
2.4147,3.9976,2.1741
2.4147,4.112,2.4347
2.4147,4.2264,2.6841
2.4147,4.3408,2.9176
2.4147,4.4552,3.1405
2.4147,4.5696,3.3785
2.4147,4.684,3.6032
2.4147,4.7984,3.7971
2.4147,4.9128,3.9771
2.4147,5.0272,4.1563
2.4147,5.1416,4.3323
2.4147,5.256,4.4981
2.4147,5.3704,4.6598
2.4147,5.4848,4.8174
2.4147,5.5992,4.9711
2.4147,5.7136,5.1196
2.4147,5.828,5.2616
2.4147,5.9424,5.3975
2.4147,6.0568,5.5284
2.4147,6.1712,5.6612
2.4147,6.2856,5.7914
2.4147,6.4,5.9192
2.5647,0.68,-2.3606
2.5647,0.7944,-2.2792
2.5647,0.9088,-2.1865
2.5647,1.0232,-2.0848
2.5647,1.1376,-1.9881
2.5647,1.252,-1.8841
2.5647,1.3664,-1.7833
2.5647,1.4808,-1.6801
2.5647,1.5952,-1.5735
2.5647,1.7096,-1.4619
2.5647,1.824,-1.3384
2.5647,1.9384,-1.2115
2.5647,2.0528,-1.0761
2.5647,2.1672,-0.94122
2.5647,2.2816,-0.79486
2.5647,2.396,-0.63873
2.5647,2.5104,-0.47644
2.5647,2.6248,-0.3031
2.5647,2.7392,-0.12633
2.5647,2.8536,0.058313
2.5647,2.968,0.25194
2.5647,3.0824,0.44806
2.5647,3.1968,0.64345
2.5647,3.3112,0.85998
2.5647,3.4256,1.0664
2.5647,3.54,1.2843
2.5647,3.6544,1.5194
2.5647,3.7688,1.774
2.5647,3.8832,2.0402
2.5647,3.9976,2.3021
2.5647,4.112,2.5543
2.5647,4.2264,2.791
2.5647,4.3408,3.0204
2.5647,4.4552,3.2341
2.5647,4.5696,3.456
2.5647,4.684,3.672
2.5647,4.7984,3.8593
2.5647,4.9128,4.0402
2.5647,5.0272,4.2147
2.5647,5.1416,4.3778
2.5647,5.256,4.5374
2.5647,5.3704,4.696
2.5647,5.4848,4.848
2.5647,5.5992,4.9957
2.5647,5.7136,5.136
2.5647,5.828,5.2708
2.5647,5.9424,5.4041
2.5647,6.0568,5.5364
2.5647,6.1712,5.6663
2.5647,6.2856,5.7938
2.5647,6.4,5.9044
2.7146,0.68,-2.2613
2.7146,0.7944,-2.1693
2.7146,0.9088,-2.0852
2.7146,1.0232,-1.9817
2.7146,1.1376,-1.8749
2.7146,1.252,-1.7847
2.7146,1.3664,-1.6682
2.7146,1.4808,-1.5573
2.7146,1.5952,-1.4469
2.7146,1.7096,-1.3321
2.7146,1.824,-1.2098
2.7146,1.9384,-1.0778
2.7146,2.0528,-0.94904
2.7146,2.1672,-0.80625
2.7146,2.2816,-0.66006
2.7146,2.396,-0.50413
2.7146,2.5104,-0.33939
2.7146,2.6248,-0.16678
2.7146,2.7392,0.01073
2.7146,2.8536,0.19839
2.7146,2.968,0.38936
2.7146,3.0824,0.59326
2.7146,3.1968,0.78469
2.7146,3.3112,0.99573
2.7146,3.4256,1.2059
2.7146,3.54,1.4299
2.7146,3.6544,1.6703
2.7146,3.7688,1.9207
2.7146,3.8832,2.1728
2.7146,3.9976,2.4212
2.7146,4.112,2.6697
2.7146,4.2264,2.899
2.7146,4.3408,3.12
2.7146,4.4552,3.3264
2.7146,4.5696,3.5335
2.7146,4.684,3.7388
2.7146,4.7984,3.926
2.7146,4.9128,4.0966
2.7146,5.0272,4.2603
2.7146,5.1416,4.4236
2.7146,5.256,4.5801
2.7146,5.3704,4.7294
2.7146,5.4848,4.8758
2.7146,5.5992,5.0142
2.7146,5.7136,5.1485
2.7146,5.828,5.2825
2.7146,5.9424,5.4139
2.7146,6.0568,5.543
2.7146,6.1712,5.6655
2.7146,6.2856,5.7742
2.7146,6.4,5.8782
2.8646,0.68,-2.1779
2.8646,0.7944,-2.0768
2.8646,0.9088,-1.979
2.8646,1.0232,-1.8832
2.8646,1.1376,-1.7739
2.8646,1.252,-1.6743
2.8646,1.3664,-1.5682
2.8646,1.4808,-1.447
2.8646,1.5952,-1.3261
2.8646,1.7096,-1.2075
2.8646,1.824,-1.0835
2.8646,1.9384,-0.95062
2.8646,2.0528,-0.81814
2.8646,2.1672,-0.67697
2.8646,2.2816,-0.52801
2.8646,2.396,-0.37276
2.8646,2.5104,-0.20847
2.8646,2.6248,-0.035106
2.8646,2.7392,0.14537
2.8646,2.8536,0.33231
2.8646,2.968,0.52379
2.8646,3.0824,0.72378
2.8646,3.1968,0.92358
2.8646,3.3112,1.1298
2.8646,3.4256,1.3437
2.8646,3.54,1.5731
2.8646,3.6544,1.8109
2.8646,3.7688,2.0533
2.8646,3.8832,2.2978
2.8646,3.9976,2.5356
2.8646,4.112,2.7763
2.8646,4.2264,3.0039
2.8646,4.3408,3.2132
2.8646,4.4552,3.419
2.8646,4.5696,3.6184
2.8646,4.684,3.8053
2.8646,4.7984,3.9858
2.8646,4.9128,4.1537
2.8646,5.0272,4.3159
2.8646,5.1416,4.4699
2.8646,5.256,4.616
2.8646,5.3704,4.7595
2.8646,5.4848,4.898
2.8646,5.5992,5.0311
2.8646,5.7136,5.1637
2.8646,5.828,5.2939
2.8646,5.9424,5.4219
2.8646,6.0568,5.5382
2.8646,6.1712,5.646
2.8646,6.2856,5.7491
2.8646,6.4,5.8494
3.0146,0.68,-2.0947
3.0146,0.7944,-1.9977
3.0146,0.9088,-1.896
3.0146,1.0232,-1.7862
3.0146,1.1376,-1.6786
3.0146,1.252,-1.5699
3.0146,1.3664,-1.4673
3.0146,1.4808,-1.3467
3.0146,1.5952,-1.2199
3.0146,1.7096,-1.0904
3.0146,1.824,-0.96179
3.0146,1.9384,-0.82872
3.0146,2.0528,-0.69085
3.0146,2.1672,-0.55015
3.0146,2.2816,-0.40057
3.0146,2.396,-0.24471
3.0146,2.5104,-0.080475
3.0146,2.6248,0.091727
3.0146,2.7392,0.27228
3.0146,2.8536,0.45969
3.0146,2.968,0.65189
3.0146,3.0824,0.84843
3.0146,3.1968,1.0507
3.0146,3.3112,1.259
3.0146,3.4256,1.4801
3.0146,3.54,1.709
3.0146,3.6544,1.9368
3.0146,3.7688,2.1749
3.0146,3.8832,2.413
3.0146,3.9976,2.644
3.0146,4.112,2.8773
3.0146,4.2264,3.1055
3.0146,4.3408,3.3151
3.0146,4.4552,3.503
3.0146,4.5696,3.6935
3.0146,4.684,3.8739
3.0146,4.7984,4.0488
3.0146,4.9128,4.2127
3.0146,5.0272,4.3654
3.0146,5.1416,4.5078
3.0146,5.256,4.6477
3.0146,5.3704,4.7853
3.0146,5.4848,4.9169
3.0146,5.5992,5.0479
3.0146,5.7136,5.1766
3.0146,5.828,5.302
3.0146,5.9424,5.4136
3.0146,6.0568,5.5201
3.0146,6.1712,5.6219
3.0146,6.2856,5.7316
3.0146,6.4,5.8354
3.1645,0.68,-2.0124
3.1645,0.7944,-1.9149
3.1645,0.9088,-1.8121
3.1645,1.0232,-1.7041
3.1645,1.1376,-1.5902
3.1645,1.252,-1.4758
3.1645,1.3664,-1.3722
3.1645,1.4808,-1.2482
3.1645,1.5952,-1.1192
3.1645,1.7096,-0.98715
3.1645,1.824,-0.85071
3.1645,1.9384,-0.71161
3.1645,2.0528,-0.57073
3.1645,2.1672,-0.42819
3.1645,2.2816,-0.27798
3.1645,2.396,-0.1219
3.1645,2.5104,0.042909
3.1645,2.6248,0.21475
3.1645,2.7392,0.39659
3.1645,2.8536,0.58253
3.1645,2.968,0.77366
3.1645,3.0824,0.97091
3.1645,3.1968,1.1752
3.1645,3.3112,1.383
3.1645,3.4256,1.5999
3.1645,3.54,1.8289
3.1645,3.6544,2.0498
3.1645,3.7688,2.2871
3.1645,3.8832,2.5235
3.1645,3.9976,2.7562
3.1645,4.112,2.9804
3.1645,4.2264,3.2044
3.1645,4.3408,3.4027
3.1645,4.4552,3.5954
3.1645,4.5696,3.7767
3.1645,4.684,3.9414
3.1645,4.7984,4.1116
3.1645,4.9128,4.2642
3.1645,5.0272,4.4042
3.1645,5.1416,4.5404
3.1645,5.256,4.675
3.1645,5.3704,4.8057
3.1645,5.4848,4.9348
3.1645,5.5992,5.0617
3.1645,5.7136,5.1817
3.1645,5.828,5.2919
3.1645,5.9424,5.3968
3.1645,6.0568,5.5088
3.1645,6.1712,5.6148
3.1645,6.2856,5.7139
3.1645,6.4,5.8208
3.3145,0.68,-1.9326
3.3145,0.7944,-1.8326
3.3145,0.9088,-1.7323
3.3145,1.0232,-1.6256
3.3145,1.1376,-1.5136
3.3145,1.252,-1.3945
3.3145,1.3664,-1.2748
3.3145,1.4808,-1.1543
3.3145,1.5952,-1.0224
3.3145,1.7096,-0.88677
3.3145,1.824,-0.74872
3.3145,1.9384,-0.60678
3.3145,2.0528,-0.4617
3.3145,2.1672,-0.31443
3.3145,2.2816,-0.16318
3.3145,2.396,-0.0059297
3.3145,2.5104,0.15868
3.3145,2.6248,0.33132
3.3145,2.7392,0.5136
3.3145,2.8536,0.70296
3.3145,2.968,0.89313
3.3145,3.0824,1.0863
3.3145,3.1968,1.2949
3.3145,3.3112,1.5022
3.3145,3.4256,1.7152
3.3145,3.54,1.9366
3.3145,3.6544,2.1634
3.3145,3.7688,2.3993
3.3145,3.8832,2.6357
3.3145,3.9976,2.865
3.3145,4.112,3.0789
3.3145,4.2264,3.2985
3.3145,4.3408,3.4969
3.3145,4.4552,3.6762
3.3145,4.5696,3.8498
3.3145,4.684,4.0104
3.3145,4.7984,4.1608
3.3145,4.9128,4.3037
3.3145,5.0272,4.4367
3.3145,5.1416,4.5678
3.3145,5.256,4.6971
3.3145,5.3704,4.8241
3.3145,5.4848,4.949
3.3145,5.5992,5.0646
3.3145,5.7136,5.1732
3.3145,5.828,5.287
3.3145,5.9424,5.3992
3.3145,6.0568,5.4954
3.3145,6.1712,5.603
3.3145,6.2856,5.709
3.3145,6.4,5.8132
3.4645,0.68,-1.8529
3.4645,0.7944,-1.7537
3.4645,0.9088,-1.6503
3.4645,1.0232,-1.5478
3.4645,1.1376,-1.4359
3.4645,1.252,-1.3188
3.4645,1.3664,-1.1949
3.4645,1.4808,-1.0657
3.4645,1.5952,-0.93545
3.4645,1.7096,-0.79643
3.4645,1.824,-0.65417
3.4645,1.9384,-0.50975
3.4645,2.0528,-0.36308
3.4645,2.1672,-0.21266
3.4645,2.2816,-0.05895
3.4645,2.396,0.10101
3.4645,2.5104,0.26587
3.4645,2.6248,0.43984
3.4645,2.7392,0.6244
3.4645,2.8536,0.81554
3.4645,2.968,1.0113
3.4645,3.0824,1.2035
3.4645,3.1968,1.4038
3.4645,3.3112,1.6167
3.4645,3.4256,1.8253
3.4645,3.54,2.0433
3.4645,3.6544,2.2746
3.4645,3.7688,2.5066
3.4645,3.8832,2.7318
3.4645,3.9976,2.9507
3.4645,4.112,3.1696
3.4645,4.2264,3.3843
3.4645,4.3408,3.5858
3.4645,4.4552,3.7622
3.4645,4.5696,3.9367
3.4645,4.684,4.074
3.4645,4.7984,4.2144
3.4645,4.9128,4.3367
3.4645,5.0272,4.4632
3.4645,5.1416,4.59
3.4645,5.256,4.7152
3.4645,5.3704,4.8369
3.4645,5.4848,4.9507
3.4645,5.5992,5.0658
3.4645,5.7136,5.1788
3.4645,5.828,5.2878
3.4645,5.9424,5.3863
3.4645,6.0568,5.4928
3.4645,6.1712,5.5975
3.4645,6.2856,5.7004
3.4645,6.4,5.8018
3.6144,0.68,-1.7708
3.6144,0.7944,-1.6782
3.6144,0.9088,-1.5736
3.6144,1.0232,-1.4677
3.6144,1.1376,-1.3573
3.6144,1.252,-1.2399
3.6144,1.3664,-1.117
3.6144,1.4808,-0.98709
3.6144,1.5952,-0.85274
3.6144,1.7096,-0.71286
3.6144,1.824,-0.56795
3.6144,1.9384,-0.42015
3.6144,2.0528,-0.27166
3.6144,2.1672,-0.12194
3.6144,2.2816,0.034059
3.6144,2.396,0.1962
3.6144,2.5104,0.36351
3.6144,2.6248,0.54088
3.6144,2.7392,0.72822
3.6144,2.8536,0.91615
3.6144,2.968,1.1175
3.6144,3.0824,1.3164
3.6144,3.1968,1.5191
3.6144,3.3112,1.7241
3.6144,3.4256,1.9333
3.6144,3.54,2.1511
3.6144,3.6544,2.3782
3.6144,3.7688,2.6022
3.6144,3.8832,2.8356
3.6144,3.9976,3.0562
3.6144,4.112,3.2712
3.6144,4.2264,3.4713
3.6144,4.3408,3.6683
3.6144,4.4552,3.8581
3.6144,4.5696,4.0179
3.6144,4.684,4.1321
3.6144,4.7984,4.2462
3.6144,4.9128,4.3621
3.6144,5.0272,4.484
3.6144,5.1416,4.6069
3.6144,5.256,4.7268
3.6144,5.3704,4.8436
3.6144,5.4848,4.958
3.6144,5.5992,5.0705
3.6144,5.7136,5.171
3.6144,5.828,5.2776
3.6144,5.9424,5.3828
3.6144,6.0568,5.4859
3.6144,6.1712,5.5873
3.6144,6.2856,5.6873
3.6144,6.4,5.7862
3.7644,0.68,-1.7009
3.7644,0.7944,-1.601
3.7644,0.9088,-1.502
3.7644,1.0232,-1.392
3.7644,1.1376,-1.2816
3.7644,1.252,-1.1635
3.7644,1.3664,-1.0405
3.7644,1.4808,-0.91125
3.7644,1.5952,-0.77835
3.7644,1.7096,-0.63633
3.7644,1.824,-0.48935
3.7644,1.9384,-0.33877
3.7644,2.0528,-0.18631
3.7644,2.1672,-0.034496
3.7644,2.2816,0.11702
3.7644,2.396,0.27829
3.7644,2.5104,0.44935
3.7644,2.6248,0.62937
3.7644,2.7392,0.81853
3.7644,2.8536,1.0034
3.7644,2.968,1.2101
3.7644,3.0824,1.4134
3.7644,3.1968,1.6115
3.7644,3.3112,1.8199
3.7644,3.4256,2.0284
3.7644,3.54,2.2399
3.7644,3.6544,2.4747
3.7644,3.7688,2.7128
3.7644,3.8832,2.9274
3.7644,3.9976,3.1661
3.7644,4.112,3.3522
3.7644,4.2264,3.5444
3.7644,4.3408,3.7466
3.7644,4.4552,3.9334
3.7644,4.5696,4.0489
3.7644,4.684,4.1516
3.7644,4.7984,4.2623
3.7644,4.9128,4.3802
3.7644,5.0272,4.5006
3.7644,5.1416,4.6178
3.7644,5.256,4.7324
3.7644,5.3704,4.8446
3.7644,5.4848,4.955
3.7644,5.5992,5.0621
3.7644,5.7136,5.1684
3.7644,5.828,5.2722
3.7644,5.9424,5.3738
3.7644,6.0568,5.4737
3.7644,6.1712,5.5723
3.7644,6.2856,5.6698
3.7644,6.4,5.7666
3.9144,0.68,-1.6309
3.9144,0.7944,-1.5318
3.9144,0.9088,-1.4287
3.9144,1.0232,-1.3239
3.9144,1.1376,-1.2099
3.9144,1.252,-1.0929
3.9144,1.3664,-0.96968
3.9144,1.4808,-0.84058
3.9144,1.5952,-0.70509
3.9144,1.7096,-0.5638
3.9144,1.824,-0.4166
3.9144,1.9384,-0.26484
3.9144,2.0528,-0.11042
3.9144,2.1672,0.044527
3.9144,2.2816,0.19787
3.9144,2.396,0.35457
3.9144,2.5104,0.52483
3.9144,2.6248,0.70557
3.9144,2.7392,0.89627
3.9144,2.8536,1.0891
3.9144,2.968,1.2926
3.9144,3.0824,1.4915
3.9144,3.1968,1.687
3.9144,3.3112,1.9028
3.9144,3.4256,2.1175
3.9144,3.54,2.3341
3.9144,3.6544,2.5646
3.9144,3.7688,2.7975
3.9144,3.8832,3.0055
3.9144,3.9976,3.2433
3.9144,4.112,3.4374
3.9144,4.2264,3.6251
3.9144,4.3408,3.8253
3.9144,4.4552,3.9568
3.9144,4.5696,4.0792
3.9144,4.684,4.1698
3.9144,4.7984,4.2776
3.9144,4.9128,4.3994
3.9144,5.0272,4.5118
3.9144,5.1416,4.6229
3.9144,5.256,4.7335
3.9144,5.3704,4.8436
3.9144,5.4848,4.9474
3.9144,5.5992,5.0516
3.9144,5.7136,5.1531
3.9144,5.828,5.2521
3.9144,5.9424,5.3493
3.9144,6.0568,5.4456
3.9144,6.1712,5.542
3.9144,6.2856,5.6379
3.9144,6.4,5.7306
4.0644,0.68,-1.5645
4.0644,0.7944,-1.4638
4.0644,0.9088,-1.3599
4.0644,1.0232,-1.2528
4.0644,1.1376,-1.144
4.0644,1.252,-1.0238
4.0644,1.3664,-0.9002
4.0644,1.4808,-0.77199
4.0644,1.5952,-0.63679
4.0644,1.7096,-0.49483
4.0644,1.824,-0.34724
4.0644,1.9384,-0.19575
4.0644,2.0528,-0.040527
4.0644,2.1672,0.11583
4.0644,2.2816,0.26943
4.0644,2.396,0.42769
4.0644,2.5104,0.59389
4.0644,2.6248,0.77429
4.0644,2.7392,0.95895
4.0644,2.8536,1.1613
4.0644,2.968,1.3628
4.0644,3.0824,1.5709
4.0644,3.1968,1.7685
4.0644,3.3112,1.9791
4.0644,3.4256,2.1888
4.0644,3.54,2.4112
4.0644,3.6544,2.6391
4.0644,3.7688,2.8626
4.0644,3.8832,3.0736
4.0644,3.9976,3.2966
4.0644,4.112,3.5105
4.0644,4.2264,3.6761
4.0644,4.3408,3.8778
4.0644,4.4552,4.005
4.0644,4.5696,4.0912
4.0644,4.684,4.1959
4.0644,4.7984,4.3002
4.0644,4.9128,4.4076
4.0644,5.0272,4.5176
4.0644,5.1416,4.6223
4.0644,5.256,4.7292
4.0644,5.3704,4.8351
4.0644,5.4848,4.94
4.0644,5.5992,5.0413
4.0644,5.7136,5.139
4.0644,5.828,5.2337
4.0644,5.9424,5.323
4.0644,6.0568,5.4104
4.0644,6.1712,5.4982
4.0644,6.2856,5.5914
4.0644,6.4,5.6638
4.2143,0.68,-1.5051
4.2143,0.7944,-1.4017
4.2143,0.9088,-1.2993
4.2143,1.0232,-1.1882
4.2143,1.1376,-1.0772
4.2143,1.252,-0.96041
4.2143,1.3664,-0.8362
4.2143,1.4808,-0.70447
4.2143,1.5952,-0.56922
4.2143,1.7096,-0.42833
4.2143,1.824,-0.28053
4.2143,1.9384,-0.13006
4.2143,2.0528,0.0257
4.2143,2.1672,0.18252
4.2143,2.2816,0.33799
4.2143,2.396,0.49534
4.2143,2.5104,0.65894
4.2143,2.6248,0.83831
4.2143,2.7392,1.0261
4.2143,2.8536,1.2256
4.2143,2.968,1.4329
4.2143,3.0824,1.6385
4.2143,3.1968,1.8358
4.2143,3.3112,2.0409
4.2143,3.4256,2.2495
4.2143,3.54,2.468
4.2143,3.6544,2.688
4.2143,3.7688,2.9227
4.2143,3.8832,3.1302
4.2143,3.9976,3.3586
4.2143,4.112,3.5529
4.2143,4.2264,3.7174
4.2143,4.3408,3.8937
4.2143,4.4552,4.0318
4.2143,4.5696,4.1287
4.2143,4.684,4.2216
4.2143,4.7984,4.3161
4.2143,4.9128,4.4148
4.2143,5.0272,4.5179
4.2143,5.1416,4.6175
4.2143,5.256,4.719
4.2143,5.3704,4.8209
4.2143,5.4848,4.919
4.2143,5.5992,5.01
4.2143,5.7136,5.0979
4.2143,5.828,5.1833
4.2143,5.9424,5.2681
4.2143,6.0568,5.3586
4.2143,6.1712,5.4458
4.2143,6.2856,5.51
4.2143,6.4,5.5894
4.3643,0.68,-1.4542
4.3643,0.7944,-1.3481
4.3643,0.9088,-1.2395
4.3643,1.0232,-1.1306
4.3643,1.1376,-1.0177
4.3643,1.252,-0.90002
4.3643,1.3664,-0.77473
4.3643,1.4808,-0.64644
4.3643,1.5952,-0.50746
4.3643,1.7096,-0.36342
4.3643,1.824,-0.21659
4.3643,1.9384,-0.066196
4.3643,2.0528,0.08896
4.3643,2.1672,0.24597
4.3643,2.2816,0.4029
4.3643,2.396,0.55783
4.3643,2.5104,0.72262
4.3643,2.6248,0.8975
4.3643,2.7392,1.0877
4.3643,2.8536,1.2824
4.3643,2.968,1.4853
4.3643,3.0824,1.6918
4.3643,3.1968,1.8879
4.3643,3.3112,2.0881
4.3643,3.4256,2.2947
4.3643,3.54,2.5126
4.3643,3.6544,2.737
4.3643,3.7688,2.9527
4.3643,3.8832,3.1758
4.3643,3.9976,3.3926
4.3643,4.112,3.5891
4.3643,4.2264,3.7614
4.3643,4.3408,3.9027
4.3643,4.4552,4.0615
4.3643,4.5696,4.1576
4.3643,4.684,4.2402
4.3643,4.7984,4.3336
4.3643,4.9128,4.4213
4.3643,5.0272,4.5159
4.3643,5.1416,4.6101
4.3643,5.256,4.7042
4.3643,5.3704,4.7939
4.3643,5.4848,4.8803
4.3643,5.5992,4.964
4.3643,5.7136,5.0458
4.3643,5.828,5.1328
4.3643,5.9424,5.22
4.3643,6.0568,5.3
4.3643,6.1712,5.3631
4.3643,6.2856,5.4485
4.3643,6.4,5.5341
4.5143,0.68,-1.4083
4.5143,0.7944,-1.3015
4.5143,0.9088,-1.1903
4.5143,1.0232,-1.0763
4.5143,1.1376,-0.96018
4.5143,1.252,-0.84399
4.5143,1.3664,-0.71992
4.5143,1.4808,-0.59106
4.5143,1.5952,-0.45196
4.5143,1.7096,-0.3059
4.5143,1.824,-0.15604
4.5143,1.9384,-0.0031174
4.5143,2.0528,0.15066
4.5143,2.1672,0.30789
4.5143,2.2816,0.46303
4.5143,2.396,0.61899
4.5143,2.5104,0.78367
4.5143,2.6248,0.95786
4.5143,2.7392,1.1455
4.5143,2.8536,1.3376
4.5143,2.968,1.5351
4.5143,3.0824,1.7395
4.5143,3.1968,1.9327
4.5143,3.3112,2.1308
4.5143,3.4256,2.3338
4.5143,3.54,2.5498
4.5143,3.6544,2.7698
4.5143,3.7688,2.992
4.5143,3.8832,3.2126
4.5143,3.9976,3.4164
4.5143,4.112,3.6154
4.5143,4.2264,3.7749
4.5143,4.3408,3.9234
4.5143,4.4552,4.0628
4.5143,4.5696,4.159
4.5143,4.684,4.261
4.5143,4.7984,4.3376
4.5143,4.9128,4.4264
4.5143,5.0272,4.5137
4.5143,5.1416,4.6003
4.5143,5.256,4.6818
4.5143,5.3704,4.7606
4.5143,5.4848,4.8379
4.5143,5.5992,4.9193
4.5143,5.7136,5.0016
4.5143,5.828,5.0848
4.5143,5.9424,5.1575
4.5143,6.0568,5.2333
4.5143,6.1712,5.316
4.5143,6.2856,5.399
4.5143,6.4,5.4824
4.6642,0.68,-1.3638
4.6642,0.7944,-1.2582
4.6642,0.9088,-1.1478
4.6642,1.0232,-1.0319
4.6642,1.1376,-0.91244
4.6642,1.252,-0.78916
4.6642,1.3664,-0.66724
4.6642,1.4808,-0.53968
4.6642,1.5952,-0.40079
4.6642,1.7096,-0.25392
4.6642,1.824,-0.10625
4.6642,1.9384,0.049657
4.6642,2.0528,0.20802
4.6642,2.1672,0.3645
4.6642,2.2816,0.5217
4.6642,2.396,0.67737
4.6642,2.5104,0.84087
4.6642,2.6248,1.0164
4.6642,2.7392,1.2035
4.6642,2.8536,1.3976
4.6642,2.968,1.5878
4.6642,3.0824,1.7804
4.6642,3.1968,1.978
4.6642,3.3112,2.1707
4.6642,3.4256,2.373
4.6642,3.54,2.5835
4.6642,3.6544,2.8027
4.6642,3.7688,3.0248
4.6642,3.8832,3.2376
4.6642,3.9976,3.4353
4.6642,4.112,3.622
4.6642,4.2264,3.7896
4.6642,4.3408,3.9512
4.6642,4.4552,4.0676
4.6642,4.5696,4.1759
4.6642,4.684,4.2729
4.6642,4.7984,4.3489
4.6642,4.9128,4.4274
4.6642,5.0272,4.5079
4.6642,5.1416,4.5875
4.6642,5.256,4.6642
4.6642,5.3704,4.7379
4.6642,5.4848,4.8096
4.6642,5.5992,4.8802
4.6642,5.7136,4.9563
4.6642,5.828,5.0288
4.6642,5.9424,5.1074
4.6642,6.0568,5.1867
4.6642,6.1712,5.2649
4.6642,6.2856,5.3388
4.6642,6.4,5.4127
4.8142,0.68,-1.3341
4.8142,0.7944,-1.2234
4.8142,0.9088,-1.1092
4.8142,1.0232,-0.99411
4.8142,1.1376,-0.87284
4.8142,1.252,-0.74917
4.8142,1.3664,-0.6221
4.8142,1.4808,-0.4909
4.8142,1.5952,-0.35526
4.8142,1.7096,-0.20835
4.8142,1.824,-0.059542
4.8142,1.9384,0.091417
4.8142,2.0528,0.24972
4.8142,2.1672,0.412
4.8142,2.2816,0.57287
4.8142,2.396,0.73127
4.8142,2.5104,0.89415
4.8142,2.6248,1.0674
4.8142,2.7392,1.2545
4.8142,2.8536,1.4474
4.8142,2.968,1.6338
4.8142,3.0824,1.825
4.8142,3.1968,2.0156
4.8142,3.3112,2.2081
4.8142,3.4256,2.4057
4.8142,3.54,2.6145
4.8142,3.6544,2.8308
4.8142,3.7688,3.0499
4.8142,3.8832,3.246
4.8142,3.9976,3.4433
4.8142,4.112,3.6295
4.8142,4.2264,3.8161
4.8142,4.3408,3.9491
4.8142,4.4552,4.0733
4.8142,4.5696,4.1894
4.8142,4.684,4.2719
4.8142,4.7984,4.3508
4.8142,4.9128,4.4284
4.8142,5.0272,4.5034
4.8142,5.1416,4.5747
4.8142,5.256,4.6435
4.8142,5.3704,4.7094
4.8142,5.4848,4.7749
4.8142,5.5992,4.8416
4.8142,5.7136,4.9117
4.8142,5.828,4.9861
4.8142,5.9424,5.0566
4.8142,6.0568,5.1227
4.8142,6.1712,5.1892
4.8142,6.2856,5.2562
4.8142,6.4,5.3266
4.9642,0.68,-1.3114
4.9642,0.7944,-1.1978
4.9642,0.9088,-1.0821
4.9642,1.0232,-0.96284
4.9642,1.1376,-0.8418
4.9642,1.252,-0.71711
4.9642,1.3664,-0.58852
4.9642,1.4808,-0.45521
4.9642,1.5952,-0.31716
4.9642,1.7096,-0.17746
4.9642,1.824,-0.028959
4.9642,1.9384,0.12445
4.9642,2.0528,0.28745
4.9642,2.1672,0.44914
4.9642,2.2816,0.60935
4.9642,2.396,0.77076
4.9642,2.5104,0.93497
4.9642,2.6248,1.106
4.9642,2.7392,1.288
4.9642,2.8536,1.4777
4.9642,2.968,1.6637
4.9642,3.0824,1.852
4.9642,3.1968,2.0416
4.9642,3.3112,2.2334
4.9642,3.4256,2.4305
4.9642,3.54,2.6384
4.9642,3.6544,2.8537
4.9642,3.7688,3.0606
4.9642,3.8832,3.2554
4.9642,3.9976,3.4463
4.9642,4.112,3.6322
4.9642,4.2264,3.7912
4.9642,4.3408,3.9283
4.9642,4.4552,4.0593
4.9642,4.5696,4.1735
4.9642,4.684,4.2738
4.9642,4.7984,4.3485
4.9642,4.9128,4.418
4.9642,5.0272,4.4878
4.9642,5.1416,4.559
4.9642,5.256,4.6224
4.9642,5.3704,4.6837
4.9642,5.4848,4.7419
4.9642,5.5992,4.8025
4.9642,5.7136,4.868
4.9642,5.828,4.9353
4.9642,5.9424,4.9931
4.9642,6.0568,5.0559
4.9642,6.1712,5.1229
4.9642,6.2856,5.1908
4.9642,6.4,5.2598
5.1142,0.68,-1.2867
5.1142,0.7944,-1.1711
5.1142,0.9088,-1.0531
5.1142,1.0232,-0.93642
5.1142,1.1376,-0.81245
5.1142,1.252,-0.68581
5.1142,1.3664,-0.55588
5.1142,1.4808,-0.42271
5.1142,1.5952,-0.28606
5.1142,1.7096,-0.14568
5.1142,1.824,-0.0027644
5.1142,1.9384,0.15258
5.1142,2.0528,0.31293
5.1142,2.1672,0.47453
5.1142,2.2816,0.63423
5.1142,2.396,0.79483
5.1142,2.5104,0.96208
5.1142,2.6248,1.1344
5.1142,2.7392,1.3092
5.1142,2.8536,1.491
5.1142,2.968,1.6745
5.1142,3.0824,1.8618
5.1142,3.1968,2.0518
5.1142,3.3112,2.2451
5.1142,3.4256,2.4424
5.1142,3.54,2.6515
5.1142,3.6544,2.8643
5.1142,3.7688,3.0613
5.1142,3.8832,3.2561
5.1142,3.9976,3.4591
5.1142,4.112,3.633
5.1142,4.2264,3.7611
5.1142,4.3408,3.907
5.1142,4.4552,4.0411
5.1142,4.5696,4.1715
5.1142,4.684,4.2623
5.1142,4.7984,4.3369
5.1142,4.9128,4.4001
5.1142,5.0272,4.4703
5.1142,5.1416,4.5337
5.1142,5.256,4.5984
5.1142,5.3704,4.6574
5.1142,5.4848,4.7139
5.1142,5.5992,4.7672
5.1142,5.7136,4.8254
5.1142,5.828,4.8806
5.1142,5.9424,4.9358
5.1142,6.0568,4.9972
5.1142,6.1712,5.0603
5.1142,6.2856,5.1249
5.1142,6.4,5.1908
5.2641,0.68,-1.2645
5.2641,0.7944,-1.1472
5.2641,0.9088,-1.0288
5.2641,1.0232,-0.90854
5.2641,1.1376,-0.78734
5.2641,1.252,-0.66042
5.2641,1.3664,-0.53155
5.2641,1.4808,-0.39807
5.2641,1.5952,-0.26048
5.2641,1.7096,-0.11874
5.2641,1.824,0.026013
5.2641,1.9384,0.17441
5.2641,2.0528,0.33248
5.2641,2.1672,0.49306
5.2641,2.2816,0.6533
5.2641,2.396,0.81246
5.2641,2.5104,0.97621
5.2641,2.6248,1.1445
5.2641,2.7392,1.3168
5.2641,2.8536,1.4927
5.2641,2.968,1.674
5.2641,3.0824,1.86
5.2641,3.1968,2.0518
5.2641,3.3112,2.2454
5.2641,3.4256,2.4472
5.2641,3.54,2.6571
5.2641,3.6544,2.8685
5.2641,3.7688,3.0653
5.2641,3.8832,3.2521
5.2641,3.9976,3.4489
5.2641,4.112,3.6299
5.2641,4.2264,3.7701
5.2641,4.3408,3.8878
5.2641,4.4552,4.028
5.2641,4.5696,4.1494
5.2641,4.684,4.2416
5.2641,4.7984,4.3173
5.2641,4.9128,4.3842
5.2641,5.0272,4.453
5.2641,5.1416,4.5117
5.2641,5.256,4.5701
5.2641,5.3704,4.6286
5.2641,5.4848,4.6824
5.2641,5.5992,4.7328
5.2641,5.7136,4.7849
5.2641,5.828,4.8409
5.2641,5.9424,4.9012
5.2641,6.0568,4.9551
5.2641,6.1712,5.0146
5.2641,6.2856,5.0768
5.2641,6.4,5.1407
5.4141,0.68,-1.2483
5.4141,0.7944,-1.1315
5.4141,0.9088,-1.0126
5.4141,1.0232,-0.89168
5.4141,1.1376,-0.76627
5.4141,1.252,-0.63883
5.4141,1.3664,-0.50791
5.4141,1.4808,-0.37689
5.4141,1.5952,-0.23978
5.4141,1.7096,-0.10022
5.4141,1.824,0.04587
5.4141,1.9384,0.19558
5.4141,2.0528,0.35091
5.4141,2.1672,0.51023
5.4141,2.2816,0.66938
5.4141,2.396,0.82632
5.4141,2.5104,0.98632
5.4141,2.6248,1.1522
5.4141,2.7392,1.3201
5.4141,2.8536,1.4933
5.4141,2.968,1.6728
5.4141,3.0824,1.8586
5.4141,3.1968,2.0495
5.4141,3.3112,2.2442
5.4141,3.4256,2.4454
5.4141,3.54,2.655
5.4141,3.6544,2.8587
5.4141,3.7688,3.0595
5.4141,3.8832,3.2563
5.4141,3.9976,3.4422
5.4141,4.112,3.6105
5.4141,4.2264,3.7682
5.4141,4.3408,3.9011
5.4141,4.4552,4.0154
5.4141,4.5696,4.1146
5.4141,4.684,4.2122
5.4141,4.7984,4.3022
5.4141,4.9128,4.3733
5.4141,5.0272,4.4328
5.4141,5.1416,4.4871
5.4141,5.256,4.5444
5.4141,5.3704,4.5977
5.4141,5.4848,4.6489
5.4141,5.5992,4.6977
5.4141,5.7136,4.7465
5.4141,5.828,4.7954
5.4141,5.9424,4.8521
5.4141,6.0568,4.9125
5.4141,6.1712,4.9709
5.4141,6.2856,5.0267
5.4141,6.4,5.0807
5.5641,0.68,-1.2422
5.5641,0.7944,-1.1208
5.5641,0.9088,-0.9976
5.5641,1.0232,-0.87422
5.5641,1.1376,-0.74948
5.5641,1.252,-0.62076
5.5641,1.3664,-0.49056
5.5641,1.4808,-0.35752
5.5641,1.5952,-0.22369
5.5641,1.7096,-0.084484
5.5641,1.824,0.059238
5.5641,1.9384,0.20863
5.5641,2.0528,0.36283
5.5641,2.1672,0.52113
5.5641,2.2816,0.68176
5.5641,2.396,0.83656
5.5641,2.5104,0.99394
5.5641,2.6248,1.157
5.5641,2.7392,1.3237
5.5641,2.8536,1.4946
5.5641,2.968,1.6716
5.5641,3.0824,1.8557
5.5641,3.1968,2.046
5.5641,3.3112,2.2412
5.5641,3.4256,2.4426
5.5641,3.54,2.6512
5.5641,3.6544,2.8576
5.5641,3.7688,3.0591
5.5641,3.8832,3.2534
5.5641,3.9976,3.4415
5.5641,4.112,3.6081
5.5641,4.2264,3.7652
5.5641,4.3408,3.8893
5.5641,4.4552,3.9834
5.5641,4.5696,4.0935
5.5641,4.684,4.182
5.5641,4.7984,4.2711
5.5641,4.9128,4.3472
5.5641,5.0272,4.4047
5.5641,5.1416,4.4594
5.5641,5.256,4.5126
5.5641,5.3704,4.5653
5.5641,5.4848,4.615
5.5641,5.5992,4.6597
5.5641,5.7136,4.7044
5.5641,5.828,4.7542
5.5641,5.9424,4.8046
5.5641,6.0568,4.8609
5.5641,6.1712,4.9209
5.5641,6.2856,4.9841
5.5641,6.4,5.0446
5.714,0.68,-1.2322
5.714,0.7944,-1.1111
5.714,0.9088,-0.98833
5.714,1.0232,-0.86206
5.714,1.1376,-0.73445
5.714,1.252,-0.60696
5.714,1.3664,-0.4769
5.714,1.4808,-0.34448
5.714,1.5952,-0.21037
5.714,1.7096,-0.073626
5.714,1.824,0.067226
5.714,1.9384,0.21369
5.714,2.0528,0.36919
5.714,2.1672,0.52361
5.714,2.2816,0.68042
5.714,2.396,0.83999
5.714,2.5104,0.99895
5.714,2.6248,1.1602
5.714,2.7392,1.3247
5.714,2.8536,1.4901
5.714,2.968,1.6647
5.714,3.0824,1.8493
5.714,3.1968,2.0399
5.714,3.3112,2.2368
5.714,3.4256,2.438
5.714,3.54,2.6451
5.714,3.6544,2.854
5.714,3.7688,3.0576
5.714,3.8832,3.2551
5.714,3.9976,3.4268
5.714,4.112,3.5778
5.714,4.2264,3.7256
5.714,4.3408,3.8488
5.714,4.4552,3.9518
5.714,4.5696,4.0462
5.714,4.684,4.1391
5.714,4.7984,4.2267
5.714,4.9128,4.3088
5.714,5.0272,4.3719
5.714,5.1416,4.4282
5.714,5.256,4.4816
5.714,5.3704,4.5346
5.714,5.4848,4.5859
5.714,5.5992,4.6215
5.714,5.7136,4.6658
5.714,5.828,4.7096
5.714,5.9424,4.7587
5.714,6.0568,4.811
5.714,6.1712,4.8559
5.714,6.2856,4.8989
5.714,6.4,4.9445
5.864,0.68,-1.2271
5.864,0.7944,-1.1038
5.864,0.9088,-0.97843
5.864,1.0232,-0.85171
5.864,1.1376,-0.72493
5.864,1.252,-0.5956
5.864,1.3664,-0.46558
5.864,1.4808,-0.33453
5.864,1.5952,-0.20145
5.864,1.7096,-0.065334
5.864,1.824,0.074087
5.864,1.9384,0.21809
5.864,2.0528,0.3685
5.864,2.1672,0.52608
5.864,2.2816,0.68619
5.864,2.396,0.8459
5.864,2.5104,1.001
5.864,2.6248,1.1601
5.864,2.7392,1.3238
5.864,2.8536,1.4889
5.864,2.968,1.6563
5.864,3.0824,1.846
5.864,3.1968,2.0344
5.864,3.3112,2.2297
5.864,3.4256,2.4319
5.864,3.54,2.6377
5.864,3.6544,2.8425
5.864,3.7688,3.0502
5.864,3.8832,3.252
5.864,3.9976,3.422
5.864,4.112,3.5735
5.864,4.2264,3.6947
5.864,4.3408,3.82
5.864,4.4552,3.9165
5.864,4.5696,4.0061
5.864,4.684,4.0965
5.864,4.7984,4.1855
5.864,4.9128,4.2662
5.864,5.0272,4.3363
5.864,5.1416,4.3968
5.864,5.256,4.4511
5.864,5.3704,4.5034
5.864,5.4848,4.5549
5.864,5.5992,4.592
5.864,5.7136,4.628
5.864,5.828,4.6693
5.864,5.9424,4.7001
5.864,6.0568,4.7445
5.864,6.1712,4.7927
5.864,6.2856,4.845
5.864,6.4,4.9009
6.014,0.68,-1.2165
6.014,0.7944,-1.0955
6.014,0.9088,-0.97174
6.014,1.0232,-0.84451
6.014,1.1376,-0.71568
6.014,1.252,-0.58746
6.014,1.3664,-0.45677
6.014,1.4808,-0.32589
6.014,1.5952,-0.19358
6.014,1.7096,-0.058721
6.014,1.824,0.079097
6.014,1.9384,0.22156
6.014,2.0528,0.37193
6.014,2.1672,0.52712
6.014,2.2816,0.68229
6.014,2.396,0.84174
6.014,2.5104,0.99903
6.014,2.6248,1.158
6.014,2.7392,1.3211
6.014,2.8536,1.4902
6.014,2.968,1.6608
6.014,3.0824,1.8416
6.014,3.1968,2.0276
6.014,3.3112,2.2249
6.014,3.4256,2.4244
6.014,3.54,2.63
6.014,3.6544,2.8342
6.014,3.7688,3.0284
6.014,3.8832,3.2232
6.014,3.9976,3.4005
6.014,4.112,3.5586
6.014,4.2264,3.6806
6.014,4.3408,3.7771
6.014,4.4552,3.8728
6.014,4.5696,3.9647
6.014,4.684,4.055
6.014,4.7984,4.144
6.014,4.9128,4.2274
6.014,5.0272,4.3004
6.014,5.1416,4.3633
6.014,5.256,4.4201
6.014,5.3704,4.4723
6.014,5.4848,4.5254
6.014,5.5992,4.5688
6.014,5.7136,4.5986
6.014,5.828,4.6353
6.014,5.9424,4.6701
6.014,6.0568,4.7023
6.014,6.1712,4.7337
6.014,6.2856,4.7724
6.014,6.4,4.8225
6.164,0.68,-1.206
6.164,0.7944,-1.0867
6.164,0.9088,-0.96398
6.164,1.0232,-0.83833
6.164,1.1376,-0.70903
6.164,1.252,-0.58029
6.164,1.3664,-0.44957
6.164,1.4808,-0.31889
6.164,1.5952,-0.18718
6.164,1.7096,-0.05401
6.164,1.824,0.082131
6.164,1.9384,0.22226
6.164,2.0528,0.37031
6.164,2.1672,0.52424
6.164,2.2816,0.68018
6.164,2.396,0.83846
6.164,2.5104,0.99707
6.164,2.6248,1.1594
6.164,2.7392,1.3233
6.164,2.8536,1.487
6.164,2.968,1.6623
6.164,3.0824,1.8389
6.164,3.1968,2.0295
6.164,3.3112,2.2163
6.164,3.4256,2.4154
6.164,3.54,2.6193
6.164,3.6544,2.8221
6.164,3.7688,3.0215
6.164,3.8832,3.2158
6.164,3.9976,3.3744
6.164,4.112,3.5159
6.164,4.2264,3.6309
6.164,4.3408,3.7335
6.164,4.4552,3.8329
6.164,4.5696,3.9302
6.164,4.684,4.0181
6.164,4.7984,4.1058
6.164,4.9128,4.1889
6.164,5.0272,4.2632
6.164,5.1416,4.3286
6.164,5.256,4.3886
6.164,5.3704,4.4428
6.164,5.4848,4.49
6.164,5.5992,4.5334
6.164,5.7136,4.5739
6.164,5.828,4.6117
6.164,5.9424,4.6421
6.164,6.0568,4.6692
6.164,6.1712,4.7107
6.164,6.2856,4.7416
6.164,6.4,4.773
6.3139,0.68,-1.2059
6.3139,0.7944,-1.0849
6.3139,0.9088,-0.96073
6.3139,1.0232,-0.83255
6.3139,1.1376,-0.70387
6.3139,1.252,-0.57395
6.3139,1.3664,-0.44358
6.3139,1.4808,-0.31292
6.3139,1.5952,-0.1823
6.3139,1.7096,-0.050465
6.3139,1.824,0.083085
6.3139,1.9384,0.2209
6.3139,2.0528,0.36677
6.3139,2.1672,0.51999
6.3139,2.2816,0.67674
6.3139,2.396,0.83554
6.3139,2.5104,0.99624
6.3139,2.6248,1.1589
6.3139,2.7392,1.324
6.3139,2.8536,1.4908
6.3139,2.968,1.6573
6.3139,3.0824,1.8335
6.3139,3.1968,2.0187
6.3139,3.3112,2.2085
6.3139,3.4256,2.4075
6.3139,3.54,2.6082
6.3139,3.6544,2.8108
6.3139,3.7688,3.0088
6.3139,3.8832,3.1921
6.3139,3.9976,3.3357
6.3139,4.112,3.4584
6.3139,4.2264,3.5747
6.3139,4.3408,3.681
6.3139,4.4552,3.7842
6.3139,4.5696,3.8887
6.3139,4.684,3.9789
6.3139,4.7984,4.0682
6.3139,4.9128,4.1478
6.3139,5.0272,4.225
6.3139,5.1416,4.2937
6.3139,5.256,4.3566
6.3139,5.3704,4.4152
6.3139,5.4848,4.4678
6.3139,5.5992,4.5119
6.3139,5.7136,4.5481
6.3139,5.828,4.5747
6.3139,5.9424,4.6185
6.3139,6.0568,4.6445
6.3139,6.1712,4.6671
6.3139,6.2856,4.7105
6.3139,6.4,4.7497
6.4639,0.68,-1.2028
6.4639,0.7944,-1.0788
6.4639,0.9088,-0.95334
6.4639,1.0232,-0.82553
6.4639,1.1376,-0.69675
6.4639,1.252,-0.56741
6.4639,1.3664,-0.4383
6.4639,1.4808,-0.30879
6.4639,1.5952,-0.17897
6.4639,1.7096,-0.04851
6.4639,1.824,0.083449
6.4639,1.9384,0.21915
6.4639,2.0528,0.36407
6.4639,2.1672,0.51508
6.4639,2.2816,0.67157
6.4639,2.396,0.83068
6.4639,2.5104,0.9916
6.4639,2.6248,1.1526
6.4639,2.7392,1.3173
6.4639,2.8536,1.484
6.4639,2.968,1.6516
6.4639,3.0824,1.8242
6.4639,3.1968,2.0085
6.4639,3.3112,2.1982
6.4639,3.4256,2.3968
6.4639,3.54,2.5988
6.4639,3.6544,2.8003
6.4639,3.7688,2.9934
6.4639,3.8832,3.168
6.4639,3.9976,3.3008
6.4639,4.112,3.4127
6.4639,4.2264,3.525
6.4639,4.3408,3.6422
6.4639,4.4552,3.7452
6.4639,4.5696,3.8478
6.4639,4.684,3.9408
6.4639,4.7984,4.0314
6.4639,4.9128,4.1098
6.4639,5.0272,4.1844
6.4639,5.1416,4.2523
6.4639,5.256,4.3181
6.4639,5.3704,4.3769
6.4639,5.4848,4.4334
6.4639,5.5992,4.4881
6.4639,5.7136,4.5354
6.4639,5.828,4.5435
6.4639,5.9424,4.57
6.4639,6.0568,4.6115
6.4639,6.1712,4.6308
6.4639,6.2856,4.6628
6.4639,6.4,4.7057
6.6139,0.68,-1.194
6.6139,0.7944,-1.0698
6.6139,0.9088,-0.9439
6.6139,1.0232,-0.81782
6.6139,1.1376,-0.69134
6.6139,1.252,-0.56397
6.6139,1.3664,-0.43502
6.6139,1.4808,-0.30587
6.6139,1.5952,-0.17675
6.6139,1.7096,-0.047091
6.6139,1.824,0.083625
6.6139,1.9384,0.21968
6.6139,2.0528,0.3605
6.6139,2.1672,0.50965
6.6139,2.2816,0.66496
6.6139,2.396,0.82243
6.6139,2.5104,0.98517
6.6139,2.6248,1.1485
6.6139,2.7392,1.3107
6.6139,2.8536,1.4707
6.6139,2.968,1.6428
6.6139,3.0824,1.8165
6.6139,3.1968,2.0014
6.6139,3.3112,2.1873
6.6139,3.4256,2.3895
6.6139,3.54,2.5933
6.6139,3.6544,2.792
6.6139,3.7688,2.9803
6.6139,3.8832,3.1337
6.6139,3.9976,3.2704
6.6139,4.112,3.3826
6.6139,4.2264,3.4941
6.6139,4.3408,3.6014
6.6139,4.4552,3.7109
6.6139,4.5696,3.8117
6.6139,4.684,3.904
6.6139,4.7984,3.9957
6.6139,4.9128,4.081
6.6139,5.0272,4.149
6.6139,5.1416,4.2233
6.6139,5.256,4.2803
6.6139,5.3704,4.337
6.6139,5.4848,4.3931
6.6139,5.5992,4.4428
6.6139,5.7136,4.4956
6.6139,5.828,4.5319
6.6139,5.9424,4.5505
6.6139,6.0568,4.5757
6.6139,6.1712,4.6164
6.6139,6.2856,4.6198
6.6139,6.4,4.649
6.7638,0.68,-1.1845
6.7638,0.7944,-1.0631
6.7638,0.9088,-0.93831
6.7638,1.0232,-0.81227
6.7638,1.1376,-0.6857
6.7638,1.252,-0.55835
6.7638,1.3664,-0.43137
6.7638,1.4808,-0.30332
6.7638,1.5952,-0.17497
6.7638,1.7096,-0.046592
6.7638,1.824,0.083629
6.7638,1.9384,0.21679
6.7638,2.0528,0.35624
6.7638,2.1672,0.50493
6.7638,2.2816,0.65787
6.7638,2.396,0.81409
6.7638,2.5104,0.97481
6.7638,2.6248,1.1386
6.7638,2.7392,1.3064
6.7638,2.8536,1.4673
6.7638,2.968,1.6361
6.7638,3.0824,1.8043
6.7638,3.1968,1.9871
6.7638,3.3112,2.1829
6.7638,3.4256,2.3862
6.7638,3.54,2.5876
6.7638,3.6544,2.7828
6.7638,3.7688,2.9658
6.7638,3.8832,3.1248
6.7638,3.9976,3.2353
6.7638,4.112,3.3513
6.7638,4.2264,3.4665
6.7638,4.3408,3.5723
6.7638,4.4552,3.6775
6.7638,4.5696,3.7789
6.7638,4.684,3.8711
6.7638,4.7984,3.9614
6.7638,4.9128,4.0512
6.7638,5.0272,4.1168
6.7638,5.1416,4.1927
6.7638,5.256,4.2461
6.7638,5.3704,4.3032
6.7638,5.4848,4.3508
6.7638,5.5992,4.4083
6.7638,5.7136,4.44
6.7638,5.828,4.4901
6.7638,5.9424,4.5309
6.7638,6.0568,4.5561
6.7638,6.1712,4.5811
6.7638,6.2856,4.6071
6.7638,6.4,4.6115
6.9138,0.68,-1.1727
6.9138,0.7944,-1.0507
6.9138,0.9088,-0.92808
6.9138,1.0232,-0.80561
6.9138,1.1376,-0.68181
6.9138,1.252,-0.55681
6.9138,1.3664,-0.42884
6.9138,1.4808,-0.30107
6.9138,1.5952,-0.17401
6.9138,1.7096,-0.046224
6.9138,1.824,0.082134
6.9138,1.9384,0.21533
6.9138,2.0528,0.35416
6.9138,2.1672,0.50186
6.9138,2.2816,0.65188
6.9138,2.396,0.80695
6.9138,2.5104,0.96912
6.9138,2.6248,1.1319
6.9138,2.7392,1.2987
6.9138,2.8536,1.4651
6.9138,2.968,1.6311
6.9138,3.0824,1.799
6.9138,3.1968,1.9769
6.9138,3.3112,2.1705
6.9138,3.4256,2.3772
6.9138,3.54,2.5831
6.9138,3.6544,2.7721
6.9138,3.7688,2.9343
6.9138,3.8832,3.0892
6.9138,3.9976,3.2026
6.9138,4.112,3.3261
6.9138,4.2264,3.4386
6.9138,4.3408,3.5423
6.9138,4.4552,3.6453
6.9138,4.5696,3.7447
6.9138,4.684,3.843
6.9138,4.7984,3.9289
6.9138,4.9128,4.0189
6.9138,5.0272,4.0926
6.9138,5.1416,4.1644
6.9138,5.256,4.2249
6.9138,5.3704,4.28
6.9138,5.4848,4.3158
6.9138,5.5992,4.3601
6.9138,5.7136,4.4156
6.9138,5.828,4.4498
6.9138,5.9424,4.4776
6.9138,6.0568,4.5144
6.9138,6.1712,4.5604
6.9138,6.2856,4.5864
6.9138,6.4,4.5836
7.0638,0.68,-1.1657
7.0638,0.7944,-1.0474
7.0638,0.9088,-0.92722
7.0638,1.0232,-0.80538
7.0638,1.1376,-0.68111
7.0638,1.252,-0.55358
7.0638,1.3664,-0.42631
7.0638,1.4808,-0.29959
7.0638,1.5952,-0.1736
7.0638,1.7096,-0.046858
7.0638,1.824,0.08364
7.0638,1.9384,0.21374
7.0638,2.0528,0.3566
7.0638,2.1672,0.50167
7.0638,2.2816,0.65146
7.0638,2.396,0.80725
7.0638,2.5104,0.96262
7.0638,2.6248,1.1271
7.0638,2.7392,1.29
7.0638,2.8536,1.4541
7.0638,2.968,1.6262
7.0638,3.0824,1.8027
7.0638,3.1968,1.98
7.0638,3.3112,2.1723
7.0638,3.4256,2.3735
7.0638,3.54,2.5768
7.0638,3.6544,2.7673
7.0638,3.7688,2.914
7.0638,3.8832,3.0494
7.0638,3.9976,3.1723
7.0638,4.112,3.2891
7.0638,4.2264,3.406
7.0638,4.3408,3.5127
7.0638,4.4552,3.6139
7.0638,4.5696,3.7122
7.0638,4.684,3.8061
7.0638,4.7984,3.896
7.0638,4.9128,3.9831
7.0638,5.0272,4.0619
7.0638,5.1416,4.1388
7.0638,5.256,4.2113
7.0638,5.3704,4.2514
7.0638,5.4848,4.3082
7.0638,5.5992,4.3231
7.0638,5.7136,4.3653
7.0638,5.828,4.419
7.0638,5.9424,4.4601
7.0638,6.0568,4.4723
7.0638,6.1712,4.5041
7.0638,6.2856,4.5494
7.0638,6.4,4.5793
7.2138,0.68,-1.1661
7.2138,0.7944,-1.0483
7.2138,0.9088,-0.92786
7.2138,1.0232,-0.80201
7.2138,1.1376,-0.67594
7.2138,1.252,-0.5499
7.2138,1.3664,-0.42415
7.2138,1.4808,-0.29898
7.2138,1.5952,-0.17399
7.2138,1.7096,-0.04332
7.2138,1.824,0.085951
7.2138,1.9384,0.2162
7.2138,2.0528,0.35659
7.2138,2.1672,0.50193
7.2138,2.2816,0.65271
7.2138,2.396,0.80552
7.2138,2.5104,0.96396
7.2138,2.6248,1.1241
7.2138,2.7392,1.2796
7.2138,2.8536,1.45
7.2138,2.968,1.6175
7.2138,3.0824,1.7975
7.2138,3.1968,1.9885
7.2138,3.3112,2.1775
7.2138,3.4256,2.3789
7.2138,3.54,2.5754
7.2138,3.6544,2.762
7.2138,3.7688,2.9122
7.2138,3.8832,3.0269
7.2138,3.9976,3.1442
7.2138,4.112,3.2569
7.2138,4.2264,3.3746
7.2138,4.3408,3.4832
7.2138,4.4552,3.5837
7.2138,4.5696,3.682
7.2138,4.684,3.7775
7.2138,4.7984,3.8709
7.2138,4.9128,3.9569
7.2138,5.0272,4.0353
7.2138,5.1416,4.0937
7.2138,5.256,4.1589
7.2138,5.3704,4.2288
7.2138,5.4848,4.2875
7.2138,5.5992,4.3197
7.2138,5.7136,4.3253
7.2138,5.828,4.3666
7.2138,5.9424,4.4189
7.2138,6.0568,4.4698
7.2138,6.1712,4.4768
7.2138,6.2856,4.481
7.2138,6.4,4.5201
7.3637,0.68,-1.169
7.3637,0.7944,-1.0454
7.3637,0.9088,-0.9211
7.3637,1.0232,-0.7965
7.3637,1.1376,-0.6718
7.3637,1.252,-0.54726
7.3637,1.3664,-0.42311
7.3637,1.4808,-0.29904
7.3637,1.5952,-0.17291
7.3637,1.7096,-0.041052
7.3637,1.824,0.088489
7.3637,1.9384,0.21966
7.3637,2.0528,0.35991
7.3637,2.1672,0.50487
7.3637,2.2816,0.65548
7.3637,2.396,0.80851
7.3637,2.5104,0.96542
7.3637,2.6248,1.1207
7.3637,2.7392,1.2775
7.3637,2.8536,1.4466
7.3637,2.968,1.6188
7.3637,3.0824,1.7979
7.3637,3.1968,1.9852
7.3637,3.3112,2.1819
7.3637,3.4256,2.3815
7.3637,3.54,2.5722
7.3637,3.6544,2.7498
7.3637,3.7688,2.898
7.3637,3.8832,3.0095
7.3637,3.9976,3.12
7.3637,4.112,3.2324
7.3637,4.2264,3.3459
7.3637,4.3408,3.4548
7.3637,4.4552,3.5562
7.3637,4.5696,3.6551
7.3637,4.684,3.751
7.3637,4.7984,3.8407
7.3637,4.9128,3.9254
7.3637,5.0272,4.0131
7.3637,5.1416,4.0828
7.3637,5.256,4.1333
7.3637,5.3704,4.1754
7.3637,5.4848,4.2348
7.3637,5.5992,4.2915
7.3637,5.7136,4.3261
7.3637,5.828,4.332
7.3637,5.9424,4.374
7.3637,6.0568,4.4154
7.3637,6.1712,4.4539
7.3637,6.2856,4.4809
7.3637,6.4,4.4801
7.5137,0.68,-1.1612
7.5137,0.7944,-1.0386
7.5137,0.9088,-0.91554
7.5137,1.0232,-0.79227
7.5137,1.1376,-0.66903
7.5137,1.252,-0.54602
7.5137,1.3664,-0.42424
7.5137,1.4808,-0.29984
7.5137,1.5952,-0.17105
7.5137,1.7096,-0.039586
7.5137,1.824,0.090965
7.5137,1.9384,0.22403
7.5137,2.0528,0.36443
7.5137,2.1672,0.50782
7.5137,2.2816,0.65563
7.5137,2.396,0.81123
7.5137,2.5104,0.96555
7.5137,2.6248,1.1196
7.5137,2.7392,1.279
7.5137,2.8536,1.4459
7.5137,2.968,1.6274
7.5137,3.0824,1.8088
7.5137,3.1968,1.9909
7.5137,3.3112,2.1887
7.5137,3.4256,2.3818
7.5137,3.54,2.5639
7.5137,3.6544,2.7282
7.5137,3.7688,2.8706
7.5137,3.8832,2.9841
7.5137,3.9976,3.0947
7.5137,4.112,3.2085
7.5137,4.2264,3.3197
7.5137,4.3408,3.4284
7.5137,4.4552,3.5306
7.5137,4.5696,3.63
7.5137,4.684,3.7262
7.5137,4.7984,3.8188
7.5137,4.9128,3.9003
7.5137,5.0272,3.9724
7.5137,5.1416,4.0549
7.5137,5.256,4.1146
7.5137,5.3704,4.169
7.5137,5.4848,4.2035
7.5137,5.5992,4.2309
7.5137,5.7136,4.2776
7.5137,5.828,4.3279
7.5137,5.9424,4.3484
7.5137,6.0568,4.3883
7.5137,6.1712,4.4273
7.5137,6.2856,4.4592
7.5137,6.4,4.4849
7.6637,0.68,-1.1548
7.6637,0.7944,-1.0333
7.6637,0.9088,-0.91152
7.6637,1.0232,-0.78963
7.6637,1.1376,-0.66781
7.6637,1.252,-0.5489
7.6637,1.3664,-0.42535
7.6637,1.4808,-0.30016
7.6637,1.5952,-0.16957
7.6637,1.7096,-0.038375
7.6637,1.824,0.093313
7.6637,1.9384,0.22839
7.6637,2.0528,0.37033
7.6637,2.1672,0.51074
7.6637,2.2816,0.65923
7.6637,2.396,0.81155
7.6637,2.5104,0.96636
7.6637,2.6248,1.1264
7.6637,2.7392,1.284
7.6637,2.8536,1.447
7.6637,2.968,1.6315
7.6637,3.0824,1.8143
7.6637,3.1968,2.0013
7.6637,3.3112,2.1939
7.6637,3.4256,2.3813
7.6637,3.54,2.5549
7.6637,3.6544,2.7077
7.6637,3.7688,2.8406
7.6637,3.8832,2.9646
7.6637,3.9976,3.0738
7.6637,4.112,3.1823
7.6637,4.2264,3.2965
7.6637,4.3408,3.4038
7.6637,4.4552,3.5071
7.6637,4.5696,3.6064
7.6637,4.684,3.703
7.6637,4.7984,3.7956
7.6637,4.9128,3.8814
7.6637,5.0272,3.9544
7.6637,5.1416,4.0249
7.6637,5.256,4.0939
7.6637,5.3704,4.1592
7.6637,5.4848,4.2013
7.6637,5.5992,4.2291
7.6637,5.7136,4.2415
7.6637,5.828,4.2696
7.6637,5.9424,4.3235
7.6637,6.0568,4.3598
7.6637,6.1712,4.4032
7.6637,6.2856,4.4043
7.6637,6.4,4.4492
7.8136,0.68,-1.1502
7.8136,0.7944,-1.0298
7.8136,0.9088,-0.90927
7.8136,1.0232,-0.78868
7.8136,1.1376,-0.67221
7.8136,1.252,-0.55099
7.8136,1.3664,-0.42715
7.8136,1.4808,-0.30045
7.8136,1.5952,-0.16882
7.8136,1.7096,-0.03782
7.8136,1.824,0.095554
7.8136,1.9384,0.23317
7.8136,2.0528,0.3727
7.8136,2.1672,0.51454
7.8136,2.2816,0.66237
7.8136,2.396,0.81563
7.8136,2.5104,0.96941
7.8136,2.6248,1.1339
7.8136,2.7392,1.2888
7.8136,2.8536,1.4553
7.8136,2.968,1.6414
7.8136,3.0824,1.8253
7.8136,3.1968,2.0121
7.8136,3.3112,2.1971
7.8136,3.4256,2.3776
7.8136,3.54,2.5468
7.8136,3.6544,2.696
7.8136,3.7688,2.8138
7.8136,3.8832,2.937
7.8136,3.9976,3.0536
7.8136,4.112,3.1627
7.8136,4.2264,3.2727
7.8136,4.3408,3.3808
7.8136,4.4552,3.4836
7.8136,4.5696,3.5842
7.8136,4.684,3.681
7.8136,4.7984,3.7737
7.8136,4.9128,3.8621
7.8136,5.0272,3.9382
7.8136,5.1416,4.0065
7.8136,5.256,4.0757
7.8136,5.3704,4.1243
7.8136,5.4848,4.191
7.8136,5.5992,4.2306
7.8136,5.7136,4.229
7.8136,5.828,4.2653
7.8136,5.9424,4.2777
7.8136,6.0568,4.2897
7.8136,6.1712,4.3227
7.8136,6.2856,4.373
7.8136,6.4,4.3879
7.9636,0.68,-1.1475
7.9636,0.7944,-1.0282
7.9636,0.9088,-0.90882
7.9636,1.0232,-0.79452
7.9636,1.1376,-0.67656
7.9636,1.252,-0.5533
7.9636,1.3664,-0.42936
7.9636,1.4808,-0.30091
7.9636,1.5952,-0.16954
7.9636,1.7096,-0.03763
7.9636,1.824,0.097276
7.9636,1.9384,0.23743
7.9636,2.0528,0.377
7.9636,2.1672,0.51938
7.9636,2.2816,0.66517
7.9636,2.396,0.81735
7.9636,2.5104,0.97774
7.9636,2.6248,1.1353
7.9636,2.7392,1.2984
7.9636,2.8536,1.4683
7.9636,2.968,1.6463
7.9636,3.0824,1.8316
7.9636,3.1968,2.0183
7.9636,3.3112,2.1985
7.9636,3.4256,2.3689
7.9636,3.54,2.5361
7.9636,3.6544,2.6779
7.9636,3.7688,2.8007
7.9636,3.8832,2.911
7.9636,3.9976,3.0285
7.9636,4.112,3.1423
7.9636,4.2264,3.2512
7.9636,4.3408,3.3595
7.9636,4.4552,3.4623
7.9636,4.5696,3.561
7.9636,4.684,3.6599
7.9636,4.7984,3.7522
7.9636,4.9128,3.8368
7.9636,5.0272,3.9222
7.9636,5.1416,3.9896
7.9636,5.256,4.053
7.9636,5.3704,4.124
7.9636,5.4848,4.1415
7.9636,5.5992,4.2105
7.9636,5.7136,4.2433
7.9636,5.828,4.2494
7.9636,5.9424,4.2837
7.9636,6.0568,4.2886
7.9636,6.1712,4.2897
7.9636,6.2856,4.2878
7.9636,6.4,4.3261
8.1136,0.68,-1.1468
8.1136,0.7944,-1.03
8.1136,0.9088,-0.91604
8.1136,1.0232,-0.80146
8.1136,1.1376,-0.67941
8.1136,1.252,-0.55687
8.1136,1.3664,-0.43153
8.1136,1.4808,-0.30147
8.1136,1.5952,-0.17071
8.1136,1.7096,-0.036964
8.1136,1.824,0.099712
8.1136,1.9384,0.2402
8.1136,2.0528,0.3792
8.1136,2.1672,0.52299
8.1136,2.2816,0.67084
8.1136,2.396,0.82422
8.1136,2.5104,0.98794
8.1136,2.6248,1.1474
8.1136,2.7392,1.3098
8.1136,2.8536,1.4799
8.1136,2.968,1.6618
8.1136,3.0824,1.8435
8.1136,3.1968,2.0249
8.1136,3.3112,2.1986
8.1136,3.4256,2.3604
8.1136,3.54,2.5188
8.1136,3.6544,2.6554
8.1136,3.7688,2.7798
8.1136,3.8832,2.8959
8.1136,3.9976,3.0052
8.1136,4.112,3.1199
8.1136,4.2264,3.231
8.1136,4.3408,3.3393
8.1136,4.4552,3.4429
8.1136,4.5696,3.5422
8.1136,4.684,3.6358
8.1136,4.7984,3.7243
8.1136,4.9128,3.8144
8.1136,5.0272,3.8992
8.1136,5.1416,3.9734
8.1136,5.256,4.0376
8.1136,5.3704,4.0957
8.1136,5.4848,4.1335
8.1136,5.5992,4.1593
8.1136,5.7136,4.2253
8.1136,5.828,4.2364
8.1136,5.9424,4.2753
8.1136,6.0568,4.2988
8.1136,6.1712,4.2989
8.1136,6.2856,4.2944
8.1136,6.4,4.2619
8.2635,0.68,-1.1524
8.2635,0.7944,-1.0385
8.2635,0.9088,-0.92464
8.2635,1.0232,-0.8054
8.2635,1.1376,-0.68402
8.2635,1.252,-0.56057
8.2635,1.3664,-0.4336
8.2635,1.4808,-0.30321
8.2635,1.5952,-0.17074
8.2635,1.7096,-0.036175
8.2635,1.824,0.10185
8.2635,1.9384,0.24113
8.2635,2.0528,0.3829
8.2635,2.1672,0.52878
8.2635,2.2816,0.67684
8.2635,2.396,0.83281
8.2635,2.5104,0.99794
8.2635,2.6248,1.1599
8.2635,2.7392,1.3185
8.2635,2.8536,1.4904
8.2635,2.968,1.6753
8.2635,3.0824,1.8534
8.2635,3.1968,2.0334
8.2635,3.3112,2.1974
8.2635,3.4256,2.3563
8.2635,3.54,2.5035
8.2635,3.6544,2.6443
8.2635,3.7688,2.7629
8.2635,3.8832,2.8755
8.2635,3.9976,2.9893
8.2635,4.112,3.1003
8.2635,4.2264,3.2115
8.2635,4.3408,3.3202
8.2635,4.4552,3.4249
8.2635,4.5696,3.5244
8.2635,4.684,3.6191
8.2635,4.7984,3.7068
8.2635,4.9128,3.7874
8.2635,5.0272,3.8647
8.2635,5.1416,3.9467
8.2635,5.256,4.0089
8.2635,5.3704,4.0715
8.2635,5.4848,4.135
8.2635,5.5992,4.1556
8.2635,5.7136,4.185
8.2635,5.828,4.2358
8.2635,5.9424,4.2643
8.2635,6.0568,4.3011
8.2635,6.1712,4.3131
8.2635,6.2856,4.309
8.2635,6.4,4.2775
8.4135,0.68,-1.1622
8.4135,0.7944,-1.0473
8.4135,0.9088,-0.93129
8.4135,1.0232,-0.81091
8.4135,1.1376,-0.68902
8.4135,1.252,-0.56408
8.4135,1.3664,-0.43554
8.4135,1.4808,-0.30457
8.4135,1.5952,-0.17185
8.4135,1.7096,-0.035311
8.4135,1.824,0.10355
8.4135,1.9384,0.24413
8.4135,2.0528,0.3877
8.4135,2.1672,0.53533
8.4135,2.2816,0.6837
8.4135,2.396,0.84133
8.4135,2.5104,1.0091
8.4135,2.6248,1.1699
8.4135,2.7392,1.3307
8.4135,2.8536,1.5065
8.4135,2.968,1.6864
8.4135,3.0824,1.8617
8.4135,3.1968,2.0388
8.4135,3.3112,2.1976
8.4135,3.4256,2.3455
8.4135,3.54,2.4933
8.4135,3.6544,2.6369
8.4135,3.7688,2.7433
8.4135,3.8832,2.8594
8.4135,3.9976,2.9706
8.4135,4.112,3.0829
8.4135,4.2264,3.1937
8.4135,4.3408,3.3026
8.4135,4.4552,3.4077
8.4135,4.5696,3.508
8.4135,4.684,3.6033
8.4135,4.7984,3.6917
8.4135,4.9128,3.7731
8.4135,5.0272,3.8476
8.4135,5.1416,3.9156
8.4135,5.256,3.9842
8.4135,5.3704,4.0352
8.4135,5.4848,4.1036
8.4135,5.5992,4.1572
8.4135,5.7136,4.1853
8.4135,5.828,4.2168
8.4135,5.9424,4.2424
8.4135,6.0568,4.2918
8.4135,6.1712,4.3269
8.4135,6.2856,4.327
8.4135,6.4,4.3121
8.5635,0.68,-1.1721
8.5635,0.7944,-1.0571
8.5635,0.9088,-0.93772
8.5635,1.0232,-0.81705
8.5635,1.1376,-0.69375
8.5635,1.252,-0.56738
8.5635,1.3664,-0.43791
8.5635,1.4808,-0.30635
8.5635,1.5952,-0.17218
8.5635,1.7096,-0.035562
8.5635,1.824,0.10519
8.5635,1.9384,0.24754
8.5635,2.0528,0.39293
8.5635,2.1672,0.54105
8.5635,2.2816,0.69284
8.5635,2.396,0.85069
8.5635,2.5104,1.0198
8.5635,2.6248,1.1814
8.5635,2.7392,1.3445
8.5635,2.8536,1.5201
8.5635,2.968,1.6995
8.5635,3.0824,1.8685
8.5635,3.1968,2.0445
8.5635,3.3112,2.2077
8.5635,3.4256,2.354
8.5635,3.54,2.4847
8.5635,3.6544,2.6281
8.5635,3.7688,2.7351
8.5635,3.8832,2.8467
8.5635,3.9976,2.9544
8.5635,4.112,3.0668
8.5635,4.2264,3.1783
8.5635,4.3408,3.2866
8.5635,4.4552,3.3918
8.5635,4.5696,3.4922
8.5635,4.684,3.5868
8.5635,4.7984,3.6773
8.5635,4.9128,3.7596
8.5635,5.0272,3.835
8.5635,5.1416,3.9039
8.5635,5.256,3.9667
8.5635,5.3704,4.024
8.5635,5.4848,4.0762
8.5635,5.5992,4.14
8.5635,5.7136,4.1731
8.5635,5.828,4.2131
8.5635,5.9424,4.2477
8.5635,6.0568,4.2454
8.5635,6.1712,4.3069
8.5635,6.2856,4.3472
8.5635,6.4,4.3405
8.7135,0.68,-1.1819
8.7135,0.7944,-1.0645
8.7135,0.9088,-0.9449
8.7135,1.0232,-0.82293
8.7135,1.1376,-0.69818
8.7135,1.252,-0.57047
8.7135,1.3664,-0.44021
8.7135,1.4808,-0.3082
8.7135,1.5952,-0.17395
8.7135,1.7096,-0.034325
8.7135,1.824,0.10719
8.7135,1.9384,0.25128
8.7135,2.0528,0.39779
8.7135,2.1672,0.54894
8.7135,2.2816,0.70296
8.7135,2.396,0.86178
8.7135,2.5104,1.0308
8.7135,2.6248,1.1912
8.7135,2.7392,1.3596
8.7135,2.8536,1.5361
8.7135,2.968,1.7125
8.7135,3.0824,1.8755
8.7135,3.1968,2.0476
8.7135,3.3112,2.2182
8.7135,3.4256,2.3597
8.7135,3.54,2.479
8.7135,3.6544,2.6188
8.7135,3.7688,2.7283
8.7135,3.8832,2.8358
8.7135,3.9976,2.9434
8.7135,4.112,3.0529
8.7135,4.2264,3.1641
8.7135,4.3408,3.2722
8.7135,4.4552,3.3771
8.7135,4.5696,3.4779
8.7135,4.684,3.571
8.7135,4.7984,3.6632
8.7135,4.9128,3.7471
8.7135,5.0272,3.8234
8.7135,5.1416,3.8932
8.7135,5.256,3.9569
8.7135,5.3704,4.0149
8.7135,5.4848,4.0536
8.7135,5.5992,4.1103
8.7135,5.7136,4.1613
8.7135,5.828,4.2027
8.7135,5.9424,4.2415
8.7135,6.0568,4.2523
8.7135,6.1712,4.2596
8.7135,6.2856,4.3058
8.7135,6.4,4.3637
8.8634,0.68,-1.1914
8.8634,0.7944,-1.0727
8.8634,0.9088,-0.95178
8.8634,1.0232,-0.82845
8.8634,1.1376,-0.70233
8.8634,1.252,-0.57359
8.8634,1.3664,-0.44328
8.8634,1.4808,-0.31012
8.8634,1.5952,-0.17376
8.8634,1.7096,-0.03328
8.8634,1.824,0.10947
8.8634,1.9384,0.25464
8.8634,2.0528,0.40376
8.8634,2.1672,0.5575
8.8634,2.2816,0.71375
8.8634,2.396,0.87475
8.8634,2.5104,1.0415
8.8634,2.6248,1.2022
8.8634,2.7392,1.3754
8.8634,2.8536,1.5528
8.8634,2.968,1.7279
8.8634,3.0824,1.8888
8.8634,3.1968,2.0504
8.8634,3.3112,2.2175
8.8634,3.4256,2.3635
8.8634,3.54,2.4929
8.8634,3.6544,2.6121
8.8634,3.7688,2.7209
8.8634,3.8832,2.8275
8.8634,3.9976,2.9342
8.8634,4.112,3.0417
8.8634,4.2264,3.1516
8.8634,4.3408,3.2602
8.8634,4.4552,3.3641
8.8634,4.5696,3.4645
8.8634,4.684,3.5575
8.8634,4.7984,3.6485
8.8634,4.9128,3.7333
8.8634,5.0272,3.8128
8.8634,5.1416,3.8836
8.8634,5.256,3.9482
8.8634,5.3704,4.0071
8.8634,5.4848,4.0603
8.8634,5.5992,4.0826
8.8634,5.7136,4.1443
8.8634,5.828,4.1891
8.8634,5.9424,4.2363
8.8634,6.0568,4.264
8.8634,6.1712,4.2737
8.8634,6.2856,4.278
8.8634,6.4,4.302
