1.5031,0.26276,-2.9759
1.5031,0.329,-2.8049
1.5031,0.39524,-2.6408
1.5031,0.46148,-2.4858
1.5031,0.52771,-2.3596
1.5031,0.59395,-2.2502
1.5031,0.66019,-2.1376
1.5031,0.72643,-2.0462
1.5031,0.79267,-1.9453
1.5031,0.85891,-1.8324
1.5031,0.92515,-1.7129
1.5031,0.99139,-1.5748
1.5031,1.0576,-1.4334
1.5031,1.1239,-1.2843
1.5031,1.1901,-1.1314
1.5031,1.2563,-0.97372
1.5031,1.3226,-0.8143
1.5031,1.3888,-0.65709
1.5031,1.4551,-0.4889
1.5031,1.5213,-0.32012
1.5031,1.5875,-0.12684
1.5031,1.6538,0.053247
1.5031,1.72,0.26546
1.5031,1.7863,0.48742
1.5031,1.8525,0.71064
1.5031,1.9187,0.91511
1.5031,1.985,1.1298
1.5031,2.0512,1.3331
1.5031,2.1174,1.5335
1.5031,2.1837,1.7354
1.5031,2.2499,1.9261
1.5031,2.3162,2.1086
1.5031,2.3824,2.2883
1.5031,2.4486,2.46
1.5031,2.5149,2.6331
1.5031,2.5811,2.8069
1.5031,2.6474,2.9799
1.5031,2.7136,3.1512
1.5031,2.7798,3.3205
1.5031,2.8461,3.4877
1.5031,2.9123,3.6526
1.5031,2.9785,3.8147
1.5031,3.0448,3.9744
1.5031,3.111,4.1316
1.5031,3.1773,4.2875
1.5031,3.2435,4.4423
1.5031,3.3097,4.5957
1.5031,3.376,4.7478
1.5031,3.4422,4.8986
1.5031,3.5085,5.0484
1.5031,3.5747,5.1971
1.6564,0.26276,-2.8851
1.6564,0.329,-2.7495
1.6564,0.39524,-2.5798
1.6564,0.46148,-2.4164
1.6564,0.52771,-2.2571
1.6564,0.59395,-2.1179
1.6564,0.66019,-2.0107
1.6564,0.72643,-1.9053
1.6564,0.79267,-1.8056
1.6564,0.85891,-1.6883
1.6564,0.92515,-1.5695
1.6564,0.99139,-1.4343
1.6564,1.0576,-1.2861
1.6564,1.1239,-1.1357
1.6564,1.1901,-0.97839
1.6564,1.2563,-0.82201
1.6564,1.3226,-0.65384
1.6564,1.3888,-0.50151
1.6564,1.4551,-0.32791
1.6564,1.5213,-0.15748
1.6564,1.5875,0.033005
1.6564,1.6538,0.22169
1.6564,1.72,0.42337
1.6564,1.7863,0.64385
1.6564,1.8525,0.86575
1.6564,1.9187,1.072
1.6564,1.985,1.2818
1.6564,2.0512,1.4866
1.6564,2.1174,1.6899
1.6564,2.1837,1.8886
1.6564,2.2499,2.0813
1.6564,2.3162,2.2657
1.6564,2.3824,2.4377
1.6564,2.4486,2.6067
1.6564,2.5149,2.7773
1.6564,2.5811,2.9483
1.6564,2.6474,3.1183
1.6564,2.7136,3.2868
1.6564,2.7798,3.4534
1.6564,2.8461,3.6182
1.6564,2.9123,3.7806
1.6564,2.9785,3.9405
1.6564,3.0448,4.0979
1.6564,3.111,4.2539
1.6564,3.1773,4.4086
1.6564,3.2435,4.5618
1.6564,3.3097,4.7138
1.6564,3.376,4.8644
1.6564,3.4422,5.0139
1.6564,3.5085,5.1623
1.6564,3.5747,5.3096
1.8097,0.26276,-2.7813
1.8097,0.329,-2.6864
1.8097,0.39524,-2.5172
1.8097,0.46148,-2.3476
1.8097,0.52771,-2.1835
1.8097,0.59395,-2.0222
1.8097,0.66019,-1.878
1.8097,0.72643,-1.7708
1.8097,0.79267,-1.6655
1.8097,0.85891,-1.5465
1.8097,0.92515,-1.4279
1.8097,0.99139,-1.294
1.8097,1.0576,-1.1401
1.8097,1.1239,-0.98848
1.8097,1.1901,-0.8296
1.8097,1.2563,-0.66959
1.8097,1.3226,-0.503
1.8097,1.3888,-0.33174
1.8097,1.4551,-0.16488
1.8097,1.5213,0.004783
1.8097,1.5875,0.20751
1.8097,1.6538,0.39366
1.8097,1.72,0.58725
1.8097,1.7863,0.80152
1.8097,1.8525,1.0221
1.8097,1.9187,1.2335
1.8097,1.985,1.4351
1.8097,2.0512,1.642
1.8097,2.1174,1.846
1.8097,2.1837,2.0437
1.8097,2.2499,2.2377
1.8097,2.3162,2.4174
1.8097,2.3824,2.5849
1.8097,2.4486,2.7517
1.8097,2.5149,2.9194
1.8097,2.5811,3.0871
1.8097,2.6474,3.254
1.8097,2.7136,3.4199
1.8097,2.7798,3.5842
1.8097,2.8461,3.7467
1.8097,2.9123,3.9066
1.8097,2.9785,4.064
1.8097,3.0448,4.22
1.8097,3.111,4.3744
1.8097,3.1773,4.5275
1.8097,3.2435,4.6792
1.8097,3.3097,4.8297
1.8097,3.376,4.9788
1.8097,3.4422,5.1269
1.8097,3.5085,5.2738
1.8097,3.5747,5.4198
1.9631,0.26276,-2.7023
1.9631,0.329,-2.5629
1.9631,0.39524,-2.4554
1.9631,0.46148,-2.2799
1.9631,0.52771,-2.11
1.9631,0.59395,-1.9445
1.9631,0.66019,-1.7805
1.9631,0.72643,-1.6357
1.9631,0.79267,-1.5319
1.9631,0.85891,-1.4109
1.9631,0.92515,-1.2865
1.9631,0.99139,-1.1516
1.9631,1.0576,-1.0024
1.9631,1.1239,-0.84244
1.9631,1.1901,-0.68222
1.9631,1.2563,-0.51747
1.9631,1.3226,-0.35245
1.9631,1.3888,-0.17629
1.9631,1.4551,-0.0065117
1.9631,1.5213,0.17058
1.9631,1.5875,0.38027
1.9631,1.6538,0.56342
1.9631,1.72,0.74842
1.9631,1.7863,0.96028
1.9631,1.8525,1.1798
1.9631,1.9187,1.3904
1.9631,1.985,1.5924
1.9631,2.0512,1.7978
1.9631,2.1174,2.001
1.9631,2.1837,2.1961
1.9631,2.2499,2.3872
1.9631,2.3162,2.5646
1.9631,2.3824,2.7301
1.9631,2.4486,2.894
1.9631,2.5149,3.0583
1.9631,2.5811,3.2232
1.9631,2.6474,3.3878
1.9631,2.7136,3.5506
1.9631,2.7798,3.713
1.9631,2.8461,3.8731
1.9631,2.9123,4.0303
1.9631,2.9785,4.1858
1.9631,3.0448,4.3399
1.9631,3.111,4.4927
1.9631,3.1773,4.6441
1.9631,3.2435,4.7942
1.9631,3.3097,4.9431
1.9631,3.376,5.0907
1.9631,3.4422,5.2373
1.9631,3.5085,5.3829
1.9631,3.5747,5.5271
2.1164,0.26276,-2.5848
2.1164,0.329,-2.4861
2.1164,0.39524,-2.3542
2.1164,0.46148,-2.2127
2.1164,0.52771,-2.0369
2.1164,0.59395,-1.866
2.1164,0.66019,-1.6985
2.1164,0.72643,-1.531
2.1164,0.79267,-1.401
2.1164,0.85891,-1.2764
2.1164,0.92515,-1.1469
2.1164,0.99139,-1.0103
2.1164,1.0576,-0.86012
2.1164,1.1239,-0.69934
2.1164,1.1901,-0.53607
2.1164,1.2563,-0.36838
2.1164,1.3226,-0.20007
2.1164,1.3888,-0.02657
2.1164,1.4551,0.15017
2.1164,1.5213,0.33994
2.1164,1.5875,0.53576
2.1164,1.6538,0.72055
2.1164,1.72,0.90913
2.1164,1.7863,1.1198
2.1164,1.8525,1.3388
2.1164,1.9187,1.5484
2.1164,1.985,1.7553
2.1164,2.0512,1.9551
2.1164,2.1174,2.1536
2.1164,2.1837,2.3462
2.1164,2.2499,2.5361
2.1164,2.3162,2.7092
2.1164,2.3824,2.873
2.1164,2.4486,3.0344
2.1164,2.5149,3.1958
2.1164,2.5811,3.3576
2.1164,2.6474,3.5181
2.1164,2.7136,3.6796
2.1164,2.7798,3.8398
2.1164,2.8461,3.9967
2.1164,2.9123,4.1515
2.1164,2.9785,4.3051
2.1164,3.0448,4.4573
2.1164,3.111,4.6083
2.1164,3.1773,4.758
2.1164,3.2435,4.9065
2.1164,3.3097,5.0538
2.1164,3.376,5.1999
2.1164,3.4422,5.3449
2.1164,3.5085,5.4873
2.1164,3.5747,5.6286
2.2698,0.26276,-2.4809
2.2698,0.329,-2.3696
2.2698,0.39524,-2.2416
2.2698,0.46148,-2.1141
2.2698,0.52771,-1.9586
2.2698,0.59395,-1.7875
2.2698,0.66019,-1.6149
2.2698,0.72643,-1.4444
2.2698,0.79267,-1.2744
2.2698,0.85891,-1.153
2.2698,0.92515,-1.009
2.2698,0.99139,-0.87023
2.2698,1.0576,-0.71873
2.2698,1.1239,-0.55603
2.2698,1.1901,-0.39098
2.2698,1.2563,-0.22197
2.2698,1.3226,-0.049736
2.2698,1.3888,0.1231
2.2698,1.4551,0.30215
2.2698,1.5213,0.50236
2.2698,1.5875,0.68416
2.2698,1.6538,0.88791
2.2698,1.72,1.0761
2.2698,1.7863,1.2866
2.2698,1.8525,1.4989
2.2698,1.9187,1.7074
2.2698,1.985,1.9111
2.2698,2.0512,2.1097
2.2698,2.1174,2.3026
2.2698,2.1837,2.4934
2.2698,2.2499,2.681
2.2698,2.3162,2.8539
2.2698,2.3824,3.0148
2.2698,2.4486,3.1724
2.2698,2.5149,3.33
2.2698,2.5811,3.488
2.2698,2.6474,3.6471
2.2698,2.7136,3.8069
2.2698,2.7798,3.9636
2.2698,2.8461,4.1173
2.2698,2.9123,4.27
2.2698,2.9785,4.4216
2.2698,3.0448,4.5719
2.2698,3.111,4.7211
2.2698,3.1773,4.8691
2.2698,3.2435,5.0159
2.2698,3.3097,5.1616
2.2698,3.376,5.3048
2.2698,3.4422,5.4467
2.2698,3.5085,5.5875
2.2698,3.5747,5.7272
2.4231,0.26276,-2.4071
2.4231,0.329,-2.2565
2.4231,0.39524,-2.1451
2.4231,0.46148,-2.0083
2.4231,0.52771,-1.8479
2.4231,0.59395,-1.6901
2.4231,0.66019,-1.5307
2.4231,0.72643,-1.3556
2.4231,0.79267,-1.1812
2.4231,0.85891,-1.0193
2.4231,0.92515,-0.88111
2.4231,0.99139,-0.73124
2.4231,1.0576,-0.57813
2.4231,1.1239,-0.41316
2.4231,1.1901,-0.24668
2.4231,1.2563,-0.077149
2.4231,1.3226,0.099061
2.4231,1.3888,0.27092
2.4231,1.4551,0.45587
2.4231,1.5213,0.65007
2.4231,1.5875,0.84595
2.4231,1.6538,1.0364
2.4231,1.72,1.2424
2.4231,1.7863,1.4494
2.4231,1.8525,1.6597
2.4231,1.9187,1.8672
2.4231,1.985,2.0662
2.4231,2.0512,2.2602
2.4231,2.1174,2.4491
2.4231,2.1837,2.634
2.4231,2.2499,2.8199
2.4231,2.3162,2.994
2.4231,2.3824,3.1511
2.4231,2.4486,3.3068
2.4231,2.5149,3.4608
2.4231,2.5811,3.6158
2.4231,2.6474,3.775
2.4231,2.7136,3.9313
2.4231,2.7798,4.0835
2.4231,2.8461,4.235
2.4231,2.9123,4.3855
2.4231,2.9785,4.5351
2.4231,3.0448,4.6835
2.4231,3.111,4.8308
2.4231,3.1773,4.977
2.4231,3.2435,5.1212
2.4231,3.3097,5.2638
2.4231,3.376,5.4052
2.4231,3.4422,5.5455
2.4231,3.5085,5.6848
2.4231,3.5747,5.8231
2.5765,0.26276,-2.3365
2.5765,0.329,-2.1741
2.5765,0.39524,-2.0317
2.5765,0.46148,-1.9055
2.5765,0.52771,-1.7401
2.5765,0.59395,-1.5773
2.5765,0.66019,-1.4166
2.5765,0.72643,-1.2569
2.5765,0.79267,-1.0869
2.5765,0.85891,-0.90799
2.5765,0.92515,-0.75427
2.5765,0.99139,-0.59571
2.5765,1.0576,-0.43828
2.5765,1.1239,-0.27077
2.5765,1.1901,-0.10283
2.5765,1.2563,0.066639
2.5765,1.3226,0.24332
2.5765,1.3888,0.42113
2.5765,1.4551,0.60719
2.5765,1.5213,0.79783
2.5765,1.5875,0.99985
2.5765,1.6538,1.194
2.5765,1.72,1.3968
2.5765,1.7863,1.606
2.5765,1.8525,1.8202
2.5765,1.9187,2.0272
2.5765,1.985,2.2203
2.5765,2.0512,2.4082
2.5765,2.1174,2.5949
2.5765,2.1837,2.7775
2.5765,2.2499,2.9564
2.5765,2.3162,3.1266
2.5765,2.3824,3.2862
2.5765,2.4486,3.4372
2.5765,2.5149,3.588
2.5765,2.5811,3.7444
2.5765,2.6474,3.9002
2.5765,2.7136,4.0504
2.5765,2.7798,4.2002
2.5765,2.8461,4.3494
2.5765,2.9123,4.4978
2.5765,2.9785,4.6452
2.5765,3.0448,4.7917
2.5765,3.111,4.9366
2.5765,3.1773,5.08
2.5765,3.2435,5.2221
2.5765,3.3097,5.3629
2.5765,3.376,5.5026
2.5765,3.4422,5.6413
2.5765,3.5085,5.7791
2.5765,3.5747,5.916
2.7298,0.26276,-2.2652
2.7298,0.329,-2.1006
2.7298,0.39524,-1.9345
2.7298,0.46148,-1.7969
2.7298,0.52771,-1.6492
2.7298,0.59395,-1.4746
2.7298,0.66019,-1.3012
2.7298,0.72643,-1.1367
2.7298,0.79267,-0.97239
2.7298,0.85891,-0.80693
2.7298,0.92515,-0.63213
2.7298,0.99139,-0.46997
2.7298,1.0576,-0.30159
2.7298,1.1239,-0.12885
2.7298,1.1901,0.039014
2.7298,1.2563,0.20869
2.7298,1.3226,0.38642
2.7298,1.3888,0.56955
2.7298,1.4551,0.75591
2.7298,1.5213,0.95041
2.7298,1.5875,1.1463
2.7298,1.6538,1.3521
2.7298,1.72,1.5532
2.7298,1.7863,1.764
2.7298,1.8525,1.9787
2.7298,1.9187,2.1853
2.7298,1.985,2.3738
2.7298,2.0512,2.5547
2.7298,2.1174,2.7393
2.7298,2.1837,2.9137
2.7298,2.2499,3.0882
2.7298,2.3162,3.255
2.7298,2.3824,3.4152
2.7298,2.4486,3.5637
2.7298,2.5149,3.716
2.7298,2.5811,3.8705
2.7298,2.6474,4.0186
2.7298,2.7136,4.1661
2.7298,2.7798,4.3134
2.7298,2.8461,4.4603
2.7298,2.9123,4.6065
2.7298,2.9785,4.7517
2.7298,3.0448,4.8956
2.7298,3.111,5.0382
2.7298,3.1773,5.1796
2.7298,3.2435,5.3197
2.7298,3.3097,5.4587
2.7298,3.376,5.5968
2.7298,3.4422,5.7339
2.7298,3.5085,5.8702
2.7298,3.5747,6.0059
2.8831,0.26276,-2.1742
2.8831,0.329,-2.015
2.8831,0.39524,-1.856
2.8831,0.46148,-1.6899
2.8831,0.52771,-1.5443
2.8831,0.59395,-1.3725
2.8831,0.66019,-1.2027
2.8831,0.72643,-1.0181
2.8831,0.79267,-0.84902
2.8831,0.85891,-0.67918
2.8831,0.92515,-0.50785
2.8831,0.99139,-0.34193
2.8831,1.0576,-0.16521
2.8831,1.1239,0.0054428
2.8831,1.1901,0.1794
2.8831,1.2563,0.35036
2.8831,1.3226,0.52898
2.8831,1.3888,0.71137
2.8831,1.4551,0.89934
2.8831,1.5213,1.0984
2.8831,1.5875,1.2942
2.8831,1.6538,1.4984
2.8831,1.72,1.7059
2.8831,1.7863,1.9175
2.8831,1.8525,2.1329
2.8831,1.9187,2.3419
2.8831,1.985,2.5254
2.8831,2.0512,2.7016
2.8831,2.1174,2.8715
2.8831,2.1837,3.0482
2.8831,2.2499,3.2167
2.8831,2.3162,3.3831
2.8831,2.3824,3.5395
2.8831,2.4486,3.6891
2.8831,2.5149,3.843
2.8831,2.5811,3.9892
2.8831,2.6474,4.1333
2.8831,2.7136,4.2781
2.8831,2.7798,4.4229
2.8831,2.8461,4.5676
2.8831,2.9123,4.7115
2.8831,2.9785,4.8543
2.8831,3.0448,4.9958
2.8831,3.111,5.1362
2.8831,3.1773,5.2755
2.8831,3.2435,5.4138
2.8831,3.3097,5.5511
2.8831,3.376,5.6875
2.8831,3.4422,5.8231
2.8831,3.5085,5.9581
2.8831,3.5747,6.0925
3.0365,0.26276,-2.1121
3.0365,0.329,-1.9313
3.0365,0.39524,-1.7582
3.0365,0.46148,-1.5934
3.0365,0.52771,-1.4381
3.0365,0.59395,-1.2647
3.0365,0.66019,-1.0893
3.0365,0.72643,-0.91553
3.0365,0.79267,-0.73569
3.0365,0.85891,-0.55231
3.0365,0.92515,-0.37687
3.0365,0.99139,-0.21643
3.0365,1.0576,-0.038456
3.0365,1.1239,0.13964
3.0365,1.1901,0.31737
3.0365,1.2563,0.49051
3.0365,1.3226,0.67013
3.0365,1.3888,0.85278
3.0365,1.4551,1.0426
3.0365,1.5213,1.2405
3.0365,1.5875,1.439
3.0365,1.6538,1.6459
3.0365,1.72,1.8548
3.0365,1.7863,2.0662
3.0365,1.8525,2.2821
3.0365,1.9187,2.494
3.0365,1.985,2.6738
3.0365,2.0512,2.8394
3.0365,2.1174,3.0036
3.0365,2.1837,3.1765
3.0365,2.2499,3.3365
3.0365,2.3162,3.5064
3.0365,2.3824,3.6623
3.0365,2.4486,3.8161
3.0365,2.5149,3.9627
3.0365,2.5811,4.1029
3.0365,2.6474,4.2441
3.0365,2.7136,4.3865
3.0365,2.7798,4.5294
3.0365,2.8461,4.6715
3.0365,2.9123,4.8127
3.0365,2.9785,4.953
3.0365,3.0448,5.0922
3.0365,3.111,5.2304
3.0365,3.1773,5.3677
3.0365,3.2435,5.5041
3.0365,3.3097,5.6404
3.0365,3.376,5.7762
3.0365,3.4422,5.9116
3.0365,3.5085,6.0467
3.0365,3.5747,6.1783
3.1898,0.26276,-2.0676
3.1898,0.329,-1.8671
3.1898,0.39524,-1.6803
3.1898,0.46148,-1.5042
3.1898,0.52771,-1.3316
3.1898,0.59395,-1.1695
3.1898,0.66019,-0.98302
3.1898,0.72643,-0.79863
3.1898,0.79267,-0.62001
3.1898,0.85891,-0.44139
3.1898,0.92515,-0.2484
3.1898,0.99139,-0.082165
3.1898,1.0576,0.08906
3.1898,1.1239,0.27596
3.1898,1.1901,0.44921
3.1898,1.2563,0.62944
3.1898,1.3226,0.8106
3.1898,1.3888,0.99339
3.1898,1.4551,1.1851
3.1898,1.5213,1.3822
3.1898,1.5875,1.5851
3.1898,1.6538,1.7949
3.1898,1.72,2.0018
3.1898,1.7863,2.2114
3.1898,1.8525,2.4245
3.1898,1.9187,2.6333
3.1898,1.985,2.8169
3.1898,2.0512,2.9761
3.1898,2.1174,3.1334
3.1898,2.1837,3.2933
3.1898,2.2499,3.4538
3.1898,2.3162,3.6213
3.1898,2.3824,3.7825
3.1898,2.4486,3.9359
3.1898,2.5149,4.0749
3.1898,2.5811,4.2129
3.1898,2.6474,4.3527
3.1898,2.7136,4.4925
3.1898,2.7798,4.6321
3.1898,2.8461,4.7711
3.1898,2.9123,4.9095
3.1898,2.9785,5.0476
3.1898,3.0448,5.1852
3.1898,3.111,5.3223
3.1898,3.1773,5.4589
3.1898,3.2435,5.595
3.1898,3.3097,5.7306
3.1898,3.376,5.8653
3.1898,3.4422,5.9956
3.1898,3.5085,6.1247
3.1898,3.5747,6.2547
3.3432,0.26276,-2.0139
3.3432,0.329,-1.8167
3.3432,0.39524,-1.6136
3.3432,0.46148,-1.4156
3.3432,0.52771,-1.2412
3.3432,0.59395,-1.0598
3.3432,0.66019,-0.89548
3.3432,0.72643,-0.70844
3.3432,0.79267,-0.50949
3.3432,0.85891,-0.3157
3.3432,0.92515,-0.13202
3.3432,0.99139,0.051372
3.3432,1.0576,0.21471
3.3432,1.1239,0.40206
3.3432,1.1901,0.58504
3.3432,1.2563,0.76481
3.3432,1.3226,0.94962
3.3432,1.3888,1.1338
3.3432,1.4551,1.3269
3.3432,1.5213,1.5263
3.3432,1.5875,1.7354
3.3432,1.6538,1.948
3.3432,1.72,2.1463
3.3432,1.7863,2.3465
3.3432,1.8525,2.5583
3.3432,1.9187,2.749
3.3432,1.985,2.9519
3.3432,2.0512,3.1039
3.3432,2.1174,3.2554
3.3432,2.1837,3.4107
3.3432,2.2499,3.5749
3.3432,2.3162,3.7351
3.3432,2.3824,3.8969
3.3432,2.4486,4.0445
3.3432,2.5149,4.1825
3.3432,2.5811,4.3174
3.3432,2.6474,4.4533
3.3432,2.7136,4.5899
3.3432,2.7798,4.7269
3.3432,2.8461,4.8642
3.3432,2.9123,5.0014
3.3432,2.9785,5.1383
3.3432,3.0448,5.2749
3.3432,3.111,5.4112
3.3432,3.1773,5.5471
3.3432,3.2435,5.6803
3.3432,3.3097,5.8111
3.3432,3.376,5.9405
3.3432,3.4422,6.0689
3.3432,3.5085,6.1989
3.3432,3.5747,6.3299
3.4965,0.26276,-1.9539
3.4965,0.329,-1.7554
3.4965,0.39524,-1.5576
3.4965,0.46148,-1.3519
3.4965,0.52771,-1.1535
3.4965,0.59395,-0.96607
3.4965,0.66019,-0.78316
3.4965,0.72643,-0.61239
3.4965,0.79267,-0.42373
3.4965,0.85891,-0.22028
3.4965,0.92515,-0.017832
3.4965,0.99139,0.17964
3.4965,1.0576,0.34573
3.4965,1.1239,0.53106
3.4965,1.1901,0.71707
3.4965,1.2563,0.89943
3.4965,1.3226,1.085
3.4965,1.3888,1.2737
3.4965,1.4551,1.4686
3.4965,1.5213,1.6717
3.4965,1.5875,1.893
3.4965,1.6538,2.0997
3.4965,1.72,2.2895
3.4965,1.7863,2.4788
3.4965,1.8525,2.6787
3.4965,1.9187,2.8835
3.4965,1.985,3.0611
3.4965,2.0512,3.2285
3.4965,2.1174,3.3758
3.4965,2.1837,3.5278
3.4965,2.2499,3.6914
3.4965,2.3162,3.8428
3.4965,2.3824,3.996
3.4965,2.4486,4.1425
3.4965,2.5149,4.2849
3.4965,2.5811,4.4171
3.4965,2.6474,4.5495
3.4965,2.7136,4.6831
3.4965,2.7798,4.8178
3.4965,2.8461,4.9533
3.4965,2.9123,5.0891
3.4965,2.9785,5.2246
3.4965,3.0448,5.3597
3.4965,3.111,5.4937
3.4965,3.1773,5.6248
3.4965,3.2435,5.7545
3.4965,3.3097,5.8831
3.4965,3.376,6.0106
3.4965,3.4422,6.1406
3.4965,3.5085,6.2707
3.4965,3.5747,6.4007
3.6498,0.26276,-1.8908
3.6498,0.329,-1.6891
3.6498,0.39524,-1.4846
3.6498,0.46148,-1.2835
3.6498,0.52771,-1.0792
3.6498,0.59395,-0.8754
3.6498,0.66019,-0.68233
3.6498,0.72643,-0.49813
3.6498,0.79267,-0.32062
3.6498,0.85891,-0.12964
3.6498,0.92515,0.07787
3.6498,0.99139,0.28369
3.6498,1.0576,0.47514
3.6498,1.1239,0.65251
3.6498,1.1901,0.84249
3.6498,1.2563,1.0321
3.6498,1.3226,1.2186
3.6498,1.3888,1.4118
3.6498,1.4551,1.6111
3.6498,1.5213,1.8175
3.6498,1.5875,2.0427
3.6498,1.6538,2.2447
3.6498,1.72,2.419
3.6498,1.7863,2.6056
3.6498,1.8525,2.7924
3.6498,1.9187,2.9886
3.6498,1.985,3.1806
3.6498,2.0512,3.342
3.6498,2.1174,3.4921
3.6498,2.1837,3.644
3.6498,2.2499,3.7937
3.6498,2.3162,3.9455
3.6498,2.3824,4.0961
3.6498,2.4486,4.2434
3.6498,2.5149,4.3814
3.6498,2.5811,4.5115
3.6498,2.6474,4.6411
3.6498,2.7136,4.7729
3.6498,2.7798,4.9055
3.6498,2.8461,5.0385
3.6498,2.9123,5.1717
3.6498,2.9785,5.3049
3.6498,3.0448,5.4373
3.6498,3.111,5.567
3.6498,3.1773,5.6955
3.6498,3.2435,5.8229
3.6498,3.3097,5.9497
3.6498,3.376,6.0792
3.6498,3.4422,6.2085
3.6498,3.5085,6.3378
3.6498,3.5747,6.4669
3.8032,0.26276,-1.8273
3.8032,0.329,-1.6227
3.8032,0.39524,-1.4191
3.8032,0.46148,-1.2105
3.8032,0.52771,-1.0074
3.8032,0.59395,-0.79553
3.8032,0.66019,-0.5954
3.8032,0.72643,-0.402
3.8032,0.79267,-0.20572
3.8032,0.85891,-0.021045
3.8032,0.92515,0.17265
3.8032,0.99139,0.38316
3.8032,1.0576,0.59047
3.8032,1.1239,0.77842
3.8032,1.1901,0.9734
3.8032,1.2563,1.1616
3.8032,1.3226,1.3514
3.8032,1.3888,1.5479
3.8032,1.4551,1.7514
3.8032,1.5213,1.9705
3.8032,1.5875,2.1777
3.8032,1.6538,2.3667
3.8032,1.72,2.5436
3.8032,1.7863,2.7237
3.8032,1.8525,2.9061
3.8032,1.9187,3.0975
3.8032,1.985,3.2745
3.8032,2.0512,3.4374
3.8032,2.1174,3.6058
3.8032,2.1837,3.7535
3.8032,2.2499,3.8975
3.8032,2.3162,4.0437
3.8032,2.3824,4.1876
3.8032,2.4486,4.3375
3.8032,2.5149,4.4726
3.8032,2.5811,4.6025
3.8032,2.6474,4.7302
3.8032,2.7136,4.8583
3.8032,2.7798,4.9876
3.8032,2.8461,5.1177
3.8032,2.9123,5.2483
3.8032,2.9785,5.3786
3.8032,3.0448,5.5065
3.8032,3.111,5.6334
3.8032,3.1773,5.7594
3.8032,3.2435,5.8867
3.8032,3.3097,6.016
3.8032,3.376,6.1453
3.8032,3.4422,6.2746
3.8032,3.5085,6.4038
3.8032,3.5747,6.533
3.9565,0.26276,-1.7718
3.9565,0.329,-1.5651
3.9565,0.39524,-1.3555
3.9565,0.46148,-1.1446
3.9565,0.52771,-0.93465
3.9565,0.59395,-0.72706
3.9565,0.66019,-0.5172
3.9565,0.72643,-0.30941
3.9565,0.79267,-0.10875
3.9565,0.85891,0.092876
3.9565,0.92515,0.2849
3.9565,0.99139,0.48855
3.9565,1.0576,0.6978
3.9565,1.1239,0.90191
3.9565,1.1901,1.0974
3.9565,1.2563,1.2884
3.9565,1.3226,1.4823
3.9565,1.3888,1.6835
3.9565,1.4551,1.8828
3.9565,1.5213,2.0964
3.9565,1.5875,2.3111
3.9565,1.6538,2.4971
3.9565,1.72,2.6737
3.9565,1.7863,2.8508
3.9565,1.8525,3.0246
3.9565,1.9187,3.2042
3.9565,1.985,3.3774
3.9565,2.0512,3.5502
3.9565,2.1174,3.7116
3.9565,2.1837,3.8528
3.9565,2.2499,3.9917
3.9565,2.3162,4.1374
3.9565,2.3824,4.2783
3.9565,2.4486,4.4224
3.9565,2.5149,4.5574
3.9565,2.5811,4.6883
3.9565,2.6474,4.8126
3.9565,2.7136,4.937
3.9565,2.7798,5.0628
3.9565,2.8461,5.19
3.9565,2.9123,5.3176
3.9565,2.9785,5.443
3.9565,3.0448,5.5677
3.9565,3.111,5.6948
3.9565,3.1773,5.8233
3.9565,3.2435,5.952
3.9565,3.3097,6.0806
3.9565,3.376,6.2093
3.9565,3.4422,6.3379
3.9565,3.5085,6.4665
3.9565,3.5747,6.5952
4.1099,0.26276,-1.7148
4.1099,0.329,-1.5096
4.1099,0.39524,-1.2978
4.1099,0.46148,-1.0845
4.1099,0.52771,-0.8725
4.1099,0.59395,-0.65953
4.1099,0.66019,-0.44489
4.1099,0.72643,-0.23244
4.1099,0.79267,-0.016464
4.1099,0.85891,0.19004
4.1099,0.92515,0.39424
4.1099,0.99139,0.60182
4.1099,1.0576,0.81346
4.1099,1.1239,1.0164
4.1099,1.1901,1.2142
4.1099,1.2563,1.4124
4.1099,1.3226,1.6124
4.1099,1.3888,1.8182
4.1099,1.4551,2.0164
4.1099,1.5213,2.2183
4.1099,1.5875,2.4252
4.1099,1.6538,2.6177
4.1099,1.72,2.7925
4.1099,1.7863,2.9661
4.1099,1.8525,3.1414
4.1099,1.9187,3.3116
4.1099,1.985,3.4784
4.1099,2.0512,3.6384
4.1099,2.1174,3.8041
4.1099,2.1837,3.9472
4.1099,2.2499,4.0823
4.1099,2.3162,4.2192
4.1099,2.3824,4.3615
4.1099,2.4486,4.5002
4.1099,2.5149,4.6352
4.1099,2.5811,4.7654
4.1099,2.6474,4.8872
4.1099,2.7136,5.0079
4.1099,2.7798,5.1303
4.1099,2.8461,5.2539
4.1099,2.9123,5.3758
4.1099,2.9785,5.5016
4.1099,3.0448,5.6287
4.1099,3.111,5.7562
4.1099,3.1773,5.8839
4.1099,3.2435,6.0118
4.1099,3.3097,6.1398
4.1099,3.376,6.2678
4.1099,3.4422,6.3959
4.1099,3.5085,6.524
4.1099,3.5747,6.6522
4.2632,0.26276,-1.6556
4.2632,0.329,-1.4493
4.2632,0.39524,-1.2361
4.2632,0.46148,-1.0237
4.2632,0.52771,-0.80738
4.2632,0.59395,-0.59084
4.2632,0.66019,-0.37446
4.2632,0.72643,-0.15403
4.2632,0.79267,0.065693
4.2632,0.85891,0.28249
4.2632,0.92515,0.49534
4.2632,0.99139,0.70492
4.2632,1.0576,0.91399
4.2632,1.1239,1.1235
4.2632,1.1901,1.3315
4.2632,1.2563,1.5363
4.2632,1.3226,1.7419
4.2632,1.3888,1.9517
4.2632,1.4551,2.1518
4.2632,1.5213,2.3464
4.2632,1.5875,2.5372
4.2632,1.6538,2.7343
4.2632,1.72,2.9194
4.2632,1.7863,3.0932
4.2632,1.8525,3.256
4.2632,1.9187,3.4177
4.2632,1.985,3.5782
4.2632,2.0512,3.7384
4.2632,2.1174,3.8805
4.2632,2.1837,4.0281
4.2632,2.2499,4.1657
4.2632,2.3162,4.2983
4.2632,2.3824,4.4365
4.2632,2.4486,4.5713
4.2632,2.5149,4.7044
4.2632,2.5811,4.8315
4.2632,2.6474,4.9521
4.2632,2.7136,5.0698
4.2632,2.7798,5.1885
4.2632,2.8461,5.3102
4.2632,2.9123,5.4338
4.2632,2.9785,5.5586
4.2632,3.0448,5.6843
4.2632,3.111,5.8105
4.2632,3.1773,5.937
4.2632,3.2435,6.0638
4.2632,3.3097,6.1907
4.2632,3.376,6.3178
4.2632,3.4422,6.4451
4.2632,3.5085,6.5725
4.2632,3.5747,6.7
4.4165,0.26276,-1.5998
4.4165,0.329,-1.3836
4.4165,0.39524,-1.1781
4.4165,0.46148,-0.95657
4.4165,0.52771,-0.74279
4.4165,0.59395,-0.5241
4.4165,0.66019,-0.29892
4.4165,0.72643,-0.073799
4.4165,0.79267,0.14763
4.4165,0.85891,0.37011
4.4165,0.92515,0.59134
4.4165,0.99139,0.80846
4.4165,1.0576,1.0239
4.4165,1.1239,1.2367
4.4165,1.1901,1.449
4.4165,1.2563,1.6602
4.4165,1.3226,1.8733
4.4165,1.3888,2.0827
4.4165,1.4551,2.2851
4.4165,1.5213,2.473
4.4165,1.5875,2.6571
4.4165,1.6538,2.8471
4.4165,1.72,3.0333
4.4165,1.7863,3.2068
4.4165,1.8525,3.3612
4.4165,1.9187,3.5183
4.4165,1.985,3.665
4.4165,2.0512,3.8273
4.4165,2.1174,3.9742
4.4165,2.1837,4.1042
4.4165,2.2499,4.2393
4.4165,2.3162,4.3706
4.4165,2.3824,4.5024
4.4165,2.4486,4.6357
4.4165,2.5149,4.7657
4.4165,2.5811,4.8901
4.4165,2.6474,5.0075
4.4165,2.7136,5.1222
4.4165,2.7798,5.2377
4.4165,2.8461,5.3554
4.4165,2.9123,5.4762
4.4165,2.9785,5.5994
4.4165,3.0448,5.7238
4.4165,3.111,5.849
4.4165,3.1773,5.9749
4.4165,3.2435,6.1011
4.4165,3.3097,6.2276
4.4165,3.376,6.3544
4.4165,3.4422,6.4815
4.4165,3.5085,6.6087
4.4165,3.5747,6.7361
4.5699,0.26276,-1.5434
4.5699,0.329,-1.3291
4.5699,0.39524,-1.1123
4.5699,0.46148,-0.89878
4.5699,0.52771,-0.67084
4.5699,0.59395,-0.45317
4.5699,0.66019,-0.22613
4.5699,0.72643,0.0015934
4.5699,0.79267,0.22932
4.5699,0.85891,0.45631
4.5699,0.92515,0.68222
4.5699,0.99139,0.90703
4.5699,1.0576,1.1288
4.5699,1.1239,1.3487
4.5699,1.1901,1.5663
4.5699,1.2563,1.7844
4.5699,1.3226,2.0026
4.5699,1.3888,2.2081
4.5699,1.4551,2.4051
4.5699,1.5213,2.5906
4.5699,1.5875,2.77
4.5699,1.6538,2.9614
4.5699,1.72,3.1409
4.5699,1.7863,3.3118
4.5699,1.8525,3.4666
4.5699,1.9187,3.6117
4.5699,1.985,3.7534
4.5699,2.0512,3.896
4.5699,2.1174,4.0462
4.5699,2.1837,4.1733
4.5699,2.2499,4.3028
4.5699,2.3162,4.4324
4.5699,2.3824,4.5611
4.5699,2.4486,4.6874
4.5699,2.5149,4.8148
4.5699,2.5811,4.9386
4.5699,2.6474,5.0582
4.5699,2.7136,5.1707
4.5699,2.7798,5.2846
4.5699,2.8461,5.4004
4.5699,2.9123,5.5187
4.5699,2.9785,5.6392
4.5699,3.0448,5.7613
4.5699,3.111,5.8845
4.5699,3.1773,6.0085
4.5699,3.2435,6.1332
4.5699,3.3097,6.2584
4.5699,3.376,6.3856
4.5699,3.4422,6.5116
4.5699,3.5085,6.6377
4.5699,3.5747,6.7642
4.7232,0.26276,-1.5015
4.7232,0.329,-1.2802
4.7232,0.39524,-1.058
4.7232,0.46148,-0.83527
4.7232,0.52771,-0.61249
4.7232,0.59395,-0.38299
4.7232,0.66019,-0.15235
4.7232,0.72643,0.079994
4.7232,0.79267,0.3126
4.7232,0.85891,0.5419
4.7232,0.92515,0.77317
4.7232,0.99139,1.0031
4.7232,1.0576,1.2305
4.7232,1.1239,1.4562
4.7232,1.1901,1.682
4.7232,1.2563,1.9064
4.7232,1.3226,2.1262
4.7232,1.3888,2.331
4.7232,1.4551,2.5135
4.7232,1.5213,2.7016
4.7232,1.5875,2.8816
4.7232,1.6538,3.0671
4.7232,1.72,3.2346
4.7232,1.7863,3.4091
4.7232,1.8525,3.555
4.7232,1.9187,3.7009
4.7232,1.985,3.8361
4.7232,2.0512,3.9707
4.7232,2.1174,4.1088
4.7232,2.1837,4.2378
4.7232,2.2499,4.3636
4.7232,2.3162,4.4874
4.7232,2.3824,4.6118
4.7232,2.4486,4.7355
4.7232,2.5149,4.8626
4.7232,2.5811,4.9832
4.7232,2.6474,5.1019
4.7232,2.7136,5.1895
4.7232,2.7798,5.3008
4.7232,2.8461,5.4136
4.7232,2.9123,5.5298
4.7232,2.9785,5.6524
4.7232,3.0448,5.777
4.7232,3.111,5.9029
4.7232,3.1773,6.0297
4.7232,3.2435,6.1571
4.7232,3.3097,6.285
4.7232,3.376,6.4131
4.7232,3.4422,6.5415
4.7232,3.5085,6.6702
4.7232,3.5747,6.799
4.8766,0.26276,-1.4561
4.8766,0.329,-1.2363
4.8766,0.39524,-1.0083
4.8766,0.46148,-0.77861
4.8766,0.52771,-0.55258
4.8766,0.59395,-0.32118
4.8766,0.66019,-0.086065
4.8766,0.72643,0.15073
4.8766,0.79267,0.38909
4.8766,0.85891,0.62233
4.8766,0.92515,0.85823
4.8766,0.99139,1.0959
4.8766,1.0576,1.3325
4.8766,1.1239,1.5634
4.8766,1.1901,1.7962
4.8766,1.2563,2.0251
4.8766,1.3226,2.2434
4.8766,1.3888,2.4336
4.8766,1.4551,2.6101
4.8766,1.5213,2.8068
4.8766,1.5875,2.986
4.8766,1.6538,3.1596
4.8766,1.72,3.3273
4.8766,1.7863,3.4812
4.8766,1.8525,3.6261
4.8766,1.9187,3.7647
4.8766,1.985,3.9002
4.8766,2.0512,4.0339
4.8766,2.1174,4.1659
4.8766,2.1837,4.2931
4.8766,2.2499,4.4153
4.8766,2.3162,4.536
4.8766,2.3824,4.656
4.8766,2.4486,4.7773
4.8766,2.5149,4.8971
4.8766,2.5811,5.0168
4.8766,2.6474,5.1258
4.8766,2.7136,5.2181
4.8766,2.7798,5.3241
4.8766,2.8461,5.431
4.8766,2.9123,5.5451
4.8766,2.9785,5.6677
4.8766,3.0448,5.7927
4.8766,3.111,5.9194
4.8766,3.1773,6.047
4.8766,3.2435,6.1753
4.8766,3.3097,6.3041
4.8766,3.376,6.4332
4.8766,3.4422,6.5626
4.8766,3.5085,6.6921
4.8766,3.5747,6.8218
5.0299,0.26276,-1.4229
5.0299,0.329,-1.1968
5.0299,0.39524,-0.96412
5.0299,0.46148,-0.73309
5.0299,0.52771,-0.49727
5.0299,0.59395,-0.26144
5.0299,0.66019,-0.024561
5.0299,0.72643,0.20842
5.0299,0.79267,0.4505
5.0299,0.85891,0.69654
5.0299,0.92515,0.94113
5.0299,0.99139,1.183
5.0299,1.0576,1.4287
5.0299,1.1239,1.6708
5.0299,1.1901,1.8977
5.0299,1.2563,2.1336
5.0299,1.3226,2.3443
5.0299,1.3888,2.5367
5.0299,1.4551,2.7262
5.0299,1.5213,2.9068
5.0299,1.5875,3.0761
5.0299,1.6538,3.2434
5.0299,1.72,3.3987
5.0299,1.7863,3.5453
5.0299,1.8525,3.6893
5.0299,1.9187,3.8252
5.0299,1.985,3.9597
5.0299,2.0512,4.091
5.0299,2.1174,4.2172
5.0299,2.1837,4.3381
5.0299,2.2499,4.4569
5.0299,2.3162,4.5729
5.0299,2.3824,4.6893
5.0299,2.4486,4.8008
5.0299,2.5149,4.9176
5.0299,2.5811,5.0293
5.0299,2.6474,5.1397
5.0299,2.7136,5.2508
5.0299,2.7798,5.3521
5.0299,2.8461,5.457
5.0299,2.9123,5.565
5.0299,2.9785,5.6771
5.0299,3.0448,5.7992
5.0299,3.111,5.9269
5.0299,3.1773,6.0558
5.0299,3.2435,6.1855
5.0299,3.3097,6.3156
5.0299,3.376,6.446
5.0299,3.4422,6.5766
5.0299,3.5085,6.7074
5.0299,3.5747,6.8382
5.1832,0.26276,-1.3982
5.1832,0.329,-1.1664
5.1832,0.39524,-0.92802
5.1832,0.46148,-0.68624
5.1832,0.52771,-0.44758
5.1832,0.59395,-0.20629
5.1832,0.66019,0.035955
5.1832,0.72643,0.27699
5.1832,0.79267,0.5211
5.1832,0.85891,0.77412
5.1832,0.92515,1.0202
5.1832,0.99139,1.2677
5.1832,1.0576,1.5034
5.1832,1.1239,1.7468
5.1832,1.1901,1.9896
5.1832,1.2563,2.229
5.1832,1.3226,2.45
5.1832,1.3888,2.6347
5.1832,1.4551,2.8167
5.1832,1.5213,3.002
5.1832,1.5875,3.1618
5.1832,1.6538,3.3176
5.1832,1.72,3.4639
5.1832,1.7863,3.6092
5.1832,1.8525,3.7523
5.1832,1.9187,3.8879
5.1832,1.985,4.0143
5.1832,2.0512,4.1401
5.1832,2.1174,4.2618
5.1832,2.1837,4.3792
5.1832,2.2499,4.4941
5.1832,2.3162,4.6093
5.1832,2.3824,4.7231
5.1832,2.4486,4.8317
5.1832,2.5149,4.9318
5.1832,2.5811,5.0273
5.1832,2.6474,5.1408
5.1832,2.7136,5.2588
5.1832,2.7798,5.3736
5.1832,2.8461,5.4811
5.1832,2.9123,5.587
5.1832,2.9785,5.697
5.1832,3.0448,5.8108
5.1832,3.111,5.9278
5.1832,3.1773,6.0565
5.1832,3.2435,6.1878
5.1832,3.3097,6.3196
5.1832,3.376,6.4516
5.1832,3.4422,6.5838
5.1832,3.5085,6.716
5.1832,3.5747,6.8483
5.3366,0.26276,-1.3706
5.3366,0.329,-1.1346
5.3366,0.39524,-0.89613
5.3366,0.46148,-0.65124
5.3366,0.52771,-0.40613
5.3366,0.59395,-0.15827
5.3366,0.66019,0.087268
5.3366,0.72643,0.33455
5.3366,0.79267,0.58498
5.3366,0.85891,0.8311
5.3366,0.92515,1.0839
5.3366,0.99139,1.3241
5.3366,1.0576,1.5716
5.3366,1.1239,1.8205
5.3366,1.1901,2.0659
5.3366,1.2563,2.3116
5.3366,1.3226,2.5388
5.3366,1.3888,2.7352
5.3366,1.4551,2.9214
5.3366,1.5213,3.0841
5.3366,1.5875,3.2404
5.3366,1.6538,3.4009
5.3366,1.72,3.5336
5.3366,1.7863,3.6639
5.3366,1.8525,3.8
5.3366,1.9187,3.9331
5.3366,1.985,4.0606
5.3366,2.0512,4.1824
5.3366,2.1174,4.3003
5.3366,2.1837,4.4114
5.3366,2.2499,4.5171
5.3366,2.3162,4.6238
5.3366,2.3824,4.7297
5.3366,2.4486,4.8376
5.3366,2.5149,4.9448
5.3366,2.5811,5.0145
5.3366,2.6474,5.1151
5.3366,2.7136,5.2118
5.3366,2.7798,5.3281
5.3366,2.8461,5.4444
5.3366,2.9123,5.5634
5.3366,2.9785,5.6867
5.3366,3.0448,5.8138
5.3366,3.111,5.9433
5.3366,3.1773,6.0615
5.3366,3.2435,6.1826
5.3366,3.3097,6.3163
5.3366,3.376,6.4503
5.3366,3.4422,6.5842
5.3366,3.5085,6.7182
5.3366,3.5747,6.8521
5.4899,0.26276,-1.354
5.4899,0.329,-1.1114
5.4899,0.39524,-0.86867
5.4899,0.46148,-0.61913
5.4899,0.52771,-0.36901
5.4899,0.59395,-0.11711
5.4899,0.66019,0.13355
5.4899,0.72643,0.38763
5.4899,0.79267,0.64351
5.4899,0.85891,0.89922
5.4899,0.92515,1.1526
5.4899,0.99139,1.4007
5.4899,1.0576,1.6496
5.4899,1.1239,1.9059
5.4899,1.1901,2.1488
5.4899,1.2563,2.3894
5.4899,1.3226,2.6134
5.4899,1.3888,2.8128
5.4899,1.4551,3.0116
5.4899,1.5213,3.1608
5.4899,1.5875,3.3238
5.4899,1.6538,3.4726
5.4899,1.72,3.5944
5.4899,1.7863,3.7323
5.4899,1.8525,3.8569
5.4899,1.9187,3.9782
5.4899,1.985,4.1008
5.4899,2.0512,4.2206
5.4899,2.1174,4.3367
5.4899,2.1837,4.4432
5.4899,2.2499,4.5488
5.4899,2.3162,4.6436
5.4899,2.3824,4.7222
5.4899,2.4486,4.8278
5.4899,2.5149,4.9422
5.4899,2.5811,5.0299
5.4899,2.6474,5.1161
5.4899,2.7136,5.2149
5.4899,2.7798,5.2878
5.4899,2.8461,5.3787
5.4899,2.9123,5.4966
5.4899,2.9785,5.6215
5.4899,3.0448,5.7519
5.4899,3.111,5.886
5.4899,3.1773,6.0223
5.4899,3.2435,6.1597
5.4899,3.3097,6.2974
5.4899,3.376,6.4352
5.4899,3.4422,6.5677
5.4899,3.5085,6.705
5.4899,3.5747,6.842
5.6433,0.26276,-1.3414
5.6433,0.329,-1.0941
5.6433,0.39524,-0.84547
5.6433,0.46148,-0.5943
5.6433,0.52771,-0.33863
5.6433,0.59395,-0.081012
5.6433,0.66019,0.17774
5.6433,0.72643,0.43602
5.6433,0.79267,0.69786
5.6433,0.85891,0.95799
5.6433,0.92515,1.2259
5.6433,0.99139,1.4877
5.6433,1.0576,1.745
5.6433,1.1239,1.9905
5.6433,1.1901,2.2383
5.6433,1.2563,2.4829
5.6433,1.3226,2.7047
5.6433,1.3888,2.9079
5.6433,1.4551,3.0895
5.6433,1.5213,3.2411
5.6433,1.5875,3.3737
5.6433,1.6538,3.5127
5.6433,1.72,3.6424
5.6433,1.7863,3.7648
5.6433,1.8525,3.8902
5.6433,1.9187,4.0151
5.6433,1.985,4.1376
5.6433,2.0512,4.2569
5.6433,2.1174,4.3728
5.6433,2.1837,4.4782
5.6433,2.2499,4.5799
5.6433,2.3162,4.6657
5.6433,2.3824,4.753
5.6433,2.4486,4.8261
5.6433,2.5149,4.9224
5.6433,2.5811,5.0347
5.6433,2.6474,5.0937
5.6433,2.7136,5.1886
5.6433,2.7798,5.2742
5.6433,2.8461,5.3747
5.6433,2.9123,5.4818
5.6433,2.9785,5.5872
5.6433,3.0448,5.6999
5.6433,3.111,5.8191
5.6433,3.1773,5.9434
5.6433,3.2435,6.0856
5.6433,3.3097,6.2295
5.6433,3.376,6.3732
5.6433,3.4422,6.5165
5.6433,3.5085,6.6522
5.6433,3.5747,6.7943
5.7966,0.26276,-1.3287
5.7966,0.329,-1.0826
5.7966,0.39524,-0.82863
5.7966,0.46148,-0.57333
5.7966,0.52771,-0.31924
5.7966,0.59395,-0.054007
5.7966,0.66019,0.21351
5.7966,0.72643,0.47799
5.7966,0.79267,0.7443
5.7966,0.85891,1.0123
5.7966,0.92515,1.2825
5.7966,0.99139,1.5547
5.7966,1.0576,1.8225
5.7966,1.1239,2.078
5.7966,1.1901,2.3269
5.7966,1.2563,2.5743
5.7966,1.3226,2.8043
5.7966,1.3888,2.9922
5.7966,1.4551,3.1659
5.7966,1.5213,3.3107
5.7966,1.5875,3.4412
5.7966,1.6538,3.5689
5.7966,1.72,3.6871
5.7966,1.7863,3.8083
5.7966,1.8525,3.9291
5.7966,1.9187,4.0514
5.7966,1.985,4.1706
5.7966,2.0512,4.2884
5.7966,2.1174,4.3959
5.7966,2.1837,4.5046
5.7966,2.2499,4.6017
5.7966,2.3162,4.6798
5.7966,2.3824,4.7657
5.7966,2.4486,4.8451
5.7966,2.5149,4.9228
5.7966,2.5811,5.0175
5.7966,2.6474,5.0852
5.7966,2.7136,5.165
5.7966,2.7798,5.2607
5.7966,2.8461,5.2946
5.7966,2.9123,5.3852
5.7966,2.9785,5.4968
5.7966,3.0448,5.6115
5.7966,3.111,5.7354
5.7966,3.1773,5.8665
5.7966,3.2435,6.0025
5.7966,3.3097,6.1392
5.7966,3.376,6.2824
5.7966,3.4422,6.4302
5.7966,3.5085,6.5796
5.7966,3.5747,6.7252
5.95,0.26276,-1.319
5.95,0.329,-1.0697
5.95,0.39524,-0.81641
5.95,0.46148,-0.55826
5.95,0.52771,-0.29732
5.95,0.59395,-0.03384
5.95,0.66019,0.23415
5.95,0.72643,0.50493
5.95,0.79267,0.78231
5.95,0.85891,1.054
5.95,0.92515,1.3264
5.95,0.99139,1.6042
5.95,1.0576,1.8789
5.95,1.1239,2.1483
5.95,1.1901,2.4045
5.95,1.2563,2.6619
5.95,1.3226,2.9045
5.95,1.3888,3.0994
5.95,1.4551,3.2617
5.95,1.5213,3.3849
5.95,1.5875,3.4878
5.95,1.6538,3.605
5.95,1.72,3.7288
5.95,1.7863,3.8431
5.95,1.8525,3.9671
5.95,1.9187,4.0842
5.95,1.985,4.2036
5.95,2.0512,4.316
5.95,2.1174,4.4223
5.95,2.1837,4.523
5.95,2.2499,4.618
5.95,2.3162,4.7191
5.95,2.3824,4.7805
5.95,2.4486,4.8712
5.95,2.5149,4.9244
5.95,2.5811,5.0145
5.95,2.6474,5.1068
5.95,2.7136,5.1764
5.95,2.7798,5.249
5.95,2.8461,5.2677
5.95,2.9123,5.3239
5.95,2.9785,5.4072
5.95,3.0448,5.5025
5.95,3.111,5.616
5.95,3.1773,5.7292
5.95,3.2435,5.8772
5.95,3.3097,6.0306
5.95,3.376,6.1865
5.95,3.4422,6.343
5.95,3.5085,6.499
5.95,3.5747,6.6538
6.1033,0.26276,-1.3149
6.1033,0.329,-1.0614
6.1033,0.39524,-0.8015
6.1033,0.46148,-0.54695
6.1033,0.52771,-0.28703
6.1033,0.59395,-0.017369
6.1033,0.66019,0.25241
6.1033,0.72643,0.52842
6.1033,0.79267,0.80842
6.1033,0.85891,1.089
6.1033,0.92515,1.3631
6.1033,0.99139,1.6461
6.1033,1.0576,1.9232
6.1033,1.1239,2.2004
6.1033,1.1901,2.4686
6.1033,1.2563,2.7314
6.1033,1.3226,2.983
6.1033,1.3888,3.2102
6.1033,1.4551,3.3672
6.1033,1.5213,3.4518
6.1033,1.5875,3.5503
6.1033,1.6538,3.6582
6.1033,1.72,3.7686
6.1033,1.7863,3.8797
6.1033,1.8525,3.9985
6.1033,1.9187,4.1132
6.1033,1.985,4.2274
6.1033,2.0512,4.3433
6.1033,2.1174,4.4524
6.1033,2.1837,4.557
6.1033,2.2499,4.6456
6.1033,2.3162,4.7197
6.1033,2.3824,4.8035
6.1033,2.4486,4.8718
6.1033,2.5149,4.9614
6.1033,2.5811,5.0096
6.1033,2.6474,5.102
6.1033,2.7136,5.1779
6.1033,2.7798,5.2497
6.1033,2.8461,5.3084
6.1033,2.9123,5.326
6.1033,2.9785,5.3692
6.1033,3.0448,5.4454
6.1033,3.111,5.5422
6.1033,3.1773,5.6593
6.1033,3.2435,5.7899
6.1033,3.3097,5.9233
6.1033,3.376,6.0704
6.1033,3.4422,6.2271
6.1033,3.5085,6.3849
6.1033,3.5747,6.5432
6.2566,0.26276,-1.3034
6.2566,0.329,-1.0552
6.2566,0.39524,-0.79404
6.2566,0.46148,-0.53206
6.2566,0.52771,-0.26766
6.2566,0.59395,0.00067638
6.2566,0.66019,0.27379
6.2566,0.72643,0.55311
6.2566,0.79267,0.8397
6.2566,0.85891,1.121
6.2566,0.92515,1.4056
6.2566,0.99139,1.6877
6.2566,1.0576,1.9668
6.2566,1.1239,2.2382
6.2566,1.1901,2.5036
6.2566,1.2563,2.7808
6.2566,1.3226,3.0322
6.2566,1.3888,3.2709
6.2566,1.4551,3.4121
6.2566,1.5213,3.5225
6.2566,1.5875,3.6014
6.2566,1.6538,3.695
6.2566,1.72,3.8033
6.2566,1.7863,3.9134
6.2566,1.8525,4.0278
6.2566,1.9187,4.142
6.2566,1.985,4.2522
6.2566,2.0512,4.3615
6.2566,2.1174,4.469
6.2566,2.1837,4.5752
6.2566,2.2499,4.6699
6.2566,2.3162,4.7172
6.2566,2.3824,4.8235
6.2566,2.4486,4.8783
6.2566,2.5149,4.9567
6.2566,2.5811,5.0441
6.2566,2.6474,5.0927
6.2566,2.7136,5.1619
6.2566,2.7798,5.2373
6.2566,2.8461,5.3187
6.2566,2.9123,5.3662
6.2566,2.9785,5.3841
6.2566,3.0448,5.4514
6.2566,3.111,5.531
6.2566,3.1773,5.6274
6.2566,3.2435,5.7485
6.2566,3.3097,5.882
6.2566,3.376,6.0243
6.2566,3.4422,6.1456
6.2566,3.5085,6.2747
6.2566,3.5747,6.4401
6.41,0.26276,-1.3118
6.41,0.329,-1.0569
6.41,0.39524,-0.7901
6.41,0.46148,-0.52484
6.41,0.52771,-0.25539
6.41,0.59395,0.016279
6.41,0.66019,0.29154
6.41,0.72643,0.5724
6.41,0.79267,0.85919
6.41,0.85891,1.1546
6.41,0.92515,1.4372
6.41,0.99139,1.7333
6.41,1.0576,2.0047
6.41,1.1239,2.2806
6.41,1.1901,2.5447
6.41,1.2563,2.8155
6.41,1.3226,3.081
6.41,1.3888,3.3355
6.41,1.4551,3.4782
6.41,1.5213,3.5565
6.41,1.5875,3.6497
6.41,1.6538,3.7323
6.41,1.72,3.8392
6.41,1.7863,3.944
6.41,1.8525,4.0565
6.41,1.9187,4.1699
6.41,1.985,4.2787
6.41,2.0512,4.383
6.41,2.1174,4.4928
6.41,2.1837,4.5701
6.41,2.2499,4.6775
6.41,2.3162,4.7276
6.41,2.3824,4.8159
6.41,2.4486,4.8857
6.41,2.5149,4.9654
6.41,2.5811,5.0377
6.41,2.6474,5.0884
6.41,2.7136,5.1774
6.41,2.7798,5.2396
6.41,2.8461,5.318
6.41,2.9123,5.3818
6.41,2.9785,5.4113
6.41,3.0448,5.4622
6.41,3.111,5.5352
6.41,3.1773,5.6191
6.41,3.2435,5.7159
6.41,3.3097,5.8389
6.41,3.376,5.9747
6.41,3.4422,6.1186
6.41,3.5085,6.251
6.41,3.5747,6.3762
6.5633,0.26276,-1.3321
6.5633,0.329,-1.0653
6.5633,0.39524,-0.79376
6.5633,0.46148,-0.52071
6.5633,0.52771,-0.24998
6.5633,0.59395,0.024863
6.5633,0.66019,0.30298
6.5633,0.72643,0.58562
6.5633,0.79267,0.8757
6.5633,0.85891,1.1719
6.5633,0.92515,1.4697
6.5633,0.99139,1.7639
6.5633,1.0576,2.04
6.5633,1.1239,2.3178
6.5633,1.1901,2.5914
6.5633,1.2563,2.8665
6.5633,1.3226,3.1285
6.5633,1.3888,3.3611
6.5633,1.4551,3.4915
6.5633,1.5213,3.5876
6.5633,1.5875,3.683
6.5633,1.6538,3.7719
6.5633,1.72,3.873
6.5633,1.7863,3.9752
6.5633,1.8525,4.0844
6.5633,1.9187,4.1952
6.5633,1.985,4.3065
6.5633,2.0512,4.4145
6.5633,2.1174,4.5087
6.5633,2.1837,4.5905
6.5633,2.2499,4.6701
6.5633,2.3162,4.756
6.5633,2.3824,4.8126
6.5633,2.4486,4.8809
6.5633,2.5149,4.953
6.5633,2.5811,5.0487
6.5633,2.6474,5.1168
6.5633,2.7136,5.1793
6.5633,2.7798,5.2514
6.5633,2.8461,5.3087
6.5633,2.9123,5.3815
6.5633,2.9785,5.4426
6.5633,3.0448,5.4824
6.5633,3.111,5.5448
6.5633,3.1773,5.6212
6.5633,3.2435,5.7095
6.5633,3.3097,5.8102
6.5633,3.376,5.9303
6.5633,3.4422,6.0678
6.5633,3.5085,6.213
6.5633,3.5747,6.356
6.7167,0.26276,-1.337
6.7167,0.329,-1.0686
6.7167,0.39524,-0.79889
6.7167,0.46148,-0.52386
6.7167,0.52771,-0.24824
6.7167,0.59395,0.02804
6.7167,0.66019,0.30861
6.7167,0.72643,0.59501
6.7167,0.79267,0.88872
6.7167,0.85891,1.1887
6.7167,0.92515,1.4924
6.7167,0.99139,1.794
6.7167,1.0576,2.085
6.7167,1.1239,2.3659
6.7167,1.1901,2.642
6.7167,1.2563,2.9134
6.7167,1.3226,3.1685
6.7167,1.3888,3.3585
6.7167,1.4551,3.4774
6.7167,1.5213,3.5916
6.7167,1.5875,3.6968
6.7167,1.6538,3.8084
6.7167,1.72,3.9036
6.7167,1.7863,4.0056
6.7167,1.8525,4.1115
6.7167,1.9187,4.2203
6.7167,1.985,4.3278
6.7167,2.0512,4.4346
6.7167,2.1174,4.5239
6.7167,2.1837,4.6152
6.7167,2.2499,4.6752
6.7167,2.3162,4.7765
6.7167,2.3824,4.8265
6.7167,2.4486,4.9102
6.7167,2.5149,4.9773
6.7167,2.5811,5.0389
6.7167,2.6474,5.1174
6.7167,2.7136,5.1931
6.7167,2.7798,5.2621
6.7167,2.8461,5.3029
6.7167,2.9123,5.3762
6.7167,2.9785,5.4453
6.7167,3.0448,5.4941
6.7167,3.111,5.5587
6.7167,3.1773,5.6291
6.7167,3.2435,5.7095
6.7167,3.3097,5.8017
6.7167,3.376,5.9058
6.7167,3.4422,6.0224
6.7167,3.5085,6.1614
6.7167,3.5747,6.3076
6.87,0.26276,-1.3588
6.87,0.329,-1.1072
6.87,0.39524,-0.82179
6.87,0.46148,-0.5378
6.87,0.52771,-0.25506
6.87,0.59395,0.026949
6.87,0.66019,0.31318
6.87,0.72643,0.6054
6.87,0.79267,0.90305
6.87,0.85891,1.2052
6.87,0.92515,1.5127
6.87,0.99139,1.8172
6.87,1.0576,2.1146
6.87,1.1239,2.4021
6.87,1.1901,2.6814
6.87,1.2563,2.9525
6.87,1.3226,3.2021
6.87,1.3888,3.3984
6.87,1.4551,3.5183
6.87,1.5213,3.6138
6.87,1.5875,3.7138
6.87,1.6538,3.8274
6.87,1.72,3.9344
6.87,1.7863,4.0348
6.87,1.8525,4.1376
6.87,1.9187,4.2381
6.87,1.985,4.3466
6.87,2.0512,4.4546
6.87,2.1174,4.5357
6.87,2.1837,4.6343
6.87,2.2499,4.7114
6.87,2.3162,4.7671
6.87,2.3824,4.8468
6.87,2.4486,4.9061
6.87,2.5149,4.9888
6.87,2.5811,5.059
6.87,2.6474,5.1345
6.87,2.7136,5.2016
6.87,2.7798,5.274
6.87,2.8461,5.3214
6.87,2.9123,5.3877
6.87,2.9785,5.4515
6.87,3.0448,5.5008
6.87,3.111,5.5575
6.87,3.1773,5.631
6.87,3.2435,5.7154
6.87,3.3097,5.7997
6.87,3.376,5.8955
6.87,3.4422,6.0024
6.87,3.5085,6.1191
6.87,3.5747,6.2555
7.0233,0.26276,-1.4196
7.0233,0.329,-1.1336
7.0233,0.39524,-0.84643
7.0233,0.46148,-0.56042
7.0233,0.52771,-0.271
7.0233,0.59395,0.021225
7.0233,0.66019,0.31696
7.0233,0.72643,0.61518
7.0233,0.79267,0.91595
7.0233,0.85891,1.2219
7.0233,0.92515,1.529
7.0233,0.99139,1.8373
7.0233,1.0576,2.137
7.0233,1.1239,2.4317
7.0233,1.1901,2.7122
7.0233,1.2563,2.985
7.0233,1.3226,3.2129
7.0233,1.3888,3.4412
7.0233,1.4551,3.5709
7.0233,1.5213,3.6653
7.0233,1.5875,3.7561
7.0233,1.6538,3.8554
7.0233,1.72,3.9613
7.0233,1.7863,4.0623
7.0233,1.8525,4.1615
7.0233,1.9187,4.2628
7.0233,1.985,4.3619
7.0233,2.0512,4.4587
7.0233,2.1174,4.5684
7.0233,2.1837,4.6498
7.0233,2.2499,4.7171
7.0233,2.3162,4.805
7.0233,2.3824,4.8563
7.0233,2.4486,4.9289
7.0233,2.5149,5.0054
7.0233,2.5811,5.0745
7.0233,2.6474,5.1446
7.0233,2.7136,5.2279
7.0233,2.7798,5.2886
7.0233,2.8461,5.3504
7.0233,2.9123,5.3943
7.0233,2.9785,5.4599
7.0233,3.0448,5.5311
7.0233,3.111,5.5676
7.0233,3.1773,5.6355
7.0233,3.2435,5.68
7.0233,3.3097,5.7748
7.0233,3.376,5.8917
7.0233,3.4422,5.9906
7.0233,3.5085,6.0998
7.0233,3.5747,6.2183
7.1767,0.26276,-1.4531
7.1767,0.329,-1.1658
7.1767,0.39524,-0.88098
7.1767,0.46148,-0.58399
7.1767,0.52771,-0.28849
7.1767,0.59395,0.01169
7.1767,0.66019,0.31513
7.1767,0.72643,0.61966
7.1767,0.79267,0.92635
7.1767,0.85891,1.2353
7.1767,0.92515,1.5437
7.1767,0.99139,1.8522
7.1767,1.0576,2.1552
7.1767,1.1239,2.4499
7.1767,1.1901,2.7348
7.1767,1.2563,2.9977
7.1767,1.3226,3.2204
7.1767,1.3888,3.4385
7.1767,1.4551,3.5962
7.1767,1.5213,3.6952
7.1767,1.5875,3.7863
7.1767,1.6538,3.8838
7.1767,1.72,3.9874
7.1767,1.7863,4.0876
7.1767,1.8525,4.1841
7.1767,1.9187,4.2742
7.1767,1.985,4.3722
7.1767,2.0512,4.4621
7.1767,2.1174,4.562
7.1767,2.1837,4.6648
7.1767,2.2499,4.7577
7.1767,2.3162,4.8124
7.1767,2.3824,4.8829
7.1767,2.4486,4.9443
7.1767,2.5149,5.01
7.1767,2.5811,5.0984
7.1767,2.6474,5.1558
7.1767,2.7136,5.2139
7.1767,2.7798,5.2973
7.1767,2.8461,5.3721
7.1767,2.9123,5.4255
7.1767,2.9785,5.4735
7.1767,3.0448,5.5387
7.1767,3.111,5.6021
7.1767,3.1773,5.6462
7.1767,3.2435,5.7079
7.1767,3.3097,5.7538
7.1767,3.376,5.8379
7.1767,3.4422,5.9356
7.1767,3.5085,6.0524
7.1767,3.5747,6.1961
7.33,0.26276,-1.4908
7.33,0.329,-1.2049
7.33,0.39524,-0.90668
7.33,0.46148,-0.61045
7.33,0.52771,-0.30668
7.33,0.59395,0.0011293
7.33,0.66019,0.31043
7.33,0.72643,0.6209
7.33,0.79267,0.93284
7.33,0.85891,1.2435
7.33,0.92515,1.5533
7.33,0.99139,1.8685
7.33,1.0576,2.1665
7.33,1.1239,2.4633
7.33,1.1901,2.7492
7.33,1.2563,3.0012
7.33,1.3226,3.2224
7.33,1.3888,3.4174
7.33,1.4551,3.5784
7.33,1.5213,3.6964
7.33,1.5875,3.8153
7.33,1.6538,3.912
7.33,1.72,4.0099
7.33,1.7863,4.1106
7.33,1.8525,4.2008
7.33,1.9187,4.2893
7.33,1.985,4.383
7.33,2.0512,4.4709
7.33,2.1174,4.555
7.33,2.1837,4.6562
7.33,2.2499,4.7589
7.33,2.3162,4.8381
7.33,2.3824,4.9222
7.33,2.4486,4.9689
7.33,2.5149,5.0323
7.33,2.5811,5.1076
7.33,2.6474,5.1786
7.33,2.7136,5.237
7.33,2.7798,5.3069
7.33,2.8461,5.3733
7.33,2.9123,5.4499
7.33,2.9785,5.5096
7.33,3.0448,5.5533
7.33,3.111,5.6157
7.33,3.1773,5.6622
7.33,3.2435,5.7181
7.33,3.3097,5.7731
7.33,3.376,5.8375
7.33,3.4422,5.925
7.33,3.5085,6.0042
7.33,3.5747,6.1324
7.4834,0.26276,-1.5321
7.4834,0.329,-1.2383
7.4834,0.39524,-0.93974
7.4834,0.46148,-0.63417
7.4834,0.52771,-0.32443
7.4834,0.59395,-0.010538
7.4834,0.66019,0.30535
7.4834,0.72643,0.61988
7.4834,0.79267,0.93568
7.4834,0.85891,1.2497
7.4834,0.92515,1.5699
7.4834,0.99139,1.8761
7.4834,1.0576,2.173
7.4834,1.1239,2.4762
7.4834,1.1901,2.7536
7.4834,1.2563,3.0065
7.4834,1.3226,3.2179
7.4834,1.3888,3.4022
7.4834,1.4551,3.5556
7.4834,1.5213,3.6937
7.4834,1.5875,3.8154
7.4834,1.6538,3.9267
7.4834,1.72,4.0294
7.4834,1.7863,4.1316
7.4834,1.8525,4.2221
7.4834,1.9187,4.3145
7.4834,1.985,4.3904
7.4834,2.0512,4.4731
7.4834,2.1174,4.5657
7.4834,2.1837,4.6508
7.4834,2.2499,4.7358
7.4834,2.3162,4.8319
7.4834,2.3824,4.9054
7.4834,2.4486,5.0017
7.4834,2.5149,5.0479
7.4834,2.5811,5.1186
7.4834,2.6474,5.1954
7.4834,2.7136,5.2504
7.4834,2.7798,5.3077
7.4834,2.8461,5.3929
7.4834,2.9123,5.4624
7.4834,2.9785,5.5151
7.4834,3.0448,5.5806
7.4834,3.111,5.6352
7.4834,3.1773,5.6969
7.4834,3.2435,5.7455
7.4834,3.3097,5.7953
7.4834,3.376,5.8453
7.4834,3.4422,5.9131
7.4834,3.5085,6.014
7.4834,3.5747,6.0933
7.6367,0.26276,-1.5727
7.6367,0.329,-1.2734
7.6367,0.39524,-0.96744
7.6367,0.46148,-0.65833
7.6367,0.52771,-0.34121
7.6367,0.59395,-0.021917
7.6367,0.66019,0.30024
7.6367,0.72643,0.61719
7.6367,0.79267,0.9366
7.6367,0.85891,1.2561
7.6367,0.92515,1.5754
7.6367,0.99139,1.8776
7.6367,1.0576,2.1775
7.6367,1.1239,2.4741
7.6367,1.1901,2.7697
7.6367,1.2563,3.008
7.6367,1.3226,3.2101
7.6367,1.3888,3.3991
7.6367,1.4551,3.5474
7.6367,1.5213,3.6823
7.6367,1.5875,3.8133
7.6367,1.6538,3.9346
7.6367,1.72,4.0465
7.6367,1.7863,4.1518
7.6367,1.8525,4.2437
7.6367,1.9187,4.3333
7.6367,1.985,4.4151
7.6367,2.0512,4.4968
7.6367,2.1174,4.5638
7.6367,2.1837,4.6559
7.6367,2.2499,4.7406
7.6367,2.3162,4.8332
7.6367,2.3824,4.9076
7.6367,2.4486,4.9752
7.6367,2.5149,5.0675
7.6367,2.5811,5.1326
7.6367,2.6474,5.2106
7.6367,2.7136,5.2926
7.6367,2.7798,5.3436
7.6367,2.8461,5.404
7.6367,2.9123,5.4805
7.6367,2.9785,5.5488
7.6367,3.0448,5.6079
7.6367,3.111,5.6629
7.6367,3.1773,5.716
7.6367,3.2435,5.7753
7.6367,3.3097,5.8304
7.6367,3.376,5.8745
7.6367,3.4422,5.9309
7.6367,3.5085,6.002
7.6367,3.5747,6.0816
7.79,0.26276,-1.6096
7.79,0.329,-1.3049
7.79,0.39524,-0.99542
7.79,0.46148,-0.68096
7.79,0.52771,-0.35651
7.79,0.59395,-0.030379
7.79,0.66019,0.28956
7.79,0.72643,0.61129
7.79,0.79267,0.93435
7.79,0.85891,1.2555
7.79,0.92515,1.5739
7.79,0.99139,1.8742
7.79,1.0576,2.1777
7.79,1.1239,2.4724
7.79,1.1901,2.7593
7.79,1.2563,2.9977
7.79,1.3226,3.2005
7.79,1.3888,3.387
7.79,1.4551,3.5455
7.79,1.5213,3.6792
7.79,1.5875,3.8105
7.79,1.6538,3.9395
7.79,1.72,4.0604
7.79,1.7863,4.1721
7.79,1.8525,4.2762
7.79,1.9187,4.3644
7.79,1.985,4.4461
7.79,2.0512,4.5226
7.79,2.1174,4.5998
7.79,2.1837,4.6716
7.79,2.2499,4.7546
7.79,2.3162,4.8218
7.79,2.3824,4.9116
7.79,2.4486,4.9872
7.79,2.5149,5.0725
7.79,2.5811,5.1497
7.79,2.6474,5.2154
7.79,2.7136,5.3011
7.79,2.7798,5.3558
7.79,2.8461,5.4272
7.79,2.9123,5.4973
7.79,2.9785,5.5582
7.79,3.0448,5.6177
7.79,3.111,5.6757
7.79,3.1773,5.7419
7.79,3.2435,5.7964
7.79,3.3097,5.855
7.79,3.376,5.9171
7.79,3.4422,5.9582
7.79,3.5085,6.0189
7.79,3.5747,6.0932
7.9434,0.26276,-1.6434
7.9434,0.329,-1.3336
7.9434,0.39524,-1.0192
7.9434,0.46148,-0.69702
7.9434,0.52771,-0.37042
7.9434,0.59395,-0.048986
7.9434,0.66019,0.27636
7.9434,0.72643,0.60465
7.9434,0.79267,0.92996
7.9434,0.85891,1.2516
7.9434,0.92515,1.5684
7.9434,0.99139,1.8679
7.9434,1.0576,2.1731
7.9434,1.1239,2.4632
7.9434,1.1901,2.743
7.9434,1.2563,2.9751
7.9434,1.3226,3.1832
7.9434,1.3888,3.3675
7.9434,1.4551,3.5298
7.9434,1.5213,3.679
7.9434,1.5875,3.8091
7.9434,1.6538,3.9428
7.9434,1.72,4.0712
7.9434,1.7863,4.1915
7.9434,1.8525,4.3013
7.9434,1.9187,4.4011
7.9434,1.985,4.4867
7.9434,2.0512,4.5698
7.9434,2.1174,4.6452
7.9434,2.1837,4.7132
7.9434,2.2499,4.782
7.9434,2.3162,4.8545
7.9434,2.3824,4.934
7.9434,2.4486,5.0124
7.9434,2.5149,5.0833
7.9434,2.5811,5.1704
7.9434,2.6474,5.2406
7.9434,2.7136,5.3075
7.9434,2.7798,5.3846
7.9434,2.8461,5.4547
7.9434,2.9123,5.528
7.9434,2.9785,5.5954
7.9434,3.0448,5.6456
7.9434,3.111,5.7021
7.9434,3.1773,5.7686
7.9434,3.2435,5.8259
7.9434,3.3097,5.8822
7.9434,3.376,5.9407
7.9434,3.4422,6.0019
7.9434,3.5085,6.0389
7.9434,3.5747,6.1093
8.0967,0.26276,-1.6731
8.0967,0.329,-1.359
8.0967,0.39524,-1.0401
8.0967,0.46148,-0.71416
8.0967,0.52771,-0.39061
8.0967,0.59395,-0.061691
8.0967,0.66019,0.26848
8.0967,0.72643,0.59818
8.0967,0.79267,0.92401
8.0967,0.85891,1.2451
8.0967,0.92515,1.5602
8.0967,0.99139,1.8597
8.0967,1.0576,2.1658
8.0967,1.1239,2.4502
8.0967,1.1901,2.7234
8.0967,1.2563,2.9528
8.0967,1.3226,3.1628
8.0967,1.3888,3.351
8.0967,1.4551,3.5153
8.0967,1.5213,3.6677
8.0967,1.5875,3.81
8.0967,1.6538,3.9451
8.0967,1.72,4.0786
8.0967,1.7863,4.2075
8.0967,1.8525,4.325
8.0967,1.9187,4.4274
8.0967,1.985,4.5296
8.0967,2.0512,4.6141
8.0967,2.1174,4.6982
8.0967,2.1837,4.7729
8.0967,2.2499,4.8289
8.0967,2.3162,4.8957
8.0967,2.3824,4.9625
8.0967,2.4486,5.0458
8.0967,2.5149,5.1214
8.0967,2.5811,5.1975
8.0967,2.6474,5.2505
8.0967,2.7136,5.3155
8.0967,2.7798,5.4004
8.0967,2.8461,5.4841
8.0967,2.9123,5.5512
8.0967,2.9785,5.6233
8.0967,3.0448,5.6747
8.0967,3.111,5.7375
8.0967,3.1773,5.7946
8.0967,3.2435,5.8455
8.0967,3.3097,5.9162
8.0967,3.376,5.9658
8.0967,3.4422,6.0136
8.0967,3.5085,6.0863
8.0967,3.5747,6.1252
8.2501,0.26276,-1.7001
8.2501,0.329,-1.3816
8.2501,0.39524,-1.061
8.2501,0.46148,-0.73191
8.2501,0.52771,-0.40212
8.2501,0.59395,-0.070521
8.2501,0.66019,0.2612
8.2501,0.72643,0.59117
8.2501,0.79267,0.91663
8.2501,0.85891,1.2368
8.2501,0.92515,1.5503
8.2501,0.99139,1.8561
8.2501,1.0576,2.1541
8.2501,1.1239,2.4346
8.2501,1.1901,2.7022
8.2501,1.2563,2.9312
8.2501,1.3226,3.1434
8.2501,1.3888,3.3337
8.2501,1.4551,3.504
8.2501,1.5213,3.6572
8.2501,1.5875,3.8048
8.2501,1.6538,3.9447
8.2501,1.72,4.0799
8.2501,1.7863,4.2131
8.2501,1.8525,4.3451
8.2501,1.9187,4.4533
8.2501,1.985,4.5593
8.2501,2.0512,4.6617
8.2501,2.1174,4.7456
8.2501,2.1837,4.8313
8.2501,2.2499,4.8982
8.2501,2.3162,4.957
8.2501,2.3824,5.0162
8.2501,2.4486,5.0685
8.2501,2.5149,5.1476
8.2501,2.5811,5.2185
8.2501,2.6474,5.3085
8.2501,2.7136,5.3476
8.2501,2.7798,5.4122
8.2501,2.8461,5.4832
8.2501,2.9123,5.5576
8.2501,2.9785,5.6341
8.2501,3.0448,5.717
8.2501,3.111,5.7729
8.2501,3.1773,5.8313
8.2501,3.2435,5.8907
8.2501,3.3097,5.9375
8.2501,3.376,5.993
8.2501,3.4422,6.0403
8.2501,3.5085,6.0881
8.2501,3.5747,6.1613
8.4034,0.26276,-1.7329
8.4034,0.329,-1.4173
8.4034,0.39524,-1.0791
8.4034,0.46148,-0.7443
8.4034,0.52771,-0.41161
8.4034,0.59395,-0.078246
8.4034,0.66019,0.254
8.4034,0.72643,0.58353
8.4034,0.79267,0.90806
8.4034,0.85891,1.2271
8.4034,0.92515,1.5396
8.4034,0.99139,1.8499
8.4034,1.0576,2.1403
8.4034,1.1239,2.4176
8.4034,1.1901,2.6807
8.4034,1.2563,2.9103
8.4034,1.3226,3.1245
8.4034,1.3888,3.3174
8.4034,1.4551,3.4925
8.4034,1.5213,3.6502
8.4034,1.5875,3.8008
8.4034,1.6538,3.9442
8.4034,1.72,4.0821
8.4034,1.7863,4.215
8.4034,1.8525,4.3463
8.4034,1.9187,4.481
8.4034,1.985,4.5812
8.4034,2.0512,4.6913
8.4034,2.1174,4.7977
8.4034,2.1837,4.8813
8.4034,2.2499,4.9673
8.4034,2.3162,5.0255
8.4034,2.3824,5.0722
8.4034,2.4486,5.1466
8.4034,2.5149,5.1694
8.4034,2.5811,5.231
8.4034,2.6474,5.3175
8.4034,2.7136,5.3986
8.4034,2.7798,5.4486
8.4034,2.8461,5.5003
8.4034,2.9123,5.5742
8.4034,2.9785,5.654
8.4034,3.0448,5.7221
8.4034,3.111,5.7963
8.4034,3.1773,5.8572
8.4034,3.2435,5.9236
8.4034,3.3097,5.9664
8.4034,3.376,6.0212
8.4034,3.4422,6.0738
8.4034,3.5085,6.1232
8.4034,3.5747,6.1793
8.5567,0.26276,-1.7768
8.5567,0.329,-1.4312
8.5567,0.39524,-1.0919
8.5567,0.46148,-0.75452
8.5567,0.52771,-0.41984
8.5567,0.59395,-0.085666
8.5567,0.66019,0.24635
8.5567,0.72643,0.57507
8.5567,0.79267,0.89852
8.5567,0.85891,1.2167
8.5567,0.92515,1.5303
8.5567,0.99139,1.8372
8.5567,1.0576,2.125
8.5567,1.1239,2.4017
8.5567,1.1901,2.6594
8.5567,1.2563,2.8901
8.5567,1.3226,3.1062
8.5567,1.3888,3.3019
8.5567,1.4551,3.48
8.5567,1.5213,3.643
8.5567,1.5875,3.7991
8.5567,1.6538,3.946
8.5567,1.72,4.0811
8.5567,1.7863,4.2238
8.5567,1.8525,4.3547
8.5567,1.9187,4.4821
8.5567,1.985,4.6028
8.5567,2.0512,4.715
8.5567,2.1174,4.8305
8.5567,2.1837,4.9378
8.5567,2.2499,5.0212
8.5567,2.3162,5.1019
8.5567,2.3824,5.1643
8.5567,2.4486,5.2079
8.5567,2.5149,5.261
8.5567,2.5811,5.2819
8.5567,2.6474,5.3426
8.5567,2.7136,5.4182
8.5567,2.7798,5.4926
8.5567,2.8461,5.5383
8.5567,2.9123,5.6098
8.5567,2.9785,5.6815
8.5567,3.0448,5.7407
8.5567,3.111,5.8139
8.5567,3.1773,5.8704
8.5567,3.2435,5.9491
8.5567,3.3097,6.0123
8.5567,3.376,6.064
8.5567,3.4422,6.1137
8.5567,3.5085,6.1658
8.5567,3.5747,6.2093
8.7101,0.26276,-1.7943
8.7101,0.329,-1.4495
8.7101,0.39524,-1.0992
8.7101,0.46148,-0.76348
8.7101,0.52771,-0.4277
8.7101,0.59395,-0.093463
8.7101,0.66019,0.23788
8.7101,0.72643,0.56571
8.7101,0.79267,0.88815
8.7101,0.85891,1.2056
8.7101,0.92515,1.5184
8.7101,0.99139,1.823
8.7101,1.0576,2.1088
8.7101,1.1239,2.3822
8.7101,1.1901,2.6386
8.7101,1.2563,2.871
8.7101,1.3226,3.0882
8.7101,1.3888,3.2868
8.7101,1.4551,3.4684
8.7101,1.5213,3.6343
8.7101,1.5875,3.7946
8.7101,1.6538,3.9498
8.7101,1.72,4.0841
8.7101,1.7863,4.225
8.7101,1.8525,4.3661
8.7101,1.9187,4.4895
8.7101,1.985,4.619
8.7101,2.0512,4.7422
8.7101,2.1174,4.8575
8.7101,2.1837,4.9737
8.7101,2.2499,5.0817
8.7101,2.3162,5.1648
8.7101,2.3824,5.2394
8.7101,2.4486,5.2743
8.7101,2.5149,5.3487
8.7101,2.5811,5.3701
8.7101,2.6474,5.3891
8.7101,2.7136,5.4659
8.7101,2.7798,5.5276
8.7101,2.8461,5.587
8.7101,2.9123,5.6542
8.7101,2.9785,5.7195
8.7101,3.0448,5.7733
8.7101,3.111,5.8331
8.7101,3.1773,5.8972
8.7101,3.2435,5.9622
8.7101,3.3097,6.0241
8.7101,3.376,6.0895
8.7101,3.4422,6.149
8.7101,3.5085,6.2068
8.7101,3.5747,6.2576
8.8634,0.26276,-1.8059
8.8634,0.329,-1.4604
8.8634,0.39524,-1.1092
8.8634,0.46148,-0.77213
8.8634,0.52771,-0.43595
8.8634,0.59395,-0.10208
8.8634,0.66019,0.22843
8.8634,0.72643,0.55544
8.8634,0.79267,0.87699
8.8634,0.85891,1.194
8.8634,0.92515,1.5054
8.8634,0.99139,1.8079
8.8634,1.0576,2.092
8.8634,1.1239,2.3635
8.8634,1.1901,2.6183
8.8634,1.2563,2.8518
8.8634,1.3226,3.0706
8.8634,1.3888,3.2722
8.8634,1.4551,3.4575
8.8634,1.5213,3.6245
8.8634,1.5875,3.7888
8.8634,1.6538,3.9508
8.8634,1.72,4.0908
8.8634,1.7863,4.2217
8.8634,1.8525,4.3734
8.8634,1.9187,4.5084
8.8634,1.985,4.6296
8.8634,2.0512,4.7592
8.8634,2.1174,4.8826
8.8634,2.1837,5.0041
8.8634,2.2499,5.1208
8.8634,2.3162,5.2291
8.8634,2.3824,5.3118
8.8634,2.4486,5.3644
8.8634,2.5149,5.4197
8.8634,2.5811,5.4801
8.8634,2.6474,5.492
8.8634,2.7136,5.5144
8.8634,2.7798,5.5785
8.8634,2.8461,5.6431
8.8634,2.9123,5.7083
8.8634,2.9785,5.7609
8.8634,3.0448,5.8267
8.8634,3.111,5.8848
8.8634,3.1773,5.9449
8.8634,3.2435,5.976
8.8634,3.3097,6.0438
8.8634,3.376,6.0951
8.8634,3.4422,6.1631
8.8634,3.5085,6.2357
8.8634,3.5747,6.3013
