0.38021,0.05,4.114
0.38021,0.052867,3.8391
0.38021,0.055733,3.5687
0.38021,0.0586,3.3037
0.38021,0.061467,3.0448
0.38021,0.064333,2.7931
0.38021,0.0672,2.5475
0.38021,0.070067,2.3123
0.38021,0.072933,2.068
0.38021,0.0758,1.8269
0.38021,0.078666,1.5898
0.38021,0.081533,1.3575
0.38021,0.0844,1.1452
0.38021,0.087266,0.97458
0.38021,0.090133,0.82306
0.38021,0.093,0.67331
0.38021,0.095866,0.51308
0.38021,0.098733,0.37383
0.38021,0.1016,0.26805
0.38021,0.10447,0.18764
0.38021,0.10733,0.11165
0.38021,0.1102,0.03786
0.38021,0.11307,-0.036384
0.38021,0.11593,-0.10582
0.38021,0.1188,-0.16933
0.38021,0.12167,-0.22633
0.38021,0.12453,-0.27016
0.38021,0.1274,-0.31827
0.38021,0.13027,-0.37264
0.38021,0.13313,-0.42871
0.38021,0.136,-0.48765
0.38021,0.13887,-0.55067
0.38021,0.14173,-0.61619
0.38021,0.1446,-0.68427
0.38021,0.14747,-0.75766
0.38021,0.15033,-0.84291
0.38021,0.1532,-0.92437
0.38021,0.15607,-1.0006
0.38021,0.15893,-1.0734
0.38021,0.1618,-1.1472
0.38021,0.16467,-1.222
0.38021,0.16753,-1.3088
0.38021,0.1704,-1.4022
0.38021,0.17327,-1.4951
0.38021,0.17613,-1.5887
0.38021,0.179,-1.6788
0.38021,0.18187,-1.7626
0.38021,0.18473,-1.8487
0.38021,0.1876,-1.9396
0.38021,0.19047,-2.0329
0.38021,0.19333,-2.1266
0.56012,0.05,4.3678
0.56012,0.052867,4.0902
0.56012,0.055733,3.8164
0.56012,0.0586,3.5473
0.56012,0.061467,3.2838
0.56012,0.064333,3.0267
0.56012,0.0672,2.777
0.56012,0.070067,2.5341
0.56012,0.072933,2.3021
0.56012,0.0758,2.0719
0.56012,0.078666,1.8356
0.56012,0.081533,1.6039
0.56012,0.0844,1.3784
0.56012,0.087266,1.1685
0.56012,0.090133,1.0097
0.56012,0.093,0.87073
0.56012,0.095866,0.7178
0.56012,0.098733,0.57879
0.56012,0.1016,0.46672
0.56012,0.10447,0.38634
0.56012,0.10733,0.31508
0.56012,0.1102,0.23626
0.56012,0.11307,0.15525
0.56012,0.11593,0.076408
0.56012,0.1188,0.0082244
0.56012,0.12167,-0.049216
0.56012,0.12453,-0.095339
0.56012,0.1274,-0.14974
0.56012,0.13027,-0.2099
0.56012,0.13313,-0.27065
0.56012,0.136,-0.33627
0.56012,0.13887,-0.40371
0.56012,0.14173,-0.4751
0.56012,0.1446,-0.5506
0.56012,0.14747,-0.63012
0.56012,0.15033,-0.71929
0.56012,0.1532,-0.80137
0.56012,0.15607,-0.87601
0.56012,0.15893,-0.95551
0.56012,0.1618,-1.0326
0.56012,0.16467,-1.1167
0.56012,0.16753,-1.208
0.56012,0.1704,-1.3046
0.56012,0.17327,-1.4013
0.56012,0.17613,-1.4914
0.56012,0.179,-1.5774
0.56012,0.18187,-1.6661
0.56012,0.18473,-1.7608
0.56012,0.1876,-1.8556
0.56012,0.19047,-1.9502
0.56012,0.19333,-2.046
0.74004,0.05,4.6205
0.74004,0.052867,4.3426
0.74004,0.055733,4.0666
0.74004,0.0586,3.7939
0.74004,0.061467,3.526
0.74004,0.064333,3.2637
0.74004,0.0672,3.0081
0.74004,0.070067,2.7604
0.74004,0.072933,2.5201
0.74004,0.0758,2.2913
0.74004,0.078666,2.071
0.74004,0.081533,1.8461
0.74004,0.0844,1.621
0.74004,0.087266,1.4042
0.74004,0.090133,1.1994
0.74004,0.093,1.054
0.74004,0.095866,0.92069
0.74004,0.098733,0.7814
0.74004,0.1016,0.66959
0.74004,0.10447,0.58833
0.74004,0.10733,0.51473
0.74004,0.1102,0.43005
0.74004,0.11307,0.34143
0.74004,0.11593,0.25807
0.74004,0.1188,0.18517
0.74004,0.12167,0.12838
0.74004,0.12453,0.075994
0.74004,0.1274,0.010991
0.74004,0.13027,-0.053271
0.74004,0.13313,-0.11877
0.74004,0.136,-0.18837
0.74004,0.13887,-0.26229
0.74004,0.14173,-0.34257
0.74004,0.1446,-0.42393
0.74004,0.14747,-0.50947
0.74004,0.15033,-0.59509
0.74004,0.1532,-0.67974
0.74004,0.15607,-0.75736
0.74004,0.15893,-0.8407
0.74004,0.1618,-0.92683
0.74004,0.16467,-1.0155
0.74004,0.16753,-1.1128
0.74004,0.1704,-1.2122
0.74004,0.17327,-1.3025
0.74004,0.17613,-1.3926
0.74004,0.179,-1.4845
0.74004,0.18187,-1.5808
0.74004,0.18473,-1.6771
0.74004,0.1876,-1.7728
0.74004,0.19047,-1.8692
0.74004,0.19333,-1.9673
0.91995,0.05,4.8749
0.91995,0.052867,4.5945
0.91995,0.055733,4.3176
0.91995,0.0586,4.0429
0.91995,0.061467,3.7712
0.91995,0.064333,3.5043
0.91995,0.0672,3.2432
0.91995,0.070067,2.9889
0.91995,0.072933,2.7429
0.91995,0.0758,2.5059
0.91995,0.078666,2.2797
0.91995,0.081533,2.0608
0.91995,0.0844,1.8474
0.91995,0.087266,1.6423
0.91995,0.090133,1.4366
0.91995,0.093,1.2475
0.91995,0.095866,1.111
0.91995,0.098733,0.98235
0.91995,0.1016,0.86979
0.91995,0.10447,0.78872
0.91995,0.10733,0.71308
0.91995,0.1102,0.62001
0.91995,0.11307,0.52658
0.91995,0.11593,0.43994
0.91995,0.1188,0.36137
0.91995,0.12167,0.30409
0.91995,0.12453,0.23852
0.91995,0.1274,0.17099
0.91995,0.13027,0.10251
0.91995,0.13313,0.030931
0.91995,0.136,-0.047382
0.91995,0.13887,-0.12816
0.91995,0.14173,-0.21191
0.91995,0.1446,-0.30139
0.91995,0.14747,-0.39105
0.91995,0.15033,-0.47743
0.91995,0.1532,-0.56214
0.91995,0.15607,-0.64646
0.91995,0.15893,-0.73418
0.91995,0.1618,-0.82278
0.91995,0.16467,-0.91883
0.91995,0.16753,-1.0207
0.91995,0.1704,-1.1143
0.91995,0.17327,-1.2079
0.91995,0.17613,-1.3016
0.91995,0.179,-1.3994
0.91995,0.18187,-1.497
0.91995,0.18473,-1.5942
0.91995,0.1876,-1.6916
0.91995,0.19047,-1.7907
0.91995,0.19333,-1.8905
1.0999,0.05,5.1266
1.0999,0.052867,4.8467
1.0999,0.055733,4.5687
1.0999,0.0586,4.2925
1.0999,0.061467,4.0189
1.0999,0.064333,3.7481
1.0999,0.0672,3.4821
1.0999,0.070067,3.2218
1.0999,0.072933,2.9687
1.0999,0.0758,2.7244
1.0999,0.078666,2.4904
1.0999,0.081533,2.2676
1.0999,0.0844,2.0508
1.0999,0.087266,1.8438
1.0999,0.090133,1.6515
1.0999,0.093,1.4765
1.0999,0.095866,1.3082
1.0999,0.098733,1.1819
1.0999,0.1016,1.0696
1.0999,0.10447,0.98768
1.0999,0.10733,0.89678
1.0999,0.1102,0.80331
1.0999,0.11307,0.71002
1.0999,0.11593,0.61962
1.0999,0.1188,0.53704
1.0999,0.12167,0.47507
1.0999,0.12453,0.39871
1.0999,0.1274,0.3253
1.0999,0.13027,0.25429
1.0999,0.13313,0.17491
1.0999,0.136,0.086256
1.0999,0.13887,-0.00021556
1.0999,0.14173,-0.091429
1.0999,0.1446,-0.18169
1.0999,0.14747,-0.27496
1.0999,0.15033,-0.3654
1.0999,0.1532,-0.44897
1.0999,0.15607,-0.53751
1.0999,0.15893,-0.63174
1.0999,0.1618,-0.72537
1.0999,0.16467,-0.82443
1.0999,0.16753,-0.91972
1.0999,0.1704,-1.0213
1.0999,0.17327,-1.117
1.0999,0.17613,-1.2163
1.0999,0.179,-1.3155
1.0999,0.18187,-1.4143
1.0999,0.18473,-1.5128
1.0999,0.1876,-1.6128
1.0999,0.19047,-1.7142
1.0999,0.19333,-1.8151
1.2798,0.05,5.3794
1.2798,0.052867,5.0982
1.2798,0.055733,4.8189
1.2798,0.0586,4.5418
1.2798,0.061467,4.2668
1.2798,0.064333,3.9942
1.2798,0.0672,3.7244
1.2798,0.070067,3.459
1.2798,0.072933,3.1995
1.2798,0.0758,2.9475
1.2798,0.078666,2.7049
1.2798,0.081533,2.474
1.2798,0.0844,2.256
1.2798,0.087266,2.0429
1.2798,0.090133,1.8454
1.2798,0.093,1.6669
1.2798,0.095866,1.5106
1.2798,0.098733,1.3777
1.2798,0.1016,1.2673
1.2798,0.10447,1.172
1.2798,0.10733,1.0786
1.2798,0.1102,0.98577
1.2798,0.11307,0.89247
1.2798,0.11593,0.80171
1.2798,0.1188,0.71328
1.2798,0.12167,0.6403
1.2798,0.12453,0.5575
1.2798,0.1274,0.48025
1.2798,0.13027,0.39977
1.2798,0.13313,0.31055
1.2798,0.136,0.21567
1.2798,0.13887,0.12408
1.2798,0.14173,0.022273
1.2798,0.1446,-0.065633
1.2798,0.14747,-0.15912
1.2798,0.15033,-0.25052
1.2798,0.1532,-0.33988
1.2798,0.15607,-0.43819
1.2798,0.15893,-0.5321
1.2798,0.1618,-0.63048
1.2798,0.16467,-0.72873
1.2798,0.16753,-0.8312
1.2798,0.1704,-0.93036
1.2798,0.17327,-1.0315
1.2798,0.17613,-1.1322
1.2798,0.179,-1.2328
1.2798,0.18187,-1.3326
1.2798,0.18473,-1.4339
1.2798,0.1876,-1.5366
1.2798,0.19047,-1.6394
1.2798,0.19333,-1.7417
1.4597,0.05,5.6343
1.4597,0.052867,5.3494
1.4597,0.055733,5.0689
1.4597,0.0586,4.7905
1.4597,0.061467,4.5142
1.4597,0.064333,4.2401
1.4597,0.0672,3.9686
1.4597,0.070067,3.6996
1.4597,0.072933,3.435
1.4597,0.0758,3.1764
1.4597,0.078666,2.9256
1.4597,0.081533,2.6854
1.4597,0.0844,2.4585
1.4597,0.087266,2.2446
1.4597,0.090133,2.0409
1.4597,0.093,1.8576
1.4597,0.095866,1.6986
1.4597,0.098733,1.5651
1.4597,0.1016,1.4621
1.4597,0.10447,1.3577
1.4597,0.10733,1.2621
1.4597,0.1102,1.1674
1.4597,0.11307,1.0708
1.4597,0.11593,0.9768
1.4597,0.1188,0.89211
1.4597,0.12167,0.80194
1.4597,0.12453,0.71425
1.4597,0.1274,0.62931
1.4597,0.13027,0.5374
1.4597,0.13313,0.44107
1.4597,0.136,0.33889
1.4597,0.13887,0.23886
1.4597,0.14173,0.13771
1.4597,0.1446,0.047166
1.4597,0.14747,-0.050589
1.4597,0.15033,-0.14331
1.4597,0.1532,-0.23607
1.4597,0.15607,-0.33583
1.4597,0.15893,-0.43496
1.4597,0.1618,-0.53628
1.4597,0.16467,-0.63841
1.4597,0.16753,-0.74165
1.4597,0.1704,-0.84454
1.4597,0.17327,-0.94704
1.4597,0.17613,-1.0493
1.4597,0.179,-1.1509
1.4597,0.18187,-1.2537
1.4597,0.18473,-1.3579
1.4597,0.1876,-1.4623
1.4597,0.19047,-1.5661
1.4597,0.19333,-1.6719
1.6396,0.05,5.8887
1.6396,0.052867,5.6045
1.6396,0.055733,5.3194
1.6396,0.0586,5.0384
1.6396,0.061467,4.7607
1.6396,0.064333,4.4853
1.6396,0.0672,4.2123
1.6396,0.070067,3.9415
1.6396,0.072933,3.6739
1.6396,0.0758,3.4102
1.6396,0.078666,3.153
1.6396,0.081533,2.9044
1.6396,0.0844,2.6676
1.6396,0.087266,2.4467
1.6396,0.090133,2.2455
1.6396,0.093,2.0506
1.6396,0.095866,1.8869
1.6396,0.098733,1.765
1.6396,0.1016,1.6579
1.6396,0.10447,1.5444
1.6396,0.10733,1.4447
1.6396,0.1102,1.3458
1.6396,0.11307,1.2477
1.6396,0.11593,1.1545
1.6396,0.1188,1.0595
1.6396,0.12167,0.96194
1.6396,0.12453,0.86561
1.6396,0.1274,0.7665
1.6396,0.13027,0.6662
1.6396,0.13313,0.56082
1.6396,0.136,0.46034
1.6396,0.13887,0.35158
1.6396,0.14173,0.25027
1.6396,0.1446,0.15327
1.6396,0.14747,0.055022
1.6396,0.15033,-0.039669
1.6396,0.1532,-0.13856
1.6396,0.15607,-0.23874
1.6396,0.15893,-0.34286
1.6396,0.1618,-0.44599
1.6396,0.16467,-0.55077
1.6396,0.16753,-0.6554
1.6396,0.1704,-0.75966
1.6396,0.17327,-0.86371
1.6396,0.17613,-0.96739
1.6396,0.179,-1.072
1.6396,0.18187,-1.1775
1.6396,0.18473,-1.2835
1.6396,0.1876,-1.3897
1.6396,0.19047,-1.4965
1.6396,0.19333,-1.6029
1.8195,0.05,6.1341
1.8195,0.052867,5.8494
1.8195,0.055733,5.5664
1.8195,0.0586,5.2852
1.8195,0.061467,5.0063
1.8195,0.064333,4.7292
1.8195,0.0672,4.4545
1.8195,0.070067,4.1823
1.8195,0.072933,3.9128
1.8195,0.0758,3.647
1.8195,0.078666,3.3852
1.8195,0.081533,3.1308
1.8195,0.0844,2.886
1.8195,0.087266,2.655
1.8195,0.090133,2.443
1.8195,0.093,2.2546
1.8195,0.095866,2.0843
1.8195,0.098733,1.9543
1.8195,0.1016,1.8344
1.8195,0.10447,1.7272
1.8195,0.10733,1.6241
1.8195,0.1102,1.5217
1.8195,0.11307,1.4185
1.8195,0.11593,1.3252
1.8195,0.1188,1.2195
1.8195,0.12167,1.1132
1.8195,0.12453,1.0084
1.8195,0.1274,0.89807
1.8195,0.13027,0.78728
1.8195,0.13313,0.67888
1.8195,0.136,0.56766
1.8195,0.13887,0.45737
1.8195,0.14173,0.35611
1.8195,0.1446,0.25656
1.8195,0.14747,0.15848
1.8195,0.15033,0.059034
1.8195,0.1532,-0.043254
1.8195,0.15607,-0.14781
1.8195,0.15893,-0.25256
1.8195,0.1618,-0.35813
1.8195,0.16467,-0.46371
1.8195,0.16753,-0.56999
1.8195,0.1704,-0.67581
1.8195,0.17327,-0.78176
1.8195,0.17613,-0.88839
1.8195,0.179,-0.99548
1.8195,0.18187,-1.1033
1.8195,0.18473,-1.2113
1.8195,0.1876,-1.3197
1.8195,0.19047,-1.4278
1.8195,0.19333,-1.5365
1.9994,0.05,6.3846
1.9994,0.052867,6.0985
1.9994,0.055733,5.814
1.9994,0.0586,5.5313
1.9994,0.061467,5.2505
1.9994,0.064333,4.9717
1.9994,0.0672,4.6945
1.9994,0.070067,4.4189
1.9994,0.072933,4.1485
1.9994,0.0758,3.8816
1.9994,0.078666,3.6187
1.9994,0.081533,3.3611
1.9994,0.0844,3.1116
1.9994,0.087266,2.8742
1.9994,0.090133,2.653
1.9994,0.093,2.4535
1.9994,0.095866,2.2825
1.9994,0.098733,2.1343
1.9994,0.1016,2.0102
1.9994,0.10447,1.9034
1.9994,0.10733,1.7995
1.9994,0.1102,1.6935
1.9994,0.11307,1.5863
1.9994,0.11593,1.4856
1.9994,0.1188,1.3711
1.9994,0.12167,1.26
1.9994,0.12453,1.1461
1.9994,0.1274,1.0222
1.9994,0.13027,0.90284
1.9994,0.13313,0.78889
1.9994,0.136,0.66929
1.9994,0.13887,0.56203
1.9994,0.14173,0.46004
1.9994,0.1446,0.35881
1.9994,0.14747,0.25761
1.9994,0.15033,0.15337
1.9994,0.1532,0.047809
1.9994,0.15607,-0.057896
1.9994,0.15893,-0.1642
1.9994,0.1618,-0.27112
1.9994,0.16467,-0.37853
1.9994,0.16753,-0.48544
1.9994,0.1704,-0.59374
1.9994,0.17327,-0.7026
1.9994,0.17613,-0.81142
1.9994,0.179,-0.92087
1.9994,0.18187,-1.0311
1.9994,0.18473,-1.1415
1.9994,0.1876,-1.2517
1.9994,0.19047,-1.3617
1.9994,0.19333,-1.4722
2.1793,0.05,6.6448
2.1793,0.052867,6.3502
2.1793,0.055733,6.061
2.1793,0.0586,5.7764
2.1793,0.061467,5.4937
2.1793,0.064333,5.213
2.1793,0.0672,4.9345
2.1793,0.070067,4.6584
2.1793,0.072933,4.3834
2.1793,0.0758,4.1123
2.1793,0.078666,3.8475
2.1793,0.081533,3.5886
2.1793,0.0844,3.3373
2.1793,0.087266,3.0972
2.1793,0.090133,2.8728
2.1793,0.093,2.6663
2.1793,0.095866,2.4853
2.1793,0.098733,2.3253
2.1793,0.1016,2.1901
2.1793,0.10447,2.0769
2.1793,0.10733,1.9696
2.1793,0.1102,1.8592
2.1793,0.11307,1.748
2.1793,0.11593,1.6353
2.1793,0.1188,1.5177
2.1793,0.12167,1.4005
2.1793,0.12453,1.2766
2.1793,0.1274,1.1417
2.1793,0.13027,1.0202
2.1793,0.13313,0.88841
2.1793,0.136,0.77152
2.1793,0.13887,0.6648
2.1793,0.14173,0.56167
2.1793,0.1446,0.45712
2.1793,0.14747,0.35125
2.1793,0.15033,0.24485
2.1793,0.1532,0.1385
2.1793,0.15607,0.030853
2.1793,0.15893,-0.077246
2.1793,0.1618,-0.1849
2.1793,0.16467,-0.29417
2.1793,0.16753,-0.40299
2.1793,0.1704,-0.51419
2.1793,0.17327,-0.62491
2.1793,0.17613,-0.73622
2.1793,0.179,-0.84823
2.1793,0.18187,-0.961
2.1793,0.18473,-1.0745
2.1793,0.1876,-1.1855
2.1793,0.19047,-1.2972
2.1793,0.19333,-1.4113
2.3593,0.05,6.9123
2.3593,0.052867,6.6139
2.3593,0.055733,6.3175
2.3593,0.0586,6.0234
2.3593,0.061467,5.7358
2.3593,0.064333,5.4528
2.3593,0.0672,5.1719
2.3593,0.070067,4.8933
2.3593,0.072933,4.6173
2.3593,0.0758,4.3442
2.3593,0.078666,4.0737
2.3593,0.081533,3.8103
2.3593,0.0844,3.5568
2.3593,0.087266,3.3153
2.3593,0.090133,3.0876
2.3593,0.093,2.876
2.3593,0.095866,2.687
2.3593,0.098733,2.5173
2.3593,0.1016,2.3698
2.3593,0.10447,2.2488
2.3593,0.10733,2.1332
2.3593,0.1102,2.0162
2.3593,0.11307,1.8995
2.3593,0.11593,1.7785
2.3593,0.1188,1.6594
2.3593,0.12167,1.5319
2.3593,0.12453,1.3963
2.3593,0.1274,1.2581
2.3593,0.13027,1.1206
2.3593,0.13313,0.99282
2.3593,0.136,0.87599
2.3593,0.13887,0.76583
2.3593,0.14173,0.65944
2.3593,0.1446,0.55179
2.3593,0.14747,0.4434
2.3593,0.15033,0.33574
2.3593,0.1532,0.2277
2.3593,0.15607,0.11809
2.3593,0.15893,0.0068357
2.3593,0.1618,-0.099153
2.3593,0.16467,-0.21043
2.3593,0.16753,-0.32268
2.3593,0.1704,-0.43545
2.3593,0.17327,-0.54884
2.3593,0.17613,-0.6631
2.3593,0.179,-0.77947
2.3593,0.18187,-0.89353
2.3593,0.18473,-1.0076
2.3593,0.1876,-1.1208
2.3593,0.19047,-1.2358
2.3593,0.19333,-1.3531
2.5392,0.05,7.1862
2.5392,0.052867,6.8837
2.5392,0.055733,6.5829
2.5392,0.0586,6.2841
2.5392,0.061467,5.9875
2.5392,0.064333,5.6935
2.5392,0.0672,5.4075
2.5392,0.070067,5.1259
2.5392,0.072933,4.8467
2.5392,0.0758,4.5706
2.5392,0.078666,4.2986
2.5392,0.081533,4.0311
2.5392,0.0844,3.7718
2.5392,0.087266,3.5258
2.5392,0.090133,3.296
2.5392,0.093,3.0779
2.5392,0.095866,2.882
2.5392,0.098733,2.7042
2.5392,0.1016,2.5449
2.5392,0.10447,2.408
2.5392,0.10733,2.2837
2.5392,0.1102,2.1625
2.5392,0.11307,2.0367
2.5392,0.11593,1.9134
2.5392,0.1188,1.7857
2.5392,0.12167,1.642
2.5392,0.12453,1.4996
2.5392,0.1274,1.3665
2.5392,0.13027,1.2248
2.5392,0.13313,1.0929
2.5392,0.136,0.97463
2.5392,0.13887,0.86408
2.5392,0.14173,0.75388
2.5392,0.1446,0.64325
2.5392,0.14747,0.53605
2.5392,0.15033,0.42663
2.5392,0.1532,0.3151
2.5392,0.15607,0.20307
2.5392,0.15893,0.091266
2.5392,0.1618,-0.013801
2.5392,0.16467,-0.12766
2.5392,0.16753,-0.24251
2.5392,0.1704,-0.35815
2.5392,0.17327,-0.47751
2.5392,0.17613,-0.59746
2.5392,0.179,-0.71208
2.5392,0.18187,-0.82763
2.5392,0.18473,-0.94255
2.5392,0.1876,-1.0586
2.5392,0.19047,-1.1779
2.5392,0.19333,-1.2977
2.7191,0.05,7.4687
2.7191,0.052867,7.1621
2.7191,0.055733,6.8566
2.7191,0.0586,6.5527
2.7191,0.061467,6.2504
2.7191,0.064333,5.9502
2.7191,0.0672,5.6526
2.7191,0.070067,5.3581
2.7191,0.072933,5.0733
2.7191,0.0758,4.7932
2.7191,0.078666,4.5171
2.7191,0.081533,4.247
2.7191,0.0844,3.9859
2.7191,0.087266,3.7307
2.7191,0.090133,3.4913
2.7191,0.093,3.2735
2.7191,0.095866,3.0638
2.7191,0.098733,2.8792
2.7191,0.1016,2.7123
2.7191,0.10447,2.5649
2.7191,0.10733,2.431
2.7191,0.1102,2.2997
2.7191,0.11307,2.1681
2.7191,0.11593,2.033
2.7191,0.1188,1.8946
2.7191,0.12167,1.7481
2.7191,0.12453,1.6048
2.7191,0.1274,1.4711
2.7191,0.13027,1.3249
2.7191,0.13313,1.1894
2.7191,0.136,1.0723
2.7191,0.13887,0.95891
2.7191,0.14173,0.84579
2.7191,0.1446,0.73356
2.7191,0.14747,0.62663
2.7191,0.15033,0.51359
2.7191,0.1532,0.40051
2.7191,0.15607,0.28724
2.7191,0.15893,0.17531
2.7191,0.1618,0.068184
2.7191,0.16467,-0.047185
2.7191,0.16753,-0.16929
2.7191,0.1704,-0.29173
2.7191,0.17327,-0.41445
2.7191,0.17613,-0.52868
2.7191,0.179,-0.64528
2.7191,0.18187,-0.76245
2.7191,0.18473,-0.87991
2.7191,0.1876,-1.001
2.7191,0.19047,-1.1243
2.7191,0.19333,-1.2457
2.899,0.05,7.7635
2.899,0.052867,7.4528
2.899,0.055733,7.1427
2.899,0.0586,6.8334
2.899,0.061467,6.5251
2.899,0.064333,6.2181
2.899,0.0672,5.9128
2.899,0.070067,5.6098
2.899,0.072933,5.3099
2.899,0.0758,5.0144
2.899,0.078666,4.7325
2.899,0.081533,4.4578
2.899,0.0844,4.1904
2.899,0.087266,3.9266
2.899,0.090133,3.6764
2.899,0.093,3.4478
2.899,0.095866,3.2361
2.899,0.098733,3.0456
2.899,0.1016,2.8702
2.899,0.10447,2.7078
2.899,0.10733,2.5631
2.899,0.1102,2.425
2.899,0.11307,2.2857
2.899,0.11593,2.1438
2.899,0.1188,1.9959
2.899,0.12167,1.8465
2.899,0.12453,1.7039
2.899,0.1274,1.5666
2.899,0.13027,1.4182
2.899,0.13313,1.2867
2.899,0.136,1.1668
2.899,0.13887,1.0511
2.899,0.14173,0.93616
2.899,0.1446,0.82341
2.899,0.14747,0.71535
2.899,0.15033,0.6006
2.899,0.1532,0.48773
2.899,0.15607,0.36993
2.899,0.15893,0.25871
2.899,0.1618,0.14532
2.899,0.16467,0.020901
2.899,0.16753,-0.10396
2.899,0.1704,-0.22771
2.899,0.17327,-0.34349
2.899,0.17613,-0.45981
2.899,0.179,-0.58001
2.899,0.18187,-0.69933
2.899,0.18473,-0.82426
2.899,0.1876,-0.94998
2.899,0.19047,-1.0722
2.899,0.19333,-1.1949
3.0789,0.05,8.0777
3.0789,0.052867,7.7633
3.0789,0.055733,7.4489
3.0789,0.0586,7.1346
3.0789,0.061467,6.8205
3.0789,0.064333,6.5067
3.0789,0.0672,6.1934
3.0789,0.070067,5.8812
3.0789,0.072933,5.5709
3.0789,0.0758,5.2639
3.0789,0.078666,4.9624
3.0789,0.081533,4.6691
3.0789,0.0844,4.3931
3.0789,0.087266,4.1159
3.0789,0.090133,3.8558
3.0789,0.093,3.6183
3.0789,0.095866,3.4013
3.0789,0.098733,3.2039
3.0789,0.1016,3.0207
3.0789,0.10447,2.8487
3.0789,0.10733,2.6936
3.0789,0.1102,2.5387
3.0789,0.11307,2.3974
3.0789,0.11593,2.2469
3.0789,0.1188,2.0891
3.0789,0.12167,1.9378
3.0789,0.12453,1.7963
3.0789,0.1274,1.6482
3.0789,0.13027,1.5036
3.0789,0.13313,1.3755
3.0789,0.136,1.2565
3.0789,0.13887,1.1396
3.0789,0.14173,1.0253
3.0789,0.1446,0.91506
3.0789,0.14747,0.80028
3.0789,0.15033,0.6846
3.0789,0.1532,0.57267
3.0789,0.15607,0.45051
3.0789,0.15893,0.3382
3.0789,0.1618,0.21844
3.0789,0.16467,0.090706
3.0789,0.16753,-0.037327
3.0789,0.1704,-0.1585
3.0789,0.17327,-0.27441
3.0789,0.17613,-0.39678
3.0789,0.179,-0.51777
3.0789,0.18187,-0.64681
3.0789,0.18473,-0.77196
3.0789,0.1876,-0.8964
3.0789,0.19047,-1.0225
3.0789,0.19333,-1.1482
3.2588,0.05,8.3887
3.2588,0.052867,8.0858
3.2588,0.055733,7.7839
3.2588,0.0586,7.4741
3.2588,0.061467,7.1561
3.2588,0.064333,6.8375
3.2588,0.0672,6.5184
3.2588,0.070067,6.1988
3.2588,0.072933,5.8794
3.2588,0.0758,5.5613
3.2588,0.078666,5.2463
3.2588,0.081533,4.8921
3.2588,0.0844,4.6077
3.2588,0.087266,4.2964
3.2588,0.090133,4.0294
3.2588,0.093,3.7846
3.2588,0.095866,3.5615
3.2588,0.098733,3.356
3.2588,0.1016,3.1625
3.2588,0.10447,2.9834
3.2588,0.10733,2.8112
3.2588,0.1102,2.6526
3.2588,0.11307,2.4904
3.2588,0.11593,2.3361
3.2588,0.1188,2.178
3.2588,0.12167,2.0307
3.2588,0.12453,1.8798
3.2588,0.1274,1.7237
3.2588,0.13027,1.5874
3.2588,0.13313,1.4613
3.2588,0.136,1.3425
3.2588,0.13887,1.2216
3.2588,0.14173,1.1088
3.2588,0.1446,0.99832
3.2588,0.14747,0.88239
3.2588,0.15033,0.76619
3.2588,0.1532,0.65323
3.2588,0.15607,0.52745
3.2588,0.15893,0.40775
3.2588,0.1618,0.28672
3.2588,0.16467,0.15633
3.2588,0.16753,0.027761
3.2588,0.1704,-0.090004
3.2588,0.17327,-0.20896
3.2588,0.17613,-0.33657
3.2588,0.179,-0.466
3.2588,0.18187,-0.59287
3.2588,0.18473,-0.72231
3.2588,0.1876,-0.85006
3.2588,0.19047,-0.9769
3.2588,0.19333,-1.1038
3.4387,0.05,8.6715
3.4387,0.052867,8.3693
3.4387,0.055733,8.0683
3.4387,0.0586,7.7688
3.4387,0.061467,7.4712
3.4387,0.064333,7.1761
3.4387,0.0672,6.8838
3.4387,0.070067,6.594
3.4387,0.072933,6.2902
3.4387,0.0758,5.9185
3.4387,0.078666,5.4854
3.4387,0.081533,5.1186
3.4387,0.0844,4.7761
3.4387,0.087266,4.4819
3.4387,0.090133,4.2143
3.4387,0.093,3.9613
3.4387,0.095866,3.7221
3.4387,0.098733,3.5047
3.4387,0.1016,3.302
3.4387,0.10447,3.1131
3.4387,0.10733,2.9305
3.4387,0.1102,2.7599
3.4387,0.11307,2.6074
3.4387,0.11593,2.4437
3.4387,0.1188,2.2769
3.4387,0.12167,2.1195
3.4387,0.12453,1.9586
3.4387,0.1274,1.8076
3.4387,0.13027,1.6716
3.4387,0.13313,1.5461
3.4387,0.136,1.4251
3.4387,0.13887,1.298
3.4387,0.14173,1.1803
3.4387,0.1446,1.0721
3.4387,0.14747,0.95891
3.4387,0.15033,0.84407
3.4387,0.1532,0.72174
3.4387,0.15607,0.59836
3.4387,0.15893,0.47891
3.4387,0.1618,0.34779
3.4387,0.16467,0.21737
3.4387,0.16753,0.094835
3.4387,0.1704,-0.027523
3.4387,0.17327,-0.15517
3.4387,0.17613,-0.28303
3.4387,0.179,-0.41056
3.4387,0.18187,-0.54285
3.4387,0.18473,-0.67393
3.4387,0.1876,-0.80337
3.4387,0.19047,-0.93286
3.4387,0.19333,-1.0617
3.6187,0.05,8.9503
3.6187,0.052867,8.6486
3.6187,0.055733,8.3482
3.6187,0.0586,8.0497
3.6187,0.061467,7.7532
3.6187,0.064333,7.459
3.6187,0.0672,7.1664
3.6187,0.070067,6.8731
3.6187,0.072933,6.5053
3.6187,0.0758,6.0606
3.6187,0.078666,5.6624
3.6187,0.081533,5.3482
3.6187,0.0844,5.0423
3.6187,0.087266,4.7214
3.6187,0.090133,4.4017
3.6187,0.093,4.1294
3.6187,0.095866,3.8839
3.6187,0.098733,3.6522
3.6187,0.1016,3.4422
3.6187,0.10447,3.2441
3.6187,0.10733,3.0582
3.6187,0.1102,2.887
3.6187,0.11307,2.7074
3.6187,0.11593,2.531
3.6187,0.1188,2.3785
3.6187,0.12167,2.2176
3.6187,0.12453,2.0567
3.6187,0.1274,1.8953
3.6187,0.13027,1.7656
3.6187,0.13313,1.6346
3.6187,0.136,1.5037
3.6187,0.13887,1.3741
3.6187,0.14173,1.2542
3.6187,0.1446,1.1392
3.6187,0.14747,1.0249
3.6187,0.15033,0.90707
3.6187,0.1532,0.7872
3.6187,0.15607,0.66199
3.6187,0.15893,0.53361
3.6187,0.1618,0.40558
3.6187,0.16467,0.28005
3.6187,0.16753,0.15518
3.6187,0.1704,0.027701
3.6187,0.17327,-0.10007
3.6187,0.17613,-0.22912
3.6187,0.179,-0.36235
3.6187,0.18187,-0.49644
3.6187,0.18473,-0.62806
3.6187,0.1876,-0.75969
3.6187,0.19047,-0.89218
3.6187,0.19333,-1.025
3.7986,0.05,9.256
3.7986,0.052867,8.9406
3.7986,0.055733,8.6245
3.7986,0.0586,8.3156
3.7986,0.061467,8.0169
3.7986,0.064333,7.7189
3.7986,0.0672,7.4201
3.7986,0.070067,7.0783
3.7986,0.072933,6.7008
3.7986,0.0758,6.294
3.7986,0.078666,5.9573
3.7986,0.081533,5.6132
3.7986,0.0844,5.2591
3.7986,0.087266,4.8978
3.7986,0.090133,4.5492
3.7986,0.093,4.2966
3.7986,0.095866,4.0414
3.7986,0.098733,3.8041
3.7986,0.1016,3.5859
3.7986,0.10447,3.379
3.7986,0.10733,3.184
3.7986,0.1102,2.9896
3.7986,0.11307,2.7958
3.7986,0.11593,2.644
3.7986,0.1188,2.4824
3.7986,0.12167,2.3044
3.7986,0.12453,2.1495
3.7986,0.1274,1.988
3.7986,0.13027,1.8602
3.7986,0.13313,1.7246
3.7986,0.136,1.594
3.7986,0.13887,1.4518
3.7986,0.14173,1.3232
3.7986,0.1446,1.208
3.7986,0.14747,1.0889
3.7986,0.15033,0.96919
3.7986,0.1532,0.8465
3.7986,0.15607,0.72025
3.7986,0.15893,0.59185
3.7986,0.1618,0.46329
3.7986,0.16467,0.33539
3.7986,0.16753,0.20573
3.7986,0.1704,0.079004
3.7986,0.17327,-0.052987
3.7986,0.17613,-0.18522
3.7986,0.179,-0.31786
3.7986,0.18187,-0.45518
3.7986,0.18473,-0.59217
3.7986,0.1876,-0.72624
3.7986,0.19047,-0.85881
3.7986,0.19333,-0.99151
3.9785,0.05,9.7375
3.9785,0.052867,9.4303
3.9785,0.055733,9.1204
3.9785,0.0586,8.8057
3.9785,0.061467,8.4836
3.9785,0.064333,8.1306
3.9785,0.0672,7.6379
3.9785,0.070067,7.3239
3.9785,0.072933,6.9566
3.9785,0.0758,6.5713
3.9785,0.078666,6.2152
3.9785,0.081533,5.8417
3.9785,0.0844,5.437
3.9785,0.087266,5.05
3.9785,0.090133,4.7393
3.9785,0.093,4.4635
3.9785,0.095866,4.2132
3.9785,0.098733,3.9532
3.9785,0.1016,3.7264
3.9785,0.10447,3.5142
3.9785,0.10733,3.3107
3.9785,0.1102,3.1076
3.9785,0.11307,2.9193
3.9785,0.11593,2.7502
3.9785,0.1188,2.577
3.9785,0.12167,2.4081
3.9785,0.12453,2.2356
3.9785,0.1274,2.0873
3.9785,0.13027,1.9516
3.9785,0.13313,1.8135
3.9785,0.136,1.674
3.9785,0.13887,1.532
3.9785,0.14173,1.3965
3.9785,0.1446,1.2738
3.9785,0.14747,1.1525
3.9785,0.15033,1.0292
3.9785,0.1532,0.90227
3.9785,0.15607,0.77591
3.9785,0.15893,0.64595
3.9785,0.1618,0.51564
3.9785,0.16467,0.38907
3.9785,0.16753,0.25935
3.9785,0.1704,0.13018
3.9785,0.17327,-0.0037994
3.9785,0.17613,-0.13745
3.9785,0.179,-0.27641
3.9785,0.18187,-0.4163
3.9785,0.18473,-0.55583
3.9785,0.1876,-0.69182
3.9785,0.19047,-0.82998
3.9785,0.19333,-0.96769
4.1584,0.05,10.296
4.1584,0.052867,9.9807
4.1584,0.055733,9.6488
4.1584,0.0586,9.189
4.1584,0.061467,8.6657
4.1584,0.064333,8.2921
4.1584,0.0672,7.9582
4.1584,0.070067,7.5311
4.1584,0.072933,7.1438
4.1584,0.0758,6.817
4.1584,0.078666,6.3566
4.1584,0.081533,5.9948
4.1584,0.0844,5.5643
4.1584,0.087266,5.2428
4.1584,0.090133,4.9546
4.1584,0.093,4.6717
4.1584,0.095866,4.368
4.1584,0.098733,4.119
4.1584,0.1016,3.8821
4.1584,0.10447,3.655
4.1584,0.10733,3.4376
4.1584,0.1102,3.2247
4.1584,0.11307,3.0319
4.1584,0.11593,2.8455
4.1584,0.1188,2.6666
4.1584,0.12167,2.4921
4.1584,0.12453,2.3251
4.1584,0.1274,2.1802
4.1584,0.13027,2.0363
4.1584,0.13313,1.8943
4.1584,0.136,1.7531
4.1584,0.13887,1.6137
4.1584,0.14173,1.4713
4.1584,0.1446,1.3368
4.1584,0.14747,1.2136
4.1584,0.15033,1.0862
4.1584,0.1532,0.95777
4.1584,0.15607,0.82971
4.1584,0.15893,0.69642
4.1584,0.1618,0.5645
4.1584,0.16467,0.43446
4.1584,0.16753,0.30669
4.1584,0.1704,0.17234
4.1584,0.17327,0.035183
4.1584,0.17613,-0.10574
4.1584,0.179,-0.24733
4.1584,0.18187,-0.389
4.1584,0.18473,-0.52615
4.1584,0.1876,-0.66798
4.1584,0.19047,-0.80707
4.1584,0.19333,-0.94322
4.3383,0.05,10.792
4.3383,0.052867,10.238
4.3383,0.055733,9.6978
4.3383,0.0586,9.3142
4.3383,0.061467,8.9426
4.3383,0.064333,8.4943
4.3383,0.0672,8.0589
4.3383,0.070067,7.6754
4.3383,0.072933,7.3639
4.3383,0.0758,6.9517
4.3383,0.078666,6.5966
4.3383,0.081533,6.235
4.3383,0.0844,5.8845
4.3383,0.087266,5.5294
4.3383,0.090133,5.1929
4.3383,0.093,4.8374
4.3383,0.095866,4.5517
4.3383,0.098733,4.2902
4.3383,0.1016,4.0299
4.3383,0.10447,3.7995
4.3383,0.10733,3.5675
4.3383,0.1102,3.3499
4.3383,0.11307,3.1503
4.3383,0.11593,2.955
4.3383,0.1188,2.767
4.3383,0.12167,2.5826
4.3383,0.12453,2.4203
4.3383,0.1274,2.2619
4.3383,0.13027,2.1203
4.3383,0.13313,1.9807
4.3383,0.136,1.8319
4.3383,0.13887,1.6894
4.3383,0.14173,1.544
4.3383,0.1446,1.4031
4.3383,0.14747,1.2702
4.3383,0.15033,1.141
4.3383,0.1532,1.0106
4.3383,0.15607,0.88015
4.3383,0.15893,0.74694
4.3383,0.1618,0.61207
4.3383,0.16467,0.4808
4.3383,0.16753,0.34417
4.3383,0.1704,0.20321
4.3383,0.17327,0.060774
4.3383,0.17613,-0.079981
4.3383,0.179,-0.21925
4.3383,0.18187,-0.36205
4.3383,0.18473,-0.50514
4.3383,0.1876,-0.64179
4.3383,0.19047,-0.7814
4.3383,0.19333,-0.9142
4.5182,0.05,10.721
4.5182,0.052867,10.328
4.5182,0.055733,9.8778
4.5182,0.0586,9.4415
4.5182,0.061467,8.9907
4.5182,0.064333,8.5415
4.5182,0.0672,8.1769
4.5182,0.070067,7.8463
4.5182,0.072933,7.5447
4.5182,0.0758,7.2315
4.5182,0.078666,6.8366
4.5182,0.081533,6.5108
4.5182,0.0844,6.244
4.5182,0.087266,5.7454
4.5182,0.090133,5.4006
4.5182,0.093,5.0524
4.5182,0.095866,4.7913
4.5182,0.098733,4.4656
4.5182,0.1016,4.1873
4.5182,0.10447,3.942
4.5182,0.10733,3.7039
4.5182,0.1102,3.4772
4.5182,0.11307,3.2637
4.5182,0.11593,3.0666
4.5182,0.1188,2.8747
4.5182,0.12167,2.7
4.5182,0.12453,2.5277
4.5182,0.1274,2.3643
4.5182,0.13027,2.2082
4.5182,0.13313,2.0559
4.5182,0.136,1.9093
4.5182,0.13887,1.7701
4.5182,0.14173,1.6172
4.5182,0.1446,1.4673
4.5182,0.14747,1.3244
4.5182,0.15033,1.1914
4.5182,0.1532,1.0591
4.5182,0.15607,0.92659
4.5182,0.15893,0.79115
4.5182,0.1618,0.65352
4.5182,0.16467,0.51432
4.5182,0.16753,0.37558
4.5182,0.1704,0.2333
4.5182,0.17327,0.090022
4.5182,0.17613,-0.053253
4.5182,0.179,-0.19812
4.5182,0.18187,-0.33879
4.5182,0.18473,-0.4812
4.5182,0.1876,-0.62091
4.5182,0.19047,-0.76597
4.5182,0.19333,-0.90876
4.6981,0.05,10.869
4.6981,0.052867,10.386
4.6981,0.055733,9.9043
4.6981,0.0586,9.5208
4.6981,0.061467,9.0964
4.6981,0.064333,8.772
4.6981,0.0672,8.419
4.6981,0.070067,8.0952
4.6981,0.072933,7.7354
4.6981,0.0758,7.3785
4.6981,0.078666,7.0705
4.6981,0.081533,6.8183
4.6981,0.0844,6.4097
4.6981,0.087266,5.9734
4.6981,0.090133,5.6762
4.6981,0.093,5.3774
4.6981,0.095866,4.9834
4.6981,0.098733,4.6785
4.6981,0.1016,4.3894
4.6981,0.10447,4.0873
4.6981,0.10733,3.8348
4.6981,0.1102,3.6069
4.6981,0.11307,3.3903
4.6981,0.11593,3.1882
4.6981,0.1188,2.9917
4.6981,0.12167,2.8126
4.6981,0.12453,2.631
4.6981,0.1274,2.4728
4.6981,0.13027,2.3122
4.6981,0.13313,2.1544
4.6981,0.136,1.9992
4.6981,0.13887,1.85
4.6981,0.14173,1.6884
4.6981,0.1446,1.5326
4.6981,0.14747,1.3808
4.6981,0.15033,1.2398
4.6981,0.1532,1.1022
4.6981,0.15607,0.96464
4.6981,0.15893,0.82679
4.6981,0.1618,0.68692
4.6981,0.16467,0.54499
4.6981,0.16753,0.40156
4.6981,0.1704,0.25821
4.6981,0.17327,0.11595
4.6981,0.17613,-0.029947
4.6981,0.179,-0.17577
4.6981,0.18187,-0.32066
4.6981,0.18473,-0.4677
4.6981,0.1876,-0.61117
4.6981,0.19047,-0.75628
4.6981,0.19333,-0.89821
4.878,0.05,10.831
4.878,0.052867,10.412
4.878,0.055733,10.04
4.878,0.0586,9.6861
4.878,0.061467,9.2988
4.878,0.064333,8.9509
4.878,0.0672,8.6094
4.878,0.070067,8.2918
4.878,0.072933,7.9263
4.878,0.0758,7.6207
4.878,0.078666,7.2831
4.878,0.081533,7.0249
4.878,0.0844,6.5929
4.878,0.087266,6.2117
4.878,0.090133,5.9209
4.878,0.093,5.6019
4.878,0.095866,5.2769
4.878,0.098733,4.9279
4.878,0.1016,4.5289
4.878,0.10447,4.2258
4.878,0.10733,3.9627
4.878,0.1102,3.7336
4.878,0.11307,3.5147
4.878,0.11593,3.3068
4.878,0.1188,3.1112
4.878,0.12167,2.9224
4.878,0.12453,2.7425
4.878,0.1274,2.5746
4.878,0.13027,2.4108
4.878,0.13313,2.2497
4.878,0.136,2.0899
4.878,0.13887,1.933
4.878,0.14173,1.7679
4.878,0.1446,1.6062
4.878,0.14747,1.4406
4.878,0.15033,1.2923
4.878,0.1532,1.1451
4.878,0.15607,1.0017
4.878,0.15893,0.8594
4.878,0.1618,0.71729
4.878,0.16467,0.57259
4.878,0.16753,0.42693
4.878,0.1704,0.28314
4.878,0.17327,0.13707
4.878,0.17613,-0.0096195
4.878,0.179,-0.15763
4.878,0.18187,-0.30482
4.878,0.18473,-0.45232
4.878,0.1876,-0.60192
4.878,0.19047,-0.7489
4.878,0.19333,-0.89618
5.058,0.05,10.918
5.058,0.052867,10.5
5.058,0.055733,10.132
5.058,0.0586,9.7803
5.058,0.061467,9.4545
5.058,0.064333,9.0754
5.058,0.0672,8.8132
5.058,0.070067,8.4578
5.058,0.072933,8.1316
5.058,0.0758,7.8393
5.058,0.078666,7.5961
5.058,0.081533,7.1798
5.058,0.0844,6.8505
5.058,0.087266,6.5028
5.058,0.090133,6.1662
5.058,0.093,5.7899
5.058,0.095866,5.3968
5.058,0.098733,5.002
5.058,0.1016,4.6513
5.058,0.10447,4.35
5.058,0.10733,4.0872
5.058,0.1102,3.8568
5.058,0.11307,3.6325
5.058,0.11593,3.4253
5.058,0.1188,3.2226
5.058,0.12167,3.0319
5.058,0.12453,2.8493
5.058,0.1274,2.6753
5.058,0.13027,2.5032
5.058,0.13313,2.339
5.058,0.136,2.1738
5.058,0.13887,2.0101
5.058,0.14173,1.8414
5.058,0.1446,1.6747
5.058,0.14747,1.4999
5.058,0.15033,1.3447
5.058,0.1532,1.1903
5.058,0.15607,1.0378
5.058,0.15893,0.89024
5.058,0.1618,0.74365
5.058,0.16467,0.59759
5.058,0.16753,0.45143
5.058,0.1704,0.30462
5.058,0.17327,0.15648
5.058,0.17613,0.0074698
5.058,0.179,-0.14377
5.058,0.18187,-0.29503
5.058,0.18473,-0.44891
5.058,0.1876,-0.60399
5.058,0.19047,-0.75536
5.058,0.19333,-0.90636
5.2379,0.05,10.971
5.2379,0.052867,10.557
5.2379,0.055733,10.197
5.2379,0.0586,9.8715
5.2379,0.061467,9.561
5.2379,0.064333,9.2643
5.2379,0.0672,8.9836
5.2379,0.070067,8.6991
5.2379,0.072933,8.4314
5.2379,0.0758,8.1331
5.2379,0.078666,7.7233
5.2379,0.081533,7.3137
5.2379,0.0844,7.0137
5.2379,0.087266,6.6575
5.2379,0.090133,6.2177
5.2379,0.093,5.8012
5.2379,0.095866,5.4277
5.2379,0.098733,5.0788
5.2379,0.1016,4.7384
5.2379,0.10447,4.4556
5.2379,0.10733,4.2063
5.2379,0.1102,3.9696
5.2379,0.11307,3.746
5.2379,0.11593,3.5319
5.2379,0.1188,3.3299
5.2379,0.12167,3.1349
5.2379,0.12453,2.95
5.2379,0.1274,2.7696
5.2379,0.13027,2.5916
5.2379,0.13313,2.4233
5.2379,0.136,2.2538
5.2379,0.13887,2.0827
5.2379,0.14173,1.9129
5.2379,0.1446,1.7419
5.2379,0.14747,1.565
5.2379,0.15033,1.3961
5.2379,0.1532,1.236
5.2379,0.15607,1.0774
5.2379,0.15893,0.92149
5.2379,0.1618,0.76998
5.2379,0.16467,0.62077
5.2379,0.16753,0.47163
5.2379,0.1704,0.32007
5.2379,0.17327,0.16531
5.2379,0.17613,0.014532
5.2379,0.179,-0.13724
5.2379,0.18187,-0.29331
5.2379,0.18473,-0.45173
5.2379,0.1876,-0.60957
5.2379,0.19047,-0.76506
5.2379,0.19333,-0.91831
5.4178,0.05,10.986
5.4178,0.052867,10.66
5.4178,0.055733,10.361
5.4178,0.0586,10.037
5.4178,0.061467,9.6534
5.4178,0.064333,9.418
5.4178,0.0672,9.1801
5.4178,0.070067,8.8474
5.4178,0.072933,8.6541
5.4178,0.0758,8.1789
5.4178,0.078666,7.7596
5.4178,0.081533,7.3601
5.4178,0.0844,7.0514
5.4178,0.087266,6.6974
5.4178,0.090133,6.2072
5.4178,0.093,5.9071
5.4178,0.095866,5.5369
5.4178,0.098733,5.1439
5.4178,0.1016,4.8164
5.4178,0.10447,4.5457
5.4178,0.10733,4.2962
5.4178,0.1102,4.0684
5.4178,0.11307,3.8472
5.4178,0.11593,3.6308
5.4178,0.1188,3.4308
5.4178,0.12167,3.2384
5.4178,0.12453,3.0489
5.4178,0.1274,2.8632
5.4178,0.13027,2.6809
5.4178,0.13313,2.5057
5.4178,0.136,2.3291
5.4178,0.13887,2.1549
5.4178,0.14173,1.9804
5.4178,0.1446,1.7995
5.4178,0.14747,1.6226
5.4178,0.15033,1.4493
5.4178,0.1532,1.281
5.4178,0.15607,1.1167
5.4178,0.15893,0.95497
5.4178,0.1618,0.79695
5.4178,0.16467,0.64356
5.4178,0.16753,0.48972
5.4178,0.1704,0.33191
5.4178,0.17327,0.1733
5.4178,0.17613,0.014942
5.4178,0.179,-0.14451
5.4178,0.18187,-0.30308
5.4178,0.18473,-0.46118
5.4178,0.1876,-0.61984
5.4178,0.19047,-0.78002
5.4178,0.19333,-0.93694
5.5977,0.05,11.174
5.5977,0.052867,10.876
5.5977,0.055733,10.482
5.5977,0.0586,10.09
5.5977,0.061467,9.8718
5.5977,0.064333,9.5401
5.5977,0.0672,9.3525
5.5977,0.070067,9.1125
5.5977,0.072933,8.6038
5.5977,0.0758,8.1492
5.5977,0.078666,7.7768
5.5977,0.081533,7.4479
5.5977,0.0844,7.1653
5.5977,0.087266,6.695
5.5977,0.090133,6.3784
5.5977,0.093,5.9993
5.5977,0.095866,5.5634
5.5977,0.098733,5.1939
5.5977,0.1016,4.8868
5.5977,0.10447,4.6409
5.5977,0.10733,4.4052
5.5977,0.1102,4.1711
5.5977,0.11307,3.9475
5.5977,0.11593,3.7371
5.5977,0.1188,3.5371
5.5977,0.12167,3.3406
5.5977,0.12453,3.1447
5.5977,0.1274,2.9544
5.5977,0.13027,2.7687
5.5977,0.13313,2.5865
5.5977,0.136,2.4018
5.5977,0.13887,2.2261
5.5977,0.14173,2.0427
5.5977,0.1446,1.8606
5.5977,0.14747,1.6781
5.5977,0.15033,1.5019
5.5977,0.1532,1.3279
5.5977,0.15607,1.1574
5.5977,0.15893,0.98947
5.5977,0.1618,0.82342
5.5977,0.16467,0.66101
5.5977,0.16753,0.50196
5.5977,0.1704,0.34406
5.5977,0.17327,0.18375
5.5977,0.17613,0.020964
5.5977,0.179,-0.14347
5.5977,0.18187,-0.30763
5.5977,0.18473,-0.47392
5.5977,0.1876,-0.63943
5.5977,0.19047,-0.80187
5.5977,0.19333,-0.9651
5.7776,0.05,11.32
5.7776,0.052867,10.881
5.7776,0.055733,10.516
5.7776,0.0586,10.276
5.7776,0.061467,9.9753
5.7776,0.064333,9.6063
5.7776,0.0672,9.4255
5.7776,0.070067,8.9667
5.7776,0.072933,8.5461
5.7776,0.0758,8.2407
5.7776,0.078666,7.7702
5.7776,0.081533,7.5071
5.7776,0.0844,7.1578
5.7776,0.087266,6.7899
5.7776,0.090133,6.3363
5.7776,0.093,5.9721
5.7776,0.095866,5.5885
5.7776,0.098733,5.2976
5.7776,0.1016,5.0325
5.7776,0.10447,4.773
5.7776,0.10733,4.5026
5.7776,0.1102,4.2714
5.7776,0.11307,4.0568
5.7776,0.11593,3.8492
5.7776,0.1188,3.6463
5.7776,0.12167,3.4417
5.7776,0.12453,3.2403
5.7776,0.1274,3.0437
5.7776,0.13027,2.8517
5.7776,0.13313,2.6613
5.7776,0.136,2.4741
5.7776,0.13887,2.2864
5.7776,0.14173,2.1063
5.7776,0.1446,1.9209
5.7776,0.14747,1.7353
5.7776,0.15033,1.5525
5.7776,0.1532,1.3728
5.7776,0.15607,1.1969
5.7776,0.15893,1.0237
5.7776,0.1618,0.84717
5.7776,0.16467,0.67423
5.7776,0.16753,0.50858
5.7776,0.1704,0.3452
5.7776,0.17327,0.1816
5.7776,0.17613,0.016072
5.7776,0.179,-0.1528
5.7776,0.18187,-0.32299
5.7776,0.18473,-0.49275
5.7776,0.1876,-0.66252
5.7776,0.19047,-0.83154
5.7776,0.19333,-0.99877
5.9575,0.05,11.223
5.9575,0.052867,10.891
5.9575,0.055733,10.621
5.9575,0.0586,10.286
5.9575,0.061467,9.816
5.9575,0.064333,9.6158
5.9575,0.0672,9.3292
5.9575,0.070067,8.861
5.9575,0.072933,8.5192
5.9575,0.0758,8.1997
5.9575,0.078666,7.9352
5.9575,0.081533,7.522
5.9575,0.0844,7.1345
5.9575,0.087266,6.6668
5.9575,0.090133,6.3167
5.9575,0.093,5.9723
5.9575,0.095866,5.6731
5.9575,0.098733,5.3898
5.9575,0.1016,5.1218
5.9575,0.10447,4.8553
5.9575,0.10733,4.6061
5.9575,0.1102,4.3798
5.9575,0.11307,4.1662
5.9575,0.11593,3.9546
5.9575,0.1188,3.7464
5.9575,0.12167,3.5345
5.9575,0.12453,3.3317
5.9575,0.1274,3.131
5.9575,0.13027,2.934
5.9575,0.13313,2.7393
5.9575,0.136,2.5464
5.9575,0.13887,2.3551
5.9575,0.14173,2.1626
5.9575,0.1446,1.9778
5.9575,0.14747,1.7903
5.9575,0.15033,1.602
5.9575,0.1532,1.4155
5.9575,0.15607,1.2353
5.9575,0.15893,1.0514
5.9575,0.1618,0.86777
5.9575,0.16467,0.6925
5.9575,0.16753,0.51801
5.9575,0.1704,0.34773
5.9575,0.17327,0.17788
5.9575,0.17613,0.0046214
5.9575,0.179,-0.16821
5.9575,0.18187,-0.34361
5.9575,0.18473,-0.51917
5.9575,0.1876,-0.69458
5.9575,0.19047,-0.86964
5.9575,0.19333,-1.0426
6.1374,0.05,11.206
6.1374,0.052867,10.88
6.1374,0.055733,10.518
6.1374,0.0586,10.134
6.1374,0.061467,9.9652
6.1374,0.064333,9.5731
6.1374,0.0672,9.1319
6.1374,0.070067,8.8099
6.1374,0.072933,8.5237
6.1374,0.0758,8.2528
6.1374,0.078666,7.8969
6.1374,0.081533,7.4638
6.1374,0.0844,7.0853
6.1374,0.087266,6.7227
6.1374,0.090133,6.3444
6.1374,0.093,6.0509
6.1374,0.095866,5.7688
6.1374,0.098733,5.4943
6.1374,0.1016,5.2075
6.1374,0.10447,4.9474
6.1374,0.10733,4.7121
6.1374,0.1102,4.4852
6.1374,0.11307,4.2719
6.1374,0.11593,4.0546
6.1374,0.1188,3.8348
6.1374,0.12167,3.6283
6.1374,0.12453,3.4216
6.1374,0.1274,3.2187
6.1374,0.13027,3.0149
6.1374,0.13313,2.8146
6.1374,0.136,2.6183
6.1374,0.13887,2.4216
6.1374,0.14173,2.2269
6.1374,0.1446,2.0372
6.1374,0.14747,1.8449
6.1374,0.15033,1.6506
6.1374,0.1532,1.4586
6.1374,0.15607,1.2668
6.1374,0.15893,1.0756
6.1374,0.1618,0.887
6.1374,0.16467,0.70363
6.1374,0.16753,0.52855
6.1374,0.1704,0.34956
6.1374,0.17327,0.17175
6.1374,0.17613,-0.0073549
6.1374,0.179,-0.18807
6.1374,0.18187,-0.36982
6.1374,0.18473,-0.5519
6.1374,0.1876,-0.73366
6.1374,0.19047,-0.91432
6.1374,0.19333,-1.0937
6.3174,0.05,11.114
6.3174,0.052867,10.698
6.3174,0.055733,10.477
6.3174,0.0586,10.163
6.3174,0.061467,9.7419
6.3174,0.064333,9.4899
6.3174,0.0672,9.1549
6.3174,0.070067,8.8808
6.3174,0.072933,8.5952
6.3174,0.0758,8.1729
6.3174,0.078666,7.8124
6.3174,0.081533,7.4427
6.3174,0.0844,7.0721
6.3174,0.087266,6.7101
6.3174,0.090133,6.4104
6.3174,0.093,6.1197
6.3174,0.095866,5.8215
6.3174,0.098733,5.5358
6.3174,0.1016,5.2602
6.3174,0.10447,5.0161
6.3174,0.10733,4.7901
6.3174,0.1102,4.5836
6.3174,0.11307,4.3579
6.3174,0.11593,4.1387
6.3174,0.1188,3.9301
6.3174,0.12167,3.7124
6.3174,0.12453,3.5051
6.3174,0.1274,3.3017
6.3174,0.13027,3.0928
6.3174,0.13313,2.8884
6.3174,0.136,2.6871
6.3174,0.13887,2.4879
6.3174,0.14173,2.2903
6.3174,0.1446,2.0938
6.3174,0.14747,1.8957
6.3174,0.15033,1.697
6.3174,0.1532,1.4967
6.3174,0.15607,1.295
6.3174,0.15893,1.096
6.3174,0.1618,0.90233
6.3174,0.16467,0.71648
6.3174,0.16753,0.53219
6.3174,0.1704,0.35056
6.3174,0.17327,0.16545
6.3174,0.17613,-0.023815
6.3174,0.179,-0.21237
6.3174,0.18187,-0.39993
6.3174,0.18473,-0.58939
6.3174,0.1876,-0.77641
6.3174,0.19047,-0.9635
6.3174,0.19333,-1.1483
6.4973,0.05,10.88
6.4973,0.052867,10.658
6.4973,0.055733,10.337
6.4973,0.0586,9.9696
6.4973,0.061467,9.6657
6.4973,0.064333,9.3653
6.4973,0.0672,9.0928
6.4973,0.070067,8.7871
6.4973,0.072933,8.4295
6.4973,0.0758,8.047
6.4973,0.078666,7.6854
6.4973,0.081533,7.3175
6.4973,0.0844,6.9949
6.4973,0.087266,6.693
6.4973,0.090133,6.3938
6.4973,0.093,6.1012
6.4973,0.095866,5.8297
6.4973,0.098733,5.5629
6.4973,0.1016,5.3164
6.4973,0.10447,5.0903
6.4973,0.10733,4.8828
6.4973,0.1102,4.6533
6.4973,0.11307,4.4443
6.4973,0.11593,4.2345
6.4973,0.1188,4.0132
6.4973,0.12167,3.7912
6.4973,0.12453,3.5882
6.4973,0.1274,3.3798
6.4973,0.13027,3.1685
6.4973,0.13313,2.961
6.4973,0.136,2.7547
6.4973,0.13887,2.5513
6.4973,0.14173,2.3487
6.4973,0.1446,2.1473
6.4973,0.14747,1.9454
6.4973,0.15033,1.7439
6.4973,0.1532,1.539
6.4973,0.15607,1.3296
6.4973,0.15893,1.1217
6.4973,0.1618,0.92194
6.4973,0.16467,0.72582
6.4973,0.16753,0.53516
6.4973,0.1704,0.3444
6.4973,0.17327,0.14969
6.4973,0.17613,-0.045309
6.4973,0.179,-0.2408
6.4973,0.18187,-0.43549
6.4973,0.18473,-0.62906
6.4973,0.1876,-0.82232
6.4973,0.19047,-1.014
6.4973,0.19333,-1.2078
6.6772,0.05,10.758
6.6772,0.052867,10.46
6.6772,0.055733,10.171
6.6772,0.0586,9.9395
6.6772,0.061467,9.5301
6.6772,0.064333,9.2221
6.6772,0.0672,8.9205
6.6772,0.070067,8.5783
6.6772,0.072933,8.1804
6.6772,0.0758,7.8371
6.6772,0.078666,7.4919
6.6772,0.081533,7.1729
6.6772,0.0844,6.887
6.6772,0.087266,6.6099
6.6772,0.090133,6.3454
6.6772,0.093,6.0919
6.6772,0.095866,5.846
6.6772,0.098733,5.6028
6.6772,0.1016,5.3853
6.6772,0.10447,5.1703
6.6772,0.10733,4.9494
6.6772,0.1102,4.7438
6.6772,0.11307,4.5324
6.6772,0.11593,4.2989
6.6772,0.1188,4.0836
6.6772,0.12167,3.8722
6.6772,0.12453,3.6602
6.6772,0.1274,3.4509
6.6772,0.13027,3.2359
6.6772,0.13313,3.0264
6.6772,0.136,2.8208
6.6772,0.13887,2.6125
6.6772,0.14173,2.4083
6.6772,0.1446,2.2038
6.6772,0.14747,1.9975
6.6772,0.15033,1.7915
6.6772,0.1532,1.578
6.6772,0.15607,1.3613
6.6772,0.15893,1.1448
6.6772,0.1618,0.93325
6.6772,0.16467,0.73204
6.6772,0.16753,0.52894
6.6772,0.1704,0.32909
6.6772,0.17327,0.1299
6.6772,0.17613,-0.070342
6.6772,0.179,-0.27316
6.6772,0.18187,-0.47432
6.6772,0.18473,-0.67434
6.6772,0.1876,-0.87305
6.6772,0.19047,-1.0713
6.6772,0.19333,-1.2709
6.8571,0.05,10.553
6.8571,0.052867,10.37
6.8571,0.055733,10.001
6.8571,0.0586,9.6116
6.8571,0.061467,9.2991
6.8571,0.064333,9.0089
6.8571,0.0672,8.6404
6.8571,0.070067,8.2647
6.8571,0.072933,7.9257
6.8571,0.0758,7.6167
6.8571,0.078666,7.3301
6.8571,0.081533,7.0587
6.8571,0.0844,6.796
6.8571,0.087266,6.5564
6.8571,0.090133,6.3311
6.8571,0.093,6.104
6.8571,0.095866,5.8808
6.8571,0.098733,5.6643
6.8571,0.1016,5.4496
6.8571,0.10447,5.2396
6.8571,0.10733,5.0303
6.8571,0.1102,4.8181
6.8571,0.11307,4.5931
6.8571,0.11593,4.3705
6.8571,0.1188,4.1579
6.8571,0.12167,3.9492
6.8571,0.12453,3.7333
6.8571,0.1274,3.5172
6.8571,0.13027,3.3052
6.8571,0.13313,3.095
6.8571,0.136,2.8834
6.8571,0.13887,2.672
6.8571,0.14173,2.4643
6.8571,0.1446,2.2563
6.8571,0.14747,2.0504
6.8571,0.15033,1.8311
6.8571,0.1532,1.6106
6.8571,0.15607,1.3862
6.8571,0.15893,1.1657
6.8571,0.1618,0.94571
6.8571,0.16467,0.73092
6.8571,0.16753,0.52015
6.8571,0.1704,0.31333
6.8571,0.17327,0.10781
6.8571,0.17613,-0.096525
6.8571,0.179,-0.30476
6.8571,0.18187,-0.51318
6.8571,0.18473,-0.72399
6.8571,0.1876,-0.93595
6.8571,0.19047,-1.1406
6.8571,0.19333,-1.342
7.037,0.05,10.3
7.037,0.052867,9.9729
7.037,0.055733,9.6214
7.037,0.0586,9.3093
7.037,0.061467,9.0031
7.037,0.064333,8.654
7.037,0.0672,8.3121
7.037,0.070067,8.0172
7.037,0.072933,7.7338
7.037,0.0758,7.4815
7.037,0.078666,7.2336
7.037,0.081533,6.9781
7.037,0.0844,6.7548
7.037,0.087266,6.5568
7.037,0.090133,6.3447
7.037,0.093,6.1441
7.037,0.095866,5.9325
7.037,0.098733,5.7239
7.037,0.1016,5.5174
7.037,0.10447,5.3073
7.037,0.10733,5.098
7.037,0.1102,4.8852
7.037,0.11307,4.6714
7.037,0.11593,4.454
7.037,0.1188,4.2403
7.037,0.12167,4.0157
7.037,0.12453,3.8004
7.037,0.1274,3.5864
7.037,0.13027,3.3727
7.037,0.13313,3.1558
7.037,0.136,2.9353
7.037,0.13887,2.7221
7.037,0.14173,2.5093
7.037,0.1446,2.3015
7.037,0.14747,2.0834
7.037,0.15033,1.8624
7.037,0.1532,1.6357
7.037,0.15607,1.4078
7.037,0.15893,1.1808
7.037,0.1618,0.95403
7.037,0.16467,0.73051
7.037,0.16753,0.51232
7.037,0.1704,0.29707
7.037,0.17327,0.081653
7.037,0.17613,-0.13168
7.037,0.179,-0.34183
7.037,0.18187,-0.55325
7.037,0.18473,-0.76871
7.037,0.1876,-0.98019
7.037,0.19047,-1.1975
7.037,0.19333,-1.4137
7.2169,0.05,9.861
7.2169,0.052867,9.5823
7.2169,0.055733,9.2774
7.2169,0.0586,8.964
7.2169,0.061467,8.6384
7.2169,0.064333,8.3421
7.2169,0.0672,8.1138
7.2169,0.070067,7.8546
7.2169,0.072933,7.6252
7.2169,0.0758,7.3901
7.2169,0.078666,7.1661
7.2169,0.081533,6.9577
7.2169,0.0844,6.7753
7.2169,0.087266,6.5873
7.2169,0.090133,6.3964
7.2169,0.093,6.2007
7.2169,0.095866,5.9957
7.2169,0.098733,5.7894
7.2169,0.1016,5.5891
7.2169,0.10447,5.3829
7.2169,0.10733,5.1741
7.2169,0.1102,4.9631
7.2169,0.11307,4.7449
7.2169,0.11593,4.5304
7.2169,0.1188,4.3102
7.2169,0.12167,4.0888
7.2169,0.12453,3.8724
7.2169,0.1274,3.6562
7.2169,0.13027,3.435
7.2169,0.13313,3.2096
7.2169,0.136,2.9941
7.2169,0.13887,2.7653
7.2169,0.14173,2.5529
7.2169,0.1446,2.3359
7.2169,0.14747,2.113
7.2169,0.15033,1.8816
7.2169,0.1532,1.6525
7.2169,0.15607,1.4191
7.2169,0.15893,1.1898
7.2169,0.1618,0.95895
7.2169,0.16467,0.72884
7.2169,0.16753,0.50281
7.2169,0.1704,0.2801
7.2169,0.17327,0.059546
7.2169,0.17613,-0.16791
7.2169,0.179,-0.3862
7.2169,0.18187,-0.60396
7.2169,0.18473,-0.81834
7.2169,0.1876,-1.0363
7.2169,0.19047,-1.2463
7.2169,0.19333,-1.4672
7.3968,0.05,9.5169
7.3968,0.052867,9.227
7.3968,0.055733,8.9219
7.3968,0.0586,8.6523
7.3968,0.061467,8.3865
7.3968,0.064333,8.1943
7.3968,0.0672,8.0033
7.3968,0.070067,7.7676
7.3968,0.072933,7.5875
7.3968,0.0758,7.3785
7.3968,0.078666,7.1767
7.3968,0.081533,6.9911
7.3968,0.0844,6.8366
7.3968,0.087266,6.6579
7.3968,0.090133,6.4567
7.3968,0.093,6.2594
7.3968,0.095866,6.0569
7.3968,0.098733,5.8666
7.3968,0.1016,5.6621
7.3968,0.10447,5.4604
7.3968,0.10733,5.2509
7.3968,0.1102,5.0377
7.3968,0.11307,4.826
7.3968,0.11593,4.6013
7.3968,0.1188,4.3826
7.3968,0.12167,4.1638
7.3968,0.12453,3.9448
7.3968,0.1274,3.7223
7.3968,0.13027,3.4921
7.3968,0.13313,3.2597
7.3968,0.136,3.0378
7.3968,0.13887,2.8177
7.3968,0.14173,2.588
7.3968,0.1446,2.357
7.3968,0.14747,2.1324
7.3968,0.15033,1.898
7.3968,0.1532,1.6636
7.3968,0.15607,1.4288
7.3968,0.15893,1.1963
7.3968,0.1618,0.95982
7.3968,0.16467,0.72474
7.3968,0.16753,0.49158
7.3968,0.1704,0.26237
7.3968,0.17327,0.033146
7.3968,0.17613,-0.19431
7.3968,0.179,-0.4299
7.3968,0.18187,-0.6501
7.3968,0.18473,-0.8812
7.3968,0.1876,-1.0987
7.3968,0.19047,-1.3141
7.3968,0.19333,-1.5262
7.5768,0.05,9.1767
7.5768,0.052867,8.8944
7.5768,0.055733,8.7022
7.5768,0.0586,8.4777
7.5768,0.061467,8.2722
7.5768,0.064333,8.1089
7.5768,0.0672,7.9352
7.5768,0.070067,7.7474
7.5768,0.072933,7.5731
7.5768,0.0758,7.4116
7.5768,0.078666,7.2289
7.5768,0.081533,7.0765
7.5768,0.0844,6.9183
7.5768,0.087266,6.7126
7.5768,0.090133,6.5144
7.5768,0.093,6.3234
7.5768,0.095866,6.1369
7.5768,0.098733,5.9397
7.5768,0.1016,5.7432
7.5768,0.10447,5.54
7.5768,0.10733,5.329
7.5768,0.1102,5.116
7.5768,0.11307,4.8978
7.5768,0.11593,4.6762
7.5768,0.1188,4.4577
7.5768,0.12167,4.2355
7.5768,0.12453,4.0111
7.5768,0.1274,3.7783
7.5768,0.13027,3.5454
7.5768,0.13313,3.3164
7.5768,0.136,3.0821
7.5768,0.13887,2.8557
7.5768,0.14173,2.6185
7.5768,0.1446,2.3861
7.5768,0.14747,2.1543
7.5768,0.15033,1.9129
7.5768,0.1532,1.6727
7.5768,0.15607,1.4352
7.5768,0.15893,1.1985
7.5768,0.1618,0.95922
7.5768,0.16467,0.71864
7.5768,0.16753,0.47947
7.5768,0.1704,0.24292
7.5768,0.17327,0.0053532
7.5768,0.17613,-0.23307
7.5768,0.179,-0.46188
7.5768,0.18187,-0.69941
7.5768,0.18473,-0.92312
7.5768,0.1876,-1.1611
7.5768,0.19047,-1.3812
7.5768,0.19333,-1.6085
7.7567,0.05,8.8908
7.7567,0.052867,8.7491
7.7567,0.055733,8.5679
7.7567,0.0586,8.4278
7.7567,0.061467,8.2575
7.7567,0.064333,8.0976
7.7567,0.0672,7.946
7.7567,0.070067,7.7998
7.7567,0.072933,7.6549
7.7567,0.0758,7.461
7.7567,0.078666,7.3195
7.7567,0.081533,7.1583
7.7567,0.0844,6.9724
7.7567,0.087266,6.7787
7.7567,0.090133,6.5894
7.7567,0.093,6.4021
7.7567,0.095866,6.1968
7.7567,0.098733,6.018
7.7567,0.1016,5.8311
7.7567,0.10447,5.6221
7.7567,0.10733,5.4089
7.7567,0.1102,5.193
7.7567,0.11307,4.9729
7.7567,0.11593,4.7529
7.7567,0.1188,4.528
7.7567,0.12167,4.3023
7.7567,0.12453,4.0688
7.7567,0.1274,3.8332
7.7567,0.13027,3.5965
7.7567,0.13313,3.3589
7.7567,0.136,3.123
7.7567,0.13887,2.889
7.7567,0.14173,2.649
7.7567,0.1446,2.4091
7.7567,0.14747,2.1742
7.7567,0.15033,1.9281
7.7567,0.1532,1.6825
7.7567,0.15607,1.4405
7.7567,0.15893,1.1987
7.7567,0.1618,0.95534
7.7567,0.16467,0.7107
7.7567,0.16753,0.46688
7.7567,0.1704,0.2245
7.7567,0.17327,-0.016555
7.7567,0.17613,-0.26243
7.7567,0.179,-0.50792
7.7567,0.18187,-0.7471
7.7567,0.18473,-0.97871
7.7567,0.1876,-1.2059
7.7567,0.19047,-1.4474
7.7567,0.19333,-1.6699
7.9366,0.05,8.8145
7.9366,0.052867,8.6778
7.9366,0.055733,8.5403
7.9366,0.0586,8.4093
7.9366,0.061467,8.3083
7.9366,0.064333,8.1689
7.9366,0.0672,8.039
7.9366,0.070067,7.9054
7.9366,0.072933,7.7256
7.9366,0.0758,7.5873
7.9366,0.078666,7.4164
7.9366,0.081533,7.2189
7.9366,0.0844,7.0247
7.9366,0.087266,6.8504
7.9366,0.090133,6.669
7.9366,0.093,6.4641
7.9366,0.095866,6.2872
7.9366,0.098733,6.118
7.9366,0.1016,5.9147
7.9366,0.10447,5.7063
7.9366,0.10733,5.4892
7.9366,0.1102,5.27
7.9366,0.11307,5.0487
7.9366,0.11593,4.8225
7.9366,0.1188,4.594
7.9366,0.12167,4.3624
7.9366,0.12453,4.1261
7.9366,0.1274,3.8881
7.9366,0.13027,3.643
7.9366,0.13313,3.4027
7.9366,0.136,3.165
7.9366,0.13887,2.9221
7.9366,0.14173,2.6767
7.9366,0.1446,2.4375
7.9366,0.14747,2.1938
7.9366,0.15033,1.9433
7.9366,0.1532,1.6937
7.9366,0.15607,1.4462
7.9366,0.15893,1.1999
7.9366,0.1618,0.95217
7.9366,0.16467,0.70245
7.9366,0.16753,0.45412
7.9366,0.1704,0.20644
7.9366,0.17327,-0.039751
7.9366,0.17613,-0.29135
7.9366,0.179,-0.53592
7.9366,0.18187,-0.78594
7.9366,0.18473,-1.0282
7.9366,0.1876,-1.2667
7.9366,0.19047,-1.5032
7.9366,0.19333,-1.7388
8.1165,0.05,8.8062
8.1165,0.052867,8.619
8.1165,0.055733,8.536
8.1165,0.0586,8.5032
8.1165,0.061467,8.3802
8.1165,0.064333,8.2894
8.1165,0.0672,8.1643
8.1165,0.070067,7.9974
8.1165,0.072933,7.8352
8.1165,0.0758,7.6601
8.1165,0.078666,7.4621
8.1165,0.081533,7.2885
8.1165,0.0844,7.0897
8.1165,0.087266,6.9368
8.1165,0.090133,6.7302
8.1165,0.093,6.5532
8.1165,0.095866,6.4009
8.1165,0.098733,6.2062
8.1165,0.1016,6.0048
8.1165,0.10447,5.7863
8.1165,0.10733,5.5675
8.1165,0.1102,5.3451
8.1165,0.11307,5.1199
8.1165,0.11593,4.8893
8.1165,0.1188,4.6574
8.1165,0.12167,4.421
8.1165,0.12453,4.1831
8.1165,0.1274,3.9377
8.1165,0.13027,3.6951
8.1165,0.13313,3.4487
8.1165,0.136,3.2015
8.1165,0.13887,2.957
8.1165,0.14173,2.7066
8.1165,0.1446,2.4645
8.1165,0.14747,2.2132
8.1165,0.15033,1.9584
8.1165,0.1532,1.7047
8.1165,0.15607,1.4532
8.1165,0.15893,1.2022
8.1165,0.1618,0.94967
8.1165,0.16467,0.69452
8.1165,0.16753,0.44231
8.1165,0.1704,0.1909
8.1165,0.17327,-0.062067
8.1165,0.17613,-0.3159
8.1165,0.179,-0.56763
8.1165,0.18187,-0.81996
8.1165,0.18473,-1.0698
8.1165,0.1876,-1.3143
8.1165,0.19047,-1.5515
8.1165,0.19333,-1.8044
8.2964,0.05,8.7466
8.2964,0.052867,8.6663
8.2964,0.055733,8.6944
8.2964,0.0586,8.6313
8.2964,0.061467,8.5309
8.2964,0.064333,8.4302
8.2964,0.0672,8.2653
8.2964,0.070067,8.071
8.2964,0.072933,7.9168
8.2964,0.0758,7.7202
8.2964,0.078666,7.557
8.2964,0.081533,7.3807
8.2964,0.0844,7.2037
8.2964,0.087266,7.0224
8.2964,0.090133,6.8427
8.2964,0.093,6.6806
8.2964,0.095866,6.4971
8.2964,0.098733,6.3006
8.2964,0.1016,6.0815
8.2964,0.10447,5.8652
8.2964,0.10733,5.6421
8.2964,0.1102,5.4177
8.2964,0.11307,5.188
8.2964,0.11593,4.9545
8.2964,0.1188,4.7188
8.2964,0.12167,4.4779
8.2964,0.12453,4.2345
8.2964,0.1274,3.9876
8.2964,0.13027,3.7391
8.2964,0.13313,3.4877
8.2964,0.136,3.2386
8.2964,0.13887,2.9892
8.2964,0.14173,2.7377
8.2964,0.1446,2.4906
8.2964,0.14747,2.2324
8.2964,0.15033,1.9736
8.2964,0.1532,1.7157
8.2964,0.15607,1.4602
8.2964,0.15893,1.2047
8.2964,0.1618,0.94774
8.2964,0.16467,0.68724
8.2964,0.16753,0.43115
8.2964,0.1704,0.17578
8.2964,0.17327,-0.081914
8.2964,0.17613,-0.33864
8.2964,0.179,-0.6006
8.2964,0.18187,-0.84961
8.2964,0.18473,-1.1048
8.2964,0.1876,-1.3582
8.2964,0.19047,-1.6047
8.2964,0.19333,-1.8413
8.4763,0.05,8.8057
8.4763,0.052867,8.8594
8.4763,0.055733,8.8839
8.4763,0.0586,8.7569
8.4763,0.061467,8.6698
8.4763,0.064333,8.4609
8.4763,0.0672,8.3083
8.4763,0.070067,8.1555
8.4763,0.072933,7.9587
8.4763,0.0758,7.829
8.4763,0.078666,7.6525
8.4763,0.081533,7.4823
8.4763,0.0844,7.3085
8.4763,0.087266,7.1413
8.4763,0.090133,6.9612
8.4763,0.093,6.7876
8.4763,0.095866,6.5935
8.4763,0.098733,6.3737
8.4763,0.1016,6.1632
8.4763,0.10447,5.9427
8.4763,0.10733,5.7166
8.4763,0.1102,5.4867
8.4763,0.11307,5.2542
8.4763,0.11593,5.0169
8.4763,0.1188,4.7762
8.4763,0.12167,4.5316
8.4763,0.12453,4.2848
8.4763,0.1274,4.037
8.4763,0.13027,3.7806
8.4763,0.13313,3.5253
8.4763,0.136,3.2741
8.4763,0.13887,3.0203
8.4763,0.14173,2.7674
8.4763,0.1446,2.5131
8.4763,0.14747,2.2512
8.4763,0.15033,1.9886
8.4763,0.1532,1.7266
8.4763,0.15607,1.4672
8.4763,0.15893,1.2074
8.4763,0.1618,0.94645
8.4763,0.16467,0.68082
8.4763,0.16753,0.42104
8.4763,0.1704,0.16281
8.4763,0.17327,-0.101
8.4763,0.17613,-0.36118
8.4763,0.179,-0.62531
8.4763,0.18187,-0.88845
8.4763,0.18473,-1.1364
8.4763,0.1876,-1.3938
8.4763,0.19047,-1.6512
8.4763,0.19333,-1.9083
8.6562,0.05,9.0314
8.6562,0.052867,9.0823
8.6562,0.055733,8.9969
8.6562,0.0586,8.8597
8.6562,0.061467,8.6708
8.6562,0.064333,8.5652
8.6562,0.0672,8.3982
8.6562,0.070067,8.2181
8.6562,0.072933,8.1055
8.6562,0.0758,7.9507
8.6562,0.078666,7.7646
8.6562,0.081533,7.5996
8.6562,0.0844,7.4246
8.6562,0.087266,7.2695
8.6562,0.090133,7.0785
8.6562,0.093,6.8842
8.6562,0.095866,6.6761
8.6562,0.098733,6.4616
8.6562,0.1016,6.2428
8.6562,0.10447,6.0137
8.6562,0.10733,5.7851
8.6562,0.1102,5.5557
8.6562,0.11307,5.3174
8.6562,0.11593,5.0763
8.6562,0.1188,4.8312
8.6562,0.12167,4.5836
8.6562,0.12453,4.3339
8.6562,0.1274,4.0799
8.6562,0.13027,3.8204
8.6562,0.13313,3.5647
8.6562,0.136,3.308
8.6562,0.13887,3.0502
8.6562,0.14173,2.7956
8.6562,0.1446,2.5349
8.6562,0.14747,2.2693
8.6562,0.15033,2.0031
8.6562,0.1532,1.7374
8.6562,0.15607,1.4741
8.6562,0.15893,1.2102
8.6562,0.1618,0.94581
8.6562,0.16467,0.67535
8.6562,0.16753,0.41204
8.6562,0.1704,0.15
8.6562,0.17327,-0.11926
8.6562,0.17613,-0.38009
8.6562,0.179,-0.64789
8.6562,0.18187,-0.91827
8.6562,0.18473,-1.1799
8.6562,0.1876,-1.4271
8.6562,0.19047,-1.6855
8.6562,0.19333,-1.9457
8.8361,0.05,9.2809
8.8361,0.052867,9.2521
8.8361,0.055733,9.1192
8.8361,0.0586,8.9606
8.8361,0.061467,8.8135
8.8361,0.064333,8.6438
8.8361,0.0672,8.477
8.8361,0.070067,8.3817
8.8361,0.072933,8.2364
8.8361,0.0758,8.0709
8.8361,0.078666,7.8953
8.8361,0.081533,7.7103
8.8361,0.0844,7.5751
8.8361,0.087266,7.3779
8.8361,0.090133,7.189
8.8361,0.093,6.9751
8.8361,0.095866,6.7607
8.8361,0.098733,6.5392
8.8361,0.1016,6.3123
8.8361,0.10447,6.0873
8.8361,0.10733,5.8561
8.8361,0.1102,5.6201
8.8361,0.11307,5.3783
8.8361,0.11593,5.1331
8.8361,0.1188,4.8837
8.8361,0.12167,4.6334
8.8361,0.12453,4.3793
8.8361,0.1274,4.121
8.8361,0.13027,3.8583
8.8361,0.13313,3.6008
8.8361,0.136,3.3402
8.8361,0.13887,3.0809
8.8361,0.14173,2.8206
8.8361,0.1446,2.5558
8.8361,0.14747,2.2868
8.8361,0.15033,2.0172
8.8361,0.1532,1.7479
8.8361,0.15607,1.4811
8.8361,0.15893,1.2132
8.8361,0.1618,0.94581
8.8361,0.16467,0.67086
8.8361,0.16753,0.40421
8.8361,0.1704,0.1386
8.8361,0.17327,-0.13221
8.8361,0.17613,-0.40439
8.8361,0.179,-0.67594
8.8361,0.18187,-0.9424
8.8361,0.18473,-1.2134
8.8361,0.1876,-1.471
8.8361,0.19047,-1.7226
8.8361,0.19333,-1.982
9.0161,0.05,9.4696
9.0161,0.052867,9.3882
9.0161,0.055733,9.1859
9.0161,0.0586,9.0936
9.0161,0.061467,8.9024
9.0161,0.064333,8.75
9.0161,0.0672,8.6408
9.0161,0.070067,8.5254
9.0161,0.072933,8.3823
9.0161,0.0758,8.1975
9.0161,0.078666,8.0106
9.0161,0.081533,7.8688
9.0161,0.0844,7.6643
9.0161,0.087266,7.4958
9.0161,0.090133,7.2734
9.0161,0.093,7.0606
9.0161,0.095866,6.8347
9.0161,0.098733,6.6166
9.0161,0.1016,6.3916
9.0161,0.10447,6.1605
9.0161,0.10733,5.9242
9.0161,0.1102,5.6813
9.0161,0.11307,5.4357
9.0161,0.11593,5.1869
9.0161,0.1188,4.9351
9.0161,0.12167,4.6796
9.0161,0.12453,4.4228
9.0161,0.1274,4.1603
9.0161,0.13027,3.897
9.0161,0.13313,3.6336
9.0161,0.136,3.3709
9.0161,0.13887,3.1082
9.0161,0.14173,2.8444
9.0161,0.1446,2.5758
9.0161,0.14747,2.3036
9.0161,0.15033,2.0308
9.0161,0.1532,1.7581
9.0161,0.15607,1.488
9.0161,0.15893,1.2164
9.0161,0.1618,0.9464
9.0161,0.16467,0.6673
9.0161,0.16753,0.3975
9.0161,0.1704,0.12858
9.0161,0.17327,-0.14305
9.0161,0.17613,-0.42644
9.0161,0.179,-0.69448
9.0161,0.18187,-0.96558
9.0161,0.18473,-1.2413
9.0161,0.1876,-1.5056
9.0161,0.19047,-1.7644
9.0161,0.19333,-2.0206
