0.38021,0.022564,-1.121
0.38021,0.048863,-0.95242
0.38021,0.075162,-0.79887
0.38021,0.10146,-0.6327
0.38021,0.12776,-0.48076
0.38021,0.15406,-0.32145
0.38021,0.18036,-0.16175
0.38021,0.20666,0.0020975
0.38021,0.23295,0.17259
0.38021,0.25925,0.3473
0.38021,0.28555,0.52222
0.38021,0.31185,0.69384
0.38021,0.33815,0.86118
0.38021,0.36445,1.0393
0.38021,0.39075,1.2459
0.38021,0.41704,1.4285
0.38021,0.44334,1.5912
0.38021,0.46964,1.7386
0.38021,0.49594,1.8821
0.38021,0.52224,2.0111
0.38021,0.54854,2.1318
0.38021,0.57484,2.2373
0.38021,0.60114,2.3409
0.38021,0.62743,2.447
0.38021,0.65373,2.5588
0.38021,0.68003,2.6773
0.38021,0.70633,2.7993
0.38021,0.73263,2.9259
0.38021,0.75893,3.0545
0.38021,0.78523,3.174
0.38021,0.81153,3.2979
0.38021,0.83782,3.4179
0.38021,0.86412,3.5346
0.38021,0.89042,3.6486
0.38021,0.91672,3.7606
0.38021,0.94302,3.8701
0.38021,0.96932,3.9718
0.38021,0.99562,4.0778
0.38021,1.0219,4.1862
0.38021,1.0482,4.2961
0.38021,1.0745,4.406
0.38021,1.1008,4.5163
0.38021,1.1271,4.6207
0.38021,1.1534,4.7302
0.38021,1.1797,4.8382
0.38021,1.206,4.9349
0.38021,1.2323,5.0382
0.38021,1.2586,5.1396
0.38021,1.2849,5.2391
0.38021,1.3112,5.3364
0.38021,1.3375,5.4314
0.55694,0.022564,-1.0942
0.55694,0.048863,-0.90766
0.55694,0.075162,-0.74302
0.55694,0.10146,-0.58401
0.55694,0.12776,-0.41213
0.55694,0.15406,-0.26029
0.55694,0.18036,-0.083362
0.55694,0.20666,0.086248
0.55694,0.23295,0.26316
0.55694,0.25925,0.44318
0.55694,0.28555,0.62529
0.55694,0.31185,0.80746
0.55694,0.33815,0.97765
0.55694,0.36445,1.1739
0.55694,0.39075,1.3793
0.55694,0.41704,1.5686
0.55694,0.44334,1.7264
0.55694,0.46964,1.8736
0.55694,0.49594,2.0164
0.55694,0.52224,2.1484
0.55694,0.54854,2.2693
0.55694,0.57484,2.3814
0.55694,0.60114,2.4892
0.55694,0.62743,2.5971
0.55694,0.65373,2.709
0.55694,0.68003,2.8259
0.55694,0.70633,2.948
0.55694,0.73263,3.0728
0.55694,0.75893,3.1988
0.55694,0.78523,3.3171
0.55694,0.81153,3.4392
0.55694,0.83782,3.5572
0.55694,0.86412,3.6714
0.55694,0.89042,3.7827
0.55694,0.91672,3.8918
0.55694,0.94302,3.9963
0.55694,0.96932,4.0985
0.55694,0.99562,4.2044
0.55694,1.0219,4.3116
0.55694,1.0482,4.4187
0.55694,1.0745,4.5279
0.55694,1.1008,4.6311
0.55694,1.1271,4.7384
0.55694,1.1534,4.8438
0.55694,1.1797,4.9385
0.55694,1.206,5.0393
0.55694,1.2323,5.1381
0.55694,1.2586,5.2349
0.55694,1.2849,5.3295
0.55694,1.3112,5.4218
0.55694,1.3375,5.5054
0.73368,0.022564,-1.0735
0.73368,0.048863,-0.87504
0.73368,0.075162,-0.69307
0.73368,0.10146,-0.52415
0.73368,0.12776,-0.35791
0.73368,0.15406,-0.18888
0.73368,0.18036,-0.014488
0.73368,0.20666,0.16751
0.73368,0.23295,0.35073
0.73368,0.25925,0.53652
0.73368,0.28555,0.72655
0.73368,0.31185,0.91244
0.73368,0.33815,1.1049
0.73368,0.36445,1.3085
0.73368,0.39075,1.5184
0.73368,0.41704,1.7035
0.73368,0.44334,1.8633
0.73368,0.46964,2.0085
0.73368,0.49594,2.1497
0.73368,0.52224,2.2801
0.73368,0.54854,2.4067
0.73368,0.57484,2.5243
0.73368,0.60114,2.6377
0.73368,0.62743,2.746
0.73368,0.65373,2.8574
0.73368,0.68003,2.9734
0.73368,0.70633,3.0938
0.73368,0.73263,3.2164
0.73368,0.75893,3.3396
0.73368,0.78523,3.4579
0.73368,0.81153,3.5769
0.73368,0.83782,3.6925
0.73368,0.86412,3.804
0.73368,0.89042,3.9125
0.73368,0.91672,4.0181
0.73368,0.94302,4.1187
0.73368,0.96932,4.2224
0.73368,0.99562,4.3269
0.73368,1.0219,4.4324
0.73368,1.0482,4.5374
0.73368,1.0745,4.6408
0.73368,1.1008,4.7454
0.73368,1.1271,4.8479
0.73368,1.1534,4.9408
0.73368,1.1797,5.0389
0.73368,1.206,5.135
0.73368,1.2323,5.229
0.73368,1.2586,5.3208
0.73368,1.2849,5.4104
0.73368,1.3112,5.4947
0.73368,1.3375,5.5806
0.91041,0.022564,-1.0439
0.91041,0.048863,-0.85264
0.91041,0.075162,-0.64808
0.91041,0.10146,-0.46704
0.91041,0.12776,-0.29344
0.91041,0.15406,-0.11865
0.91041,0.18036,0.060292
0.91041,0.20666,0.24543
0.91041,0.23295,0.43473
0.91041,0.25925,0.62632
0.91041,0.28555,0.82393
0.91041,0.31185,1.0171
0.91041,0.33815,1.2235
0.91041,0.36445,1.4437
0.91041,0.39075,1.6579
0.91041,0.41704,1.8401
0.91041,0.44334,1.9988
0.91041,0.46964,2.1434
0.91041,0.49594,2.2819
0.91041,0.52224,2.4138
0.91041,0.54854,2.5436
0.91041,0.57484,2.6672
0.91041,0.60114,2.7835
0.91041,0.62743,2.8936
0.91041,0.65373,3.0046
0.91041,0.68003,3.1183
0.91041,0.70633,3.2368
0.91041,0.73263,3.3567
0.91041,0.75893,3.4762
0.91041,0.78523,3.5947
0.91041,0.81153,3.7103
0.91041,0.83782,3.8232
0.91041,0.86412,3.932
0.91041,0.89042,4.0372
0.91041,0.91672,4.1393
0.91041,0.94302,4.2398
0.91041,0.96932,4.3419
0.91041,0.99562,4.4448
0.91041,1.0219,4.5468
0.91041,1.0482,4.6494
0.91041,1.0745,4.7511
0.91041,1.1008,4.8507
0.91041,1.1271,4.9421
0.91041,1.1534,5.0372
0.91041,1.1797,5.1305
0.91041,1.206,5.2215
0.91041,1.2323,5.3104
0.91041,1.2586,5.397
0.91041,1.2849,5.4807
0.91041,1.3112,5.5633
0.91041,1.3375,5.6436
1.0871,0.022564,-1.0288
1.0871,0.048863,-0.82303
1.0871,0.075162,-0.62208
1.0871,0.10146,-0.41939
1.0871,0.12776,-0.2305
1.0871,0.15406,-0.05322
1.0871,0.18036,0.1344
1.0871,0.20666,0.3228
1.0871,0.23295,0.51505
1.0871,0.25925,0.71119
1.0871,0.28555,0.91813
1.0871,0.31185,1.1228
1.0871,0.33815,1.3474
1.0871,0.36445,1.5792
1.0871,0.39075,1.7927
1.0871,0.41704,1.9769
1.0871,0.44334,2.1341
1.0871,0.46964,2.2766
1.0871,0.49594,2.4126
1.0871,0.52224,2.5456
1.0871,0.54854,2.6795
1.0871,0.57484,2.8087
1.0871,0.60114,2.926
1.0871,0.62743,3.0373
1.0871,0.65373,3.1481
1.0871,0.68003,3.2602
1.0871,0.70633,3.3763
1.0871,0.73263,3.4933
1.0871,0.75893,3.61
1.0871,0.78523,3.7254
1.0871,0.81153,3.8387
1.0871,0.83782,3.9488
1.0871,0.86412,4.0546
1.0871,0.89042,4.157
1.0871,0.91672,4.2565
1.0871,0.94302,4.3562
1.0871,0.96932,4.4566
1.0871,0.99562,4.5566
1.0871,1.0219,4.6568
1.0871,1.0482,4.7551
1.0871,1.0745,4.8514
1.0871,1.1008,4.9426
1.0871,1.1271,5.0341
1.0871,1.1534,5.1243
1.0871,1.1797,5.2124
1.0871,1.206,5.2981
1.0871,1.2323,5.3817
1.0871,1.2586,5.4632
1.0871,1.2849,5.5426
1.0871,1.3112,5.62
1.0871,1.3375,5.6957
1.2639,0.022564,-1.0262
1.2639,0.048863,-0.80343
1.2639,0.075162,-0.5868
1.2639,0.10146,-0.38039
1.2639,0.12776,-0.16908
1.2639,0.15406,0.01532
1.2639,0.18036,0.2074
1.2639,0.20666,0.39927
1.2639,0.23295,0.59258
1.2639,0.25925,0.79399
1.2639,0.28555,1.0092
1.2639,0.31185,1.2327
1.2639,0.33815,1.4754
1.2639,0.36445,1.7124
1.2639,0.39075,1.931
1.2639,0.41704,2.1125
1.2639,0.44334,2.269
1.2639,0.46964,2.408
1.2639,0.49594,2.5422
1.2639,0.52224,2.6779
1.2639,0.54854,2.8137
1.2639,0.57484,2.9477
1.2639,0.60114,3.0683
1.2639,0.62743,3.1803
1.2639,0.65373,3.2893
1.2639,0.68003,3.3989
1.2639,0.70633,3.5125
1.2639,0.73263,3.6268
1.2639,0.75893,3.7401
1.2639,0.78523,3.8518
1.2639,0.81153,3.9617
1.2639,0.83782,4.0687
1.2639,0.86412,4.1717
1.2639,0.89042,4.2715
1.2639,0.91672,4.3696
1.2639,0.94302,4.4676
1.2639,0.96932,4.5655
1.2639,0.99562,4.6625
1.2639,1.0219,4.7578
1.2639,1.0482,4.8511
1.2639,1.0745,4.9412
1.2639,1.1008,5.0299
1.2639,1.1271,5.1169
1.2639,1.1534,5.2016
1.2639,1.1797,5.284
1.2639,1.206,5.3643
1.2639,1.2323,5.443
1.2639,1.2586,5.52
1.2639,1.2849,5.5952
1.2639,1.3112,5.6685
1.2639,1.3375,5.74
1.4406,0.022564,-1.0315
1.4406,0.048863,-0.79384
1.4406,0.075162,-0.56223
1.4406,0.10146,-0.33856
1.4406,0.12776,-0.12032
1.4406,0.15406,0.08405
1.4406,0.18036,0.28202
1.4406,0.20666,0.47512
1.4406,0.23295,0.66741
1.4406,0.25925,0.87341
1.4406,0.28555,1.098
1.4406,0.31185,1.3486
1.4406,0.33815,1.6005
1.4406,0.36445,1.8427
1.4406,0.39075,2.0725
1.4406,0.41704,2.2462
1.4406,0.44334,2.4033
1.4406,0.46964,2.5373
1.4406,0.49594,2.6693
1.4406,0.52224,2.8072
1.4406,0.54854,2.9474
1.4406,0.57484,3.0823
1.4406,0.60114,3.2048
1.4406,0.62743,3.3197
1.4406,0.65373,3.4269
1.4406,0.68003,3.5341
1.4406,0.70633,3.6459
1.4406,0.73263,3.7562
1.4406,0.75893,3.8653
1.4406,0.78523,3.9728
1.4406,0.81153,4.0787
1.4406,0.83782,4.1827
1.4406,0.86412,4.2835
1.4406,0.89042,4.3813
1.4406,0.91672,4.4778
1.4406,0.94302,4.5731
1.4406,0.96932,4.6673
1.4406,0.99562,4.7597
1.4406,1.0219,4.8499
1.4406,1.0482,4.9377
1.4406,1.0745,5.0235
1.4406,1.1008,5.1069
1.4406,1.1271,5.188
1.4406,1.1534,5.2676
1.4406,1.1797,5.3452
1.4406,1.206,5.4216
1.4406,1.2323,5.4963
1.4406,1.2586,5.5691
1.4406,1.2849,5.6401
1.4406,1.3112,5.7091
1.4406,1.3375,5.7742
1.6173,0.022564,-1.0351
1.6173,0.048863,-0.79532
1.6173,0.075162,-0.551
1.6173,0.10146,-0.30785
1.6173,0.12776,-0.076619
1.6173,0.15406,0.15229
1.6173,0.18036,0.35889
1.6173,0.20666,0.55226
1.6173,0.23295,0.7405
1.6173,0.25925,0.95059
1.6173,0.28555,1.1946
1.6173,0.31185,1.4629
1.6173,0.33815,1.7228
1.6173,0.36445,1.9722
1.6173,0.39075,2.2129
1.6173,0.41704,2.3782
1.6173,0.44334,2.5356
1.6173,0.46964,2.6636
1.6173,0.49594,2.7944
1.6173,0.52224,2.9317
1.6173,0.54854,3.0786
1.6173,0.57484,3.215
1.6173,0.60114,3.3381
1.6173,0.62743,3.4543
1.6173,0.65373,3.5604
1.6173,0.68003,3.6638
1.6173,0.70633,3.7726
1.6173,0.73263,3.8802
1.6173,0.75893,3.9844
1.6173,0.78523,4.0875
1.6173,0.81153,4.1896
1.6173,0.83782,4.291
1.6173,0.86412,4.3898
1.6173,0.89042,4.4857
1.6173,0.91672,4.5797
1.6173,0.94302,4.6713
1.6173,0.96932,4.7606
1.6173,0.99562,4.8476
1.6173,1.0219,4.9323
1.6173,1.0482,5.0149
1.6173,1.0745,5.0952
1.6173,1.1008,5.1736
1.6173,1.1271,5.2503
1.6173,1.1534,5.3239
1.6173,1.1797,5.3992
1.6173,1.206,5.4713
1.6173,1.2323,5.5398
1.6173,1.2586,5.6058
1.6173,1.2849,5.6694
1.6173,1.3112,5.7309
1.6173,1.3375,5.7906
1.7941,0.022564,-1.0367
1.7941,0.048863,-0.79899
1.7941,0.075162,-0.55096
1.7941,0.10146,-0.30005
1.7941,0.12776,-0.048682
1.7941,0.15406,0.20486
1.7941,0.18036,0.43358
1.7941,0.20666,0.63147
1.7941,0.23295,0.81616
1.7941,0.25925,1.039
1.7941,0.28555,1.302
1.7941,0.31185,1.5771
1.7941,0.33815,1.8479
1.7941,0.36445,2.0964
1.7941,0.39075,2.3294
1.7941,0.41704,2.5063
1.7941,0.44334,2.6617
1.7941,0.46964,2.7882
1.7941,0.49594,2.9205
1.7941,0.52224,3.0559
1.7941,0.54854,3.204
1.7941,0.57484,3.3403
1.7941,0.60114,3.4703
1.7941,0.62743,3.583
1.7941,0.65373,3.6874
1.7941,0.68003,3.788
1.7941,0.70633,3.8885
1.7941,0.73263,3.9976
1.7941,0.75893,4.0968
1.7941,0.78523,4.1956
1.7941,0.81153,4.2946
1.7941,0.83782,4.3935
1.7941,0.86412,4.4904
1.7941,0.89042,4.5839
1.7941,0.91672,4.6738
1.7941,0.94302,4.7607
1.7941,0.96932,4.8445
1.7941,0.99562,4.9256
1.7941,1.0219,5.0055
1.7941,1.0482,5.0826
1.7941,1.0745,5.1585
1.7941,1.1008,5.2306
1.7941,1.1271,5.3006
1.7941,1.1534,5.3716
1.7941,1.1797,5.4386
1.7941,1.206,5.5034
1.7941,1.2323,5.5657
1.7941,1.2586,5.6258
1.7941,1.2849,5.6839
1.7941,1.3112,5.7405
1.7941,1.3375,5.796
1.9708,0.022564,-1.039
1.9708,0.048863,-0.79755
1.9708,0.075162,-0.55415
1.9708,0.10146,-0.29809
1.9708,0.12776,-0.036146
1.9708,0.15406,0.22474
1.9708,0.18036,0.47453
1.9708,0.20666,0.69488
1.9708,0.23295,0.90202
1.9708,0.25925,1.1407
1.9708,0.28555,1.412
1.9708,0.31185,1.6904
1.9708,0.33815,1.9737
1.9708,0.36445,2.2178
1.9708,0.39075,2.4599
1.9708,0.41704,2.6262
1.9708,0.44334,2.7879
1.9708,0.46964,2.9117
1.9708,0.49594,3.0465
1.9708,0.52224,3.1833
1.9708,0.54854,3.3234
1.9708,0.57484,3.4589
1.9708,0.60114,3.5924
1.9708,0.62743,3.7047
1.9708,0.65373,3.809
1.9708,0.68003,3.9059
1.9708,0.70633,4.0008
1.9708,0.73263,4.1073
1.9708,0.75893,4.2011
1.9708,0.78523,4.2963
1.9708,0.81153,4.3933
1.9708,0.83782,4.491
1.9708,0.86412,4.5856
1.9708,0.89042,4.6753
1.9708,0.91672,4.7597
1.9708,0.94302,4.8401
1.9708,0.96932,4.9176
1.9708,0.99562,4.9943
1.9708,1.0219,5.069
1.9708,1.0482,5.1402
1.9708,1.0745,5.2087
1.9708,1.1008,5.2752
1.9708,1.1271,5.3418
1.9708,1.1534,5.4059
1.9708,1.1797,5.4677
1.9708,1.206,5.5271
1.9708,1.2323,5.5844
1.9708,1.2586,5.6398
1.9708,1.2849,5.6939
1.9708,1.3112,5.7471
1.9708,1.3375,5.7996
2.1475,0.022564,-1.0347
2.1475,0.048863,-0.79465
2.1475,0.075162,-0.55104
2.1475,0.10146,-0.296
2.1475,0.12776,-0.031212
2.1475,0.15406,0.23652
2.1475,0.18036,0.48805
2.1475,0.20666,0.72067
2.1475,0.23295,0.97706
2.1475,0.25925,1.243
2.1475,0.28555,1.5247
2.1475,0.31185,1.8041
2.1475,0.33815,2.0974
2.1475,0.36445,2.3453
2.1475,0.39075,2.5733
2.1475,0.41704,2.7472
2.1475,0.44334,2.8999
2.1475,0.46964,3.0297
2.1475,0.49594,3.1709
2.1475,0.52224,3.3113
2.1475,0.54854,3.4353
2.1475,0.57484,3.5799
2.1475,0.60114,3.7064
2.1475,0.62743,3.8175
2.1475,0.65373,3.9222
2.1475,0.68003,4.0166
2.1475,0.70633,4.1075
2.1475,0.73263,4.2056
2.1475,0.75893,4.2974
2.1475,0.78523,4.3922
2.1475,0.81153,4.4863
2.1475,0.83782,4.5794
2.1475,0.86412,4.6681
2.1475,0.89042,4.7512
2.1475,0.91672,4.8317
2.1475,0.94302,4.908
2.1475,0.96932,4.9836
2.1475,0.99562,5.0532
2.1475,1.0219,5.1201
2.1475,1.0482,5.1846
2.1475,1.0745,5.2474
2.1475,1.1008,5.3126
2.1475,1.1271,5.3735
2.1475,1.1534,5.4322
2.1475,1.1797,5.4884
2.1475,1.206,5.5425
2.1475,1.2323,5.5949
2.1475,1.2586,5.646
2.1475,1.2849,5.6964
2.1475,1.3112,5.7463
2.1475,1.3375,5.7961
2.3243,0.022564,-1.0378
2.3243,0.048863,-0.79749
2.3243,0.075162,-0.54945
2.3243,0.10146,-0.29768
2.3243,0.12776,-0.03846
2.3243,0.15406,0.23971
2.3243,0.18036,0.50678
2.3243,0.20666,0.75928
2.3243,0.23295,1.0373
2.3243,0.25925,1.3366
2.3243,0.28555,1.6407
2.3243,0.31185,1.9227
2.3243,0.33815,2.226
2.3243,0.36445,2.4618
2.3243,0.39075,2.695
2.3243,0.41704,2.8575
2.3243,0.44334,3.0286
2.3243,0.46964,3.1581
2.3243,0.49594,3.2916
2.3243,0.52224,3.4187
2.3243,0.54854,3.5518
2.3243,0.57484,3.6922
2.3243,0.60114,3.8107
2.3243,0.62743,3.9219
2.3243,0.65373,4.0273
2.3243,0.68003,4.1204
2.3243,0.70633,4.2097
2.3243,0.73263,4.2994
2.3243,0.75893,4.3883
2.3243,0.78523,4.4818
2.3243,0.81153,4.5713
2.3243,0.83782,4.6602
2.3243,0.86412,4.7454
2.3243,0.89042,4.8251
2.3243,0.91672,4.8961
2.3243,0.94302,4.9684
2.3243,0.96932,5.0341
2.3243,0.99562,5.0971
2.3243,1.0219,5.1579
2.3243,1.0482,5.2171
2.3243,1.0745,5.2784
2.3243,1.1008,5.3389
2.3243,1.1271,5.3946
2.3243,1.1534,5.4478
2.3243,1.1797,5.4987
2.3243,1.206,5.5479
2.3243,1.2323,5.5961
2.3243,1.2586,5.6436
2.3243,1.2849,5.6909
2.3243,1.3112,5.7383
2.3243,1.3375,5.7859
2.501,0.022564,-1.0267
2.501,0.048863,-0.79057
2.501,0.075162,-0.54758
2.501,0.10146,-0.29844
2.501,0.12776,-0.045285
2.501,0.15406,0.22196
2.501,0.18036,0.51185
2.501,0.20666,0.79235
2.501,0.23295,1.1012
2.501,0.25925,1.4171
2.501,0.28555,1.7365
2.501,0.31185,2.043
2.501,0.33815,2.3394
2.501,0.36445,2.5748
2.501,0.39075,2.7864
2.501,0.41704,2.9673
2.501,0.44334,3.1343
2.501,0.46964,3.2856
2.501,0.49594,3.4042
2.501,0.52224,3.5324
2.501,0.54854,3.6572
2.501,0.57484,3.7836
2.501,0.60114,3.9038
2.501,0.62743,4.0179
2.501,0.65373,4.118
2.501,0.68003,4.2116
2.501,0.70633,4.3022
2.501,0.73263,4.39
2.501,0.75893,4.4783
2.501,0.78523,4.5644
2.501,0.81153,4.6462
2.501,0.83782,4.7237
2.501,0.86412,4.8108
2.501,0.89042,4.8806
2.501,0.91672,4.9468
2.501,0.94302,5.0102
2.501,0.96932,5.0708
2.501,0.99562,5.1283
2.501,1.0219,5.1838
2.501,1.0482,5.241
2.501,1.0745,5.2958
2.501,1.1008,5.3482
2.501,1.1271,5.3981
2.501,1.1534,5.4458
2.501,1.1797,5.492
2.501,1.206,5.5374
2.501,1.2323,5.5825
2.501,1.2586,5.6276
2.501,1.2849,5.6731
2.501,1.3112,5.719
2.501,1.3375,5.7655
2.6777,0.022564,-1.0262
2.6777,0.048863,-0.78721
2.6777,0.075162,-0.54777
2.6777,0.10146,-0.30475
2.6777,0.12776,-0.050946
2.6777,0.15406,0.20651
2.6777,0.18036,0.51026
2.6777,0.20666,0.82375
2.6777,0.23295,1.1621
2.6777,0.25925,1.4972
2.6777,0.28555,1.8276
2.6777,0.31185,2.1444
2.6777,0.33815,2.4444
2.6777,0.36445,2.6677
2.6777,0.39075,2.8799
2.6777,0.41704,3.0562
2.6777,0.44334,3.2162
2.6777,0.46964,3.3729
2.6777,0.49594,3.4822
2.6777,0.52224,3.6198
2.6777,0.54854,3.7392
2.6777,0.57484,3.8701
2.6777,0.60114,3.9881
2.6777,0.62743,4.1072
2.6777,0.65373,4.2107
2.6777,0.68003,4.3064
2.6777,0.70633,4.3929
2.6777,0.73263,4.4752
2.6777,0.75893,4.5588
2.6777,0.78523,4.635
2.6777,0.81153,4.7064
2.6777,0.83782,4.7745
2.6777,0.86412,4.8502
2.6777,0.89042,4.9207
2.6777,0.91672,4.9816
2.6777,0.94302,5.0379
2.6777,0.96932,5.0917
2.6777,0.99562,5.1441
2.6777,1.0219,5.1988
2.6777,1.0482,5.2498
2.6777,1.0745,5.2982
2.6777,1.1008,5.3439
2.6777,1.1271,5.3876
2.6777,1.1534,5.431
2.6777,1.1797,5.474
2.6777,1.206,5.517
2.6777,1.2323,5.5602
2.6777,1.2586,5.6041
2.6777,1.2849,5.6485
2.6777,1.3112,5.6937
2.6777,1.3375,5.7396
2.8545,0.022564,-1.0271
2.8545,0.048863,-0.79046
2.8545,0.075162,-0.55543
2.8545,0.10146,-0.31734
2.8545,0.12776,-0.054561
2.8545,0.15406,0.2179
2.8545,0.18036,0.53658
2.8545,0.20666,0.87834
2.8545,0.23295,1.2249
2.8545,0.25925,1.5678
2.8545,0.28555,1.9028
2.8545,0.31185,2.2179
2.8545,0.33815,2.515
2.8545,0.36445,2.7576
2.8545,0.39075,2.9621
2.8545,0.41704,3.1269
2.8545,0.44334,3.2846
2.8545,0.46964,3.429
2.8545,0.49594,3.5532
2.8545,0.52224,3.6948
2.8545,0.54854,3.8282
2.8545,0.57484,3.9489
2.8545,0.60114,4.0791
2.8545,0.62743,4.1913
2.8545,0.65373,4.2948
2.8545,0.68003,4.3915
2.8545,0.70633,4.4748
2.8545,0.73263,4.5539
2.8545,0.75893,4.624
2.8545,0.78523,4.689
2.8545,0.81153,4.7515
2.8545,0.83782,4.8142
2.8545,0.86412,4.8877
2.8545,0.89042,4.9498
2.8545,0.91672,5.0037
2.8545,0.94302,5.0546
2.8545,0.96932,5.104
2.8545,0.99562,5.1552
2.8545,1.0219,5.2038
2.8545,1.0482,5.2496
2.8545,1.0745,5.2926
2.8545,1.1008,5.3335
2.8545,1.1271,5.3734
2.8545,1.1534,5.413
2.8545,1.1797,5.453
2.8545,1.206,5.4937
2.8545,1.2323,5.5352
2.8545,1.2586,5.5777
2.8545,1.2849,5.6213
2.8545,1.3112,5.6661
2.8545,1.3375,5.7117
3.0312,0.022564,-1.0352
3.0312,0.048863,-0.79762
3.0312,0.075162,-0.56081
3.0312,0.10146,-0.31927
3.0312,0.12776,-0.045473
3.0312,0.15406,0.26571
3.0312,0.18036,0.59262
3.0312,0.20666,0.94007
3.0312,0.23295,1.2901
3.0312,0.25925,1.6332
3.0312,0.28555,1.9692
3.0312,0.31185,2.285
3.0312,0.33815,2.5781
3.0312,0.36445,2.8282
3.0312,0.39075,3.023
3.0312,0.41704,3.1843
3.0312,0.44334,3.3322
3.0312,0.46964,3.4793
3.0312,0.49594,3.6267
3.0312,0.52224,3.7651
3.0312,0.54854,3.9032
3.0312,0.57484,4.0227
3.0312,0.60114,4.1582
3.0312,0.62743,4.2647
3.0312,0.65373,4.365
3.0312,0.68003,4.4695
3.0312,0.70633,4.5541
3.0312,0.73263,4.6239
3.0312,0.75893,4.6819
3.0312,0.78523,4.732
3.0312,0.81153,4.7843
3.0312,0.83782,4.8451
3.0312,0.86412,4.9114
3.0312,0.89042,4.963
3.0312,0.91672,5.0117
3.0312,0.94302,5.0589
3.0312,0.96932,5.1063
3.0312,0.99562,5.1537
3.0312,1.0219,5.1976
3.0312,1.0482,5.2382
3.0312,1.0745,5.2767
3.0312,1.1008,5.3142
3.0312,1.1271,5.3516
3.0312,1.1534,5.3895
3.0312,1.1797,5.4283
3.0312,1.206,5.4681
3.0312,1.2323,5.5091
3.0312,1.2586,5.5512
3.0312,1.2849,5.5943
3.0312,1.3112,5.6385
3.0312,1.3375,5.6836
3.208,0.022564,-1.0491
3.208,0.048863,-0.8067
3.208,0.075162,-0.56017
3.208,0.10146,-0.2951
3.208,0.12776,-0.005762
3.208,0.15406,0.31275
3.208,0.18036,0.65125
3.208,0.20666,1.0009
3.208,0.23295,1.3526
3.208,0.25925,1.6946
3.208,0.28555,2.0399
3.208,0.31185,2.346
3.208,0.33815,2.6317
3.208,0.36445,2.8939
3.208,0.39075,3.085
3.208,0.41704,3.2437
3.208,0.44334,3.3906
3.208,0.46964,3.5261
3.208,0.49594,3.6841
3.208,0.52224,3.8282
3.208,0.54854,3.9791
3.208,0.57484,4.094
3.208,0.60114,4.2254
3.208,0.62743,4.3311
3.208,0.65373,4.4348
3.208,0.68003,4.5382
3.208,0.70633,4.6196
3.208,0.73263,4.6745
3.208,0.75893,4.7245
3.208,0.78523,4.7614
3.208,0.81153,4.8105
3.208,0.83782,4.8613
3.208,0.86412,4.9143
3.208,0.89042,4.962
3.208,0.91672,5.0074
3.208,0.94302,5.053
3.208,0.96932,5.0989
3.208,0.99562,5.1414
3.208,1.0219,5.1803
3.208,1.0482,5.2168
3.208,1.0745,5.2524
3.208,1.1008,5.2879
3.208,1.1271,5.324
3.208,1.1534,5.3611
3.208,1.1797,5.3995
3.208,1.206,5.4391
3.208,1.2323,5.4801
3.208,1.2586,5.5222
3.208,1.2849,5.5653
3.208,1.3112,5.6095
3.208,1.3375,5.6546
3.3847,0.022564,-1.0651
3.3847,0.048863,-0.81037
3.3847,0.075162,-0.54721
3.3847,0.10146,-0.26657
3.3847,0.12776,0.039976
3.3847,0.15406,0.36547
3.3847,0.18036,0.70863
3.3847,0.20666,1.0595
3.3847,0.23295,1.4155
3.3847,0.25925,1.7491
3.3847,0.28555,2.0895
3.3847,0.31185,2.3984
3.3847,0.33815,2.6841
3.3847,0.36445,2.9319
3.3847,0.39075,3.1368
3.3847,0.41704,3.2919
3.3847,0.44334,3.4344
3.3847,0.46964,3.5884
3.3847,0.49594,3.7395
3.3847,0.52224,3.8886
3.3847,0.54854,4.0314
3.3847,0.57484,4.1566
3.3847,0.60114,4.2825
3.3847,0.62743,4.3918
3.3847,0.65373,4.4995
3.3847,0.68003,4.5946
3.3847,0.70633,4.6682
3.3847,0.73263,4.7148
3.3847,0.75893,4.7512
3.3847,0.78523,4.7762
3.3847,0.81153,4.8188
3.3847,0.83782,4.862
3.3847,0.86412,4.9052
3.3847,0.89042,4.9489
3.3847,0.91672,4.9932
3.3847,0.94302,5.0387
3.3847,0.96932,5.081
3.3847,0.99562,5.1193
3.3847,1.0219,5.155
3.3847,1.0482,5.1894
3.3847,1.0745,5.2236
3.3847,1.1008,5.2584
3.3847,1.1271,5.2942
3.3847,1.1534,5.3312
3.3847,1.1797,5.3694
3.3847,1.206,5.409
3.3847,1.2323,5.4497
3.3847,1.2586,5.4917
3.3847,1.2849,5.5347
3.3847,1.3112,5.5788
3.3847,1.3375,5.6238
3.5614,0.022564,-1.0622
3.5614,0.048863,-0.79884
3.5614,0.075162,-0.52173
3.5614,0.10146,-0.22542
3.5614,0.12776,0.089527
3.5614,0.15406,0.42168
3.5614,0.18036,0.76447
3.5614,0.20666,1.1176
3.5614,0.23295,1.4681
3.5614,0.25925,1.8045
3.5614,0.28555,2.1392
3.5614,0.31185,2.4595
3.5614,0.33815,2.7323
3.5614,0.36445,2.9785
3.5614,0.39075,3.1857
3.5614,0.41704,3.3377
3.5614,0.44334,3.4806
3.5614,0.46964,3.6415
3.5614,0.49594,3.787
3.5614,0.52224,3.9305
3.5614,0.54854,4.0787
3.5614,0.57484,4.2044
3.5614,0.60114,4.3282
3.5614,0.62743,4.4472
3.5614,0.65373,4.5553
3.5614,0.68003,4.636
3.5614,0.70633,4.6981
3.5614,0.73263,4.7362
3.5614,0.75893,4.7553
3.5614,0.78523,4.7783
3.5614,0.81153,4.8068
3.5614,0.83782,4.844
3.5614,0.86412,4.8847
3.5614,0.89042,4.928
3.5614,0.91672,4.9725
3.5614,0.94302,5.0147
3.5614,0.96932,5.0538
3.5614,0.99562,5.09
3.5614,1.0219,5.1243
3.5614,1.0482,5.1573
3.5614,1.0745,5.1908
3.5614,1.1008,5.2252
3.5614,1.1271,5.2608
3.5614,1.1534,5.2978
3.5614,1.1797,5.3361
3.5614,1.206,5.3757
3.5614,1.2323,5.4165
3.5614,1.2586,5.4586
3.5614,1.2849,5.5017
3.5614,1.3112,5.5459
3.5614,1.3375,5.591
3.7382,0.022564,-1.0492
3.7382,0.048863,-0.77308
3.7382,0.075162,-0.48206
3.7382,0.10146,-0.17473
3.7382,0.12776,0.14332
3.7382,0.15406,0.47676
3.7382,0.18036,0.81865
3.7382,0.20666,1.1674
3.7382,0.23295,1.5118
3.7382,0.25925,1.8468
3.7382,0.28555,2.1871
3.7382,0.31185,2.5032
3.7382,0.33815,2.7756
3.7382,0.36445,3.0122
3.7382,0.39075,3.2253
3.7382,0.41704,3.3734
3.7382,0.44334,3.525
3.7382,0.46964,3.6931
3.7382,0.49594,3.8409
3.7382,0.52224,3.9767
3.7382,0.54854,4.1225
3.7382,0.57484,4.2585
3.7382,0.60114,4.3798
3.7382,0.62743,4.4987
3.7382,0.65373,4.6008
3.7382,0.68003,4.6668
3.7382,0.70633,4.7131
3.7382,0.73263,4.7429
3.7382,0.75893,4.7571
3.7382,0.78523,4.7685
3.7382,0.81153,4.7886
3.7382,0.83782,4.822
3.7382,0.86412,4.8617
3.7382,0.89042,4.9022
3.7382,0.91672,4.9432
3.7382,0.94302,4.9806
3.7382,0.96932,5.0151
3.7382,0.99562,5.0481
3.7382,1.0219,5.0813
3.7382,1.0482,5.1154
3.7382,1.0745,5.1502
3.7382,1.1008,5.186
3.7382,1.1271,5.2228
3.7382,1.1534,5.2607
3.7382,1.1797,5.2996
3.7382,1.206,5.3397
3.7382,1.2323,5.381
3.7382,1.2586,5.4233
3.7382,1.2849,5.4667
3.7382,1.3112,5.511
3.7382,1.3375,5.5563
3.9149,0.022564,-1.0226
3.9149,0.048863,-0.73526
3.9149,0.075162,-0.43315
3.9149,0.10146,-0.12308
3.9149,0.12776,0.18931
3.9149,0.15406,0.52448
3.9149,0.18036,0.869
3.9149,0.20666,1.2184
3.9149,0.23295,1.5552
3.9149,0.25925,1.8949
3.9149,0.28555,2.231
3.9149,0.31185,2.5413
3.9149,0.33815,2.8022
3.9149,0.36445,3.0353
3.9149,0.39075,3.2482
3.9149,0.41704,3.3954
3.9149,0.44334,3.5555
3.9149,0.46964,3.7277
3.9149,0.49594,3.8778
3.9149,0.52224,4.0163
3.9149,0.54854,4.1599
3.9149,0.57484,4.3009
3.9149,0.60114,4.427
3.9149,0.62743,4.545
3.9149,0.65373,4.6297
3.9149,0.68003,4.6869
3.9149,0.70633,4.7251
3.9149,0.73263,4.7466
3.9149,0.75893,4.7493
3.9149,0.78523,4.7502
3.9149,0.81153,4.7632
3.9149,0.83782,4.7951
3.9149,0.86412,4.8328
3.9149,0.89042,4.8702
3.9149,0.91672,4.9051
3.9149,0.94302,4.9387
3.9149,0.96932,4.9718
3.9149,0.99562,5.0048
3.9149,1.0219,5.0383
3.9149,1.0482,5.0727
3.9149,1.0745,5.1081
3.9149,1.1008,5.1447
3.9149,1.1271,5.1824
3.9149,1.1534,5.2211
3.9149,1.1797,5.2609
3.9149,1.206,5.3017
3.9149,1.2323,5.3435
3.9149,1.2586,5.3862
3.9149,1.2849,5.4298
3.9149,1.3112,5.4744
3.9149,1.3375,5.5199
4.0916,0.022564,-0.98529
4.0916,0.048863,-0.69133
4.0916,0.075162,-0.38963
4.0916,0.10146,-0.078787
4.0916,0.12776,0.23719
4.0916,0.15406,0.57195
4.0916,0.18036,0.91228
4.0916,0.20666,1.2634
4.0916,0.23295,1.5969
4.0916,0.25925,1.9241
4.0916,0.28555,2.2552
4.0916,0.31185,2.5569
4.0916,0.33815,2.8146
4.0916,0.36445,3.0508
4.0916,0.39075,3.2712
4.0916,0.41704,3.4318
4.0916,0.44334,3.5914
4.0916,0.46964,3.7543
4.0916,0.49594,3.9136
4.0916,0.52224,4.0568
4.0916,0.54854,4.1983
4.0916,0.57484,4.3375
4.0916,0.60114,4.4682
4.0916,0.62743,4.5755
4.0916,0.65373,4.6418
4.0916,0.68003,4.6906
4.0916,0.70633,4.726
4.0916,0.73263,4.7424
4.0916,0.75893,4.7371
4.0916,0.78523,4.729
4.0916,0.81153,4.7385
4.0916,0.83782,4.7661
4.0916,0.86412,4.8008
4.0916,0.89042,4.8314
4.0916,0.91672,4.8607
4.0916,0.94302,4.8919
4.0916,0.96932,4.9249
4.0916,0.99562,4.959
4.0916,1.0219,4.9939
4.0916,1.0482,5.0297
4.0916,1.0745,5.0663
4.0916,1.1008,5.1038
4.0916,1.1271,5.1423
4.0916,1.1534,5.1815
4.0916,1.1797,5.2213
4.0916,1.206,5.2623
4.0916,1.2323,5.3044
4.0916,1.2586,5.3475
4.0916,1.2849,5.3916
4.0916,1.3112,5.4365
4.0916,1.3375,5.4822
4.2684,0.022564,-0.94524
4.2684,0.048863,-0.6524
4.2684,0.075162,-0.35307
4.2684,0.10146,-0.042287
4.2684,0.12776,0.27555
4.2684,0.15406,0.60824
4.2684,0.18036,0.94736
4.2684,0.20666,1.2914
4.2684,0.23295,1.6175
4.2684,0.25925,1.9434
4.2684,0.28555,2.2596
4.2684,0.31185,2.5564
4.2684,0.33815,2.8117
4.2684,0.36445,3.0629
4.2684,0.39075,3.2853
4.2684,0.41704,3.4447
4.2684,0.44334,3.6146
4.2684,0.46964,3.781
4.2684,0.49594,3.9357
4.2684,0.52224,4.0792
4.2684,0.54854,4.2308
4.2684,0.57484,4.3729
4.2684,0.60114,4.5053
4.2684,0.62743,4.5949
4.2684,0.65373,4.6551
4.2684,0.68003,4.6928
4.2684,0.70633,4.7164
4.2684,0.73263,4.723
4.2684,0.75893,4.7195
4.2684,0.78523,4.7097
4.2684,0.81153,4.7109
4.2684,0.83782,4.7339
4.2684,0.86412,4.7612
4.2684,0.89042,4.7869
4.2684,0.91672,4.8129
4.2684,0.94302,4.8431
4.2684,0.96932,4.8766
4.2684,0.99562,4.9122
4.2684,1.0219,4.9488
4.2684,1.0482,4.9862
4.2684,1.0745,5.0228
4.2684,1.1008,5.0605
4.2684,1.1271,5.0993
4.2684,1.1534,5.1394
4.2684,1.1797,5.1804
4.2684,1.206,5.2222
4.2684,1.2323,5.2649
4.2684,1.2586,5.3085
4.2684,1.2849,5.3529
4.2684,1.3112,5.3981
4.2684,1.3375,5.444
4.4451,0.022564,-0.91306
4.4451,0.048863,-0.6171
4.4451,0.075162,-0.318
4.4451,0.10146,-0.012886
4.4451,0.12776,0.30444
4.4451,0.15406,0.63523
4.4451,0.18036,0.97184
4.4451,0.20666,1.3102
4.4451,0.23295,1.6213
4.4451,0.25925,1.9581
4.4451,0.28555,2.2684
4.4451,0.31185,2.5535
4.4451,0.33815,2.8208
4.4451,0.36445,3.0695
4.4451,0.39075,3.2897
4.4451,0.41704,3.4596
4.4451,0.44334,3.6246
4.4451,0.46964,3.7891
4.4451,0.49594,3.9527
4.4451,0.52224,4.0996
4.4451,0.54854,4.2515
4.4451,0.57484,4.399
4.4451,0.60114,4.5259
4.4451,0.62743,4.5944
4.4451,0.65373,4.6483
4.4451,0.68003,4.6804
4.4451,0.70633,4.6978
4.4451,0.73263,4.7059
4.4451,0.75893,4.7047
4.4451,0.78523,4.6957
4.4451,0.81153,4.6877
4.4451,0.83782,4.6982
4.4451,0.86412,4.7177
4.4451,0.89042,4.7398
4.4451,0.91672,4.7621
4.4451,0.94302,4.7911
4.4451,0.96932,4.8255
4.4451,0.99562,4.8626
4.4451,1.0219,4.8996
4.4451,1.0482,4.9383
4.4451,1.0745,4.9774
4.4451,1.1008,5.0172
4.4451,1.1271,5.0575
4.4451,1.1534,5.0984
4.4451,1.1797,5.1401
4.4451,1.206,5.1825
4.4451,1.2323,5.2257
4.4451,1.2586,5.2696
4.4451,1.2849,5.3143
4.4451,1.3112,5.3597
4.4451,1.3375,5.4058
4.6218,0.022564,-0.87947
4.6218,0.048863,-0.58711
4.6218,0.075162,-0.29263
4.6218,0.10146,0.013397
4.6218,0.12776,0.32891
4.6218,0.15406,0.65364
4.6218,0.18036,0.98037
4.6218,0.20666,1.3146
4.6218,0.23295,1.6282
4.6218,0.25925,1.952
4.6218,0.28555,2.2559
4.6218,0.31185,2.5555
4.6218,0.33815,2.8257
4.6218,0.36445,3.0781
4.6218,0.39075,3.2978
4.6218,0.41704,3.4819
4.6218,0.44334,3.6466
4.6218,0.46964,3.8207
4.6218,0.49594,3.9787
4.6218,0.52224,4.1351
4.6218,0.54854,4.2808
4.6218,0.57484,4.4212
4.6218,0.60114,4.5254
4.6218,0.62743,4.592
4.6218,0.65373,4.6336
4.6218,0.68003,4.6603
4.6218,0.70633,4.6759
4.6218,0.73263,4.6873
4.6218,0.75893,4.6912
4.6218,0.78523,4.6807
4.6218,0.81153,4.6632
4.6218,0.83782,4.6611
4.6218,0.86412,4.6732
4.6218,0.89042,4.6929
4.6218,0.91672,4.7121
4.6218,0.94302,4.7397
4.6218,0.96932,4.7729
4.6218,0.99562,4.8114
4.6218,1.0219,4.8508
4.6218,1.0482,4.8909
4.6218,1.0745,4.9313
4.6218,1.1008,4.9721
4.6218,1.1271,5.0133
4.6218,1.1534,5.055
4.6218,1.1797,5.0973
4.6218,1.206,5.1402
4.6218,1.2323,5.1838
4.6218,1.2586,5.228
4.6218,1.2849,5.273
4.6218,1.3112,5.3186
4.6218,1.3375,5.3649
4.7986,0.022564,-0.87007
4.7986,0.048863,-0.57639
4.7986,0.075162,-0.26882
4.7986,0.10146,0.035123
4.7986,0.12776,0.34468
4.7986,0.15406,0.66282
4.7986,0.18036,0.98331
4.7986,0.20666,1.3058
4.7986,0.23295,1.627
4.7986,0.25925,1.9405
4.7986,0.28555,2.2516
4.7986,0.31185,2.5532
4.7986,0.33815,2.8356
4.7986,0.36445,3.0884
4.7986,0.39075,3.2952
4.7986,0.41704,3.4876
4.7986,0.44334,3.6397
4.7986,0.46964,3.8207
4.7986,0.49594,3.9914
4.7986,0.52224,4.1465
4.7986,0.54854,4.299
4.7986,0.57484,4.4182
4.7986,0.60114,4.5057
4.7986,0.62743,4.5712
4.7986,0.65373,4.6076
4.7986,0.68003,4.6362
4.7986,0.70633,4.6548
4.7986,0.73263,4.6701
4.7986,0.75893,4.6757
4.7986,0.78523,4.6623
4.7986,0.81153,4.6363
4.7986,0.83782,4.6241
4.7986,0.86412,4.6297
4.7986,0.89042,4.6434
4.7986,0.91672,4.6612
4.7986,0.94302,4.6858
4.7986,0.96932,4.719
4.7986,0.99562,4.7576
4.7986,1.0219,4.7985
4.7986,1.0482,4.8402
4.7986,1.0745,4.8822
4.7986,1.1008,4.9243
4.7986,1.1271,4.9665
4.7986,1.1534,5.0091
4.7986,1.1797,5.0522
4.7986,1.206,5.0957
4.7986,1.2323,5.1398
4.7986,1.2586,5.1846
4.7986,1.2849,5.23
4.7986,1.3112,5.276
4.7986,1.3375,5.3226
4.9753,0.022564,-0.86897
4.9753,0.048863,-0.5657
4.9753,0.075162,-0.26567
4.9753,0.10146,0.039084
4.9753,0.12776,0.34778
4.9753,0.15406,0.66264
4.9753,0.18036,0.97908
4.9753,0.20666,1.2983
4.9753,0.23295,1.6192
4.9753,0.25925,1.937
4.9753,0.28555,2.2412
4.9753,0.31185,2.5436
4.9753,0.33815,2.834
4.9753,0.36445,3.0795
4.9753,0.39075,3.2935
4.9753,0.41704,3.4858
4.9753,0.44334,3.6293
4.9753,0.46964,3.8056
4.9753,0.49594,3.975
4.9753,0.52224,4.1432
4.9753,0.54854,4.297
4.9753,0.57484,4.381
4.9753,0.60114,4.4751
4.9753,0.62743,4.5339
4.9753,0.65373,4.5822
4.9753,0.68003,4.6113
4.9753,0.70633,4.6371
4.9753,0.73263,4.6547
4.9753,0.75893,4.659
4.9753,0.78523,4.6429
4.9753,0.81153,4.6115
4.9753,0.83782,4.5847
4.9753,0.86412,4.5827
4.9753,0.89042,4.5972
4.9753,0.91672,4.6187
4.9753,0.94302,4.6355
4.9753,0.96932,4.6685
4.9753,0.99562,4.7043
4.9753,1.0219,4.7457
4.9753,1.0482,4.7891
4.9753,1.0745,4.8326
4.9753,1.1008,4.876
4.9753,1.1271,4.9194
4.9753,1.1534,4.9629
4.9753,1.1797,5.0067
4.9753,1.206,5.0509
4.9753,1.2323,5.0958
4.9753,1.2586,5.1412
4.9753,1.2849,5.1871
4.9753,1.3112,5.2333
4.9753,1.3375,5.2799
5.152,0.022564,-0.87012
5.152,0.048863,-0.57199
5.152,0.075162,-0.27789
5.152,0.10146,0.025698
5.152,0.12776,0.33566
5.152,0.15406,0.65062
5.152,0.18036,0.96679
5.152,0.20666,1.2861
5.152,0.23295,1.6058
5.152,0.25925,1.9222
5.152,0.28555,2.2277
5.152,0.31185,2.5088
5.152,0.33815,2.7939
5.152,0.36445,3.0507
5.152,0.39075,3.2747
5.152,0.41704,3.4608
5.152,0.44334,3.6131
5.152,0.46964,3.7711
5.152,0.49594,3.9545
5.152,0.52224,4.1231
5.152,0.54854,4.2704
5.152,0.57484,4.3482
5.152,0.60114,4.4233
5.152,0.62743,4.4888
5.152,0.65373,4.543
5.152,0.68003,4.5864
5.152,0.70633,4.6204
5.152,0.73263,4.6392
5.152,0.75893,4.6397
5.152,0.78523,4.6233
5.152,0.81153,4.5924
5.152,0.83782,4.5554
5.152,0.86412,4.5392
5.152,0.89042,4.548
5.152,0.91672,4.5683
5.152,0.94302,4.5861
5.152,0.96932,4.6173
5.152,0.99562,4.6566
5.152,1.0219,4.7002
5.152,1.0482,4.7407
5.152,1.0745,4.7834
5.152,1.1008,4.8281
5.152,1.1271,4.873
5.152,1.1534,4.9177
5.152,1.1797,4.9624
5.152,1.206,5.007
5.152,1.2323,5.0517
5.152,1.2586,5.097
5.152,1.2849,5.143
5.152,1.3112,5.1898
5.152,1.3375,5.237
5.3288,0.022564,-0.88281
5.3288,0.048863,-0.58463
5.3288,0.075162,-0.29263
5.3288,0.10146,0.010751
5.3288,0.12776,0.31773
5.3288,0.15406,0.63247
5.3288,0.18036,0.94974
5.3288,0.20666,1.2651
5.3288,0.23295,1.5815
5.3288,0.25925,1.89
5.3288,0.28555,2.172
5.3288,0.31185,2.472
5.3288,0.33815,2.7438
5.3288,0.36445,3.0093
5.3288,0.39075,3.2489
5.3288,0.41704,3.4264
5.3288,0.44334,3.5792
5.3288,0.46964,3.7409
5.3288,0.49594,3.9168
5.3288,0.52224,4.0961
5.3288,0.54854,4.2297
5.3288,0.57484,4.3171
5.3288,0.60114,4.3798
5.3288,0.62743,4.439
5.3288,0.65373,4.5079
5.3288,0.68003,4.5635
5.3288,0.70633,4.6018
5.3288,0.73263,4.6198
5.3288,0.75893,4.6186
5.3288,0.78523,4.6037
5.3288,0.81153,4.5753
5.3288,0.83782,4.5358
5.3288,0.86412,4.5087
5.3288,0.89042,4.5077
5.3288,0.91672,4.5218
5.3288,0.94302,4.5433
5.3288,0.96932,4.5696
5.3288,0.99562,4.6057
5.3288,1.0219,4.648
5.3288,1.0482,4.6928
5.3288,1.0745,4.7381
5.3288,1.1008,4.7828
5.3288,1.1271,4.827
5.3288,1.1534,4.8727
5.3288,1.1797,4.9175
5.3288,1.206,4.9625
5.3288,1.2323,5.0079
5.3288,1.2586,5.054
5.3288,1.2849,5.1005
5.3288,1.3112,5.1475
5.3288,1.3375,5.1949
5.5055,0.022564,-0.90426
5.5055,0.048863,-0.60429
5.5055,0.075162,-0.30424
5.5055,0.10146,-0.0052948
5.5055,0.12776,0.30012
5.5055,0.15406,0.60842
5.5055,0.18036,0.92381
5.5055,0.20666,1.2391
5.5055,0.23295,1.5493
5.5055,0.25925,1.841
5.5055,0.28555,2.1204
5.5055,0.31185,2.4079
5.5055,0.33815,2.6841
5.5055,0.36445,2.9595
5.5055,0.39075,3.2091
5.5055,0.41704,3.407
5.5055,0.44334,3.5605
5.5055,0.46964,3.7154
5.5055,0.49594,3.8956
5.5055,0.52224,4.0576
5.5055,0.54854,4.1782
5.5055,0.57484,4.2653
5.5055,0.60114,4.3338
5.5055,0.62743,4.4074
5.5055,0.65373,4.4746
5.5055,0.68003,4.5396
5.5055,0.70633,4.5783
5.5055,0.73263,4.5969
5.5055,0.75893,4.5987
5.5055,0.78523,4.5841
5.5055,0.81153,4.5605
5.5055,0.83782,4.522
5.5055,0.86412,4.4811
5.5055,0.89042,4.4676
5.5055,0.91672,4.4788
5.5055,0.94302,4.5007
5.5055,0.96932,4.5208
5.5055,0.99562,4.5545
5.5055,1.0219,4.5978
5.5055,1.0482,4.6446
5.5055,1.0745,4.6917
5.5055,1.1008,4.7373
5.5055,1.1271,4.7821
5.5055,1.1534,4.8271
5.5055,1.1797,4.8724
5.5055,1.206,4.9184
5.5055,1.2323,4.9646
5.5055,1.2586,5.011
5.5055,1.2849,5.0577
5.5055,1.3112,5.1049
5.5055,1.3375,5.1524
5.6822,0.022564,-0.93246
5.6822,0.048863,-0.62625
5.6822,0.075162,-0.32408
5.6822,0.10146,-0.01997
5.6822,0.12776,0.28183
5.6822,0.15406,0.58673
5.6822,0.18036,0.89466
5.6822,0.20666,1.2011
5.6822,0.23295,1.5033
5.6822,0.25925,1.7979
5.6822,0.28555,2.0803
5.6822,0.31185,2.3645
5.6822,0.33815,2.6401
5.6822,0.36445,2.9099
5.6822,0.39075,3.1719
5.6822,0.41704,3.3871
5.6822,0.44334,3.5454
5.6822,0.46964,3.6948
5.6822,0.49594,3.8656
5.6822,0.52224,4.0201
5.6822,0.54854,4.1259
5.6822,0.57484,4.2066
5.6822,0.60114,4.2834
5.6822,0.62743,4.3672
5.6822,0.65373,4.447
5.6822,0.68003,4.5081
5.6822,0.70633,4.5474
5.6822,0.73263,4.5707
5.6822,0.75893,4.5784
5.6822,0.78523,4.5712
5.6822,0.81153,4.5547
5.6822,0.83782,4.5203
5.6822,0.86412,4.4665
5.6822,0.89042,4.4353
5.6822,0.91672,4.4353
5.6822,0.94302,4.4531
5.6822,0.96932,4.4732
5.6822,0.99562,4.505
5.6822,1.0219,4.5465
5.6822,1.0482,4.5919
5.6822,1.0745,4.6378
5.6822,1.1008,4.6861
5.6822,1.1271,4.7342
5.6822,1.1534,4.7816
5.6822,1.1797,4.8287
5.6822,1.206,4.8748
5.6822,1.2323,4.921
5.6822,1.2586,4.9677
5.6822,1.2849,5.0147
5.6822,1.3112,5.062
5.6822,1.3375,5.1097
5.859,0.022564,-0.96497
5.859,0.048863,-0.65718
5.859,0.075162,-0.34891
5.859,0.10146,-0.04244
5.859,0.12776,0.25786
5.859,0.15406,0.55529
5.859,0.18036,0.85617
5.859,0.20666,1.1597
5.859,0.23295,1.4578
5.859,0.25925,1.7479
5.859,0.28555,2.0325
5.859,0.31185,2.3118
5.859,0.33815,2.5867
5.859,0.36445,2.8552
5.859,0.39075,3.1234
5.859,0.41704,3.3738
5.859,0.44334,3.5335
5.859,0.46964,3.6912
5.859,0.49594,3.8493
5.859,0.52224,3.9822
5.859,0.54854,4.068
5.859,0.57484,4.1609
5.859,0.60114,4.2416
5.859,0.62743,4.3342
5.859,0.65373,4.4171
5.859,0.68003,4.4742
5.859,0.70633,4.5141
5.859,0.73263,4.5415
5.859,0.75893,4.557
5.859,0.78523,4.5622
5.859,0.81153,4.5554
5.859,0.83782,4.5235
5.859,0.86412,4.4644
5.859,0.89042,4.4257
5.859,0.91672,4.411
5.859,0.94302,4.419
5.859,0.96932,4.4381
5.859,0.99562,4.458
5.859,1.0219,4.496
5.859,1.0482,4.5418
5.859,1.0745,4.5907
5.859,1.1008,4.6387
5.859,1.1271,4.6865
5.859,1.1534,4.7349
5.859,1.1797,4.7828
5.859,1.206,4.8301
5.859,1.2323,4.8771
5.859,1.2586,4.924
5.859,1.2849,4.9714
5.859,1.3112,5.0182
5.859,1.3375,5.0655
6.0357,0.022564,-0.99837
6.0357,0.048863,-0.68965
6.0357,0.075162,-0.38073
6.0357,0.10146,-0.074972
6.0357,0.12776,0.22283
6.0357,0.15406,0.51796
6.0357,0.18036,0.81696
6.0357,0.20666,1.1178
6.0357,0.23295,1.4137
6.0357,0.25925,1.6977
6.0357,0.28555,1.9864
6.0357,0.31185,2.2588
6.0357,0.33815,2.5334
6.0357,0.36445,2.803
6.0357,0.39075,3.0808
6.0357,0.41704,3.3499
6.0357,0.44334,3.5474
6.0357,0.46964,3.6865
6.0357,0.49594,3.8462
6.0357,0.52224,3.9458
6.0357,0.54854,4.0261
6.0357,0.57484,4.1157
6.0357,0.60114,4.2095
6.0357,0.62743,4.2995
6.0357,0.65373,4.3823
6.0357,0.68003,4.4355
6.0357,0.70633,4.4774
6.0357,0.73263,4.5094
6.0357,0.75893,4.5319
6.0357,0.78523,4.5458
6.0357,0.81153,4.5397
6.0357,0.83782,4.525
6.0357,0.86412,4.4847
6.0357,0.89042,4.4338
6.0357,0.91672,4.4056
6.0357,0.94302,4.4005
6.0357,0.96932,4.4113
6.0357,0.99562,4.417
6.0357,1.0219,4.4488
6.0357,1.0482,4.4908
6.0357,1.0745,4.539
6.0357,1.1008,4.5888
6.0357,1.1271,4.6387
6.0357,1.1534,4.6867
6.0357,1.1797,4.7347
6.0357,1.206,4.783
6.0357,1.2323,4.831
6.0357,1.2586,4.8789
6.0357,1.2849,4.9269
6.0357,1.3112,4.9731
6.0357,1.3375,5.0215
6.2124,0.022564,-1.035
6.2124,0.048863,-0.7218
6.2124,0.075162,-0.4118
6.2124,0.10146,-0.10711
6.2124,0.12776,0.19115
6.2124,0.15406,0.48469
6.2124,0.18036,0.7811
6.2124,0.20666,1.086
6.2124,0.23295,1.3842
6.2124,0.25925,1.6719
6.2124,0.28555,1.951
6.2124,0.31185,2.2256
6.2124,0.33815,2.494
6.2124,0.36445,2.7709
6.2124,0.39075,3.057
6.2124,0.41704,3.3297
6.2124,0.44334,3.5548
6.2124,0.46964,3.7001
6.2124,0.49594,3.8293
6.2124,0.52224,3.9034
6.2124,0.54854,3.9837
6.2124,0.57484,4.0814
6.2124,0.60114,4.1791
6.2124,0.62743,4.2676
6.2124,0.65373,4.3344
6.2124,0.68003,4.3935
6.2124,0.70633,4.4368
6.2124,0.73263,4.475
6.2124,0.75893,4.5039
6.2124,0.78523,4.526
6.2124,0.81153,4.5319
6.2124,0.83782,4.514
6.2124,0.86412,4.4921
6.2124,0.89042,4.452
6.2124,0.91672,4.416
6.2124,0.94302,4.3961
6.2124,0.96932,4.3952
6.2124,0.99562,4.386
6.2124,1.0219,4.4105
6.2124,1.0482,4.4472
6.2124,1.0745,4.4918
6.2124,1.1008,4.5399
6.2124,1.1271,4.589
6.2124,1.1534,4.6383
6.2124,1.1797,4.6874
6.2124,1.206,4.7361
6.2124,1.2323,4.7847
6.2124,1.2586,4.8331
6.2124,1.2849,4.8815
6.2124,1.3112,4.9299
6.2124,1.3375,4.9771
6.3892,0.022564,-1.0684
6.3892,0.048863,-0.75336
6.3892,0.075162,-0.44247
6.3892,0.10146,-0.13757
6.3892,0.12776,0.16249
6.3892,0.15406,0.45907
6.3892,0.18036,0.75993
6.3892,0.20666,1.0552
6.3892,0.23295,1.3527
6.3892,0.25925,1.6358
6.3892,0.28555,1.9175
6.3892,0.31185,2.1886
6.3892,0.33815,2.4671
6.3892,0.36445,2.7419
6.3892,0.39075,3.0234
6.3892,0.41704,3.3073
6.3892,0.44334,3.5606
6.3892,0.46964,3.7353
6.3892,0.49594,3.8507
6.3892,0.52224,3.8869
6.3892,0.54854,3.958
6.3892,0.57484,4.0486
6.3892,0.60114,4.141
6.3892,0.62743,4.2273
6.3892,0.65373,4.2957
6.3892,0.68003,4.3487
6.3892,0.70633,4.3958
6.3892,0.73263,4.438
6.3892,0.75893,4.4755
6.3892,0.78523,4.5024
6.3892,0.81153,4.5221
6.3892,0.83782,4.5181
6.3892,0.86412,4.5023
6.3892,0.89042,4.4646
6.3892,0.91672,4.4262
6.3892,0.94302,4.3965
6.3892,0.96932,4.3847
6.3892,0.99562,4.382
6.3892,1.0219,4.3797
6.3892,1.0482,4.4089
6.3892,1.0745,4.4487
6.3892,1.1008,4.4942
6.3892,1.1271,4.5421
6.3892,1.1534,4.5909
6.3892,1.1797,4.64
6.3892,1.206,4.689
6.3892,1.2323,4.7378
6.3892,1.2586,4.7855
6.3892,1.2849,4.8348
6.3892,1.3112,4.884
6.3892,1.3375,4.9332
6.5659,0.022564,-1.1056
6.5659,0.048863,-0.79052
6.5659,0.075162,-0.47737
6.5659,0.10146,-0.16898
6.5659,0.12776,0.13498
6.5659,0.15406,0.4349
6.5659,0.18036,0.73468
6.5659,0.20666,1.0307
6.5659,0.23295,1.3214
6.5659,0.25925,1.6001
6.5659,0.28555,1.8768
6.5659,0.31185,2.1518
6.5659,0.33815,2.4289
6.5659,0.36445,2.7101
6.5659,0.39075,2.9931
6.5659,0.41704,3.2789
6.5659,0.44334,3.5511
6.5659,0.46964,3.7495
6.5659,0.49594,3.8247
6.5659,0.52224,3.8539
6.5659,0.54854,3.9183
6.5659,0.57484,4.0199
6.5659,0.60114,4.1029
6.5659,0.62743,4.1745
6.5659,0.65373,4.2451
6.5659,0.68003,4.301
6.5659,0.70633,4.3524
6.5659,0.73263,4.3998
6.5659,0.75893,4.4387
6.5659,0.78523,4.4702
6.5659,0.81153,4.4984
6.5659,0.83782,4.5147
6.5659,0.86412,4.4966
6.5659,0.89042,4.4775
6.5659,0.91672,4.4248
6.5659,0.94302,4.39
6.5659,0.96932,4.3632
6.5659,0.99562,4.3551
6.5659,1.0219,4.3579
6.5659,1.0482,4.3776
6.5659,1.0745,4.4104
6.5659,1.1008,4.4516
6.5659,1.1271,4.4971
6.5659,1.1534,4.5446
6.5659,1.1797,4.593
6.5659,1.206,4.6418
6.5659,1.2323,4.6908
6.5659,1.2586,4.7398
6.5659,1.2849,4.7888
6.5659,1.3112,4.8354
6.5659,1.3375,4.8853
6.7426,0.022564,-1.1482
6.7426,0.048863,-0.83162
6.7426,0.075162,-0.51432
6.7426,0.10146,-0.20262
6.7426,0.12776,0.10763
6.7426,0.15406,0.41212
6.7426,0.18036,0.70947
6.7426,0.20666,1.0014
6.7426,0.23295,1.2887
6.7426,0.25925,1.5655
6.7426,0.28555,1.8365
6.7426,0.31185,2.1059
6.7426,0.33815,2.379
6.7426,0.36445,2.6694
6.7426,0.39075,2.9597
6.7426,0.41704,3.2484
6.7426,0.44334,3.5338
6.7426,0.46964,3.7702
6.7426,0.49594,3.8167
6.7426,0.52224,3.8428
6.7426,0.54854,3.9011
6.7426,0.57484,3.9725
6.7426,0.60114,4.0619
6.7426,0.62743,4.124
6.7426,0.65373,4.192
6.7426,0.68003,4.2531
6.7426,0.70633,4.3075
6.7426,0.73263,4.3578
6.7426,0.75893,4.4023
6.7426,0.78523,4.4439
6.7426,0.81153,4.4613
6.7426,0.83782,4.4871
6.7426,0.86412,4.5041
6.7426,0.89042,4.4911
6.7426,0.91672,4.4493
6.7426,0.94302,4.4101
6.7426,0.96932,4.3752
6.7426,0.99562,4.3524
6.7426,1.0219,4.3253
6.7426,1.0482,4.335
6.7426,1.0745,4.3608
6.7426,1.1008,4.3984
6.7426,1.1271,4.4426
6.7426,1.1534,4.4902
6.7426,1.1797,4.5394
6.7426,1.206,4.5892
6.7426,1.2323,4.6393
6.7426,1.2586,4.6895
6.7426,1.2849,4.7396
6.7426,1.3112,4.7898
6.7426,1.3375,4.8399
6.9194,0.022564,-1.1955
6.9194,0.048863,-0.8756
6.9194,0.075162,-0.55709
6.9194,0.10146,-0.23857
6.9194,0.12776,0.078373
6.9194,0.15406,0.38811
6.9194,0.18036,0.68665
6.9194,0.20666,0.97357
6.9194,0.23295,1.2576
6.9194,0.25925,1.5349
6.9194,0.28555,1.8057
6.9194,0.31185,2.0807
6.9194,0.33815,2.3497
6.9194,0.36445,2.6427
6.9194,0.39075,2.9336
6.9194,0.41704,3.2205
6.9194,0.44334,3.5053
6.9194,0.46964,3.7727
6.9194,0.49594,3.8149
6.9194,0.52224,3.7969
6.9194,0.54854,3.87
6.9194,0.57484,3.9377
6.9194,0.60114,4.0038
6.9194,0.62743,4.0706
6.9194,0.65373,4.1376
6.9194,0.68003,4.2018
6.9194,0.70633,4.2605
6.9194,0.73263,4.3141
6.9194,0.75893,4.3615
6.9194,0.78523,4.3988
6.9194,0.81153,4.437
6.9194,0.83782,4.4616
6.9194,0.86412,4.4807
6.9194,0.89042,4.4889
6.9194,0.91672,4.4721
6.9194,0.94302,4.4271
6.9194,0.96932,4.3941
6.9194,0.99562,4.3618
6.9194,1.0219,4.3435
6.9194,1.0482,4.3049
6.9194,1.0745,4.3189
6.9194,1.1008,4.3483
6.9194,1.1271,4.3879
6.9194,1.1534,4.433
6.9194,1.1797,4.4812
6.9194,1.206,4.5309
6.9194,1.2323,4.5813
6.9194,1.2586,4.6321
6.9194,1.2849,4.683
6.9194,1.3112,4.7341
6.9194,1.3375,4.7851
7.0961,0.022564,-1.244
7.0961,0.048863,-0.92314
7.0961,0.075162,-0.60042
7.0961,0.10146,-0.27622
7.0961,0.12776,0.04566
7.0961,0.15406,0.35632
7.0961,0.18036,0.65568
7.0961,0.20666,0.94762
7.0961,0.23295,1.2272
7.0961,0.25925,1.505
7.0961,0.28555,1.7765
7.0961,0.31185,2.0549
7.0961,0.33815,2.332
7.0961,0.36445,2.61
7.0961,0.39075,2.901
7.0961,0.41704,3.1884
7.0961,0.44334,3.4733
7.0961,0.46964,3.7617
7.0961,0.49594,3.8083
7.0961,0.52224,3.7728
7.0961,0.54854,3.8127
7.0961,0.57484,3.8926
7.0961,0.60114,3.9467
7.0961,0.62743,4.0149
7.0961,0.65373,4.0827
7.0961,0.68003,4.1504
7.0961,0.70633,4.2135
7.0961,0.73263,4.2704
7.0961,0.75893,4.3209
7.0961,0.78523,4.3662
7.0961,0.81153,4.4062
7.0961,0.83782,4.4223
7.0961,0.86412,4.4525
7.0961,0.89042,4.4745
7.0961,0.91672,4.4713
7.0961,0.94302,4.4544
7.0961,0.96932,4.4129
7.0961,0.99562,4.3779
7.0961,1.0219,4.3499
7.0961,1.0482,4.2928
7.0961,1.0745,4.294
7.0961,1.1008,4.3128
7.0961,1.1271,4.3449
7.0961,1.1534,4.3855
7.0961,1.1797,4.4309
7.0961,1.206,4.479
7.0961,1.2323,4.5287
7.0961,1.2586,4.5793
7.0961,1.2849,4.6303
7.0961,1.3112,4.6816
7.0961,1.3375,4.7331
7.2728,0.022564,-1.2984
7.2728,0.048863,-0.97099
7.2728,0.075162,-0.6449
7.2728,0.10146,-0.31468
7.2728,0.12776,0.0084352
7.2728,0.15406,0.32126
7.2728,0.18036,0.62774
7.2728,0.20666,0.91519
7.2728,0.23295,1.2022
7.2728,0.25925,1.477
7.2728,0.28555,1.7509
7.2728,0.31185,2.0271
7.2728,0.33815,2.3144
7.2728,0.36445,2.5949
7.2728,0.39075,2.8782
7.2728,0.41704,3.1582
7.2728,0.44334,3.442
7.2728,0.46964,3.7284
7.2728,0.49594,3.8076
7.2728,0.52224,3.7519
7.2728,0.54854,3.7629
7.2728,0.57484,3.8259
7.2728,0.60114,3.8885
7.2728,0.62743,3.9581
7.2728,0.65373,4.0284
7.2728,0.68003,4.099
7.2728,0.70633,4.1659
7.2728,0.73263,4.226
7.2728,0.75893,4.2832
7.2728,0.78523,4.3319
7.2728,0.81153,4.3653
7.2728,0.83782,4.4019
7.2728,0.86412,4.4116
7.2728,0.89042,4.4395
7.2728,0.91672,4.4592
7.2728,0.94302,4.4482
7.2728,0.96932,4.4386
7.2728,0.99562,4.3959
7.2728,1.0219,4.3627
7.2728,1.0482,4.3066
7.2728,1.0745,4.2786
7.2728,1.1008,4.2851
7.2728,1.1271,4.3076
7.2728,1.1534,4.3416
7.2728,1.1797,4.3828
7.2728,1.206,4.4284
7.2728,1.2323,4.4765
7.2728,1.2586,4.5263
7.2728,1.2849,4.577
7.2728,1.3112,4.6283
7.2728,1.3375,4.68
7.4496,0.022564,-1.3462
7.4496,0.048863,-1.0191
7.4496,0.075162,-0.68304
7.4496,0.10146,-0.35259
7.4496,0.12776,-0.027644
7.4496,0.15406,0.29261
7.4496,0.18036,0.59303
7.4496,0.20666,0.88891
7.4496,0.23295,1.1783
7.4496,0.25925,1.4551
7.4496,0.28555,1.7278
7.4496,0.31185,2.009
7.4496,0.33815,2.2903
7.4496,0.36445,2.5775
7.4496,0.39075,2.8569
7.4496,0.41704,3.1381
7.4496,0.44334,3.4171
7.4496,0.46964,3.696
7.4496,0.49594,3.7739
7.4496,0.52224,3.739
7.4496,0.54854,3.7268
7.4496,0.57484,3.7581
7.4496,0.60114,3.8263
7.4496,0.62743,3.8982
7.4496,0.65373,3.9754
7.4496,0.68003,4.0475
7.4496,0.70633,4.1177
7.4496,0.73263,4.1811
7.4496,0.75893,4.2407
7.4496,0.78523,4.2934
7.4496,0.81153,4.327
7.4496,0.83782,4.3546
7.4496,0.86412,4.3884
7.4496,0.89042,4.4118
7.4496,0.91672,4.4383
7.4496,0.94302,4.433
7.4496,0.96932,4.4287
7.4496,0.99562,4.4138
7.4496,1.0219,4.3782
7.4496,1.0482,4.3466
7.4496,1.0745,4.2722
7.4496,1.1008,4.266
7.4496,1.1271,4.2772
7.4496,1.1534,4.3027
7.4496,1.1797,4.3381
7.4496,1.206,4.3798
7.4496,1.2323,4.4255
7.4496,1.2586,4.4738
7.4496,1.2849,4.5237
7.4496,1.3112,4.5746
7.4496,1.3375,4.6262
7.6263,0.022564,-1.394
7.6263,0.048863,-1.0595
7.6263,0.075162,-0.72322
7.6263,0.10146,-0.38944
7.6263,0.12776,-0.06347
7.6263,0.15406,0.25582
7.6263,0.18036,0.56415
7.6263,0.20666,0.85628
7.6263,0.23295,1.1498
7.6263,0.25925,1.4303
7.6263,0.28555,1.7082
7.6263,0.31185,1.9905
7.6263,0.33815,2.2716
7.6263,0.36445,2.5541
7.6263,0.39075,2.8376
7.6263,0.41704,3.1192
7.6263,0.44334,3.3915
7.6263,0.46964,3.6442
7.6263,0.49594,3.6954
7.6263,0.52224,3.7106
7.6263,0.54854,3.6873
7.6263,0.57484,3.7131
7.6263,0.60114,3.77
7.6263,0.62743,3.841
7.6263,0.65373,3.9209
7.6263,0.68003,3.996
7.6263,0.70633,4.0675
7.6263,0.73263,4.137
7.6263,0.75893,4.2008
7.6263,0.78523,4.2466
7.6263,0.81153,4.2983
7.6263,0.83782,4.3184
7.6263,0.86412,4.3443
7.6263,0.89042,4.3803
7.6263,0.91672,4.4124
7.6263,0.94302,4.4202
7.6263,0.96932,4.419
7.6263,0.99562,4.3989
7.6263,1.0219,4.3805
7.6263,1.0482,4.3467
7.6263,1.0745,4.2728
7.6263,1.1008,4.2555
7.6263,1.1271,4.2547
7.6263,1.1534,4.27
7.6263,1.1797,4.2978
7.6263,1.206,4.3342
7.6263,1.2323,4.3764
7.6263,1.2586,4.4223
7.6263,1.2849,4.4707
7.6263,1.3112,4.5208
7.6263,1.3375,4.572
7.803,0.022564,-1.4393
7.803,0.048863,-1.0965
7.803,0.075162,-0.76049
7.803,0.10146,-0.42497
7.803,0.12776,-0.099403
7.803,0.15406,0.22044
7.803,0.18036,0.52933
7.803,0.20666,0.82847
7.803,0.23295,1.1208
7.803,0.25925,1.4055
7.803,0.28555,1.6901
7.803,0.31185,1.9731
7.803,0.33815,2.2554
7.803,0.36445,2.5375
7.803,0.39075,2.8174
7.803,0.41704,3.0981
7.803,0.44334,3.3715
7.803,0.46964,3.5798
7.803,0.49594,3.653
7.803,0.52224,3.6354
7.803,0.54854,3.6399
7.803,0.57484,3.6661
7.803,0.60114,3.7177
7.803,0.62743,3.7906
7.803,0.65373,3.8671
7.803,0.68003,3.9449
7.803,0.70633,4.0206
7.803,0.73263,4.0908
7.803,0.75893,4.1562
7.803,0.78523,4.2176
7.803,0.81153,4.2561
7.803,0.83782,4.2972
7.803,0.86412,4.3146
7.803,0.89042,4.3462
7.803,0.91672,4.3742
7.803,0.94302,4.4095
7.803,0.96932,4.413
7.803,0.99562,4.3785
7.803,1.0219,4.3665
7.803,1.0482,4.3451
7.803,1.0745,4.3034
7.803,1.1008,4.2523
7.803,1.1271,4.2401
7.803,1.1534,4.2443
7.803,1.1797,4.2631
7.803,1.206,4.2927
7.803,1.2323,4.3301
7.803,1.2586,4.3727
7.803,1.2849,4.4189
7.803,1.3112,4.4675
7.803,1.3375,4.5178
7.9798,0.022564,-1.4735
7.9798,0.048863,-1.1362
7.9798,0.075162,-0.79522
7.9798,0.10146,-0.46314
7.9798,0.12776,-0.1347
7.9798,0.15406,0.18628
7.9798,0.18036,0.49648
7.9798,0.20666,0.79647
7.9798,0.23295,1.0913
7.9798,0.25925,1.3825
7.9798,0.28555,1.6698
7.9798,0.31185,1.9554
7.9798,0.33815,2.2394
7.9798,0.36445,2.5214
7.9798,0.39075,2.8007
7.9798,0.41704,3.0796
7.9798,0.44334,3.3452
7.9798,0.46964,3.5176
7.9798,0.49594,3.6175
7.9798,0.52224,3.5671
7.9798,0.54854,3.5629
7.9798,0.57484,3.6054
7.9798,0.60114,3.6649
7.9798,0.62743,3.7371
7.9798,0.65373,3.8144
7.9798,0.68003,3.8936
7.9798,0.70633,3.971
7.9798,0.73263,4.0452
7.9798,0.75893,4.1159
7.9798,0.78523,4.1715
7.9798,0.81153,4.2316
7.9798,0.83782,4.2645
7.9798,0.86412,4.2885
7.9798,0.89042,4.3112
7.9798,0.91672,4.3283
7.9798,0.94302,4.3652
7.9798,0.96932,4.3937
7.9798,0.99562,4.3924
7.9798,1.0219,4.3385
7.9798,1.0482,4.3305
7.9798,1.0745,4.3081
7.9798,1.1008,4.2592
7.9798,1.1271,4.2327
7.9798,1.1534,4.2259
7.9798,1.1797,4.2346
7.9798,1.206,4.2562
7.9798,1.2323,4.2875
7.9798,1.2586,4.3257
7.9798,1.2849,4.3688
7.9798,1.3112,4.4153
7.9798,1.3375,4.4641
8.1565,0.022564,-1.5143
8.1565,0.048863,-1.178
8.1565,0.075162,-0.82956
8.1565,0.10146,-0.49682
8.1565,0.12776,-0.16846
8.1565,0.15406,0.15296
8.1565,0.18036,0.46437
8.1565,0.20666,0.76542
8.1565,0.23295,1.0649
8.1565,0.25925,1.3567
8.1565,0.28555,1.6475
8.1565,0.31185,1.936
8.1565,0.33815,2.2218
8.1565,0.36445,2.5049
8.1565,0.39075,2.7858
8.1565,0.41704,3.0644
8.1565,0.44334,3.3222
8.1565,0.46964,3.4755
8.1565,0.49594,3.5767
8.1565,0.52224,3.4929
8.1565,0.54854,3.5071
8.1565,0.57484,3.543
8.1565,0.60114,3.6082
8.1565,0.62743,3.6827
8.1565,0.65373,3.7637
8.1565,0.68003,3.8426
8.1565,0.70633,3.9226
8.1565,0.73263,3.9969
8.1565,0.75893,4.0668
8.1565,0.78523,4.132
8.1565,0.81153,4.1845
8.1565,0.83782,4.2436
8.1565,0.86412,4.2711
8.1565,0.89042,4.2898
8.1565,0.91672,4.3147
8.1565,0.94302,4.3187
8.1565,0.96932,4.3505
8.1565,0.99562,4.3748
8.1565,1.0219,4.3406
8.1565,1.0482,4.3039
8.1565,1.0745,4.2918
8.1565,1.1008,4.2559
8.1565,1.1271,4.2302
8.1565,1.1534,4.1998
8.1565,1.1797,4.2028
8.1565,1.206,4.2206
8.1565,1.2323,4.2493
8.1565,1.2586,4.282
8.1565,1.2849,4.3211
8.1565,1.3112,4.3646
8.1565,1.3375,4.4114
8.3332,0.022564,-1.5584
8.3332,0.048863,-1.2163
8.3332,0.075162,-0.86205
8.3332,0.10146,-0.52911
8.3332,0.12776,-0.20115
8.3332,0.15406,0.11948
8.3332,0.18036,0.43178
8.3332,0.20666,0.73681
8.3332,0.23295,1.0354
8.3332,0.25925,1.3299
8.3332,0.28555,1.6234
8.3332,0.31185,1.9144
8.3332,0.33815,2.2033
8.3332,0.36445,2.4875
8.3332,0.39075,2.7695
8.3332,0.41704,3.0513
8.3332,0.44334,3.3066
8.3332,0.46964,3.4805
8.3332,0.49594,3.5023
8.3332,0.52224,3.4389
8.3332,0.54854,3.4416
8.3332,0.57484,3.4856
8.3332,0.60114,3.5518
8.3332,0.62743,3.6285
8.3332,0.65373,3.7096
8.3332,0.68003,3.792
8.3332,0.70633,3.8703
8.3332,0.73263,3.9497
8.3332,0.75893,4.0147
8.3332,0.78523,4.0813
8.3332,0.81153,4.1435
8.3332,0.83782,4.1947
8.3332,0.86412,4.2534
8.3332,0.89042,4.2758
8.3332,0.91672,4.289
8.3332,0.94302,4.2969
8.3332,0.96932,4.3169
8.3332,0.99562,4.3234
8.3332,1.0219,4.3524
8.3332,1.0482,4.284
8.3332,1.0745,4.2773
8.3332,1.1008,4.2561
8.3332,1.1271,4.2301
8.3332,1.1534,4.2079
8.3332,1.1797,4.1744
8.3332,1.206,4.1619
8.3332,1.2323,4.1834
8.3332,1.2586,4.2158
8.3332,1.2849,4.256
8.3332,1.3112,4.3017
8.3332,1.3375,4.3511
8.51,0.022564,-1.5984
8.51,0.048863,-1.2449
8.51,0.075162,-0.89329
8.51,0.10146,-0.5605
8.51,0.12776,-0.23888
8.51,0.15406,0.086833
8.51,0.18036,0.39937
8.51,0.20666,0.705
8.51,0.23295,1.0052
8.51,0.25925,1.3018
8.51,0.28555,1.5977
8.51,0.31185,1.8911
8.51,0.33815,2.1839
8.51,0.36445,2.4692
8.51,0.39075,2.7526
8.51,0.41704,3.0405
8.51,0.44334,3.287
8.51,0.46964,3.4715
8.51,0.49594,3.4068
8.51,0.52224,3.3672
8.51,0.54854,3.3768
8.51,0.57484,3.4272
8.51,0.60114,3.4956
8.51,0.62743,3.5744
8.51,0.65373,3.6573
8.51,0.68003,3.7414
8.51,0.70633,3.8201
8.51,0.73263,3.8967
8.51,0.75893,3.9748
8.51,0.78523,4.0254
8.51,0.81153,4.0936
8.51,0.83782,4.1507
8.51,0.86412,4.2018
8.51,0.89042,4.2607
8.51,0.91672,4.2785
8.51,0.94302,4.2841
8.51,0.96932,4.2811
8.51,0.99562,4.3055
8.51,1.0219,4.3012
8.51,1.0482,4.2989
8.51,1.0745,4.2627
8.51,1.1008,4.2514
8.51,1.1271,4.2088
8.51,1.1534,4.1904
8.51,1.1797,4.1783
8.51,1.206,4.1538
8.51,1.2323,4.1196
8.51,1.2586,4.1449
8.51,1.2849,4.1804
8.51,1.3112,4.2231
8.51,1.3375,4.2711
8.6867,0.022564,-1.6379
8.6867,0.048863,-1.2707
8.6867,0.075162,-0.92586
8.6867,0.10146,-0.60482
8.6867,0.12776,-0.27048
8.6867,0.15406,0.048788
8.6867,0.18036,0.36677
8.6867,0.20666,0.6728
8.6867,0.23295,0.97417
8.6867,0.25925,1.2729
8.6867,0.28555,1.5707
8.6867,0.31185,1.8664
8.6867,0.33815,2.1622
8.6867,0.36445,2.4508
8.6867,0.39075,2.7356
8.6867,0.41704,3.0284
8.6867,0.44334,3.2737
8.6867,0.46964,3.387
8.6867,0.49594,3.4017
8.6867,0.52224,3.3049
8.6867,0.54854,3.313
8.6867,0.57484,3.377
8.6867,0.60114,3.4406
8.6867,0.62743,3.5203
8.6867,0.65373,3.6047
8.6867,0.68003,3.6899
8.6867,0.70633,3.7707
8.6867,0.73263,3.8468
8.6867,0.75893,3.9206
8.6867,0.78523,3.9917
8.6867,0.81153,4.0384
8.6867,0.83782,4.1
8.6867,0.86412,4.1562
8.6867,0.89042,4.2058
8.6867,0.91672,4.2656
8.6867,0.94302,4.2684
8.6867,0.96932,4.2733
8.6867,0.99562,4.2794
8.6867,1.0219,4.2791
8.6867,1.0482,4.2758
8.6867,1.0745,4.2549
8.6867,1.1008,4.2412
8.6867,1.1271,4.2249
8.6867,1.1534,4.168
8.6867,1.1797,4.1487
8.6867,1.206,4.141
8.6867,1.2323,4.1342
8.6867,1.2586,4.0946
8.6867,1.2849,4.105
8.6867,1.3112,4.1436
8.6867,1.3375,4.189
8.8634,0.022564,-1.6654
8.8634,0.048863,-1.2953
8.8634,0.075162,-0.97343
8.8634,0.10146,-0.65232
8.8634,0.12776,-0.30965
8.8634,0.15406,0.012459
8.8634,0.18036,0.33378
8.8634,0.20666,0.64012
8.8634,0.23295,0.94252
8.8634,0.25925,1.2432
8.8634,0.28555,1.5426
8.8634,0.31185,1.8405
8.8634,0.33815,2.1381
8.8634,0.36445,2.431
8.8634,0.39075,2.7203
8.8634,0.41704,3.0112
8.8634,0.44334,3.2578
8.8634,0.46964,3.344
8.8634,0.49594,3.3006
8.8634,0.52224,3.2851
8.8634,0.54854,3.2714
8.8634,0.57484,3.3151
8.8634,0.60114,3.3905
8.8634,0.62743,3.467
8.8634,0.65373,3.5524
8.8634,0.68003,3.6384
8.8634,0.70633,3.7218
8.8634,0.73263,3.7989
8.8634,0.75893,3.8708
8.8634,0.78523,3.9413
8.8634,0.81153,3.9989
8.8634,0.83782,4.0549
8.8634,0.86412,4.1067
8.8634,0.89042,4.158
8.8634,0.91672,4.2069
8.8634,0.94302,4.2609
8.8634,0.96932,4.2633
8.8634,0.99562,4.2602
8.8634,1.0219,4.2606
8.8634,1.0482,4.2644
8.8634,1.0745,4.2495
8.8634,1.1008,4.2222
8.8634,1.1271,4.2174
8.8634,1.1534,4.1838
8.8634,1.1797,4.1425
8.8634,1.206,4.1063
8.8634,1.2323,4.1035
8.8634,1.2586,4.1141
8.8634,1.2849,4.0779
8.8634,1.3112,4.0637
8.8634,1.3375,4.1054
