0.38021,0.2168,-1.314
0.38021,0.53963,-1.0761
0.38021,0.86245,-0.8605
0.38021,1.1853,-0.6365
0.38021,1.5081,-0.41384
0.38021,1.8309,-0.19513
0.38021,2.1538,0.016479
0.38021,2.4766,0.21544
0.38021,2.7994,0.40103
0.38021,3.1222,0.57906
0.38021,3.445,0.75505
0.38021,3.7679,0.92895
0.38021,4.0907,1.1025
0.38021,4.4135,1.2706
0.38021,4.7363,1.4217
0.38021,5.0592,1.573
0.38021,5.382,1.7133
0.38021,5.7048,1.8556
0.38021,6.0276,2.0027
0.38021,6.3505,2.1238
0.38021,6.6733,2.2564
0.38021,6.9961,2.3705
0.38021,7.3189,2.4713
0.38021,7.6418,2.5819
0.38021,7.9646,2.6927
0.38021,8.2874,2.8047
0.38021,8.6102,2.9216
0.38021,8.9331,3.0441
0.38021,9.2559,3.1684
0.38021,9.5787,3.2975
0.38021,9.9015,3.4242
0.38021,10.224,3.5511
0.38021,10.547,3.6783
0.38021,10.87,3.812
0.38021,11.193,3.9414
0.38021,11.516,4.0613
0.38021,11.838,4.1819
0.38021,12.161,4.2996
0.38021,12.484,4.4131
0.38021,12.807,4.5225
0.38021,13.13,4.6279
0.38021,13.453,4.7283
0.38021,13.775,4.825
0.38021,14.098,4.9195
0.38021,14.421,5.0121
0.38021,14.744,5.1024
0.38021,15.067,5.1907
0.38021,15.39,5.2771
0.38021,15.712,5.3617
0.38021,16.035,5.4441
0.38021,16.358,5.5252
0.55694,0.2168,-1.2721
0.55694,0.53963,-1.0366
0.55694,0.86245,-0.80442
0.55694,1.1853,-0.57478
0.55694,1.5081,-0.34687
0.55694,1.8309,-0.12135
0.55694,2.1538,0.099149
0.55694,2.4766,0.30852
0.55694,2.7994,0.50258
0.55694,3.1222,0.68541
0.55694,3.445,0.86656
0.55694,3.7679,1.0435
0.55694,4.0907,1.2203
0.55694,4.4135,1.3879
0.55694,4.7363,1.5431
0.55694,5.0592,1.6913
0.55694,5.382,1.8348
0.55694,5.7048,1.9737
0.55694,6.0276,2.117
0.55694,6.3505,2.2435
0.55694,6.6733,2.3744
0.55694,6.9961,2.4916
0.55694,7.3189,2.5912
0.55694,7.6418,2.6999
0.55694,7.9646,2.8091
0.55694,8.2874,2.9163
0.55694,8.6102,3.0314
0.55694,8.9331,3.1521
0.55694,9.2559,3.2818
0.55694,9.5787,3.4012
0.55694,9.9015,3.5259
0.55694,10.224,3.6532
0.55694,10.547,3.7852
0.55694,10.87,3.9141
0.55694,11.193,4.0309
0.55694,11.516,4.1516
0.55694,11.838,4.2682
0.55694,12.161,4.3807
0.55694,12.484,4.4891
0.55694,12.807,4.5923
0.55694,13.13,4.6914
0.55694,13.453,4.7874
0.55694,13.775,4.8816
0.55694,14.098,4.9734
0.55694,14.421,5.0628
0.55694,14.744,5.1502
0.55694,15.067,5.2358
0.55694,15.39,5.319
0.55694,15.712,5.4007
0.55694,16.035,5.481
0.55694,16.358,5.5602
0.73368,0.2168,-1.2299
0.73368,0.53963,-0.98798
0.73368,0.86245,-0.75674
0.73368,1.1853,-0.51439
0.73368,1.5081,-0.28085
0.73368,1.8309,-0.049493
0.73368,2.1538,0.1784
0.73368,2.4766,0.39919
0.73368,2.7994,0.60268
0.73368,3.1222,0.79204
0.73368,3.445,0.97587
0.73368,3.7679,1.1592
0.73368,4.0907,1.3383
0.73368,4.4135,1.5061
0.73368,4.7363,1.663
0.73368,5.0592,1.8144
0.73368,5.382,1.9522
0.73368,5.7048,2.0954
0.73368,6.0276,2.2314
0.73368,6.3505,2.3612
0.73368,6.6733,2.4902
0.73368,6.9961,2.6071
0.73368,7.3189,2.7122
0.73368,7.6418,2.8156
0.73368,7.9646,2.9219
0.73368,8.2874,3.0264
0.73368,8.6102,3.1395
0.73368,8.9331,3.2624
0.73368,9.2559,3.3914
0.73368,9.5787,3.5025
0.73368,9.9015,3.6298
0.73368,10.224,3.7592
0.73368,10.547,3.8864
0.73368,10.87,4.0024
0.73368,11.193,4.1218
0.73368,11.516,4.2371
0.73368,11.838,4.3485
0.73368,12.161,4.4548
0.73368,12.484,4.5564
0.73368,12.807,4.6548
0.73368,13.13,4.7504
0.73368,13.453,4.8439
0.73368,13.775,4.9348
0.73368,14.098,5.0233
0.73368,14.421,5.1098
0.73368,14.744,5.1941
0.73368,15.067,5.2764
0.73368,15.39,5.3572
0.73368,15.712,5.4368
0.73368,16.035,5.5151
0.73368,16.358,5.5925
0.91041,0.2168,-1.1836
0.91041,0.53963,-0.94334
0.91041,0.86245,-0.70119
0.91041,1.1853,-0.46
0.91041,1.5081,-0.21616
0.91041,1.8309,0.020769
0.91041,2.1538,0.25494
0.91041,2.4766,0.48684
0.91041,2.7994,0.70123
0.91041,3.1222,0.89887
0.91041,3.445,1.0869
0.91041,3.7679,1.2739
0.91041,4.0907,1.4564
0.91041,4.4135,1.6252
0.91041,4.7363,1.7823
0.91041,5.0592,1.9357
0.91041,5.382,2.0715
0.91041,5.7048,2.2155
0.91041,6.0276,2.3454
0.91041,6.3505,2.4799
0.91041,6.6733,2.6072
0.91041,6.9961,2.7219
0.91041,7.3189,2.8258
0.91041,7.6418,2.9297
0.91041,7.9646,3.0336
0.91041,8.2874,3.1347
0.91041,8.6102,3.2484
0.91041,8.9331,3.3716
0.91041,9.2559,3.4882
0.91041,9.5787,3.6076
0.91041,9.9015,3.7342
0.91041,10.224,3.8593
0.91041,10.547,3.9782
0.91041,10.87,4.0925
0.91041,11.193,4.2064
0.91041,11.516,4.3157
0.91041,11.838,4.4201
0.91041,12.161,4.521
0.91041,12.484,4.6187
0.91041,12.807,4.714
0.91041,13.13,4.8065
0.91041,13.453,4.8964
0.91041,13.775,4.9839
0.91041,14.098,5.0693
0.91041,14.421,5.1523
0.91041,14.744,5.2337
0.91041,15.067,5.3137
0.91041,15.39,5.3924
0.91041,15.712,5.47
0.91041,16.035,5.5465
0.91041,16.358,5.6221
1.0871,0.2168,-1.1401
1.0871,0.53963,-0.89914
1.0871,0.86245,-0.64668
1.0871,1.1853,-0.40944
1.0871,1.5081,-0.15532
1.0871,1.8309,0.089339
1.0871,2.1538,0.33269
1.0871,2.4766,0.57028
1.0871,2.7994,0.7967
1.0871,3.1222,1.0055
1.0871,3.445,1.2001
1.0871,3.7679,1.3891
1.0871,4.0907,1.5757
1.0871,4.4135,1.7442
1.0871,4.7363,1.9013
1.0871,5.0592,2.0527
1.0871,5.382,2.1925
1.0871,5.7048,2.3295
1.0871,6.0276,2.4595
1.0871,6.3505,2.5902
1.0871,6.6733,2.7163
1.0871,6.9961,2.8344
1.0871,7.3189,2.9405
1.0871,7.6418,3.041
1.0871,7.9646,3.1423
1.0871,8.2874,3.2426
1.0871,8.6102,3.3568
1.0871,8.9331,3.4766
1.0871,9.2559,3.5874
1.0871,9.5787,3.7089
1.0871,9.9015,3.8309
1.0871,10.224,3.9503
1.0871,10.547,4.0636
1.0871,10.87,4.1754
1.0871,11.193,4.2824
1.0871,11.516,4.386
1.0871,11.838,4.4862
1.0871,12.161,4.5833
1.0871,12.484,4.6778
1.0871,12.807,4.7693
1.0871,13.13,4.8582
1.0871,13.453,4.9447
1.0871,13.775,5.0287
1.0871,14.098,5.1107
1.0871,14.421,5.1912
1.0871,14.744,5.2703
1.0871,15.067,5.3481
1.0871,15.39,5.4247
1.0871,15.712,5.5004
1.0871,16.035,5.5752
1.0871,16.358,5.6489
1.2639,0.2168,-1.1126
1.2639,0.53963,-0.85511
1.2639,0.86245,-0.59709
1.2639,1.1853,-0.35333
1.2639,1.5081,-0.096834
1.2639,1.8309,0.15613
1.2639,2.1538,0.40492
1.2639,2.4766,0.64921
1.2639,2.7994,0.88829
1.2639,3.1222,1.1108
1.2639,3.445,1.3158
1.2639,3.7679,1.5075
1.2639,4.0907,1.6965
1.2639,4.4135,1.8603
1.2639,4.7363,2.0179
1.2639,5.0592,2.1679
1.2639,5.382,2.3094
1.2639,5.7048,2.4431
1.2639,6.0276,2.5724
1.2639,6.3505,2.7009
1.2639,6.6733,2.8237
1.2639,6.9961,2.9442
1.2639,7.3189,3.0514
1.2639,7.6418,3.15
1.2639,7.9646,3.2485
1.2639,8.2874,3.3498
1.2639,8.6102,3.4614
1.2639,8.9331,3.5743
1.2639,9.2559,3.688
1.2639,9.5787,3.8033
1.2639,9.9015,3.9211
1.2639,10.224,4.0347
1.2639,10.547,4.1439
1.2639,10.87,4.2499
1.2639,11.193,4.3527
1.2639,11.516,4.4521
1.2639,11.838,4.5485
1.2639,12.161,4.6419
1.2639,12.484,4.7324
1.2639,12.807,4.8201
1.2639,13.13,4.9054
1.2639,13.453,4.9883
1.2639,13.775,5.0693
1.2639,14.098,5.1488
1.2639,14.421,5.2268
1.2639,14.744,5.3037
1.2639,15.067,5.3794
1.2639,15.39,5.4542
1.2639,15.712,5.5281
1.2639,16.035,5.6008
1.2639,16.358,5.672
1.4406,0.2168,-1.0765
1.4406,0.53963,-0.8161
1.4406,0.86245,-0.55329
1.4406,1.1853,-0.29875
1.4406,1.5081,-0.036335
1.4406,1.8309,0.22148
1.4406,2.1538,0.47531
1.4406,2.4766,0.72544
1.4406,2.7994,0.97538
1.4406,3.1222,1.2129
1.4406,3.445,1.4338
1.4406,3.7679,1.6295
1.4406,4.0907,1.8111
1.4406,4.4135,1.973
1.4406,4.7363,2.1329
1.4406,5.0592,2.2821
1.4406,5.382,2.4226
1.4406,5.7048,2.5559
1.4406,6.0276,2.6827
1.4406,6.3505,2.8091
1.4406,6.6733,2.9326
1.4406,6.9961,3.0524
1.4406,7.3189,3.1576
1.4406,7.6418,3.2556
1.4406,7.9646,3.3522
1.4406,8.2874,3.4534
1.4406,8.6102,3.5604
1.4406,8.9331,3.6695
1.4406,9.2559,3.7811
1.4406,9.5787,3.8936
1.4406,9.9015,4.006
1.4406,10.224,4.1134
1.4406,10.547,4.2184
1.4406,10.87,4.3202
1.4406,11.193,4.4186
1.4406,11.516,4.5141
1.4406,11.838,4.6064
1.4406,12.161,4.6957
1.4406,12.484,4.7823
1.4406,12.807,4.8662
1.4406,13.13,4.9481
1.4406,13.453,5.0281
1.4406,13.775,5.1065
1.4406,14.098,5.1835
1.4406,14.421,5.2593
1.4406,14.744,5.334
1.4406,15.067,5.4078
1.4406,15.39,5.4808
1.4406,15.712,5.5525
1.4406,16.035,5.6228
1.4406,16.358,5.6926
1.6173,0.2168,-1.045
1.6173,0.53963,-0.78038
1.6173,0.86245,-0.512
1.6173,1.1853,-0.24611
1.6173,1.5081,0.022744
1.6173,1.8309,0.28582
1.6173,2.1538,0.54517
1.6173,2.4766,0.79955
1.6173,2.7994,1.0572
1.6173,3.1222,1.311
1.6173,3.445,1.5447
1.6173,3.7679,1.7537
1.6173,4.0907,1.9213
1.6173,4.4135,2.0882
1.6173,4.7363,2.2483
1.6173,5.0592,2.3959
1.6173,5.382,2.5352
1.6173,5.7048,2.6675
1.6173,6.0276,2.7908
1.6173,6.3505,2.9134
1.6173,6.6733,3.0361
1.6173,6.9961,3.1551
1.6173,7.3189,3.2603
1.6173,7.6418,3.3578
1.6173,7.9646,3.4532
1.6173,8.2874,3.5521
1.6173,8.6102,3.6551
1.6173,8.9331,3.7604
1.6173,9.2559,3.8695
1.6173,9.5787,3.9776
1.6173,9.9015,4.0842
1.6173,10.224,4.1879
1.6173,10.547,4.2886
1.6173,10.87,4.386
1.6173,11.193,4.4802
1.6173,11.516,4.5712
1.6173,11.838,4.6592
1.6173,12.161,4.7445
1.6173,12.484,4.8274
1.6173,12.807,4.9082
1.6173,13.13,4.9871
1.6173,13.453,5.0644
1.6173,13.775,5.1403
1.6173,14.098,5.215
1.6173,14.421,5.2886
1.6173,14.744,5.3614
1.6173,15.067,5.4334
1.6173,15.39,5.504
1.6173,15.712,5.5734
1.6173,16.035,5.6432
1.6173,16.358,5.7132
1.7941,0.2168,-1.0294
1.7941,0.53963,-0.74597
1.7941,0.86245,-0.47123
1.7941,1.1853,-0.19454
1.7941,1.5081,0.079875
1.7941,1.8309,0.34879
1.7941,2.1538,0.61272
1.7941,2.4766,0.87399
1.7941,2.7994,1.1368
1.7941,3.1222,1.4026
1.7941,3.445,1.6528
1.7941,3.7679,1.8581
1.7941,4.0907,2.0317
1.7941,4.4135,2.2067
1.7941,4.7363,2.3636
1.7941,5.0592,2.5085
1.7941,5.382,2.6437
1.7941,5.7048,2.7752
1.7941,6.0276,2.896
1.7941,6.3505,3.0144
1.7941,6.6733,3.1359
1.7941,6.9961,3.2537
1.7941,7.3189,3.36
1.7941,7.6418,3.4566
1.7941,7.9646,3.5509
1.7941,8.2874,3.6473
1.7941,8.6102,3.7464
1.7941,8.9331,3.8483
1.7941,9.2559,3.9524
1.7941,9.5787,4.0566
1.7941,9.9015,4.1584
1.7941,10.224,4.258
1.7941,10.547,4.3541
1.7941,10.87,4.4468
1.7941,11.193,4.5364
1.7941,11.516,4.623
1.7941,11.838,4.7072
1.7941,12.161,4.7889
1.7941,12.484,4.8686
1.7941,12.807,4.9463
1.7941,13.13,5.0225
1.7941,13.453,5.0972
1.7941,13.775,5.1707
1.7941,14.098,5.2432
1.7941,14.421,5.3149
1.7941,14.744,5.3858
1.7941,15.067,5.4553
1.7941,15.39,5.5239
1.7941,15.712,5.5934
1.7941,16.035,5.6627
1.7941,16.358,5.7316
1.9708,0.2168,-1.0156
1.9708,0.53963,-0.71401
1.9708,0.86245,-0.43166
1.9708,1.1853,-0.14645
1.9708,1.5081,0.13426
1.9708,1.8309,0.40972
1.9708,2.1538,0.67871
1.9708,2.4766,0.94516
1.9708,2.7994,1.2158
1.9708,3.1222,1.4919
1.9708,3.445,1.7628
1.9708,3.7679,1.9678
1.9708,4.0907,2.1406
1.9708,4.4135,2.3268
1.9708,4.7363,2.477
1.9708,5.0592,2.619
1.9708,5.382,2.7513
1.9708,5.7048,2.8829
1.9708,6.0276,2.997
1.9708,6.3505,3.1124
1.9708,6.6733,3.2311
1.9708,6.9961,3.3484
1.9708,7.3189,3.4561
1.9708,7.6418,3.5515
1.9708,7.9646,3.6452
1.9708,8.2874,3.7383
1.9708,8.6102,3.8341
1.9708,8.9331,3.9316
1.9708,9.2559,4.0309
1.9708,9.5787,4.1301
1.9708,9.9015,4.2284
1.9708,10.224,4.3229
1.9708,10.547,4.4141
1.9708,10.87,4.502
1.9708,11.193,4.5875
1.9708,11.516,4.6703
1.9708,11.838,4.7508
1.9708,12.161,4.8292
1.9708,12.484,4.9057
1.9708,12.807,4.9807
1.9708,13.13,5.0542
1.9708,13.453,5.1265
1.9708,13.775,5.1979
1.9708,14.098,5.2684
1.9708,14.421,5.3382
1.9708,14.744,5.4065
1.9708,15.067,5.4748
1.9708,15.39,5.5434
1.9708,15.712,5.6118
1.9708,16.035,5.6798
1.9708,16.358,5.7474
2.1475,0.2168,-0.99928
2.1475,0.53963,-0.69402
2.1475,0.86245,-0.3957
2.1475,1.1853,-0.10652
2.1475,1.5081,0.18468
2.1475,1.8309,0.46741
2.1475,2.1538,0.74264
2.1475,2.4766,1.0162
2.1475,2.7994,1.2955
2.1475,3.1222,1.5779
2.1475,3.445,1.8625
2.1475,3.7679,2.0745
2.1475,4.0907,2.261
2.1475,4.4135,2.4445
2.1475,4.7363,2.586
2.1475,5.0592,2.72
2.1475,5.382,2.8523
2.1475,5.7048,2.9797
2.1475,6.0276,3.0935
2.1475,6.3505,3.2037
2.1475,6.6733,3.322
2.1475,6.9961,3.4395
2.1475,7.3189,3.5476
2.1475,7.6418,3.6428
2.1475,7.9646,3.7357
2.1475,8.2874,3.8262
2.1475,8.6102,3.918
2.1475,8.9331,4.0106
2.1475,9.2559,4.1046
2.1475,9.5787,4.1992
2.1475,9.9015,4.2926
2.1475,10.224,4.3819
2.1475,10.547,4.4686
2.1475,10.87,4.5526
2.1475,11.193,4.6339
2.1475,11.516,4.713
2.1475,11.838,4.79
2.1475,12.161,4.8653
2.1475,12.484,4.9389
2.1475,12.807,5.0112
2.1475,13.13,5.0824
2.1475,13.453,5.1525
2.1475,13.775,5.2218
2.1475,14.098,5.2904
2.1475,14.421,5.3576
2.1475,14.744,5.4255
2.1475,15.067,5.4931
2.1475,15.39,5.5604
2.1475,15.712,5.6271
2.1475,16.035,5.6937
2.1475,16.358,5.76
2.3243,0.2168,-0.9854
2.3243,0.53963,-0.67504
2.3243,0.86245,-0.36624
2.3243,1.1853,-0.06909
2.3243,1.5081,0.22875
2.3243,1.8309,0.51984
2.3243,2.1538,0.80337
2.3243,2.4766,1.0869
2.3243,2.7994,1.3757
2.3243,3.1222,1.6617
2.3243,3.445,1.9437
2.3243,3.7679,2.1964
2.3243,4.0907,2.3853
2.3243,4.4135,2.5563
2.3243,4.7363,2.6923
2.3243,5.0592,2.8244
2.3243,5.382,2.9552
2.3243,5.7048,3.0796
2.3243,6.0276,3.1827
2.3243,6.3505,3.2907
2.3243,6.6733,3.4063
2.3243,6.9961,3.526
2.3243,7.3189,3.6359
2.3243,7.6418,3.7303
2.3243,7.9646,3.8236
2.3243,8.2874,3.9102
2.3243,8.6102,3.998
2.3243,8.9331,4.0852
2.3243,9.2559,4.1741
2.3243,9.5787,4.2636
2.3243,9.9015,4.351
2.3243,10.224,4.4361
2.3243,10.547,4.5185
2.3243,10.87,4.5982
2.3243,11.193,4.6757
2.3243,11.516,4.7512
2.3243,11.838,4.825
2.3243,12.161,4.8973
2.3243,12.484,4.9683
2.3243,12.807,5.0382
2.3243,13.13,5.107
2.3243,13.453,5.1751
2.3243,13.775,5.2424
2.3243,14.098,5.3091
2.3243,14.421,5.3759
2.3243,14.744,5.4422
2.3243,15.067,5.5082
2.3243,15.39,5.5739
2.3243,15.712,5.6395
2.3243,16.035,5.705
2.3243,16.358,5.7704
2.501,0.2168,-0.97357
2.501,0.53963,-0.65822
2.501,0.86245,-0.34316
2.501,1.1853,-0.035669
2.501,1.5081,0.26852
2.501,1.8309,0.56595
2.501,2.1538,0.85979
2.501,2.4766,1.1556
2.501,2.7994,1.4511
2.501,3.1222,1.7399
2.501,3.445,2.0212
2.501,3.7679,2.3034
2.501,4.0907,2.5147
2.501,4.4135,2.6529
2.501,4.7363,2.7987
2.501,5.0592,2.9197
2.501,5.382,3.0382
2.501,5.7048,3.1611
2.501,6.0276,3.2667
2.501,6.3505,3.3725
2.501,6.6733,3.4858
2.501,6.9961,3.6061
2.501,7.3189,3.7195
2.501,7.6418,3.8136
2.501,7.9646,3.9047
2.501,8.2874,3.9903
2.501,8.6102,4.0737
2.501,8.9331,4.1549
2.501,9.2559,4.2401
2.501,9.5787,4.3217
2.501,9.9015,4.4051
2.501,10.224,4.4853
2.501,10.547,4.5632
2.501,10.87,4.6389
2.501,11.193,4.7128
2.501,11.516,4.785
2.501,11.838,4.8558
2.501,12.161,4.9254
2.501,12.484,4.9939
2.501,12.807,5.0615
2.501,13.13,5.1283
2.501,13.453,5.1944
2.501,13.775,5.2603
2.501,14.098,5.3256
2.501,14.421,5.3907
2.501,14.744,5.4556
2.501,15.067,5.5203
2.501,15.39,5.585
2.501,15.712,5.6496
2.501,16.035,5.7141
2.501,16.358,5.7781
2.6777,0.2168,-0.9634
2.6777,0.53963,-0.63983
2.6777,0.86245,-0.32024
2.6777,1.1853,-0.00499
2.6777,1.5081,0.30571
2.6777,1.8309,0.6115
2.6777,2.1538,0.9143
2.6777,2.4766,1.2211
2.6777,2.7994,1.5156
2.6777,3.1222,1.8171
2.6777,3.445,2.0976
2.6777,3.7679,2.3839
2.6777,4.0907,2.6184
2.6777,4.4135,2.7401
2.6777,4.7363,2.8973
2.6777,5.0592,3.0118
2.6777,5.382,3.1147
2.6777,5.7048,3.2294
2.6777,6.0276,3.3346
2.6777,6.3505,3.4433
2.6777,6.6733,3.5582
2.6777,6.9961,3.6814
2.6777,7.3189,3.7987
2.6777,7.6418,3.8922
2.6777,7.9646,3.9838
2.6777,8.2874,4.0663
2.6777,8.6102,4.1447
2.6777,8.9331,4.2195
2.6777,9.2559,4.2971
2.6777,9.5787,4.3727
2.6777,9.9015,4.4539
2.6777,10.224,4.5292
2.6777,10.547,4.6028
2.6777,10.87,4.6747
2.6777,11.193,4.7451
2.6777,11.516,4.8143
2.6777,11.838,4.8823
2.6777,12.161,4.9494
2.6777,12.484,5.0157
2.6777,12.807,5.0812
2.6777,13.13,5.1462
2.6777,13.453,5.2107
2.6777,13.775,5.2749
2.6777,14.098,5.3388
2.6777,14.421,5.4026
2.6777,14.744,5.4663
2.6777,15.067,5.53
2.6777,15.39,5.5937
2.6777,15.712,5.6573
2.6777,16.035,5.7205
2.6777,16.358,5.783
2.8545,0.2168,-0.95211
2.8545,0.53963,-0.62712
2.8545,0.86245,-0.29996
2.8545,1.1853,0.022789
2.8545,1.5081,0.34173
2.8545,1.8309,0.65751
2.8545,2.1538,0.97023
2.8545,2.4766,1.2825
2.8545,2.7994,1.5847
2.8545,3.1222,1.8872
2.8545,3.445,2.171
2.8545,3.7679,2.454
2.8545,4.0907,2.6918
2.8545,4.4135,2.8295
2.8545,4.7363,2.98
2.8545,5.0592,3.0988
2.8545,5.382,3.1966
2.8545,5.7048,3.2886
2.8545,6.0276,3.392
2.8545,6.3505,3.5049
2.8545,6.6733,3.6226
2.8545,6.9961,3.753
2.8545,7.3189,3.8731
2.8545,7.6418,3.9659
2.8545,7.9646,4.0547
2.8545,8.2874,4.1379
2.8545,8.6102,4.2082
2.8545,8.9331,4.2793
2.8545,9.2559,4.3481
2.8545,9.5787,4.4186
2.8545,9.9015,4.4957
2.8545,10.224,4.5677
2.8545,10.547,4.6372
2.8545,10.87,4.7055
2.8545,11.193,4.7728
2.8545,11.516,4.8392
2.8545,11.838,4.9047
2.8545,12.161,4.9696
2.8545,12.484,5.0339
2.8545,12.807,5.0975
2.8545,13.13,5.1608
2.8545,13.453,5.2239
2.8545,13.775,5.2868
2.8545,14.098,5.3498
2.8545,14.421,5.4125
2.8545,14.744,5.4751
2.8545,15.067,5.538
2.8545,15.39,5.5999
2.8545,15.712,5.6627
2.8545,16.035,5.7257
2.8545,16.358,5.7888
3.0312,0.2168,-0.94385
3.0312,0.53963,-0.61369
3.0312,0.86245,-0.28147
3.0312,1.1853,0.049086
3.0312,1.5081,0.37729
3.0312,1.8309,0.70884
3.0312,2.1538,1.0305
3.0312,2.4766,1.3422
3.0312,2.7994,1.6448
3.0312,3.1222,1.9478
3.0312,3.445,2.227
3.0312,3.7679,2.511
3.0312,4.0907,2.7515
3.0312,4.4135,2.9117
3.0312,4.7363,3.0612
3.0312,5.0592,3.1816
3.0312,5.382,3.2565
3.0312,5.7048,3.3417
3.0312,6.0276,3.4472
3.0312,6.3505,3.5674
3.0312,6.6733,3.6908
3.0312,6.9961,3.8172
3.0312,7.3189,3.9424
3.0312,7.6418,4.0341
3.0312,7.9646,4.121
3.0312,8.2874,4.2045
3.0312,8.6102,4.2689
3.0312,8.9331,4.3325
3.0312,9.2559,4.3949
3.0312,9.5787,4.4595
3.0312,9.9015,4.5271
3.0312,10.224,4.5965
3.0312,10.547,4.663
3.0312,10.87,4.7289
3.0312,11.193,4.7942
3.0312,11.516,4.8588
3.0312,11.838,4.9229
3.0312,12.161,4.9861
3.0312,12.484,5.049
3.0312,12.807,5.1115
3.0312,13.13,5.1733
3.0312,13.453,5.2354
3.0312,13.775,5.2977
3.0312,14.098,5.3595
3.0312,14.421,5.4201
3.0312,14.744,5.4805
3.0312,15.067,5.5418
3.0312,15.39,5.6038
3.0312,15.712,5.6659
3.0312,16.035,5.7282
3.0312,16.358,5.7907
3.208,0.2168,-0.93774
3.208,0.53963,-0.60116
3.208,0.86245,-0.26316
3.208,1.1853,0.074424
3.208,1.5081,0.41528
3.208,1.8309,0.76481
3.208,2.1538,1.0925
3.208,2.4766,1.3985
3.208,2.7994,1.701
3.208,3.1222,1.9989
3.208,3.445,2.2845
3.208,3.7679,2.5629
3.208,4.0907,2.7933
3.208,4.4135,2.9896
3.208,4.7363,3.1156
3.208,5.0592,3.217
3.208,5.382,3.3119
3.208,5.7048,3.3961
3.208,6.0276,3.51
3.208,6.3505,3.6276
3.208,6.6733,3.7581
3.208,6.9961,3.8752
3.208,7.3189,4.0063
3.208,7.6418,4.0966
3.208,7.9646,4.1773
3.208,8.2874,4.2617
3.208,8.6102,4.3202
3.208,8.9331,4.3786
3.208,9.2559,4.4346
3.208,9.5787,4.4939
3.208,9.9015,4.5562
3.208,10.224,4.6211
3.208,10.547,4.6856
3.208,10.87,4.7496
3.208,11.193,4.813
3.208,11.516,4.8756
3.208,11.838,4.9375
3.208,12.161,4.9991
3.208,12.484,5.0606
3.208,12.807,5.1221
3.208,13.13,5.1836
3.208,13.453,5.2436
3.208,13.775,5.3032
3.208,14.098,5.3626
3.208,14.421,5.4222
3.208,14.744,5.483
3.208,15.067,5.5441
3.208,15.39,5.6057
3.208,15.712,5.6676
3.208,16.035,5.7298
3.208,16.358,5.7912
3.3847,0.2168,-0.93167
3.3847,0.53963,-0.59136
3.3847,0.86245,-0.24628
3.3847,1.1853,0.098799
3.3847,1.5081,0.45266
3.3847,1.8309,0.81143
3.3847,2.1538,1.1468
3.3847,2.4766,1.4598
3.3847,2.7994,1.7574
3.3847,3.1222,2.0499
3.3847,3.445,2.3262
3.3847,3.7679,2.5886
3.3847,4.0907,2.8235
3.3847,4.4135,3.0278
3.3847,4.7363,3.1697
3.3847,5.0592,3.2682
3.3847,5.382,3.3607
3.3847,5.7048,3.4509
3.3847,6.0276,3.57
3.3847,6.3505,3.6929
3.3847,6.6733,3.8172
3.3847,6.9961,3.9381
3.3847,7.3189,4.056
3.3847,7.6418,4.1547
3.3847,7.9646,4.2283
3.3847,8.2874,4.3104
3.3847,8.6102,4.3691
3.3847,8.9331,4.4204
3.3847,9.2559,4.4697
3.3847,9.5787,4.5241
3.3847,9.9015,4.5817
3.3847,10.224,4.6447
3.3847,10.547,4.7057
3.3847,10.87,4.7668
3.3847,11.193,4.8275
3.3847,11.516,4.8881
3.3847,11.838,4.9488
3.3847,12.161,5.0095
3.3847,12.484,5.0697
3.3847,12.807,5.1289
3.3847,13.13,5.1875
3.3847,13.453,5.2459
3.3847,13.775,5.3057
3.3847,14.098,5.3659
3.3847,14.421,5.4262
3.3847,14.744,5.4859
3.3847,15.067,5.5457
3.3847,15.39,5.6058
3.3847,15.712,5.6664
3.3847,16.035,5.7277
3.3847,16.358,5.7893
3.5614,0.2168,-0.92514
3.5614,0.53963,-0.58069
3.5614,0.86245,-0.23136
3.5614,1.1853,0.12331
3.5614,1.5081,0.48578
3.5614,1.8309,0.84324
3.5614,2.1538,1.1837
3.5614,2.4766,1.4981
3.5614,2.7994,1.7997
3.5614,3.1222,2.0868
3.5614,3.445,2.3508
3.5614,3.7679,2.6079
3.5614,4.0907,2.8406
3.5614,4.4135,3.0484
3.5614,4.7363,3.2153
3.5614,5.0592,3.3338
3.5614,5.382,3.41
3.5614,5.7048,3.515
3.5614,6.0276,3.6268
3.5614,6.3505,3.746
3.5614,6.6733,3.8687
3.5614,6.9961,3.9843
3.5614,7.3189,4.109
3.5614,7.6418,4.2057
3.5614,7.9646,4.2801
3.5614,8.2874,4.3551
3.5614,8.6102,4.4112
3.5614,8.9331,4.4556
3.5614,9.2559,4.4991
3.5614,9.5787,4.548
3.5614,9.9015,4.6032
3.5614,10.224,4.6622
3.5614,10.547,4.7201
3.5614,10.87,4.7786
3.5614,11.193,4.8377
3.5614,11.516,4.8972
3.5614,11.838,4.9561
3.5614,12.161,5.0148
3.5614,12.484,5.0733
3.5614,12.807,5.1318
3.5614,13.13,5.1911
3.5614,13.453,5.2504
3.5614,13.775,5.3096
3.5614,14.098,5.3689
3.5614,14.421,5.4284
3.5614,14.744,5.4882
3.5614,15.067,5.5483
3.5614,15.39,5.6086
3.5614,15.712,5.6693
3.5614,16.035,5.7302
3.5614,16.358,5.7915
3.7382,0.2168,-0.91815
3.7382,0.53963,-0.56816
3.7382,0.86245,-0.21308
3.7382,1.1853,0.14829
3.7382,1.5081,0.51516
3.7382,1.8309,0.87631
3.7382,2.1538,1.2294
3.7382,2.4766,1.5411
3.7382,2.7994,1.8416
3.7382,3.1222,2.115
3.7382,3.445,2.3782
3.7382,3.7679,2.6292
3.7382,4.0907,2.8609
3.7382,4.4135,3.0669
3.7382,4.7363,3.2448
3.7382,5.0592,3.3762
3.7382,5.382,3.4497
3.7382,5.7048,3.5428
3.7382,6.0276,3.6771
3.7382,6.3505,3.7851
3.7382,6.6733,3.9025
3.7382,6.9961,4.0205
3.7382,7.3189,4.1611
3.7382,7.6418,4.2594
3.7382,7.9646,4.3354
3.7382,8.2874,4.3943
3.7382,8.6102,4.446
3.7382,8.9331,4.4841
3.7382,9.2559,4.5218
3.7382,9.5787,4.5681
3.7382,9.9015,4.6193
3.7382,10.224,4.6737
3.7382,10.547,4.7295
3.7382,10.87,4.7865
3.7382,11.193,4.8445
3.7382,11.516,4.9018
3.7382,11.838,4.9601
3.7382,12.161,5.0186
3.7382,12.484,5.0772
3.7382,12.807,5.1358
3.7382,13.13,5.1946
3.7382,13.453,5.2536
3.7382,13.775,5.3127
3.7382,14.098,5.3721
3.7382,14.421,5.4318
3.7382,14.744,5.4912
3.7382,15.067,5.551
3.7382,15.39,5.611
3.7382,15.712,5.6713
3.7382,16.035,5.732
3.7382,16.358,5.793
3.9149,0.2168,-0.91033
3.9149,0.53963,-0.55422
3.9149,0.86245,-0.1929
3.9149,1.1853,0.17514
3.9149,1.5081,0.54267
3.9149,1.8309,0.91464
3.9149,2.1538,1.267
3.9149,2.4766,1.5838
3.9149,2.7994,1.8676
3.9149,3.1222,2.1436
3.9149,3.445,2.3885
3.9149,3.7679,2.6505
3.9149,4.0907,2.8799
3.9149,4.4135,3.0833
3.9149,4.7363,3.2517
3.9149,5.0592,3.399
3.9149,5.382,3.5005
3.9149,5.7048,3.5972
3.9149,6.0276,3.7135
3.9149,6.3505,3.8302
3.9149,6.6733,3.9424
3.9149,6.9961,4.0617
3.9149,7.3189,4.1955
3.9149,7.6418,4.2919
3.9149,7.9646,4.3653
3.9149,8.2874,4.4159
3.9149,8.6102,4.4715
3.9149,8.9331,4.504
3.9149,9.2559,4.5394
3.9149,9.5787,4.5805
3.9149,9.9015,4.6286
3.9149,10.224,4.6813
3.9149,10.547,4.7351
3.9149,10.87,4.7911
3.9149,11.193,4.8481
3.9149,11.516,4.9058
3.9149,11.838,4.9637
3.9149,12.161,5.0217
3.9149,12.484,5.0799
3.9149,12.807,5.1382
3.9149,13.13,5.1966
3.9149,13.453,5.2553
3.9149,13.775,5.3141
3.9149,14.098,5.3732
3.9149,14.421,5.4326
3.9149,14.744,5.4923
3.9149,15.067,5.5523
3.9149,15.39,5.6116
3.9149,15.712,5.6704
3.9149,16.035,5.7296
3.9149,16.358,5.7891
4.0916,0.2168,-0.90191
4.0916,0.53963,-0.54087
4.0916,0.86245,-0.17583
4.0916,1.1853,0.19855
4.0916,1.5081,0.5743
4.0916,1.8309,0.93943
4.0916,2.1538,1.3042
4.0916,2.4766,1.6044
4.0916,2.7994,1.8854
4.0916,3.1222,2.1667
4.0916,3.445,2.4149
4.0916,3.7679,2.6648
4.0916,4.0907,2.8922
4.0916,4.4135,3.0927
4.0916,4.7363,3.2684
4.0916,5.0592,3.4087
4.0916,5.382,3.532
4.0916,5.7048,3.642
4.0916,6.0276,3.7578
4.0916,6.3505,3.8729
4.0916,6.6733,3.9923
4.0916,6.9961,4.1051
4.0916,7.3189,4.2215
4.0916,7.6418,4.3168
4.0916,7.9646,4.3901
4.0916,8.2874,4.4451
4.0916,8.6102,4.4896
4.0916,8.9331,4.5203
4.0916,9.2559,4.5511
4.0916,9.5787,4.5897
4.0916,9.9015,4.6352
4.0916,10.224,4.6854
4.0916,10.547,4.7375
4.0916,10.87,4.7927
4.0916,11.193,4.8494
4.0916,11.516,4.9069
4.0916,11.838,4.9649
4.0916,12.161,5.0231
4.0916,12.484,5.0811
4.0916,12.807,5.1391
4.0916,13.13,5.1973
4.0916,13.453,5.2557
4.0916,13.775,5.3125
4.0916,14.098,5.3694
4.0916,14.421,5.4266
4.0916,14.744,5.484
4.0916,15.067,5.5418
4.0916,15.39,5.6
4.0916,15.712,5.6585
4.0916,16.035,5.7174
4.0916,16.358,5.7767
4.2684,0.2168,-0.89261
4.2684,0.53963,-0.52997
4.2684,0.86245,-0.15896
4.2684,1.1853,0.2189
4.2684,1.5081,0.5993
4.2684,1.8309,0.96631
4.2684,2.1538,1.3108
4.2684,2.4766,1.6237
4.2684,2.7994,1.8962
4.2684,3.1222,2.1818
4.2684,3.445,2.4297
4.2684,3.7679,2.6618
4.2684,4.0907,2.8959
4.2684,4.4135,3.0963
4.2684,4.7363,3.278
4.2684,5.0592,3.4216
4.2684,5.382,3.5348
4.2684,5.7048,3.6645
4.2684,6.0276,3.7888
4.2684,6.3505,3.9125
4.2684,6.6733,4.0289
4.2684,6.9961,4.1355
4.2684,7.3189,4.2477
4.2684,7.6418,4.3411
4.2684,7.9646,4.4119
4.2684,8.2874,4.4538
4.2684,8.6102,4.4946
4.2684,8.9331,4.5308
4.2684,9.2559,4.5596
4.2684,9.5787,4.5946
4.2684,9.9015,4.6378
4.2684,10.224,4.6866
4.2684,10.547,4.7371
4.2684,10.87,4.7915
4.2684,11.193,4.8477
4.2684,11.516,4.9049
4.2684,11.838,4.9626
4.2684,12.161,5.0206
4.2684,12.484,5.0767
4.2684,12.807,5.1324
4.2684,13.13,5.1882
4.2684,13.453,5.2441
4.2684,13.775,5.3003
4.2684,14.098,5.3567
4.2684,14.421,5.4135
4.2684,14.744,5.4706
4.2684,15.067,5.5281
4.2684,15.39,5.586
4.2684,15.712,5.6444
4.2684,16.035,5.7031
4.2684,16.358,5.7623
4.4451,0.2168,-0.88314
4.4451,0.53963,-0.5173
4.4451,0.86245,-0.14529
4.4451,1.1853,0.23398
4.4451,1.5081,0.61607
4.4451,1.8309,0.97716
4.4451,2.1538,1.3298
4.4451,2.4766,1.6435
4.4451,2.7994,1.9182
4.4451,3.1222,2.1837
4.4451,3.445,2.4388
4.4451,3.7679,2.6635
4.4451,4.0907,2.8926
4.4451,4.4135,3.0945
4.4451,4.7363,3.2826
4.4451,5.0592,3.4363
4.4451,5.382,3.5501
4.4451,5.7048,3.6844
4.4451,6.0276,3.8157
4.4451,6.3505,3.9428
4.4451,6.6733,4.0649
4.4451,6.9961,4.1641
4.4451,7.3189,4.2643
4.4451,7.6418,4.3549
4.4451,7.9646,4.4111
4.4451,8.2874,4.452
4.4451,8.6102,4.5103
4.4451,8.9331,4.5369
4.4451,9.2559,4.5635
4.4451,9.5787,4.5958
4.4451,9.9015,4.6367
4.4451,10.224,4.684
4.4451,10.547,4.7342
4.4451,10.87,4.788
4.4451,11.193,4.8438
4.4451,11.516,4.8986
4.4451,11.838,4.9532
4.4451,12.161,5.0081
4.4451,12.484,5.0631
4.4451,12.807,5.1183
4.4451,13.13,5.1736
4.4451,13.453,5.2291
4.4451,13.775,5.285
4.4451,14.098,5.3411
4.4451,14.421,5.3977
4.4451,14.744,5.4546
4.4451,15.067,5.512
4.4451,15.39,5.5698
4.4451,15.712,5.6281
4.4451,16.035,5.6869
4.4451,16.358,5.7461
4.6218,0.2168,-0.86937
4.6218,0.53963,-0.50792
4.6218,0.86245,-0.13358
4.6218,1.1853,0.23824
4.6218,1.5081,0.62225
4.6218,1.8309,0.99594
4.6218,2.1538,1.3223
4.6218,2.4766,1.6512
4.6218,2.7994,1.9116
4.6218,3.1222,2.174
4.6218,3.445,2.4277
4.6218,3.7679,2.6576
4.6218,4.0907,2.8856
4.6218,4.4135,3.1003
4.6218,4.7363,3.2862
4.6218,5.0592,3.4482
4.6218,5.382,3.547
4.6218,5.7048,3.6963
4.6218,6.0276,3.8322
4.6218,6.3505,3.9665
4.6218,6.6733,4.0777
4.6218,6.9961,4.1812
4.6218,7.3189,4.264
4.6218,7.6418,4.3393
4.6218,7.9646,4.3954
4.6218,8.2874,4.4413
4.6218,8.6102,4.5026
4.6218,8.9331,4.5373
4.6218,9.2559,4.5639
4.6218,9.5787,4.594
4.6218,9.9015,4.6328
4.6218,10.224,4.6785
4.6218,10.547,4.7273
4.6218,10.87,4.7772
4.6218,11.193,4.8292
4.6218,11.516,4.8825
4.6218,11.838,4.9365
4.6218,12.161,4.991
4.6218,12.484,5.0457
4.6218,12.807,5.1006
4.6218,13.13,5.1557
4.6218,13.453,5.2111
4.6218,13.775,5.2669
4.6218,14.098,5.323
4.6218,14.421,5.3795
4.6218,14.744,5.4364
4.6218,15.067,5.4938
4.6218,15.39,5.5517
4.6218,15.712,5.61
4.6218,16.035,5.6688
4.6218,16.358,5.7281
4.7986,0.2168,-0.86436
4.7986,0.53963,-0.49606
4.7986,0.86245,-0.12491
4.7986,1.1853,0.25144
4.7986,1.5081,0.62122
4.7986,1.8309,0.98574
4.7986,2.1538,1.323
4.7986,2.4766,1.6346
4.7986,2.7994,1.9021
4.7986,3.1222,2.1473
4.7986,3.445,2.3998
4.7986,3.7679,2.6469
4.7986,4.0907,2.8782
4.7986,4.4135,3.0983
4.7986,4.7363,3.2864
4.7986,5.0592,3.4365
4.7986,5.382,3.5663
4.7986,5.7048,3.7021
4.7986,6.0276,3.855
4.7986,6.3505,3.986
4.7986,6.6733,4.0893
4.7986,6.9961,4.1937
4.7986,7.3189,4.2564
4.7986,7.6418,4.3295
4.7986,7.9646,4.3979
4.7986,8.2874,4.4505
4.7986,8.6102,4.4937
4.7986,8.9331,4.5355
4.7986,9.2559,4.5622
4.7986,9.5787,4.5898
4.7986,9.9015,4.6261
4.7986,10.224,4.6698
4.7986,10.547,4.7109
4.7986,10.87,4.7585
4.7986,11.193,4.8091
4.7986,11.516,4.8618
4.7986,11.838,4.9156
4.7986,12.161,4.97
4.7986,12.484,5.0247
4.7986,12.807,5.0797
4.7986,13.13,5.1349
4.7986,13.453,5.1904
4.7986,13.775,5.2462
4.7986,14.098,5.3026
4.7986,14.421,5.3604
4.7986,14.744,5.4187
4.7986,15.067,5.4774
4.7986,15.39,5.5365
4.7986,15.712,5.5958
4.7986,16.035,5.6545
4.7986,16.358,5.7138
4.9753,0.2168,-0.86672
4.9753,0.53963,-0.49266
4.9753,0.86245,-0.11942
4.9753,1.1853,0.25256
4.9753,1.5081,0.61806
4.9753,1.8309,0.96975
4.9753,2.1538,1.2894
4.9753,2.4766,1.6035
4.9753,2.7994,1.868
4.9753,3.1222,2.1124
4.9753,3.445,2.3752
4.9753,3.7679,2.6289
4.9753,4.0907,2.8645
4.9753,4.4135,3.0912
4.9753,4.7363,3.2813
4.9753,5.0592,3.4321
4.9753,5.382,3.5759
4.9753,5.7048,3.7097
4.9753,6.0276,3.8581
4.9753,6.3505,3.9794
4.9753,6.6733,4.0829
4.9753,6.9961,4.1779
4.9753,7.3189,4.2311
4.9753,7.6418,4.3096
4.9753,7.9646,4.3807
4.9753,8.2874,4.4522
4.9753,8.6102,4.4952
4.9753,8.9331,4.5315
4.9753,9.2559,4.5585
4.9753,9.5787,4.5838
4.9753,9.9015,4.615
4.9753,10.224,4.6532
4.9753,10.547,4.6937
4.9753,10.87,4.7379
4.9753,11.193,4.7877
4.9753,11.516,4.8403
4.9753,11.838,4.8944
4.9753,12.161,4.9503
4.9753,12.484,5.0067
4.9753,12.807,5.0633
4.9753,13.13,5.1188
4.9753,13.453,5.1743
4.9753,13.775,5.2301
4.9753,14.098,5.2862
4.9753,14.421,5.3428
4.9753,14.744,5.4
4.9753,15.067,5.4581
4.9753,15.39,5.5165
4.9753,15.712,5.5755
4.9753,16.035,5.6349
4.9753,16.358,5.6948
5.152,0.2168,-0.87296
5.152,0.53963,-0.50116
5.152,0.86245,-0.12331
5.152,1.1853,0.25204
5.152,1.5081,0.61212
5.152,1.8309,0.9587
5.152,2.1538,1.2748
5.152,2.4766,1.5726
5.152,2.7994,1.8338
5.152,3.1222,2.0849
5.152,3.445,2.3429
5.152,3.7679,2.5998
5.152,4.0907,2.8424
5.152,4.4135,3.0727
5.152,4.7363,3.2744
5.152,5.0592,3.4267
5.152,5.382,3.5437
5.152,5.7048,3.7055
5.152,6.0276,3.8508
5.152,6.3505,3.9522
5.152,6.6733,4.082
5.152,6.9961,4.1418
5.152,7.3189,4.1991
5.152,7.6418,4.2717
5.152,7.9646,4.3738
5.152,8.2874,4.4391
5.152,8.6102,4.4839
5.152,8.9331,4.5248
5.152,9.2559,4.5533
5.152,9.5787,4.576
5.152,9.9015,4.6024
5.152,10.224,4.6365
5.152,10.547,4.6779
5.152,10.87,4.7193
5.152,11.193,4.7671
5.152,11.516,4.8193
5.152,11.838,4.8737
5.152,12.161,4.9291
5.152,12.484,4.985
5.152,12.807,5.0412
5.152,13.13,5.0975
5.152,13.453,5.1541
5.152,13.775,5.211
5.152,14.098,5.2681
5.152,14.421,5.3257
5.152,14.744,5.3836
5.152,15.067,5.442
5.152,15.39,5.5009
5.152,15.712,5.5602
5.152,16.035,5.62
5.152,16.358,5.6802
5.3288,0.2168,-0.8866
5.3288,0.53963,-0.50864
5.3288,0.86245,-0.13115
5.3288,1.1853,0.23721
5.3288,1.5081,0.607
5.3288,1.8309,0.94394
5.3288,2.1538,1.2687
5.3288,2.4766,1.5395
5.3288,2.7994,1.797
5.3288,3.1222,2.0542
5.3288,3.445,2.316
5.3288,3.7679,2.5695
5.3288,4.0907,2.8071
5.3288,4.4135,3.0423
5.3288,4.7363,3.261
5.3288,5.0592,3.4245
5.3288,5.382,3.5317
5.3288,5.7048,3.6747
5.3288,6.0276,3.8319
5.3288,6.3505,3.9398
5.3288,6.6733,4.0441
5.3288,6.9961,4.0986
5.3288,7.3189,4.1599
5.3288,7.6418,4.2352
5.3288,7.9646,4.351
5.3288,8.2874,4.42
5.3288,8.6102,4.471
5.3288,8.9331,4.517
5.3288,9.2559,4.5469
5.3288,9.5787,4.57
5.3288,9.9015,4.5951
5.3288,10.224,4.6284
5.3288,10.547,4.6684
5.3288,10.87,4.6911
5.3288,11.193,4.7381
5.3288,11.516,4.7898
5.3288,11.838,4.8444
5.3288,12.161,4.9003
5.3288,12.484,4.9568
5.3288,12.807,5.0136
5.3288,13.13,5.0705
5.3288,13.453,5.1276
5.3288,13.775,5.1857
5.3288,14.098,5.2443
5.3288,14.421,5.3032
5.3288,14.744,5.3624
5.3288,15.067,5.422
5.3288,15.39,5.482
5.3288,15.712,5.5424
5.3288,16.035,5.6032
5.3288,16.358,5.6645
5.5055,0.2168,-0.89882
5.5055,0.53963,-0.52333
5.5055,0.86245,-0.14846
5.5055,1.1853,0.21982
5.5055,1.5081,0.58131
5.5055,1.8309,0.91878
5.5055,2.1538,1.2317
5.5055,2.4766,1.508
5.5055,2.7994,1.7635
5.5055,3.1222,2.0256
5.5055,3.445,2.2838
5.5055,3.7679,2.5373
5.5055,4.0907,2.7794
5.5055,4.4135,3.017
5.5055,4.7363,3.2455
5.5055,5.0592,3.4102
5.5055,5.382,3.5297
5.5055,5.7048,3.6598
5.5055,6.0276,3.8042
5.5055,6.3505,3.9194
5.5055,6.6733,4.002
5.5055,6.9961,4.072
5.5055,7.3189,4.1346
5.5055,7.6418,4.2159
5.5055,7.9646,4.3131
5.5055,8.2874,4.3982
5.5055,8.6102,4.4616
5.5055,8.9331,4.505
5.5055,9.2559,4.5398
5.5055,9.5787,4.5632
5.5055,9.9015,4.5883
5.5055,10.224,4.6211
5.5055,10.547,4.6595
5.5055,10.87,4.676
5.5055,11.193,4.7201
5.5055,11.516,4.7694
5.5055,11.838,4.8222
5.5055,12.161,4.8769
5.5055,12.484,4.9345
5.5055,12.807,4.9928
5.5055,13.13,5.0512
5.5055,13.453,5.1097
5.5055,13.775,5.1684
5.5055,14.098,5.2272
5.5055,14.421,5.2864
5.5055,14.744,5.3459
5.5055,15.067,5.4057
5.5055,15.39,5.466
5.5055,15.712,5.5266
5.5055,16.035,5.5876
5.5055,16.358,5.649
5.6822,0.2168,-0.91539
5.6822,0.53963,-0.53833
5.6822,0.86245,-0.16561
5.6822,1.1853,0.1985
5.6822,1.5081,0.54802
5.6822,1.8309,0.88165
5.6822,2.1538,1.1911
5.6822,2.4766,1.4671
5.6822,2.7994,1.7333
5.6822,3.1222,1.995
5.6822,3.445,2.2524
5.6822,3.7679,2.5058
5.6822,4.0907,2.7541
5.6822,4.4135,2.9954
5.6822,4.7363,3.2291
5.6822,5.0592,3.4059
5.6822,5.382,3.5285
5.6822,5.7048,3.6517
5.6822,6.0276,3.7805
5.6822,6.3505,3.8836
5.6822,6.6733,3.9536
5.6822,6.9961,4.0221
5.6822,7.3189,4.103
5.6822,7.6418,4.1832
5.6822,7.9646,4.285
5.6822,8.2874,4.3689
5.6822,8.6102,4.4429
5.6822,8.9331,4.4935
5.6822,9.2559,4.5318
5.6822,9.5787,4.5562
5.6822,9.9015,4.5793
5.6822,10.224,4.6101
5.6822,10.547,4.6475
5.6822,10.87,4.6664
5.6822,11.193,4.7089
5.6822,11.516,4.7568
5.6822,11.838,4.8086
5.6822,12.161,4.8627
5.6822,12.484,4.918
5.6822,12.807,4.974
5.6822,13.13,5.0325
5.6822,13.453,5.0913
5.6822,13.775,5.1503
5.6822,14.098,5.2095
5.6822,14.421,5.2689
5.6822,14.744,5.3287
5.6822,15.067,5.3888
5.6822,15.39,5.4492
5.6822,15.712,5.5101
5.6822,16.035,5.5713
5.6822,16.358,5.6329
5.859,0.2168,-0.93394
5.859,0.53963,-0.555
5.859,0.86245,-0.1808
5.859,1.1853,0.17517
5.859,1.5081,0.51986
5.859,1.8309,0.84177
5.859,2.1538,1.1493
5.859,2.4766,1.4384
5.859,2.7994,1.7047
5.859,3.1222,1.9644
5.859,3.445,2.221
5.859,3.7679,2.476
5.859,4.0907,2.7292
5.859,4.4135,2.9738
5.859,4.7363,3.2105
5.859,5.0592,3.4097
5.859,5.382,3.5217
5.859,5.7048,3.6459
5.859,6.0276,3.7601
5.859,6.3505,3.8374
5.859,6.6733,3.9102
5.859,6.9961,3.9836
5.859,7.3189,4.0672
5.859,7.6418,4.1569
5.859,7.9646,4.2625
5.859,8.2874,4.3482
5.859,8.6102,4.4218
5.859,8.9331,4.48
5.859,9.2559,4.5229
5.859,9.5787,4.55
5.859,9.9015,4.5713
5.859,10.224,4.5985
5.859,10.547,4.6349
5.859,10.87,4.6636
5.859,11.193,4.6991
5.859,11.516,4.7454
5.859,11.838,4.7959
5.859,12.161,4.8492
5.859,12.484,4.904
5.859,12.807,4.9596
5.859,13.13,5.0158
5.859,13.453,5.0725
5.859,13.775,5.1317
5.859,14.098,5.1912
5.859,14.421,5.2509
5.859,14.744,5.3109
5.859,15.067,5.3713
5.859,15.39,5.432
5.859,15.712,5.493
5.859,16.035,5.5544
5.859,16.358,5.6162
6.0357,0.2168,-0.95732
6.0357,0.53963,-0.57599
6.0357,0.86245,-0.20184
6.0357,1.1853,0.15363
6.0357,1.5081,0.49243
6.0357,1.8309,0.81562
6.0357,2.1538,1.1217
6.0357,2.4766,1.4088
6.0357,2.7994,1.6762
6.0357,3.1222,1.9343
6.0357,3.445,2.1941
6.0357,3.7679,2.4491
6.0357,4.0907,2.7024
6.0357,4.4135,2.951
6.0357,4.7363,3.1903
6.0357,5.0592,3.3831
6.0357,5.382,3.5262
6.0357,5.7048,3.6319
6.0357,6.0276,3.7378
6.0357,6.3505,3.8085
6.0357,6.6733,3.8783
6.0357,6.9961,3.9596
6.0357,7.3189,4.0421
6.0357,7.6418,4.1304
6.0357,7.9646,4.232
6.0357,8.2874,4.3262
6.0357,8.6102,4.4026
6.0357,8.9331,4.4654
6.0357,9.2559,4.5138
6.0357,9.5787,4.5429
6.0357,9.9015,4.564
6.0357,10.224,4.5884
6.0357,10.547,4.6188
6.0357,10.87,4.6563
6.0357,11.193,4.6942
6.0357,11.516,4.7355
6.0357,11.838,4.7844
6.0357,12.161,4.8365
6.0357,12.484,4.8906
6.0357,12.807,4.9457
6.0357,13.13,5.0016
6.0357,13.453,5.058
6.0357,13.775,5.1148
6.0357,14.098,5.1725
6.0357,14.421,5.2324
6.0357,14.744,5.2927
6.0357,15.067,5.3533
6.0357,15.39,5.4142
6.0357,15.712,5.4755
6.0357,16.035,5.5371
6.0357,16.358,5.5991
6.2124,0.2168,-0.97627
6.2124,0.53963,-0.59732
6.2124,0.86245,-0.2266
6.2124,1.1853,0.12916
6.2124,1.5081,0.47007
6.2124,1.8309,0.79929
6.2124,2.1538,1.0967
6.2124,2.4766,1.3782
6.2124,2.7994,1.6493
6.2124,3.1222,1.9049
6.2124,3.445,2.1672
6.2124,3.7679,2.4278
6.2124,4.0907,2.6781
6.2124,4.4135,2.9271
6.2124,4.7363,3.1698
6.2124,5.0592,3.3661
6.2124,5.382,3.503
6.2124,5.7048,3.6157
6.2124,6.0276,3.6987
6.2124,6.3505,3.7694
6.2124,6.6733,3.8446
6.2124,6.9961,3.9272
6.2124,7.3189,4.0119
6.2124,7.6418,4.1038
6.2124,7.9646,4.2031
6.2124,8.2874,4.2997
6.2124,8.6102,4.3816
6.2124,8.9331,4.4497
6.2124,9.2559,4.5039
6.2124,9.5787,4.5393
6.2124,9.9015,4.5579
6.2124,10.224,4.5798
6.2124,10.547,4.6096
6.2124,10.87,4.6439
6.2124,11.193,4.685
6.2124,11.516,4.7273
6.2124,11.838,4.7744
6.2124,12.161,4.8251
6.2124,12.484,4.8781
6.2124,12.807,4.9325
6.2124,13.13,4.9879
6.2124,13.453,5.044
6.2124,13.775,5.1007
6.2124,14.098,5.1578
6.2124,14.421,5.2154
6.2124,14.744,5.2742
6.2124,15.067,5.3349
6.2124,15.39,5.3961
6.2124,15.712,5.4575
6.2124,16.035,5.5194
6.2124,16.358,5.5815
6.3892,0.2168,-0.99936
6.3892,0.53963,-0.62007
6.3892,0.86245,-0.24993
6.3892,1.1853,0.11043
6.3892,1.5081,0.45678
6.3892,1.8309,0.77239
6.3892,2.1538,1.0719
6.3892,2.4766,1.3492
6.3892,2.7994,1.6182
6.3892,3.1222,1.8775
6.3892,3.445,2.1427
6.3892,3.7679,2.4036
6.3892,4.0907,2.6551
6.3892,4.4135,2.9026
6.3892,4.7363,3.1467
6.3892,5.0592,3.3638
6.3892,5.382,3.4969
6.3892,5.7048,3.5842
6.3892,6.0276,3.6565
6.3892,6.3505,3.717
6.3892,6.6733,3.8015
6.3892,6.9961,3.8897
6.3892,7.3189,3.9847
6.3892,7.6418,4.0818
6.3892,7.9646,4.177
6.3892,8.2874,4.2733
6.3892,8.6102,4.3592
6.3892,8.9331,4.4329
6.3892,9.2559,4.4926
6.3892,9.5787,4.5314
6.3892,9.9015,4.5579
6.3892,10.224,4.573
6.3892,10.547,4.5994
6.3892,10.87,4.6344
6.3892,11.193,4.6717
6.3892,11.516,4.7196
6.3892,11.838,4.7639
6.3892,12.161,4.8094
6.3892,12.484,4.8668
6.3892,12.807,4.9203
6.3892,13.13,4.975
6.3892,13.453,5.0307
6.3892,13.775,5.087
6.3892,14.098,5.1439
6.3892,14.421,5.2014
6.3892,14.744,5.2593
6.3892,15.067,5.3178
6.3892,15.39,5.3777
6.3892,15.712,5.4393
6.3892,16.035,5.5013
6.3892,16.358,5.5637
6.5659,0.2168,-1.0223
6.5659,0.53963,-0.64449
6.5659,0.86245,-0.27452
6.5659,1.1853,0.087151
6.5659,1.5081,0.43228
6.5659,1.8309,0.74521
6.5659,2.1538,1.0418
6.5659,2.4766,1.3166
6.5659,2.7994,1.5903
6.5659,3.1222,1.8497
6.5659,3.445,2.1143
6.5659,3.7679,2.3795
6.5659,4.0907,2.6347
6.5659,4.4135,2.8792
6.5659,4.7363,3.1234
6.5659,5.0592,3.3448
6.5659,5.382,3.4933
6.5659,5.7048,3.5677
6.5659,6.0276,3.6065
6.5659,6.3505,3.6843
6.5659,6.6733,3.7652
6.5659,6.9961,3.8515
6.5659,7.3189,3.9548
6.5659,7.6418,4.0497
6.5659,7.9646,4.1491
6.5659,8.2874,4.2468
6.5659,8.6102,4.3362
6.5659,8.9331,4.4145
6.5659,9.2559,4.478
6.5659,9.5787,4.5199
6.5659,9.9015,4.5496
6.5659,10.224,4.5725
6.5659,10.547,4.5911
6.5659,10.87,4.6229
6.5659,11.193,4.6568
6.5659,11.516,4.7023
6.5659,11.838,4.7535
6.5659,12.161,4.8017
6.5659,12.484,4.8413
6.5659,12.807,4.8991
6.5659,13.13,4.9603
6.5659,13.453,5.0181
6.5659,13.775,5.074
6.5659,14.098,5.1306
6.5659,14.421,5.1878
6.5659,14.744,5.2455
6.5659,15.067,5.3038
6.5659,15.39,5.3627
6.5659,15.712,5.422
6.5659,16.035,5.4831
6.5659,16.358,5.5456
6.7426,0.2168,-1.0463
6.7426,0.53963,-0.66973
6.7426,0.86245,-0.30022
6.7426,1.1853,0.063281
6.7426,1.5081,0.4032
6.7426,1.8309,0.71383
6.7426,2.1538,1.0096
6.7426,2.4766,1.2837
6.7426,2.7994,1.558
6.7426,3.1222,1.8237
6.7426,3.445,2.0883
6.7426,3.7679,2.3525
6.7426,4.0907,2.6104
6.7426,4.4135,2.8571
6.7426,4.7363,3.1008
6.7426,5.0592,3.3294
6.7426,5.382,3.4824
6.7426,5.7048,3.531
6.7426,6.0276,3.564
6.7426,6.3505,3.6429
6.7426,6.6733,3.7269
6.7426,6.9961,3.8183
6.7426,7.3189,3.9186
6.7426,7.6418,4.0199
6.7426,7.9646,4.1195
6.7426,8.2874,4.2191
6.7426,8.6102,4.3115
6.7426,8.9331,4.3937
6.7426,9.2559,4.4641
6.7426,9.5787,4.5093
6.7426,9.9015,4.5428
6.7426,10.224,4.5628
6.7426,10.547,4.5845
6.7426,10.87,4.6105
6.7426,11.193,4.6438
6.7426,11.516,4.6865
6.7426,11.838,4.7355
6.7426,12.161,4.7891
6.7426,12.484,4.8407
6.7426,12.807,4.8814
6.7426,13.13,4.9305
6.7426,13.453,4.9925
6.7426,13.775,5.0548
6.7426,14.098,5.1175
6.7426,14.421,5.1747
6.7426,14.744,5.2322
6.7426,15.067,5.2903
6.7426,15.39,5.349
6.7426,15.712,5.4082
6.7426,16.035,5.4679
6.7426,16.358,5.5282
6.9194,0.2168,-1.0686
6.9194,0.53963,-0.6954
6.9194,0.86245,-0.3272
6.9194,1.1853,0.034629
6.9194,1.5081,0.37325
6.9194,1.8309,0.68247
6.9194,2.1538,0.97485
6.9194,2.4766,1.2533
6.9194,2.7994,1.5249
6.9194,3.1222,1.7954
6.9194,3.445,2.0611
6.9194,3.7679,2.3264
6.9194,4.0907,2.5864
6.9194,4.4135,2.8366
6.9194,4.7363,3.0798
6.9194,5.0592,3.3146
6.9194,5.382,3.4682
6.9194,5.7048,3.5152
6.9194,6.0276,3.5227
6.9194,6.3505,3.594
6.9194,6.6733,3.6888
6.9194,6.9961,3.7833
6.9194,7.3189,3.8842
6.9194,7.6418,3.9875
6.9194,7.9646,4.0899
6.9194,8.2874,4.1901
6.9194,8.6102,4.2856
6.9194,8.9331,4.3693
6.9194,9.2559,4.4434
6.9194,9.5787,4.4989
6.9194,9.9015,4.539
6.9194,10.224,4.5625
6.9194,10.547,4.5794
6.9194,10.87,4.6049
6.9194,11.193,4.6234
6.9194,11.516,4.6641
6.9194,11.838,4.7117
6.9194,12.161,4.7647
6.9194,12.484,4.8215
6.9194,12.807,4.8807
6.9194,13.13,4.9222
6.9194,13.453,4.9665
6.9194,13.775,5.0255
6.9194,14.098,5.0884
6.9194,14.421,5.1517
6.9194,14.744,5.2152
6.9194,15.067,5.2773
6.9194,15.39,5.3358
6.9194,15.712,5.3947
6.9194,16.035,5.4543
6.9194,16.358,5.5144
7.0961,0.2168,-1.0982
7.0961,0.53963,-0.72355
7.0961,0.86245,-0.35368
7.0961,1.1853,0.0053095
7.0961,1.5081,0.33921
7.0961,1.8309,0.64761
7.0961,2.1538,0.9405
7.0961,2.4766,1.2181
7.0961,2.7994,1.4944
7.0961,3.1222,1.7681
7.0961,3.445,2.0381
7.0961,3.7679,2.3025
7.0961,4.0907,2.5634
7.0961,4.4135,2.8155
7.0961,4.7363,3.0605
7.0961,5.0592,3.287
7.0961,5.382,3.4327
7.0961,5.7048,3.4701
7.0961,6.0276,3.4931
7.0961,6.3505,3.5518
7.0961,6.6733,3.6489
7.0961,6.9961,3.7474
7.0961,7.3189,3.8495
7.0961,7.6418,3.9548
7.0961,7.9646,4.0591
7.0961,8.2874,4.1608
7.0961,8.6102,4.2584
7.0961,8.9331,4.3463
7.0961,9.2559,4.4237
7.0961,9.5787,4.4856
7.0961,9.9015,4.5272
7.0961,10.224,4.5561
7.0961,10.547,4.5766
7.0961,10.87,4.5995
7.0961,11.193,4.6234
7.0961,11.516,4.6393
7.0961,11.838,4.6824
7.0961,12.161,4.7335
7.0961,12.484,4.7892
7.0961,12.807,4.8478
7.0961,13.13,4.9084
7.0961,13.453,4.9637
7.0961,13.775,5.0085
7.0961,14.098,5.0596
7.0961,14.421,5.1229
7.0961,14.744,5.1867
7.0961,15.067,5.2508
7.0961,15.39,5.3151
7.0961,15.712,5.3796
7.0961,16.035,5.4411
7.0961,16.358,5.501
7.2728,0.2168,-1.1201
7.2728,0.53963,-0.74862
7.2728,0.86245,-0.37977
7.2728,1.1853,-0.022226
7.2728,1.5081,0.30805
7.2728,1.8309,0.61404
7.2728,2.1538,0.90758
7.2728,2.4766,1.1879
7.2728,2.7994,1.4669
7.2728,3.1222,1.7428
7.2728,3.445,2.0152
7.2728,3.7679,2.2813
7.2728,4.0907,2.5427
7.2728,4.4135,2.7953
7.2728,4.7363,3.0416
7.2728,5.0592,3.2467
7.2728,5.382,3.3782
7.2728,5.7048,3.41
7.2728,6.0276,3.4585
7.2728,6.3505,3.5163
7.2728,6.6733,3.6074
7.2728,6.9961,3.7089
7.2728,7.3189,3.8142
7.2728,7.6418,3.9211
7.2728,7.9646,4.0268
7.2728,8.2874,4.1314
7.2728,8.6102,4.23
7.2728,8.9331,4.3223
7.2728,9.2559,4.4044
7.2728,9.5787,4.4676
7.2728,9.9015,4.5181
7.2728,10.224,4.5551
7.2728,10.547,4.5759
7.2728,10.87,4.5949
7.2728,11.193,4.6189
7.2728,11.516,4.6445
7.2728,11.838,4.6716
7.2728,12.161,4.7107
7.2728,12.484,4.7591
7.2728,12.807,4.8153
7.2728,13.13,4.8756
7.2728,13.453,4.9372
7.2728,13.775,4.9998
7.2728,14.098,5.0512
7.2728,14.421,5.1021
7.2728,14.744,5.1628
7.2728,15.067,5.2239
7.2728,15.39,5.2872
7.2728,15.712,5.352
7.2728,16.035,5.4171
7.2728,16.358,5.4824
7.4496,0.2168,-1.1487
7.4496,0.53963,-0.77491
7.4496,0.86245,-0.40304
7.4496,1.1853,-0.049457
7.4496,1.5081,0.27892
7.4496,1.8309,0.59138
7.4496,2.1538,0.87732
7.4496,2.4766,1.1611
7.4496,2.7994,1.4416
7.4496,3.1222,1.7193
7.4496,3.445,1.9942
7.4496,3.7679,2.262
7.4496,4.0907,2.5242
7.4496,4.4135,2.7771
7.4496,4.7363,3.0233
7.4496,5.0592,3.2125
7.4496,5.382,3.3342
7.4496,5.7048,3.3611
7.4496,6.0276,3.4008
7.4496,6.3505,3.4746
7.4496,6.6733,3.5675
7.4496,6.9961,3.6702
7.4496,7.3189,3.7776
7.4496,7.6418,3.8869
7.4496,7.9646,3.9939
7.4496,8.2874,4.0992
7.4496,8.6102,4.2019
7.4496,8.9331,4.2975
7.4496,9.2559,4.3837
7.4496,9.5787,4.4538
7.4496,9.9015,4.5056
7.4496,10.224,4.5486
7.4496,10.547,4.5765
7.4496,10.87,4.5972
7.4496,11.193,4.6183
7.4496,11.516,4.6422
7.4496,11.838,4.6724
7.4496,12.161,4.703
7.4496,12.484,4.7486
7.4496,12.807,4.7988
7.4496,13.13,4.8525
7.4496,13.453,4.9086
7.4496,13.775,4.9673
7.4496,14.098,5.0307
7.4496,14.421,5.0945
7.4496,14.744,5.1453
7.4496,15.067,5.2063
7.4496,15.39,5.2678
7.4496,15.712,5.3297
7.4496,16.035,5.3921
7.4496,16.358,5.4553
7.6263,0.2168,-1.1686
7.6263,0.53963,-0.79527
7.6263,0.86245,-0.42583
7.6263,1.1853,-0.074962
7.6263,1.5081,0.25209
7.6263,1.8309,0.56547
7.6263,2.1538,0.84972
7.6263,2.4766,1.1364
7.6263,2.7994,1.4182
7.6263,3.1222,1.6972
7.6263,3.445,1.9736
7.6263,3.7679,2.244
7.6263,4.0907,2.5062
7.6263,4.4135,2.7608
7.6263,4.7363,3.0043
7.6263,5.0592,3.1866
7.6263,5.382,3.2842
7.6263,5.7048,3.3014
7.6263,6.0276,3.3459
7.6263,6.3505,3.4303
7.6263,6.6733,3.5261
7.6263,6.9961,3.6311
7.6263,7.3189,3.7391
7.6263,7.6418,3.8504
7.6263,7.9646,3.9606
7.6263,8.2874,4.0653
7.6263,8.6102,4.1696
7.6263,8.9331,4.2708
7.6263,9.2559,4.3617
7.6263,9.5787,4.4385
7.6263,9.9015,4.4929
7.6263,10.224,4.5422
7.6263,10.547,4.575
7.6263,10.87,4.5957
7.6263,11.193,4.6152
7.6263,11.516,4.6453
7.6263,11.838,4.673
7.6263,12.161,4.7059
7.6263,12.484,4.74
7.6263,12.807,4.7878
7.6263,13.13,4.8369
7.6263,13.453,4.8915
7.6263,13.775,4.9511
7.6263,14.098,5.0093
7.6263,14.421,5.0684
7.6263,14.744,5.1285
7.6263,15.067,5.1892
7.6263,15.39,5.2505
7.6263,15.712,5.3123
7.6263,16.035,5.3745
7.6263,16.358,5.4372
7.803,0.2168,-1.1854
7.803,0.53963,-0.81117
7.803,0.86245,-0.44575
7.803,1.1853,-0.098309
7.803,1.5081,0.22655
7.803,1.8309,0.53689
7.803,2.1538,0.82447
7.803,2.4766,1.1131
7.803,2.7994,1.3968
7.803,3.1222,1.6768
7.803,3.445,1.9552
7.803,3.7679,2.2273
7.803,4.0907,2.4909
7.803,4.4135,2.7463
7.803,4.7363,2.9756
7.803,5.0592,3.1337
7.803,5.382,3.2179
7.803,5.7048,3.2428
7.803,6.0276,3.2996
7.803,6.3505,3.3828
7.803,6.6733,3.484
7.803,6.9961,3.5898
7.803,7.3189,3.6986
7.803,7.6418,3.8101
7.803,7.9646,3.9238
7.803,8.2874,4.0341
7.803,8.6102,4.1348
7.803,8.9331,4.2412
7.803,9.2559,4.3346
7.803,9.5787,4.4216
7.803,9.9015,4.478
7.803,10.224,4.5311
7.803,10.547,4.5734
7.803,10.87,4.5998
7.803,11.193,4.6206
7.803,11.516,4.6413
7.803,11.838,4.6684
7.803,12.161,4.7047
7.803,12.484,4.7426
7.803,12.807,4.7789
7.803,13.13,4.8287
7.803,13.453,4.8795
7.803,13.775,4.9316
7.803,14.098,4.9859
7.803,14.421,5.0441
7.803,14.744,5.1085
7.803,15.067,5.1727
7.803,15.39,5.2316
7.803,15.712,5.2922
7.803,16.035,5.3573
7.803,16.358,5.4199
7.9798,0.2168,-1.2006
7.9798,0.53963,-0.83035
7.9798,0.86245,-0.46245
7.9798,1.1853,-0.12131
7.9798,1.5081,0.20244
7.9798,1.8309,0.5111
7.9798,2.1538,0.80123
7.9798,2.4766,1.0913
7.9798,2.7994,1.3772
7.9798,3.1222,1.6583
7.9798,3.445,1.939
7.9798,3.7679,2.2117
7.9798,4.0907,2.4762
7.9798,4.4135,2.7351
7.9798,4.7363,2.9477
7.9798,5.0592,3.0907
7.9798,5.382,3.1865
7.9798,5.7048,3.191
7.9798,6.0276,3.2525
7.9798,6.3505,3.3384
7.9798,6.6733,3.4403
7.9798,6.9961,3.5478
7.9798,7.3189,3.6574
7.9798,7.6418,3.7699
7.9798,7.9646,3.8837
7.9798,8.2874,3.997
7.9798,8.6102,4.103
7.9798,8.9331,4.2044
7.9798,9.2559,4.2985
7.9798,9.5787,4.395
7.9798,9.9015,4.463
7.9798,10.224,4.5173
7.9798,10.547,4.5671
7.9798,10.87,4.6014
7.9798,11.193,4.6264
7.9798,11.516,4.6388
7.9798,11.838,4.6707
7.9798,12.161,4.7015
7.9798,12.484,4.7378
7.9798,12.807,4.7739
7.9798,13.13,4.8194
7.9798,13.453,4.8707
7.9798,13.775,4.923
7.9798,14.098,4.9758
7.9798,14.421,5.0304
7.9798,14.744,5.0866
7.9798,15.067,5.144
7.9798,15.39,5.2041
7.9798,15.712,5.2699
7.9798,16.035,5.3281
7.9798,16.358,5.3946
8.1565,0.2168,-1.2155
8.1565,0.53963,-0.84448
8.1565,0.86245,-0.48626
8.1565,1.1853,-0.14231
8.1565,1.5081,0.1794
8.1565,1.8309,0.48759
8.1565,2.1538,0.77969
8.1565,2.4766,1.0712
8.1565,2.7994,1.3592
8.1565,3.1222,1.6417
8.1565,3.445,1.9239
8.1565,3.7679,2.1967
8.1565,4.0907,2.4625
8.1565,4.4135,2.7234
8.1565,4.7363,2.9138
8.1565,5.0592,3.0474
8.1565,5.382,3.1352
8.1565,5.7048,3.1477
8.1565,6.0276,3.2022
8.1565,6.3505,3.2931
8.1565,6.6733,3.3964
8.1565,6.9961,3.5054
8.1565,7.3189,3.6147
8.1565,7.6418,3.7287
8.1565,7.9646,3.8436
8.1565,8.2874,3.9593
8.1565,8.6102,4.0695
8.1565,8.9331,4.1733
8.1565,9.2559,4.2729
8.1565,9.5787,4.3617
8.1565,9.9015,4.4463
8.1565,10.224,4.5008
8.1565,10.547,4.5586
8.1565,10.87,4.5984
8.1565,11.193,4.6302
8.1565,11.516,4.6376
8.1565,11.838,4.668
8.1565,12.161,4.7023
8.1565,12.484,4.7371
8.1565,12.807,4.7743
8.1565,13.13,4.8143
8.1565,13.453,4.8612
8.1565,13.775,4.9136
8.1565,14.098,4.9673
8.1565,14.421,5.0206
8.1565,14.744,5.0757
8.1565,15.067,5.1321
8.1565,15.39,5.1898
8.1565,15.712,5.2485
8.1565,16.035,5.308
8.1565,16.358,5.3694
8.3332,0.2168,-1.2277
8.3332,0.53963,-0.85718
8.3332,0.86245,-0.50293
8.3332,1.1853,-0.16228
8.3332,1.5081,0.15779
8.3332,1.8309,0.46592
8.3332,2.1538,0.75962
8.3332,2.4766,1.0525
8.3332,2.7994,1.3426
8.3332,3.1222,1.6268
8.3332,3.445,1.9098
8.3332,3.7679,2.1839
8.3332,4.0907,2.451
8.3332,4.4135,2.7043
8.3332,4.7363,2.8862
8.3332,5.0592,3.0054
8.3332,5.382,3.0789
8.3332,5.7048,3.11
8.3332,6.0276,3.1601
8.3332,6.3505,3.2471
8.3332,6.6733,3.3527
8.3332,6.9961,3.4625
8.3332,7.3189,3.5726
8.3332,7.6418,3.685
8.3332,7.9646,3.8026
8.3332,8.2874,3.9187
8.3332,8.6102,4.0296
8.3332,8.9331,4.141
8.3332,9.2559,4.2396
8.3332,9.5787,4.3361
8.3332,9.9015,4.4209
8.3332,10.224,4.4816
8.3332,10.547,4.5475
8.3332,10.87,4.5941
8.3332,11.193,4.6291
8.3332,11.516,4.6422
8.3332,11.838,4.6678
8.3332,12.161,4.6992
8.3332,12.484,4.7361
8.3332,12.807,4.7749
8.3332,13.13,4.8127
8.3332,13.453,4.8564
8.3332,13.775,4.9041
8.3332,14.098,4.953
8.3332,14.421,5.0062
8.3332,14.744,5.0661
8.3332,15.067,5.1215
8.3332,15.39,5.1783
8.3332,15.712,5.2362
8.3332,16.035,5.2951
8.3332,16.358,5.3548
8.51,0.2168,-1.2391
8.51,0.53963,-0.87348
8.51,0.86245,-0.51727
8.51,1.1853,-0.18189
8.51,1.5081,0.13744
8.51,1.8309,0.44575
8.51,2.1538,0.74082
8.51,2.4766,1.035
8.51,2.7994,1.3271
8.51,3.1222,1.6134
8.51,3.445,1.8966
8.51,3.7679,2.1715
8.51,4.0907,2.438
8.51,4.4135,2.6761
8.51,4.7363,2.8479
8.51,5.0592,2.9614
8.51,5.382,3.0264
8.51,5.7048,3.0633
8.51,6.0276,3.1176
8.51,6.3505,3.2046
8.51,6.6733,3.3079
8.51,6.9961,3.419
8.51,7.3189,3.5302
8.51,7.6418,3.6394
8.51,7.9646,3.7588
8.51,8.2874,3.878
8.51,8.6102,3.9944
8.51,8.9331,4.1016
8.51,9.2559,4.2114
8.51,9.5787,4.3043
8.51,9.9015,4.4012
8.51,10.224,4.4627
8.51,10.547,4.5336
8.51,10.87,4.5878
8.51,11.193,4.6275
8.51,11.516,4.6517
8.51,11.838,4.6732
8.51,12.161,4.6996
8.51,12.484,4.7325
8.51,12.807,4.7722
8.51,13.13,4.8147
8.51,13.453,4.8526
8.51,13.775,4.8997
8.51,14.098,4.9479
8.51,14.421,4.9981
8.51,14.744,5.0509
8.51,15.067,5.1055
8.51,15.39,5.1676
8.51,15.712,5.225
8.51,16.035,5.2831
8.51,16.358,5.3422
8.6867,0.2168,-1.2482
8.6867,0.53963,-0.8865
8.6867,0.86245,-0.53175
8.6867,1.1853,-0.20074
8.6867,1.5081,0.11812
8.6867,1.8309,0.42682
8.6867,2.1538,0.72315
8.6867,2.4766,1.0185
8.6867,2.7994,1.3128
8.6867,3.1222,1.6013
8.6867,3.445,1.8843
8.6867,3.7679,2.16
8.6867,4.0907,2.4231
8.6867,4.4135,2.6404
8.6867,4.7363,2.7975
8.6867,5.0592,2.9077
8.6867,5.382,2.9807
8.6867,5.7048,3.0113
8.6867,6.0276,3.0726
8.6867,6.3505,3.1604
8.6867,6.6733,3.2642
8.6867,6.9961,3.3752
8.6867,7.3189,3.4861
8.6867,7.6418,3.5963
8.6867,7.9646,3.7115
8.6867,8.2874,3.8348
8.6867,8.6102,3.954
8.6867,8.9331,4.0647
8.6867,9.2559,4.1732
8.6867,9.5787,4.2787
8.6867,9.9015,4.3733
8.6867,10.224,4.4436
8.6867,10.547,4.5173
8.6867,10.87,4.5791
8.6867,11.193,4.6247
8.6867,11.516,4.6617
8.6867,11.838,4.6792
8.6867,12.161,4.7055
8.6867,12.484,4.7333
8.6867,12.807,4.768
8.6867,13.13,4.8103
8.6867,13.453,4.8561
8.6867,13.775,4.894
8.6867,14.098,4.944
8.6867,14.421,4.9927
8.6867,14.744,5.0439
8.6867,15.067,5.0972
8.6867,15.39,5.1521
8.6867,15.712,5.2086
8.6867,16.035,5.2677
8.6867,16.358,5.3307
8.8634,0.2168,-1.2571
8.8634,0.53963,-0.89944
8.8634,0.86245,-0.5467
8.8634,1.1853,-0.21831
8.8634,1.5081,0.099679
8.8634,1.8309,0.40894
8.8634,2.1538,0.70734
8.8634,2.4766,1.0031
8.8634,2.7994,1.2994
8.8634,3.1222,1.5899
8.8634,3.445,1.8728
8.8634,3.7679,2.1503
8.8634,4.0907,2.4072
8.8634,4.4135,2.5997
8.8634,4.7363,2.7476
8.8634,5.0592,2.8698
8.8634,5.382,2.9259
8.8634,5.7048,2.9612
8.8634,6.0276,3.0257
8.8634,6.3505,3.1162
8.8634,6.6733,3.2196
8.8634,6.9961,3.3306
8.8634,7.3189,3.4432
8.8634,7.6418,3.5551
8.8634,7.9646,3.6637
8.8634,8.2874,3.7868
8.8634,8.6102,3.9119
8.8634,8.9331,4.0288
8.8634,9.2559,4.1395
8.8634,9.5787,4.2445
8.8634,9.9015,4.3472
8.8634,10.224,4.4265
8.8634,10.547,4.4972
8.8634,10.87,4.568
8.8634,11.193,4.6202
8.8634,11.516,4.6612
8.8634,11.838,4.6852
8.8634,12.161,4.7122
8.8634,12.484,4.7391
8.8634,12.807,4.7691
8.8634,13.13,4.8056
8.8634,13.453,4.8502
8.8634,13.775,4.8973
8.8634,14.098,4.9365
8.8634,14.421,4.9892
8.8634,14.744,5.0387
8.8634,15.067,5.0904
8.8634,15.39,5.1441
8.8634,15.712,5.1994
8.8634,16.035,5.2561
8.8634,16.358,5.3139
