0.38021,0.26268,-1.5726
0.38021,0.32998,-1.2864
0.38021,0.39728,-0.99357
0.38021,0.46458,-0.70703
0.38021,0.53189,-0.41111
0.38021,0.59919,-0.11059
0.38021,0.66649,0.1961
0.38021,0.73379,0.49873
0.38021,0.80109,0.79269
0.38021,0.8684,1.0723
0.38021,0.9357,1.3403
0.38021,1.003,1.5975
0.38021,1.0703,1.8496
0.38021,1.1376,2.0855
0.38021,1.2049,2.2844
0.38021,1.2722,2.4322
0.38021,1.3395,2.5147
0.38021,1.4068,2.5904
0.38021,1.4741,2.6905
0.38021,1.5414,2.8202
0.38021,1.6087,2.9639
0.38021,1.676,3.1305
0.38021,1.7433,3.2985
0.38021,1.8106,3.449
0.38021,1.8779,3.586
0.38021,1.9452,3.7461
0.38021,2.0125,3.8948
0.38021,2.0798,4.0114
0.38021,2.1471,4.1139
0.38021,2.2144,4.2203
0.38021,2.2817,4.3005
0.38021,2.349,4.3707
0.38021,2.4163,4.4382
0.38021,2.4836,4.5067
0.38021,2.5509,4.5766
0.38021,2.6182,4.6474
0.38021,2.6856,4.7244
0.38021,2.7529,4.7973
0.38021,2.8202,4.8655
0.38021,2.8875,4.9356
0.38021,2.9548,5.0034
0.38021,3.0221,5.0708
0.38021,3.0894,5.1383
0.38021,3.1567,5.2046
0.38021,3.224,5.2703
0.38021,3.2913,5.3355
0.38021,3.3586,5.3998
0.38021,3.4259,5.4637
0.38021,3.4932,5.5272
0.38021,3.5605,5.5902
0.38021,3.6278,5.6526
0.55694,0.26268,-1.5546
0.55694,0.32998,-1.2761
0.55694,0.39728,-0.98216
0.55694,0.46458,-0.69702
0.55694,0.53189,-0.3949
0.55694,0.59919,-0.094044
0.55694,0.66649,0.2133
0.55694,0.73379,0.51882
0.55694,0.80109,0.81625
0.55694,0.8684,1.0983
0.55694,0.9357,1.3685
0.55694,1.003,1.6269
0.55694,1.0703,1.8808
0.55694,1.1376,2.1213
0.55694,1.2049,2.3318
0.55694,1.2722,2.4923
0.55694,1.3395,2.592
0.55694,1.4068,2.6652
0.55694,1.4741,2.763
0.55694,1.5414,2.8911
0.55694,1.6087,3.0364
0.55694,1.676,3.1936
0.55694,1.7433,3.3642
0.55694,1.8106,3.5069
0.55694,1.8779,3.6511
0.55694,1.9452,3.8074
0.55694,2.0125,3.9273
0.55694,2.0798,4.0444
0.55694,2.1471,4.1433
0.55694,2.2144,4.2445
0.55694,2.2817,4.3243
0.55694,2.349,4.395
0.55694,2.4163,4.4626
0.55694,2.4836,4.5307
0.55694,2.5509,4.6
0.55694,2.6182,4.6747
0.55694,2.6856,4.7444
0.55694,2.7529,4.813
0.55694,2.8202,4.8845
0.55694,2.8875,4.9524
0.55694,2.9548,5.0198
0.55694,3.0221,5.0876
0.55694,3.0894,5.1539
0.55694,3.1567,5.2198
0.55694,3.224,5.2848
0.55694,3.2913,5.3494
0.55694,3.3586,5.4135
0.55694,3.4259,5.4772
0.55694,3.4932,5.5404
0.55694,3.5605,5.6033
0.55694,3.6278,5.6652
0.73368,0.26268,-1.5419
0.73368,0.32998,-1.2644
0.73368,0.39728,-0.97167
0.73368,0.46458,-0.67936
0.73368,0.53189,-0.38241
0.73368,0.59919,-0.077459
0.73368,0.66649,0.22999
0.73368,0.73379,0.53818
0.73368,0.80109,0.83951
0.73368,0.8684,1.1247
0.73368,0.9357,1.3975
0.73368,1.003,1.6579
0.73368,1.0703,1.9138
0.73368,1.1376,2.1588
0.73368,1.2049,2.3763
0.73368,1.2722,2.5516
0.73368,1.3395,2.6672
0.73368,1.4068,2.7368
0.73368,1.4741,2.8356
0.73368,1.5414,2.9653
0.73368,1.6087,3.11
0.73368,1.676,3.2585
0.73368,1.7433,3.4294
0.73368,1.8106,3.5644
0.73368,1.8779,3.7165
0.73368,1.9452,3.8446
0.73368,2.0125,3.9529
0.73368,2.0798,4.0691
0.73368,2.1471,4.1695
0.73368,2.2144,4.2582
0.73368,2.2817,4.3468
0.73368,2.349,4.4183
0.73368,2.4163,4.4862
0.73368,2.4836,4.554
0.73368,2.5509,4.6248
0.73368,2.6182,4.6926
0.73368,2.6856,4.7628
0.73368,2.7529,4.8342
0.73368,2.8202,4.9019
0.73368,2.8875,4.9697
0.73368,2.9548,5.0372
0.73368,3.0221,5.1036
0.73368,3.0894,5.1692
0.73368,3.1567,5.2345
0.73368,3.224,5.2992
0.73368,3.2913,5.3636
0.73368,3.3586,5.4272
0.73368,3.4259,5.4905
0.73368,3.4932,5.5529
0.73368,3.5605,5.6146
0.73368,3.6278,5.6756
0.91041,0.26268,-1.5151
0.91041,0.32998,-1.2476
0.91041,0.39728,-0.96063
0.91041,0.46458,-0.66209
0.91041,0.53189,-0.36726
0.91041,0.59919,-0.062361
0.91041,0.66649,0.24644
0.91041,0.73379,0.5569
0.91041,0.80109,0.8627
0.91041,0.8684,1.1524
0.91041,0.9357,1.4276
0.91041,1.003,1.6906
0.91041,1.0703,1.9486
0.91041,1.1376,2.1978
0.91041,1.2049,2.4218
0.91041,1.2722,2.611
0.91041,1.3395,2.737
0.91041,1.4068,2.812
0.91041,1.4741,2.9082
0.91041,1.5414,3.0409
0.91041,1.6087,3.1839
0.91041,1.676,3.3212
0.91041,1.7433,3.4881
0.91041,1.8106,3.6291
0.91041,1.8779,3.7628
0.91041,1.9452,3.8756
0.91041,2.0125,3.9871
0.91041,2.0798,4.1038
0.91041,2.1471,4.1952
0.91041,2.2144,4.2797
0.91041,2.2817,4.3686
0.91041,2.349,4.441
0.91041,2.4163,4.5084
0.91041,2.4836,4.5769
0.91041,2.5509,4.645
0.91041,2.6182,4.7136
0.91041,2.6856,4.7848
0.91041,2.7529,4.8523
0.91041,2.8202,4.9202
0.91041,2.8875,4.987
0.91041,2.9548,5.0533
0.91041,3.0221,5.1191
0.91041,3.0894,5.1844
0.91041,3.1567,5.2494
0.91041,3.224,5.3136
0.91041,3.2913,5.3771
0.91041,3.3586,5.44
0.91041,3.4259,5.5022
0.91041,3.4932,5.5639
0.91041,3.5605,5.6247
0.91041,3.6278,5.6835
1.0871,0.26268,-1.4928
1.0871,0.32998,-1.2297
1.0871,0.39728,-0.94745
1.0871,0.46458,-0.65094
1.0871,0.53189,-0.35172
1.0871,0.59919,-0.046871
1.0871,0.66649,0.26256
1.0871,0.73379,0.57484
1.0871,0.80109,0.88577
1.0871,0.8684,1.1818
1.0871,0.9357,1.4582
1.0871,1.003,1.7256
1.0871,1.0703,1.9861
1.0871,1.1376,2.2382
1.0871,1.2049,2.4693
1.0871,1.2722,2.6661
1.0871,1.3395,2.806
1.0871,1.4068,2.8961
1.0871,1.4741,2.9814
1.0871,1.5414,3.1172
1.0871,1.6087,3.249
1.0871,1.676,3.392
1.0871,1.7433,3.544
1.0871,1.8106,3.682
1.0871,1.8779,3.7992
1.0871,1.9452,3.9089
1.0871,2.0125,4.0176
1.0871,2.0798,4.1288
1.0871,2.1471,4.2202
1.0871,2.2144,4.3035
1.0871,2.2817,4.3864
1.0871,2.349,4.4589
1.0871,2.4163,4.5321
1.0871,2.4836,4.5994
1.0871,2.5509,4.667
1.0871,2.6182,4.7366
1.0871,2.6856,4.8035
1.0871,2.7529,4.8708
1.0871,2.8202,4.9373
1.0871,2.8875,5.0035
1.0871,2.9548,5.0694
1.0871,3.0221,5.1348
1.0871,3.0894,5.1995
1.0871,3.1567,5.2636
1.0871,3.224,5.3268
1.0871,3.2913,5.3895
1.0871,3.3586,5.4516
1.0871,3.4259,5.5131
1.0871,3.4932,5.5736
1.0871,3.5605,5.6323
1.0871,3.6278,5.6902
1.2639,0.26268,-1.4699
1.2639,0.32998,-1.2104
1.2639,0.39728,-0.92944
1.2639,0.46458,-0.63804
1.2639,0.53189,-0.33638
1.2639,0.59919,-0.031831
1.2639,0.66649,0.27811
1.2639,0.73379,0.59207
1.2639,0.80109,0.90809
1.2639,0.8684,1.2133
1.2639,0.9357,1.4942
1.2639,1.003,1.7645
1.2639,1.0703,2.0263
1.2639,1.1376,2.2798
1.2639,1.2049,2.5143
1.2639,1.2722,2.7176
1.2639,1.3395,2.8658
1.2639,1.4068,2.9717
1.2639,1.4741,3.0517
1.2639,1.5414,3.1845
1.2639,1.6087,3.3091
1.2639,1.676,3.4571
1.2639,1.7433,3.5997
1.2639,1.8106,3.7255
1.2639,1.8779,3.8412
1.2639,1.9452,3.9473
1.2639,2.0125,4.0512
1.2639,2.0798,4.1523
1.2639,2.1471,4.2446
1.2639,2.2144,4.3263
1.2639,2.2817,4.4079
1.2639,2.349,4.486
1.2639,2.4163,4.5548
1.2639,2.4836,4.6221
1.2639,2.5509,4.6895
1.2639,2.6182,4.7559
1.2639,2.6856,4.8222
1.2639,2.7529,4.8885
1.2639,2.8202,4.9547
1.2639,2.8875,5.0204
1.2639,2.9548,5.0855
1.2639,3.0221,5.15
1.2639,3.0894,5.2138
1.2639,3.1567,5.2767
1.2639,3.224,5.3391
1.2639,3.2913,5.401
1.2639,3.3586,5.4623
1.2639,3.4259,5.5225
1.2639,3.4932,5.581
1.2639,3.5605,5.6388
1.2639,3.6278,5.696
1.4406,0.26268,-1.445
1.4406,0.32998,-1.1856
1.4406,0.39728,-0.91467
1.4406,0.46458,-0.62516
1.4406,0.53189,-0.32327
1.4406,0.59919,-0.017186
1.4406,0.66649,0.2931
1.4406,0.73379,0.60898
1.4406,0.80109,0.92958
1.4406,0.8684,1.2462
1.4406,0.9357,1.5344
1.4406,1.003,1.8076
1.4406,1.0703,2.0697
1.4406,1.1376,2.3218
1.4406,1.2049,2.5602
1.4406,1.2722,2.7647
1.4406,1.3395,2.9256
1.4406,1.4068,3.041
1.4406,1.4741,3.1201
1.4406,1.5414,3.2435
1.4406,1.6087,3.3713
1.4406,1.676,3.5149
1.4406,1.7433,3.6457
1.4406,1.8106,3.7709
1.4406,1.8779,3.8837
1.4406,1.9452,3.9888
1.4406,2.0125,4.0876
1.4406,2.0798,4.1794
1.4406,2.1471,4.2695
1.4406,2.2144,4.352
1.4406,2.2817,4.4334
1.4406,2.349,4.5079
1.4406,2.4163,4.5767
1.4406,2.4836,4.6436
1.4406,2.5509,4.7095
1.4406,2.6182,4.7754
1.4406,2.6856,4.8412
1.4406,2.7529,4.9068
1.4406,2.8202,4.9721
1.4406,2.8875,5.0368
1.4406,2.9548,5.1011
1.4406,3.0221,5.1643
1.4406,3.0894,5.2268
1.4406,3.1567,5.2889
1.4406,3.224,5.3505
1.4406,3.2913,5.4117
1.4406,3.3586,5.4715
1.4406,3.4259,5.5297
1.4406,3.4932,5.5873
1.4406,3.5605,5.6452
1.4406,3.6278,5.7046
1.6173,0.26268,-1.4179
1.6173,0.32998,-1.1579
1.6173,0.39728,-0.8935
1.6173,0.46458,-0.60661
1.6173,0.53189,-0.31023
1.6173,0.59919,-0.0038302
1.6173,0.66649,0.30716
1.6173,0.73379,0.62532
1.6173,0.80109,0.95128
1.6173,0.8684,1.2794
1.6173,0.9357,1.5802
1.6173,1.003,1.8562
1.6173,1.0703,2.1122
1.6173,1.1376,2.3669
1.6173,1.2049,2.6034
1.6173,1.2722,2.8115
1.6173,1.3395,2.9837
1.6173,1.4068,3.1045
1.6173,1.4741,3.1848
1.6173,1.5414,3.2972
1.6173,1.6087,3.4335
1.6173,1.676,3.5595
1.6173,1.7433,3.6901
1.6173,1.8106,3.8154
1.6173,1.8779,3.9262
1.6173,1.9452,4.0239
1.6173,2.0125,4.1159
1.6173,2.0798,4.2055
1.6173,2.1471,4.2954
1.6173,2.2144,4.3765
1.6173,2.2817,4.4552
1.6173,2.349,4.5283
1.6173,2.4163,4.5986
1.6173,2.4836,4.6649
1.6173,2.5509,4.73
1.6173,2.6182,4.795
1.6173,2.6856,4.86
1.6173,2.7529,4.9245
1.6173,2.8202,4.9887
1.6173,2.8875,5.0525
1.6173,2.9548,5.1151
1.6173,3.0221,5.1773
1.6173,3.0894,5.239
1.6173,3.1567,5.3003
1.6173,3.224,5.3611
1.6173,3.2913,5.4205
1.6173,3.3586,5.4784
1.6173,3.4259,5.5359
1.6173,3.4932,5.5954
1.6173,3.5605,5.6547
1.6173,3.6278,5.7138
1.7941,0.26268,-1.3847
1.7941,0.32998,-1.1374
1.7941,0.39728,-0.87055
1.7941,0.46458,-0.591
1.7941,0.53189,-0.29607
1.7941,0.59919,0.0090723
1.7941,0.66649,0.32052
1.7941,0.73379,0.64048
1.7941,0.80109,0.9756
1.7941,0.8684,1.3131
1.7941,0.9357,1.6316
1.7941,1.003,1.9051
1.7941,1.0703,2.1611
1.7941,1.1376,2.4095
1.7941,1.2049,2.6468
1.7941,1.2722,2.8549
1.7941,1.3395,3.0372
1.7941,1.4068,3.1581
1.7941,1.4741,3.2492
1.7941,1.5414,3.3569
1.7941,1.6087,3.4802
1.7941,1.676,3.6073
1.7941,1.7433,3.7363
1.7941,1.8106,3.8575
1.7941,1.8779,3.9648
1.7941,1.9452,4.0589
1.7941,2.0125,4.1485
1.7941,2.0798,4.2364
1.7941,2.1471,4.3205
1.7941,2.2144,4.3996
1.7941,2.2817,4.4767
1.7941,2.349,4.5514
1.7941,2.4163,4.6201
1.7941,2.4836,4.6855
1.7941,2.5509,4.7499
1.7941,2.6182,4.8138
1.7941,2.6856,4.8776
1.7941,2.7529,4.9412
1.7941,2.8202,5.0044
1.7941,2.8875,5.0664
1.7941,2.9548,5.1281
1.7941,3.0221,5.1895
1.7941,3.0894,5.2504
1.7941,3.1567,5.3108
1.7941,3.224,5.3697
1.7941,3.2913,5.4273
1.7941,3.3586,5.4862
1.7941,3.4259,5.5457
1.7941,3.4932,5.6049
1.7941,3.5605,5.664
1.7941,3.6278,5.7229
1.9708,0.26268,-1.3445
1.9708,0.32998,-1.1064
1.9708,0.39728,-0.84952
1.9708,0.46458,-0.57366
1.9708,0.53189,-0.28266
1.9708,0.59919,0.022426
1.9708,0.66649,0.33447
1.9708,0.73379,0.65284
1.9708,0.80109,1.003
1.9708,0.8684,1.3499
1.9708,0.9357,1.6811
1.9708,1.003,1.9571
1.9708,1.0703,2.2066
1.9708,1.1376,2.4514
1.9708,1.2049,2.6916
1.9708,1.2722,2.8981
1.9708,1.3395,3.0717
1.9708,1.4068,3.2042
1.9708,1.4741,3.3006
1.9708,1.5414,3.4078
1.9708,1.6087,3.5288
1.9708,1.676,3.654
1.9708,1.7433,3.781
1.9708,1.8106,3.9017
1.9708,1.8779,4.0034
1.9708,1.9452,4.0933
1.9708,2.0125,4.1806
1.9708,2.0798,4.2635
1.9708,2.1471,4.345
1.9708,2.2144,4.424
1.9708,2.2817,4.4992
1.9708,2.349,4.5723
1.9708,2.4163,4.6404
1.9708,2.4836,4.7052
1.9708,2.5509,4.7686
1.9708,2.6182,4.8317
1.9708,2.6856,4.8945
1.9708,2.7529,4.9569
1.9708,2.8202,5.0183
1.9708,2.8875,5.0795
1.9708,2.9548,5.1403
1.9708,3.0221,5.2007
1.9708,3.0894,5.2608
1.9708,3.1567,5.3191
1.9708,3.224,5.3774
1.9708,3.2913,5.4368
1.9708,3.3586,5.4961
1.9708,3.4259,5.5552
1.9708,3.4932,5.6142
1.9708,3.5605,5.6729
1.9708,3.6278,5.7311
2.1475,0.26268,-1.2993
2.1475,0.32998,-1.0717
2.1475,0.39728,-0.82473
2.1475,0.46458,-0.55688
2.1475,0.53189,-0.26936
2.1475,0.59919,0.033193
2.1475,0.66649,0.34511
2.1475,0.73379,0.6661
2.1475,0.80109,1.0243
2.1475,0.8684,1.3721
2.1475,0.9357,1.707
2.1475,1.003,2.0118
2.1475,1.0703,2.2482
2.1475,1.1376,2.4983
2.1475,1.2049,2.7326
2.1475,1.2722,2.9387
2.1475,1.3395,3.1051
2.1475,1.4068,3.242
2.1475,1.4741,3.3479
2.1475,1.5414,3.4532
2.1475,1.6087,3.5757
2.1475,1.676,3.7013
2.1475,1.7433,3.8276
2.1475,1.8106,3.9429
2.1475,1.8779,4.0408
2.1475,1.9452,4.1265
2.1475,2.0125,4.2083
2.1475,2.0798,4.2898
2.1475,2.1471,4.3699
2.1475,2.2144,4.446
2.1475,2.2817,4.5203
2.1475,2.349,4.5918
2.1475,2.4163,4.6596
2.1475,2.4836,4.7238
2.1475,2.5509,4.7865
2.1475,2.6182,4.8486
2.1475,2.6856,4.9102
2.1475,2.7529,4.9709
2.1475,2.8202,5.0313
2.1475,2.8875,5.0915
2.1475,2.9548,5.1514
2.1475,3.0221,5.211
2.1475,3.0894,5.269
2.1475,3.1567,5.3284
2.1475,3.224,5.3876
2.1475,3.2913,5.4466
2.1475,3.3586,5.5049
2.1475,3.4259,5.5631
2.1475,3.4932,5.621
2.1475,3.5605,5.6788
2.1475,3.6278,5.7363
2.3243,0.26268,-1.2703
2.3243,0.32998,-1.0394
2.3243,0.39728,-0.79875
2.3243,0.46458,-0.54222
2.3243,0.53189,-0.26066
2.3243,0.59919,0.034139
2.3243,0.66649,0.3541
2.3243,0.73379,0.67737
2.3243,0.80109,1.0368
2.3243,0.8684,1.3977
2.3243,0.9357,1.7278
2.3243,1.003,2.0373
2.3243,1.0703,2.2956
2.3243,1.1376,2.5478
2.3243,1.2049,2.7767
2.3243,1.2722,2.9787
2.3243,1.3395,3.1375
2.3243,1.4068,3.2736
2.3243,1.4741,3.3917
2.3243,1.5414,3.4976
2.3243,1.6087,3.6201
2.3243,1.676,3.7512
2.3243,1.7433,3.8687
2.3243,1.8106,3.9799
2.3243,1.8779,4.0741
2.3243,1.9452,4.1583
2.3243,2.0125,4.2376
2.3243,2.0798,4.3152
2.3243,2.1471,4.3918
2.3243,2.2144,4.4678
2.3243,2.2817,4.5396
2.3243,2.349,4.6102
2.3243,2.4163,4.6775
2.3243,2.4836,4.7413
2.3243,2.5509,4.8032
2.3243,2.6182,4.8641
2.3243,2.6856,4.924
2.3243,2.7529,4.9837
2.3243,2.8202,5.0432
2.3243,2.8875,5.1024
2.3243,2.9548,5.1615
2.3243,3.0221,5.2202
2.3243,3.0894,5.2788
2.3243,3.1567,5.3372
2.3243,3.224,5.3953
2.3243,3.2913,5.4533
2.3243,3.3586,5.5111
2.3243,3.4259,5.5688
2.3243,3.4932,5.6263
2.3243,3.5605,5.6836
2.3243,3.6278,5.7393
2.501,0.26268,-1.2479
2.501,0.32998,-1.0203
2.501,0.39728,-0.77838
2.501,0.46458,-0.52795
2.501,0.53189,-0.24851
2.501,0.59919,0.034745
2.501,0.66649,0.34671
2.501,0.73379,0.68931
2.501,0.80109,1.0521
2.501,0.8684,1.4047
2.501,0.9357,1.7401
2.501,1.003,2.0614
2.501,1.0703,2.3424
2.501,1.1376,2.5975
2.501,1.2049,2.8197
2.501,1.2722,3.0141
2.501,1.3395,3.1759
2.501,1.4068,3.3205
2.501,1.4741,3.4374
2.501,1.5414,3.5485
2.501,1.6087,3.6721
2.501,1.676,3.7958
2.501,1.7433,3.9122
2.501,1.8106,4.0162
2.501,1.8779,4.1113
2.501,1.9452,4.1885
2.501,2.0125,4.2632
2.501,2.0798,4.3381
2.501,2.1471,4.4127
2.501,2.2144,4.487
2.501,2.2817,4.5578
2.501,2.349,4.6273
2.501,2.4163,4.6941
2.501,2.4836,4.7574
2.501,2.5509,4.8183
2.501,2.6182,4.8777
2.501,2.6856,4.9368
2.501,2.7529,4.9957
2.501,2.8202,5.0545
2.501,2.8875,5.113
2.501,2.9548,5.1715
2.501,3.0221,5.2297
2.501,3.0894,5.2879
2.501,3.1567,5.3458
2.501,3.224,5.4036
2.501,3.2913,5.4613
2.501,3.3586,5.518
2.501,3.4259,5.5741
2.501,3.4932,5.6299
2.501,3.5605,5.6857
2.501,3.6278,5.7413
2.6777,0.26268,-1.2352
2.6777,0.32998,-0.99866
2.6777,0.39728,-0.7599
2.6777,0.46458,-0.52091
2.6777,0.53189,-0.24217
2.6777,0.59919,0.044494
2.6777,0.66649,0.35324
2.6777,0.73379,0.7018
2.6777,0.80109,1.0708
2.6777,0.8684,1.426
2.6777,0.9357,1.7606
2.6777,1.003,2.0838
2.6777,1.0703,2.3864
2.6777,1.1376,2.6436
2.6777,1.2049,2.8602
2.6777,1.2722,3.066
2.6777,1.3395,3.2228
2.6777,1.4068,3.3631
2.6777,1.4741,3.4865
2.6777,1.5414,3.599
2.6777,1.6087,3.7174
2.6777,1.676,3.8403
2.6777,1.7433,3.9533
2.6777,1.8106,4.0529
2.6777,1.8779,4.1408
2.6777,1.9452,4.2157
2.6777,2.0125,4.2874
2.6777,2.0798,4.3605
2.6777,2.1471,4.433
2.6777,2.2144,4.505
2.6777,2.2817,4.5748
2.6777,2.349,4.643
2.6777,2.4163,4.709
2.6777,2.4836,4.7718
2.6777,2.5509,4.8321
2.6777,2.6182,4.8913
2.6777,2.6856,4.9499
2.6777,2.7529,5.0072
2.6777,2.8202,5.0656
2.6777,2.8875,5.1239
2.6777,2.9548,5.1822
2.6777,3.0221,5.2399
2.6777,3.0894,5.2964
2.6777,3.1567,5.3526
2.6777,3.224,5.4086
2.6777,3.2913,5.4644
2.6777,3.3586,5.5206
2.6777,3.4259,5.5757
2.6777,3.4932,5.6312
2.6777,3.5605,5.6866
2.6777,3.6278,5.7419
2.8545,0.26268,-1.2124
2.8545,0.32998,-0.98229
2.8545,0.39728,-0.74585
2.8545,0.46458,-0.50207
2.8545,0.53189,-0.24287
2.8545,0.59919,0.054948
2.8545,0.66649,0.37128
2.8545,0.73379,0.72863
2.8545,0.80109,1.0954
2.8545,0.8684,1.4539
2.8545,0.9357,1.7893
2.8545,1.003,2.1135
2.8545,1.0703,2.4274
2.8545,1.1376,2.692
2.8545,1.2049,2.9148
2.8545,1.2722,3.1193
2.8545,1.3395,3.2685
2.8545,1.4068,3.4057
2.8545,1.4741,3.5343
2.8545,1.5414,3.6556
2.8545,1.6087,3.7673
2.8545,1.676,3.8795
2.8545,1.7433,3.9905
2.8545,1.8106,4.0768
2.8545,1.8779,4.1607
2.8545,1.9452,4.2326
2.8545,2.0125,4.3089
2.8545,2.0798,4.3795
2.8545,2.1471,4.4508
2.8545,2.2144,4.5217
2.8545,2.2817,4.5904
2.8545,2.349,4.6576
2.8545,2.4163,4.7227
2.8545,2.4836,4.7854
2.8545,2.5509,4.8449
2.8545,2.6182,4.902
2.8545,2.6856,4.96
2.8545,2.7529,5.0178
2.8545,2.8202,5.0756
2.8545,2.8875,5.132
2.8545,2.9548,5.1881
2.8545,3.0221,5.2439
2.8545,3.0894,5.2996
2.8545,3.1567,5.3552
2.8545,3.224,5.4108
2.8545,3.2913,5.4667
2.8545,3.3586,5.5212
2.8545,3.4259,5.5764
2.8545,3.4932,5.6316
2.8545,3.5605,5.6867
2.8545,3.6278,5.7427
3.0312,0.26268,-1.2021
3.0312,0.32998,-0.9722
3.0312,0.39728,-0.73037
3.0312,0.46458,-0.47516
3.0312,0.53189,-0.20154
3.0312,0.59919,0.091756
3.0312,0.66649,0.41834
3.0312,0.73379,0.76465
3.0312,0.80109,1.1282
3.0312,0.8684,1.4891
3.0312,0.9357,1.8267
3.0312,1.003,2.1504
3.0312,1.0703,2.4671
3.0312,1.1376,2.7487
3.0312,1.2049,2.9665
3.0312,1.2722,3.1844
3.0312,1.3395,3.325
3.0312,1.4068,3.4495
3.0312,1.4741,3.5855
3.0312,1.5414,3.7031
3.0312,1.6087,3.8001
3.0312,1.676,3.9077
3.0312,1.7433,4.0196
3.0312,1.8106,4.1038
3.0312,1.8779,4.1795
3.0312,1.9452,4.2599
3.0312,2.0125,4.3284
3.0312,2.0798,4.3974
3.0312,2.1471,4.467
3.0312,2.2144,4.5368
3.0312,2.2817,4.6041
3.0312,2.349,4.6704
3.0312,2.4163,4.7343
3.0312,2.4836,4.7953
3.0312,2.5509,4.8543
3.0312,2.6182,4.9124
3.0312,2.6856,4.969
3.0312,2.7529,5.0248
3.0312,2.8202,5.0804
3.0312,2.8875,5.1358
3.0312,2.9548,5.1911
3.0312,3.0221,5.2463
3.0312,3.0894,5.3014
3.0312,3.1567,5.3576
3.0312,3.224,5.412
3.0312,3.2913,5.4663
3.0312,3.3586,5.5213
3.0312,3.4259,5.5767
3.0312,3.4932,5.6329
3.0312,3.5605,5.689
3.0312,3.6278,5.7451
3.208,0.26268,-1.1944
3.208,0.32998,-0.95991
3.208,0.39728,-0.71443
3.208,0.46458,-0.45302
3.208,0.53189,-0.16789
3.208,0.59919,0.13428
3.208,0.66649,0.4568
3.208,0.73379,0.79928
3.208,0.80109,1.1609
3.208,0.8684,1.5239
3.208,0.9357,1.8612
3.208,1.003,2.186
3.208,1.0703,2.5047
3.208,1.1376,2.7838
3.208,1.2049,3.0179
3.208,1.2722,3.2447
3.208,1.3395,3.3646
3.208,1.4068,3.4988
3.208,1.4741,3.6296
3.208,1.5414,3.7531
3.208,1.6087,3.8419
3.208,1.676,3.9336
3.208,1.7433,4.0393
3.208,1.8106,4.1232
3.208,1.8779,4.2084
3.208,1.9452,4.2767
3.208,2.0125,4.3457
3.208,2.0798,4.4133
3.208,2.1471,4.4814
3.208,2.2144,4.5496
3.208,2.2817,4.6156
3.208,2.349,4.6797
3.208,2.4163,4.7421
3.208,2.4836,4.8037
3.208,2.5509,4.8617
3.208,2.6182,4.918
3.208,2.6856,4.9733
3.208,2.7529,5.0283
3.208,2.8202,5.0831
3.208,2.8875,5.1378
3.208,2.9548,5.1925
3.208,3.0221,5.2481
3.208,3.0894,5.3033
3.208,3.1567,5.3569
3.208,3.224,5.4112
3.208,3.2913,5.467
3.208,3.3586,5.5229
3.208,3.4259,5.5788
3.208,3.4932,5.6348
3.208,3.5605,5.6907
3.208,3.6278,5.7467
3.3847,0.26268,-1.1875
3.3847,0.32998,-0.95091
3.3847,0.39728,-0.69353
3.3847,0.46458,-0.42118
3.3847,0.53189,-0.1283
3.3847,0.59919,0.18037
3.3847,0.66649,0.49233
3.3847,0.73379,0.8347
3.3847,0.80109,1.1897
3.3847,0.8684,1.5478
3.3847,0.9357,1.8976
3.3847,1.003,2.2273
3.3847,1.0703,2.5332
3.3847,1.1376,2.8147
3.3847,1.2049,3.0735
3.3847,1.2722,3.2878
3.3847,1.3395,3.4288
3.3847,1.4068,3.546
3.3847,1.4741,3.6667
3.3847,1.5414,3.7984
3.3847,1.6087,3.8853
3.3847,1.676,3.9685
3.3847,1.7433,4.0586
3.3847,1.8106,4.1531
3.3847,1.8779,4.224
3.3847,1.9452,4.2953
3.3847,2.0125,4.361
3.3847,2.0798,4.4272
3.3847,2.1471,4.4947
3.3847,2.2144,4.5601
3.3847,2.2817,4.6236
3.3847,2.349,4.6871
3.3847,2.4163,4.7468
3.3847,2.4836,4.8059
3.3847,2.5509,4.8638
3.3847,2.6182,4.9199
3.3847,2.6856,4.9749
3.3847,2.7529,5.0294
3.3847,2.8202,5.0837
3.3847,2.8875,5.1387
3.3847,2.9548,5.1941
3.3847,3.0221,5.248
3.3847,3.0894,5.3018
3.3847,3.1567,5.3573
3.3847,3.224,5.4129
3.3847,3.2913,5.4685
3.3847,3.3586,5.5242
3.3847,3.4259,5.58
3.3847,3.4932,5.6358
3.3847,3.5605,5.6916
3.3847,3.6278,5.7474
3.5614,0.26268,-1.1693
3.5614,0.32998,-0.9209
3.5614,0.39728,-0.65549
3.5614,0.46458,-0.3741
3.5614,0.53189,-0.08272
3.5614,0.59919,0.22147
3.5614,0.66649,0.53243
3.5614,0.73379,0.87027
3.5614,0.80109,1.2223
3.5614,0.8684,1.5704
3.5614,0.9357,1.918
3.5614,1.003,2.2502
3.5614,1.0703,2.5709
3.5614,1.1376,2.8616
3.5614,1.2049,3.1096
3.5614,1.2722,3.3231
3.5614,1.3395,3.4711
3.5614,1.4068,3.5871
3.5614,1.4741,3.7109
3.5614,1.5414,3.8266
3.5614,1.6087,3.9211
3.5614,1.676,3.9999
3.5614,1.7433,4.0869
3.5614,1.8106,4.1715
3.5614,1.8779,4.2418
3.5614,1.9452,4.3098
3.5614,2.0125,4.376
3.5614,2.0798,4.4417
3.5614,2.1471,4.505
3.5614,2.2144,4.5681
3.5614,2.2817,4.6307
3.5614,2.349,4.6935
3.5614,2.4163,4.7543
3.5614,2.4836,4.8033
3.5614,2.5509,4.8618
3.5614,2.6182,4.9185
3.5614,2.6856,4.9738
3.5614,2.7529,5.0288
3.5614,2.8202,5.0841
3.5614,2.8875,5.1388
3.5614,2.9548,5.1923
3.5614,3.0221,5.2475
3.5614,3.0894,5.3027
3.5614,3.1567,5.358
3.5614,3.224,5.4134
3.5614,3.2913,5.4689
3.5614,3.3586,5.5245
3.5614,3.4259,5.5801
3.5614,3.4932,5.6358
3.5614,3.5605,5.6915
3.5614,3.6278,5.7473
3.7382,0.26268,-1.1349
3.7382,0.32998,-0.87716
3.7382,0.39728,-0.60681
3.7382,0.46458,-0.32492
3.7382,0.53189,-0.036556
3.7382,0.59919,0.2632
3.7382,0.66649,0.57219
3.7382,0.73379,0.9028
3.7382,0.80109,1.2526
3.7382,0.8684,1.6033
3.7382,0.9357,1.9428
3.7382,1.003,2.2811
3.7382,1.0703,2.6055
3.7382,1.1376,2.901
3.7382,1.2049,3.149
3.7382,1.2722,3.345
3.7382,1.3395,3.5071
3.7382,1.4068,3.6152
3.7382,1.4741,3.7468
3.7382,1.5414,3.8485
3.7382,1.6087,3.9341
3.7382,1.676,4.031
3.7382,1.7433,4.1119
3.7382,1.8106,4.1944
3.7382,1.8779,4.2607
3.7382,1.9452,4.3255
3.7382,2.0125,4.3876
3.7382,2.0798,4.4506
3.7382,2.1471,4.5119
3.7382,2.2144,4.5732
3.7382,2.2817,4.6348
3.7382,2.349,4.6958
3.7382,2.4163,4.7531
3.7382,2.4836,4.7969
3.7382,2.5509,4.8561
3.7382,2.6182,4.9146
3.7382,2.6856,4.972
3.7382,2.7529,5.0279
3.7382,2.8202,5.0821
3.7382,2.8875,5.1371
3.7382,2.9548,5.1921
3.7382,3.0221,5.2472
3.7382,3.0894,5.3023
3.7382,3.1567,5.3575
3.7382,3.224,5.4128
3.7382,3.2913,5.4682
3.7382,3.3586,5.5237
3.7382,3.4259,5.5793
3.7382,3.4932,5.635
3.7382,3.5605,5.6907
3.7382,3.6278,5.7464
3.9149,0.26268,-1.0861
3.9149,0.32998,-0.82711
3.9149,0.39728,-0.55575
3.9149,0.46458,-0.27785
3.9149,0.53189,0.0061714
3.9149,0.59919,0.30456
3.9149,0.66649,0.60817
3.9149,0.73379,0.93247
3.9149,0.80109,1.2842
3.9149,0.8684,1.6314
3.9149,0.9357,1.9736
3.9149,1.003,2.3025
3.9149,1.0703,2.6357
3.9149,1.1376,2.9406
3.9149,1.2049,3.1747
3.9149,1.2722,3.3651
3.9149,1.3395,3.5192
3.9149,1.4068,3.6426
3.9149,1.4741,3.7591
3.9149,1.5414,3.8648
3.9149,1.6087,3.9696
3.9149,1.676,4.0556
3.9149,1.7433,4.1345
3.9149,1.8106,4.2109
3.9149,1.8779,4.2746
3.9149,1.9452,4.3389
3.9149,2.0125,4.3981
3.9149,2.0798,4.4567
3.9149,2.1471,4.5159
3.9149,2.2144,4.5754
3.9149,2.2817,4.6327
3.9149,2.349,4.6873
3.9149,2.4163,4.7421
3.9149,2.4836,4.7984
3.9149,2.5509,4.8498
3.9149,2.6182,4.9107
3.9149,2.6856,4.9685
3.9149,2.7529,5.025
3.9149,2.8202,5.0804
3.9149,2.8875,5.1355
3.9149,2.9548,5.1905
3.9149,3.0221,5.2455
3.9149,3.0894,5.3006
3.9149,3.1567,5.3558
3.9149,3.224,5.4111
3.9149,3.2913,5.4665
3.9149,3.3586,5.522
3.9149,3.4259,5.5775
3.9149,3.4932,5.6332
3.9149,3.5605,5.6888
3.9149,3.6278,5.7446
4.0916,0.26268,-1.0355
4.0916,0.32998,-0.77953
4.0916,0.39728,-0.51506
4.0916,0.46458,-0.24077
4.0916,0.53189,0.044705
4.0916,0.59919,0.33823
4.0916,0.66649,0.63901
4.0916,0.73379,0.95862
4.0916,0.80109,1.3063
4.0916,0.8684,1.6471
4.0916,0.9357,1.9859
4.0916,1.003,2.319
4.0916,1.0703,2.6545
4.0916,1.1376,2.9748
4.0916,1.2049,3.1975
4.0916,1.2722,3.3583
4.0916,1.3395,3.527
4.0916,1.4068,3.6437
4.0916,1.4741,3.7779
4.0916,1.5414,3.8899
4.0916,1.6087,3.9857
4.0916,1.676,4.0688
4.0916,1.7433,4.155
4.0916,1.8106,4.2228
4.0916,1.8779,4.2875
4.0916,1.9452,4.3487
4.0916,2.0125,4.4036
4.0916,2.0798,4.4589
4.0916,2.1471,4.5156
4.0916,2.2144,4.5715
4.0916,2.2817,4.6228
4.0916,2.349,4.673
4.0916,2.4163,4.7269
4.0916,2.4836,4.7841
4.0916,2.5509,4.8436
4.0916,2.6182,4.9049
4.0916,2.6856,4.9641
4.0916,2.7529,5.0211
4.0916,2.8202,5.0768
4.0916,2.8875,5.1321
4.0916,2.9548,5.1871
4.0916,3.0221,5.2422
4.0916,3.0894,5.2973
4.0916,3.1567,5.3525
4.0916,3.224,5.4078
4.0916,3.2913,5.4632
4.0916,3.3586,5.5187
4.0916,3.4259,5.5743
4.0916,3.4932,5.6299
4.0916,3.5605,5.6857
4.0916,3.6278,5.7414
4.2684,0.26268,-0.9915
4.2684,0.32998,-0.73608
4.2684,0.39728,-0.48116
4.2684,0.46458,-0.20804
4.2684,0.53189,0.074096
4.2684,0.59919,0.36605
4.2684,0.66649,0.66591
4.2684,0.73379,0.97907
4.2684,0.80109,1.3161
4.2684,0.8684,1.6569
4.2684,0.9357,2.0009
4.2684,1.003,2.3339
4.2684,1.0703,2.6723
4.2684,1.1376,2.9891
4.2684,1.2049,3.1916
4.2684,1.2722,3.3571
4.2684,1.3395,3.5308
4.2684,1.4068,3.6633
4.2684,1.4741,3.7806
4.2684,1.5414,3.9006
4.2684,1.6087,3.9918
4.2684,1.676,4.0787
4.2684,1.7433,4.1652
4.2684,1.8106,4.2374
4.2684,1.8779,4.2979
4.2684,1.9452,4.3538
4.2684,2.0125,4.4053
4.2684,2.0798,4.4574
4.2684,2.1471,4.5087
4.2684,2.2144,4.5632
4.2684,2.2817,4.6189
4.2684,2.349,4.6588
4.2684,2.4163,4.7134
4.2684,2.4836,4.7733
4.2684,2.5509,4.8352
4.2684,2.6182,4.8977
4.2684,2.6856,4.958
4.2684,2.7529,5.0158
4.2684,2.8202,5.072
4.2684,2.8875,5.1276
4.2684,2.9548,5.1828
4.2684,3.0221,5.2379
4.2684,3.0894,5.2932
4.2684,3.1567,5.3484
4.2684,3.224,5.4038
4.2684,3.2913,5.4593
4.2684,3.3586,5.5149
4.2684,3.4259,5.5705
4.2684,3.4932,5.6262
4.2684,3.5605,5.682
4.2684,3.6278,5.7378
4.4451,0.26268,-0.9591
4.4451,0.32998,-0.70845
4.4451,0.39728,-0.44938
4.4451,0.46458,-0.18325
4.4451,0.53189,0.096797
4.4451,0.59919,0.38687
4.4451,0.66649,0.68389
4.4451,0.73379,0.99301
4.4451,0.80109,1.3275
4.4451,0.8684,1.6652
4.4451,0.9357,2.0082
4.4451,1.003,2.3476
4.4451,1.0703,2.6842
4.4451,1.1376,2.9826
4.4451,1.2049,3.1715
4.4451,1.2722,3.3515
4.4451,1.3395,3.5149
4.4451,1.4068,3.6551
4.4451,1.4741,3.7903
4.4451,1.5414,3.9072
4.4451,1.6087,3.9994
4.4451,1.676,4.0974
4.4451,1.7433,4.1791
4.4451,1.8106,4.2495
4.4451,1.8779,4.3058
4.4451,1.9452,4.3563
4.4451,2.0125,4.4037
4.4451,2.0798,4.4495
4.4451,2.1471,4.4994
4.4451,2.2144,4.5518
4.4451,2.2817,4.6062
4.4451,2.349,4.6505
4.4451,2.4163,4.7052
4.4451,2.4836,4.7644
4.4451,2.5509,4.827
4.4451,2.6182,4.8897
4.4451,2.6856,4.9511
4.4451,2.7529,5.0098
4.4451,2.8202,5.0666
4.4451,2.8875,5.1225
4.4451,2.9548,5.1779
4.4451,3.0221,5.2332
4.4451,3.0894,5.2886
4.4451,3.1567,5.344
4.4451,3.224,5.3994
4.4451,3.2913,5.455
4.4451,3.3586,5.5106
4.4451,3.4259,5.5663
4.4451,3.4932,5.6221
4.4451,3.5605,5.6779
4.4451,3.6278,5.7338
4.6218,0.26268,-0.93009
4.6218,0.32998,-0.6803
4.6218,0.39728,-0.42526
4.6218,0.46458,-0.16075
4.6218,0.53189,0.1155
4.6218,0.59919,0.40379
4.6218,0.66649,0.69155
4.6218,0.73379,1.0001
4.6218,0.80109,1.3375
4.6218,0.8684,1.6728
4.6218,0.9357,2.0133
4.6218,1.003,2.3548
4.6218,1.0703,2.6857
4.6218,1.1376,2.973
4.6218,1.2049,3.1568
4.6218,1.2722,3.3574
4.6218,1.3395,3.4974
4.6218,1.4068,3.6594
4.6218,1.4741,3.7964
4.6218,1.5414,3.9027
4.6218,1.6087,4.0138
4.6218,1.676,4.0961
4.6218,1.7433,4.1813
4.6218,1.8106,4.2546
4.6218,1.8779,4.3111
4.6218,1.9452,4.3577
4.6218,2.0125,4.402
4.6218,2.0798,4.4432
4.6218,2.1471,4.4899
4.6218,2.2144,4.5401
4.6218,2.2817,4.593
4.6218,2.349,4.6425
4.6218,2.4163,4.6966
4.6218,2.4836,4.7548
4.6218,2.5509,4.8173
4.6218,2.6182,4.8809
4.6218,2.6856,4.9433
4.6218,2.7529,5.0029
4.6218,2.8202,5.0605
4.6218,2.8875,5.1169
4.6218,2.9548,5.1727
4.6218,3.0221,5.2283
4.6218,3.0894,5.2839
4.6218,3.1567,5.3394
4.6218,3.224,5.395
4.6218,3.2913,5.4506
4.6218,3.3586,5.5063
4.6218,3.4259,5.562
4.6218,3.4932,5.6177
4.6218,3.5605,5.6736
4.6218,3.6278,5.7296
4.7986,0.26268,-0.91398
4.7986,0.32998,-0.67179
4.7986,0.39728,-0.41537
4.7986,0.46458,-0.14754
4.7986,0.53189,0.12639
4.7986,0.59919,0.41083
4.7986,0.66649,0.70143
4.7986,0.73379,1.0028
4.7986,0.80109,1.3408
4.7986,0.8684,1.6797
4.7986,0.9357,2.0213
4.7986,1.003,2.3607
4.7986,1.0703,2.6828
4.7986,1.1376,2.9648
4.7986,1.2049,3.1634
4.7986,1.2722,3.3457
4.7986,1.3395,3.5016
4.7986,1.4068,3.6596
4.7986,1.4741,3.7972
4.7986,1.5414,3.919
4.7986,1.6087,4.0167
4.7986,1.676,4.1037
4.7986,1.7433,4.1855
4.7986,1.8106,4.257
4.7986,1.8779,4.312
4.7986,1.9452,4.3585
4.7986,2.0125,4.4011
4.7986,2.0798,4.4398
4.7986,2.1471,4.4835
4.7986,2.2144,4.531
4.7986,2.2817,4.5821
4.7986,2.349,4.6355
4.7986,2.4163,4.6878
4.7986,2.4836,4.7454
4.7986,2.5509,4.8075
4.7986,2.6182,4.8717
4.7986,2.6856,4.9349
4.7986,2.7529,4.9956
4.7986,2.8202,5.0539
4.7986,2.8875,5.1109
4.7986,2.9548,5.1672
4.7986,3.0221,5.2231
4.7986,3.0894,5.2789
4.7986,3.1567,5.3347
4.7986,3.224,5.3904
4.7986,3.2913,5.4463
4.7986,3.3586,5.5021
4.7986,3.4259,5.558
4.7986,3.4932,5.6139
4.7986,3.5605,5.6698
4.7986,3.6278,5.7258
4.9753,0.26268,-0.89701
4.9753,0.32998,-0.66383
4.9753,0.39728,-0.4131
4.9753,0.46458,-0.14767
4.9753,0.53189,0.12546
4.9753,0.59919,0.41143
4.9753,0.66649,0.70099
4.9753,0.73379,1.0045
4.9753,0.80109,1.3409
4.9753,0.8684,1.6852
4.9753,0.9357,2.0267
4.9753,1.003,2.3596
4.9753,1.0703,2.6803
4.9753,1.1376,2.9453
4.9753,1.2049,3.1683
4.9753,1.2722,3.3573
4.9753,1.3395,3.5085
4.9753,1.4068,3.6473
4.9753,1.4741,3.7943
4.9753,1.5414,3.9171
4.9753,1.6087,4.0177
4.9753,1.676,4.1112
4.9753,1.7433,4.1892
4.9753,1.8106,4.2586
4.9753,1.8779,4.3147
4.9753,1.9452,4.3605
4.9753,2.0125,4.4012
4.9753,2.0798,4.4412
4.9753,2.1471,4.4825
4.9753,2.2144,4.5269
4.9753,2.2817,4.575
4.9753,2.349,4.6265
4.9753,2.4163,4.6797
4.9753,2.4836,4.7366
4.9753,2.5509,4.7983
4.9753,2.6182,4.8624
4.9753,2.6856,4.9265
4.9753,2.7529,4.9881
4.9753,2.8202,5.0472
4.9753,2.8875,5.1047
4.9753,2.9548,5.1614
4.9753,3.0221,5.2176
4.9753,3.0894,5.2737
4.9753,3.1567,5.3297
4.9753,3.224,5.3857
4.9753,3.2913,5.4417
4.9753,3.3586,5.4977
4.9753,3.4259,5.5537
4.9753,3.4932,5.6098
4.9753,3.5605,5.6658
4.9753,3.6278,5.7219
5.152,0.26268,-0.89331
5.152,0.32998,-0.66054
5.152,0.39728,-0.41271
5.152,0.46458,-0.15153
5.152,0.53189,0.12029
5.152,0.59919,0.40306
5.152,0.66649,0.69956
5.152,0.73379,0.99669
5.152,0.80109,1.3409
5.152,0.8684,1.689
5.152,0.9357,2.0345
5.152,1.003,2.3658
5.152,1.0703,2.6691
5.152,1.1376,2.9266
5.152,1.2049,3.1457
5.152,1.2722,3.3458
5.152,1.3395,3.4998
5.152,1.4068,3.6432
5.152,1.4741,3.7851
5.152,1.5414,3.9036
5.152,1.6087,4.0125
5.152,1.676,4.1064
5.152,1.7433,4.1886
5.152,1.8106,4.2601
5.152,1.8779,4.3173
5.152,1.9452,4.362
5.152,2.0125,4.4028
5.152,2.0798,4.4443
5.152,2.1471,4.4843
5.152,2.2144,4.5284
5.152,2.2817,4.5735
5.152,2.349,4.622
5.152,2.4163,4.6731
5.152,2.4836,4.729
5.152,2.5509,4.79
5.152,2.6182,4.8534
5.152,2.6856,4.9181
5.152,2.7529,4.9806
5.152,2.8202,5.0405
5.152,2.8875,5.0986
5.152,2.9548,5.1556
5.152,3.0221,5.2122
5.152,3.0894,5.2685
5.152,3.1567,5.3247
5.152,3.224,5.3808
5.152,3.2913,5.437
5.152,3.3586,5.4931
5.152,3.4259,5.5493
5.152,3.4932,5.6055
5.152,3.5605,5.6617
5.152,3.6278,5.7179
5.3288,0.26268,-0.9024
5.3288,0.32998,-0.66315
5.3288,0.39728,-0.41395
5.3288,0.46458,-0.15786
5.3288,0.53189,0.11282
5.3288,0.59919,0.39412
5.3288,0.66649,0.67893
5.3288,0.73379,0.98759
5.3288,0.80109,1.3418
5.3288,0.8684,1.6927
5.3288,0.9357,2.0399
5.3288,1.003,2.3559
5.3288,1.0703,2.6551
5.3288,1.1376,2.8995
5.3288,1.2049,3.1292
5.3288,1.2722,3.3155
5.3288,1.3395,3.4876
5.3288,1.4068,3.6325
5.3288,1.4741,3.7683
5.3288,1.5414,3.9061
5.3288,1.6087,4.0089
5.3288,1.676,4.103
5.3288,1.7433,4.1905
5.3288,1.8106,4.2623
5.3288,1.8779,4.3202
5.3288,1.9452,4.3672
5.3288,2.0125,4.4048
5.3288,2.0798,4.4451
5.3288,2.1471,4.483
5.3288,2.2144,4.5299
5.3288,2.2817,4.5767
5.3288,2.349,4.6223
5.3288,2.4163,4.669
5.3288,2.4836,4.7235
5.3288,2.5509,4.7827
5.3288,2.6182,4.8457
5.3288,2.6856,4.9101
5.3288,2.7529,4.9733
5.3288,2.8202,5.0339
5.3288,2.8875,5.0925
5.3288,2.9548,5.15
5.3288,3.0221,5.2068
5.3288,3.0894,5.2633
5.3288,3.1567,5.3197
5.3288,3.224,5.376
5.3288,3.2913,5.4322
5.3288,3.3586,5.4885
5.3288,3.4259,5.5448
5.3288,3.4932,5.6011
5.3288,3.5605,5.6574
5.3288,3.6278,5.7137
5.5055,0.26268,-0.90609
5.5055,0.32998,-0.66359
5.5055,0.39728,-0.4215
5.5055,0.46458,-0.16673
5.5055,0.53189,0.10192
5.5055,0.59919,0.38475
5.5055,0.66649,0.66651
5.5055,0.73379,0.98897
5.5055,0.80109,1.3428
5.5055,0.8684,1.6971
5.5055,0.9357,2.0417
5.5055,1.003,2.3527
5.5055,1.0703,2.6494
5.5055,1.1376,2.8919
5.5055,1.2049,3.0999
5.5055,1.2722,3.3037
5.5055,1.3395,3.4649
5.5055,1.4068,3.6134
5.5055,1.4741,3.7536
5.5055,1.5414,3.8914
5.5055,1.6087,4.0065
5.5055,1.676,4.1005
5.5055,1.7433,4.1874
5.5055,1.8106,4.2656
5.5055,1.8779,4.3195
5.5055,1.9452,4.3696
5.5055,2.0125,4.4082
5.5055,2.0798,4.4463
5.5055,2.1471,4.4839
5.5055,2.2144,4.5251
5.5055,2.2817,4.5719
5.5055,2.349,4.6208
5.5055,2.4163,4.6694
5.5055,2.4836,4.7205
5.5055,2.5509,4.778
5.5055,2.6182,4.8394
5.5055,2.6856,4.9023
5.5055,2.7529,4.9661
5.5055,2.8202,5.0275
5.5055,2.8875,5.0867
5.5055,2.9548,5.1445
5.5055,3.0221,5.2015
5.5055,3.0894,5.2582
5.5055,3.1567,5.3147
5.5055,3.224,5.3712
5.5055,3.2913,5.4275
5.5055,3.3586,5.4839
5.5055,3.4259,5.5403
5.5055,3.4932,5.5967
5.5055,3.5605,5.6531
5.5055,3.6278,5.7095
5.6822,0.26268,-0.91086
5.6822,0.32998,-0.67065
5.6822,0.39728,-0.43305
5.6822,0.46458,-0.17836
5.6822,0.53189,0.086374
5.6822,0.59919,0.36176
5.6822,0.66649,0.66256
5.6822,0.73379,0.98553
5.6822,0.80109,1.3422
5.6822,0.8684,1.7019
5.6822,0.9357,2.0468
5.6822,1.003,2.3536
5.6822,1.0703,2.6381
5.6822,1.1376,2.8663
5.6822,1.2049,3.0962
5.6822,1.2722,3.2892
5.6822,1.3395,3.4352
5.6822,1.4068,3.5945
5.6822,1.4741,3.7391
5.6822,1.5414,3.8777
5.6822,1.6087,3.9999
5.6822,1.676,4.0988
5.6822,1.7433,4.1875
5.6822,1.8106,4.2595
5.6822,1.8779,4.328
5.6822,1.9452,4.3721
5.6822,2.0125,4.4161
5.6822,2.0798,4.4536
5.6822,2.1471,4.4861
5.6822,2.2144,4.5281
5.6822,2.2817,4.5703
5.6822,2.349,4.618
5.6822,2.4163,4.6639
5.6822,2.4836,4.7183
5.6822,2.5509,4.7744
5.6822,2.6182,4.8337
5.6822,2.6856,4.8961
5.6822,2.7529,4.9596
5.6822,2.8202,5.0213
5.6822,2.8875,5.081
5.6822,2.9548,5.1391
5.6822,3.0221,5.1964
5.6822,3.0894,5.2532
5.6822,3.1567,5.3098
5.6822,3.224,5.3663
5.6822,3.2913,5.4228
5.6822,3.3586,5.4793
5.6822,3.4259,5.5358
5.6822,3.4932,5.5923
5.6822,3.5605,5.6487
5.6822,3.6278,5.7052
5.859,0.26268,-0.92804
5.859,0.32998,-0.69048
5.859,0.39728,-0.44489
5.859,0.46458,-0.19301
5.859,0.53189,0.066469
5.859,0.59919,0.34546
5.859,0.66649,0.64781
5.859,0.73379,0.97745
5.859,0.80109,1.3414
5.859,0.8684,1.7052
5.859,0.9357,2.0561
5.859,1.003,2.3652
5.859,1.0703,2.6353
5.859,1.1376,2.8718
5.859,1.2049,3.0906
5.859,1.2722,3.275
5.859,1.3395,3.43
5.859,1.4068,3.5802
5.859,1.4741,3.731
5.859,1.5414,3.8721
5.859,1.6087,3.9964
5.859,1.676,4.0997
5.859,1.7433,4.1927
5.859,1.8106,4.2675
5.859,1.8779,4.3294
5.859,1.9452,4.3776
5.859,2.0125,4.4184
5.859,2.0798,4.4591
5.859,2.1471,4.4957
5.859,2.2144,4.5285
5.859,2.2817,4.5689
5.859,2.349,4.6178
5.859,2.4163,4.6665
5.859,2.4836,4.7155
5.859,2.5509,4.7693
5.859,2.6182,4.8293
5.859,2.6856,4.8914
5.859,2.7529,4.9534
5.859,2.8202,5.0153
5.859,2.8875,5.0754
5.859,2.9548,5.134
5.859,3.0221,5.1915
5.859,3.0894,5.2484
5.859,3.1567,5.3049
5.859,3.224,5.3614
5.859,3.2913,5.4177
5.859,3.3586,5.474
5.859,3.4259,5.5303
5.859,3.4932,5.5866
5.859,3.5605,5.643
5.859,3.6278,5.6994
6.0357,0.26268,-0.95448
6.0357,0.32998,-0.71027
6.0357,0.39728,-0.46289
6.0357,0.46458,-0.20699
6.0357,0.53189,0.055007
6.0357,0.59919,0.33287
6.0357,0.66649,0.6408
6.0357,0.73379,0.97673
6.0357,0.80109,1.3438
6.0357,0.8684,1.7114
6.0357,0.9357,2.0596
6.0357,1.003,2.3692
6.0357,1.0703,2.6356
6.0357,1.1376,2.8641
6.0357,1.2049,3.0836
6.0357,1.2722,3.2783
6.0357,1.3395,3.4264
6.0357,1.4068,3.5782
6.0357,1.4741,3.7291
6.0357,1.5414,3.8709
6.0357,1.6087,3.9967
6.0357,1.676,4.1035
6.0357,1.7433,4.2009
6.0357,1.8106,4.2795
6.0357,1.8779,4.3446
6.0357,1.9452,4.3897
6.0357,2.0125,4.4216
6.0357,2.0798,4.4631
6.0357,2.1471,4.503
6.0357,2.2144,4.5351
6.0357,2.2817,4.5739
6.0357,2.349,4.6192
6.0357,2.4163,4.6657
6.0357,2.4836,4.7132
6.0357,2.5509,4.7698
6.0357,2.6182,4.8265
6.0357,2.6856,4.8869
6.0357,2.7529,4.9491
6.0357,2.8202,5.0106
6.0357,2.8875,5.0706
6.0357,2.9548,5.1292
6.0357,3.0221,5.1868
6.0357,3.0894,5.2438
6.0357,3.1567,5.3005
6.0357,3.224,5.357
6.0357,3.2913,5.4134
6.0357,3.3586,5.4697
6.0357,3.4259,5.526
6.0357,3.4932,5.5824
6.0357,3.5605,5.6387
6.0357,3.6278,5.695
6.2124,0.26268,-0.98206
6.2124,0.32998,-0.73668
6.2124,0.39728,-0.48211
6.2124,0.46458,-0.22442
6.2124,0.53189,0.046625
6.2124,0.59919,0.32126
6.2124,0.66649,0.62793
6.2124,0.73379,0.9856
6.2124,0.80109,1.3562
6.2124,0.8684,1.7269
6.2124,0.9357,2.0772
6.2124,1.003,2.383
6.2124,1.0703,2.6351
6.2124,1.1376,2.8645
6.2124,1.2049,3.082
6.2124,1.2722,3.2709
6.2124,1.3395,3.4238
6.2124,1.4068,3.5793
6.2124,1.4741,3.7287
6.2124,1.5414,3.8707
6.2124,1.6087,3.9962
6.2124,1.676,4.1071
6.2124,1.7433,4.1992
6.2124,1.8106,4.2878
6.2124,1.8779,4.3592
6.2124,1.9452,4.4151
6.2124,2.0125,4.4231
6.2124,2.0798,4.4667
6.2124,2.1471,4.5067
6.2124,2.2144,4.5458
6.2124,2.2817,4.582
6.2124,2.349,4.6219
6.2124,2.4163,4.6702
6.2124,2.4836,4.7119
6.2124,2.5509,4.7631
6.2124,2.6182,4.823
6.2124,2.6856,4.8829
6.2124,2.7529,4.9465
6.2124,2.8202,5.0072
6.2124,2.8875,5.0663
6.2124,2.9548,5.1245
6.2124,3.0221,5.1827
6.2124,3.0894,5.2397
6.2124,3.1567,5.2963
6.2124,3.224,5.3528
6.2124,3.2913,5.4092
6.2124,3.3586,5.4656
6.2124,3.4259,5.5219
6.2124,3.4932,5.5783
6.2124,3.5605,5.6346
6.2124,3.6278,5.691
6.3892,0.26268,-1.019
6.3892,0.32998,-0.76264
6.3892,0.39728,-0.50437
6.3892,0.46458,-0.23931
6.3892,0.53189,0.033598
6.3892,0.59919,0.30797
6.3892,0.66649,0.63781
6.3892,0.73379,0.99144
6.3892,0.80109,1.3681
6.3892,0.8684,1.742
6.3892,0.9357,2.1042
6.3892,1.003,2.4163
6.3892,1.0703,2.6611
6.3892,1.1376,2.8823
6.3892,1.2049,3.0904
6.3892,1.2722,3.2764
6.3892,1.3395,3.4273
6.3892,1.4068,3.5793
6.3892,1.4741,3.7313
6.3892,1.5414,3.8739
6.3892,1.6087,4.0016
6.3892,1.676,4.1164
6.3892,1.7433,4.2
6.3892,1.8106,4.2908
6.3892,1.8779,4.3484
6.3892,1.9452,4.3977
6.3892,2.0125,4.4299
6.3892,2.0798,4.4715
6.3892,2.1471,4.5107
6.3892,2.2144,4.5513
6.3892,2.2817,4.5949
6.3892,2.349,4.6288
6.3892,2.4163,4.6749
6.3892,2.4836,4.7183
6.3892,2.5509,4.7658
6.3892,2.6182,4.8188
6.3892,2.6856,4.8783
6.3892,2.7529,4.9384
6.3892,2.8202,5.0014
6.3892,2.8875,5.0637
6.3892,2.9548,5.1216
6.3892,3.0221,5.1784
6.3892,3.0894,5.2358
6.3892,3.1567,5.2924
6.3892,3.224,5.349
6.3892,3.2913,5.4053
6.3892,3.3586,5.4616
6.3892,3.4259,5.5179
6.3892,3.4932,5.5743
6.3892,3.5605,5.6306
6.3892,3.6278,5.687
6.5659,0.26268,-1.0432
6.5659,0.32998,-0.79477
6.5659,0.39728,-0.53122
6.5659,0.46458,-0.25729
6.5659,0.53189,0.025351
6.5659,0.59919,0.31603
6.5659,0.66649,0.64142
6.5659,0.73379,1.005
6.5659,0.80109,1.383
6.5659,0.8684,1.7687
6.5659,0.9357,2.1345
6.5659,1.003,2.4487
6.5659,1.0703,2.6905
6.5659,1.1376,2.9037
6.5659,1.2049,3.1046
6.5659,1.2722,3.2869
6.5659,1.3395,3.4403
6.5659,1.4068,3.5896
6.5659,1.4741,3.7394
6.5659,1.5414,3.882
6.5659,1.6087,4.0118
6.5659,1.676,4.1288
6.5659,1.7433,4.2262
6.5659,1.8106,4.2746
6.5659,1.8779,4.3558
6.5659,1.9452,4.3959
6.5659,2.0125,4.4375
6.5659,2.0798,4.4771
6.5659,2.1471,4.5158
6.5659,2.2144,4.5563
6.5659,2.2817,4.5924
6.5659,2.349,4.6286
6.5659,2.4163,4.6712
6.5659,2.4836,4.7179
6.5659,2.5509,4.7686
6.5659,2.6182,4.8229
6.5659,2.6856,4.8779
6.5659,2.7529,4.935
6.5659,2.8202,4.998
6.5659,2.8875,5.0581
6.5659,2.9548,5.1171
6.5659,3.0221,5.1757
6.5659,3.0894,5.2323
6.5659,3.1567,5.289
6.5659,3.224,5.3455
6.5659,3.2913,5.4017
6.5659,3.3586,5.458
6.5659,3.4259,5.5143
6.5659,3.4932,5.5706
6.5659,3.5605,5.6269
6.5659,3.6278,5.6832
6.7426,0.26268,-1.0808
6.7426,0.32998,-0.82924
6.7426,0.39728,-0.56362
6.7426,0.46458,-0.28449
6.7426,0.53189,0.011027
6.7426,0.59919,0.32503
6.7426,0.66649,0.65413
6.7426,0.73379,1.0131
6.7426,0.80109,1.3994
6.7426,0.8684,1.7906
6.7426,0.9357,2.1626
6.7426,1.003,2.4878
6.7426,1.0703,2.7397
6.7426,1.1376,2.9322
6.7426,1.2049,3.1166
6.7426,1.2722,3.2931
6.7426,1.3395,3.451
6.7426,1.4068,3.6041
6.7426,1.4741,3.7516
6.7426,1.5414,3.8943
6.7426,1.6087,4.0259
6.7426,1.676,4.1449
6.7426,1.7433,4.2549
6.7426,1.8106,4.3092
6.7426,1.8779,4.3711
6.7426,1.9452,4.4101
6.7426,2.0125,4.4579
6.7426,2.0798,4.4921
6.7426,2.1471,4.5245
6.7426,2.2144,4.5613
6.7426,2.2817,4.591
6.7426,2.349,4.6284
6.7426,2.4163,4.6689
6.7426,2.4836,4.7149
6.7426,2.5509,4.7625
6.7426,2.6182,4.817
6.7426,2.6856,4.8764
6.7426,2.7529,4.9272
6.7426,2.8202,4.9922
6.7426,2.8875,5.0556
6.7426,2.9548,5.115
6.7426,3.0221,5.1725
6.7426,3.0894,5.2294
6.7426,3.1567,5.286
6.7426,3.224,5.3423
6.7426,3.2913,5.3988
6.7426,3.3586,5.4548
6.7426,3.4259,5.5109
6.7426,3.4932,5.5672
6.7426,3.5605,5.6234
6.7426,3.6278,5.6797
6.9194,0.26268,-1.1412
6.9194,0.32998,-0.87357
6.9194,0.39728,-0.59986
6.9194,0.46458,-0.3116
6.9194,0.53189,-0.0019127
6.9194,0.59919,0.32562
6.9194,0.66649,0.67137
6.9194,0.73379,1.0335
6.9194,0.80109,1.4239
6.9194,0.8684,1.8188
6.9194,0.9357,2.1939
6.9194,1.003,2.5301
6.9194,1.0703,2.7876
6.9194,1.1376,2.9603
6.9194,1.2049,3.1319
6.9194,1.2722,3.3137
6.9194,1.3395,3.4701
6.9194,1.4068,3.6204
6.9194,1.4741,3.7679
6.9194,1.5414,3.9102
6.9194,1.6087,4.0387
6.9194,1.676,4.1543
6.9194,1.7433,4.2618
6.9194,1.8106,4.3516
6.9194,1.8779,4.3888
6.9194,1.9452,4.4228
6.9194,2.0125,4.4826
6.9194,2.0798,4.4988
6.9194,2.1471,4.5418
6.9194,2.2144,4.5769
6.9194,2.2817,4.6159
6.9194,2.349,4.6475
6.9194,2.4163,4.6836
6.9194,2.4836,4.711
6.9194,2.5509,4.7597
6.9194,2.6182,4.8119
6.9194,2.6856,4.8667
6.9194,2.7529,4.9249
6.9194,2.8202,4.9864
6.9194,2.8875,5.0491
6.9194,2.9548,5.111
6.9194,3.0221,5.1709
6.9194,3.0894,5.2277
6.9194,3.1567,5.2838
6.9194,3.224,5.3399
6.9194,3.2913,5.3958
6.9194,3.3586,5.4519
6.9194,3.4259,5.508
6.9194,3.4932,5.5641
6.9194,3.5605,5.6202
6.9194,3.6278,5.6764
7.0961,0.26268,-1.1804
7.0961,0.32998,-0.91832
7.0961,0.39728,-0.63587
7.0961,0.46458,-0.33483
7.0961,0.53189,-0.0091033
7.0961,0.59919,0.32333
7.0961,0.66649,0.68183
7.0961,0.73379,1.0527
7.0961,0.80109,1.449
7.0961,0.8684,1.8455
7.0961,0.9357,2.2259
7.0961,1.003,2.5754
7.0961,1.0703,2.8269
7.0961,1.1376,3.0034
7.0961,1.2049,3.1684
7.0961,1.2722,3.336
7.0961,1.3395,3.4942
7.0961,1.4068,3.6453
7.0961,1.4741,3.7904
7.0961,1.5414,3.9304
7.0961,1.6087,4.0616
7.0961,1.676,4.1688
7.0961,1.7433,4.2718
7.0961,1.8106,4.3679
7.0961,1.8779,4.4376
7.0961,1.9452,4.4576
7.0961,2.0125,4.511
7.0961,2.0798,4.5216
7.0961,2.1471,4.5553
7.0961,2.2144,4.594
7.0961,2.2817,4.6318
7.0961,2.349,4.6418
7.0961,2.4163,4.6873
7.0961,2.4836,4.7187
7.0961,2.5509,4.7567
7.0961,2.6182,4.8004
7.0961,2.6856,4.8551
7.0961,2.7529,4.9153
7.0961,2.8202,4.9783
7.0961,2.8875,5.0428
7.0961,2.9548,5.1055
7.0961,3.0221,5.1653
7.0961,3.0894,5.2237
7.0961,3.1567,5.2819
7.0961,3.224,5.3383
7.0961,3.2913,5.394
7.0961,3.3586,5.4493
7.0961,3.4259,5.5055
7.0961,3.4932,5.5613
7.0961,3.5605,5.6174
7.0961,3.6278,5.6735
7.2728,0.26268,-1.247
7.2728,0.32998,-0.96538
7.2728,0.39728,-0.66932
7.2728,0.46458,-0.3519
7.2728,0.53189,-0.016982
7.2728,0.59919,0.32656
7.2728,0.66649,0.68515
7.2728,0.73379,1.0699
7.2728,0.80109,1.4693
7.2728,0.8684,1.8703
7.2728,0.9357,2.258
7.2728,1.003,2.6182
7.2728,1.0703,2.8383
7.2728,1.1376,3.0124
7.2728,1.2049,3.1792
7.2728,1.2722,3.3565
7.2728,1.3395,3.5239
7.2728,1.4068,3.6752
7.2728,1.4741,3.8175
7.2728,1.5414,3.955
7.2728,1.6087,4.0857
7.2728,1.676,4.2014
7.2728,1.7433,4.2937
7.2728,1.8106,4.379
7.2728,1.8779,4.4653
7.2728,1.9452,4.5059
7.2728,2.0125,4.513
7.2728,2.0798,4.5652
7.2728,2.1471,4.5788
7.2728,2.2144,4.6178
7.2728,2.2817,4.6331
7.2728,2.349,4.6737
7.2728,2.4163,4.6804
7.2728,2.4836,4.7257
7.2728,2.5509,4.7711
7.2728,2.6182,4.8028
7.2728,2.6856,4.8533
7.2728,2.7529,4.9105
7.2728,2.8202,4.9655
7.2728,2.8875,5.031
7.2728,2.9548,5.0955
7.2728,3.0221,5.1576
7.2728,3.0894,5.2176
7.2728,3.1567,5.2763
7.2728,3.224,5.3342
7.2728,3.2913,5.3908
7.2728,3.3586,5.4472
7.2728,3.4259,5.503
7.2728,3.4932,5.5591
7.2728,3.5605,5.615
7.2728,3.6278,5.6704
7.4496,0.26268,-1.3076
7.4496,0.32998,-1.0107
7.4496,0.39728,-0.6995
7.4496,0.46458,-0.3676
7.4496,0.53189,-0.027695
7.4496,0.59919,0.32793
7.4496,0.66649,0.69461
7.4496,0.73379,1.0836
7.4496,0.80109,1.4878
7.4496,0.8684,1.8888
7.4496,0.9357,2.287
7.4496,1.003,2.6561
7.4496,1.0703,2.8651
7.4496,1.1376,3.0125
7.4496,1.2049,3.192
7.4496,1.2722,3.3689
7.4496,1.3395,3.5429
7.4496,1.4068,3.6987
7.4496,1.4741,3.8438
7.4496,1.5414,3.9846
7.4496,1.6087,4.1134
7.4496,1.676,4.2304
7.4496,1.7433,4.3277
7.4496,1.8106,4.4154
7.4496,1.8779,4.4866
7.4496,1.9452,4.5564
7.4496,2.0125,4.5648
7.4496,2.0798,4.5876
7.4496,2.1471,4.6172
7.4496,2.2144,4.6496
7.4496,2.2817,4.6623
7.4496,2.349,4.6716
7.4496,2.4163,4.6938
7.4496,2.4836,4.7347
7.4496,2.5509,4.7786
7.4496,2.6182,4.8053
7.4496,2.6856,4.8533
7.4496,2.7529,4.9078
7.4496,2.8202,4.9688
7.4496,2.8875,5.0192
7.4496,2.9548,5.0848
7.4496,3.0221,5.1483
7.4496,3.0894,5.2095
7.4496,3.1567,5.269
7.4496,3.224,5.3273
7.4496,3.2913,5.385
7.4496,3.3586,5.4423
7.4496,3.4259,5.4994
7.4496,3.4932,5.5563
7.4496,3.5605,5.6123
7.4496,3.6278,5.6689
7.6263,0.26268,-1.3614
7.6263,0.32998,-1.0514
7.6263,0.39728,-0.72575
7.6263,0.46458,-0.38725
7.6263,0.53189,-0.039493
7.6263,0.59919,0.32977
7.6263,0.66649,0.70312
7.6263,0.73379,1.0958
7.6263,0.80109,1.5045
7.6263,0.8684,1.9149
7.6263,0.9357,2.3219
7.6263,1.003,2.6819
7.6263,1.0703,2.8769
7.6263,1.1376,3.0189
7.6263,1.2049,3.1847
7.6263,1.2722,3.3584
7.6263,1.3395,3.5577
7.6263,1.4068,3.7141
7.6263,1.4741,3.8674
7.6263,1.5414,4.0073
7.6263,1.6087,4.1397
7.6263,1.676,4.2603
7.6263,1.7433,4.3665
7.6263,1.8106,4.4401
7.6263,1.8779,4.5204
7.6263,1.9452,4.5864
7.6263,2.0125,4.643
7.6263,2.0798,4.6518
7.6263,2.1471,4.6523
7.6263,2.2144,4.6677
7.6263,2.2817,4.7056
7.6263,2.349,4.6895
7.6263,2.4163,4.7142
7.6263,2.4836,4.7507
7.6263,2.5509,4.791
7.6263,2.6182,4.8169
7.6263,2.6856,4.8593
7.6263,2.7529,4.9051
7.6263,2.8202,4.9624
7.6263,2.8875,5.0132
7.6263,2.9548,5.0768
7.6263,3.0221,5.1405
7.6263,3.0894,5.2026
7.6263,3.1567,5.2627
7.6263,3.224,5.3214
7.6263,3.2913,5.3793
7.6263,3.3586,5.4367
7.6263,3.4259,5.4939
7.6263,3.4932,5.5508
7.6263,3.5605,5.6077
7.6263,3.6278,5.6645
7.803,0.26268,-1.4092
7.803,0.32998,-1.0875
7.803,0.39728,-0.75044
7.803,0.46458,-0.4035
7.803,0.53189,-0.045401
7.803,0.59919,0.33127
7.803,0.66649,0.71101
7.803,0.73379,1.1072
7.803,0.80109,1.5179
7.803,0.8684,1.9368
7.803,0.9357,2.3373
7.803,1.003,2.7048
7.803,1.0703,2.8898
7.803,1.1376,3.0223
7.803,1.2049,3.1842
7.803,1.2722,3.354
7.803,1.3395,3.5469
7.803,1.4068,3.726
7.803,1.4741,3.8826
7.803,1.5414,4.0325
7.803,1.6087,4.1666
7.803,1.676,4.2911
7.803,1.7433,4.4018
7.803,1.8106,4.4872
7.803,1.8779,4.5633
7.803,1.9452,4.6269
7.803,2.0125,4.6811
7.803,2.0798,4.725
7.803,2.1471,4.7374
7.803,2.2144,4.7397
7.803,2.2817,4.7174
7.803,2.349,4.7475
7.803,2.4163,4.755
7.803,2.4836,4.7711
7.803,2.5509,4.798
7.803,2.6182,4.8421
7.803,2.6856,4.864
7.803,2.7529,4.9083
7.803,2.8202,4.9595
7.803,2.8875,5.019
7.803,2.9548,5.0753
7.803,3.0221,5.1375
7.803,3.0894,5.1986
7.803,3.1567,5.2583
7.803,3.224,5.3168
7.803,3.2913,5.3747
7.803,3.3586,5.432
7.803,3.4259,5.4891
7.803,3.4932,5.546
7.803,3.5605,5.6029
7.803,3.6278,5.6597
7.9798,0.26268,-1.4516
7.9798,0.32998,-1.1196
7.9798,0.39728,-0.77212
7.9798,0.46458,-0.41728
7.9798,0.53189,-0.051409
7.9798,0.59919,0.33226
7.9798,0.66649,0.71805
7.9798,0.73379,1.1176
7.9798,0.80109,1.5294
7.9798,0.8684,1.9474
7.9798,0.9357,2.3553
7.9798,1.003,2.6915
7.9798,1.0703,2.8647
7.9798,1.1376,3.0308
7.9798,1.2049,3.2022
7.9798,1.2722,3.3532
7.9798,1.3395,3.5336
7.9798,1.4068,3.733
7.9798,1.4741,3.8919
7.9798,1.5414,4.0467
7.9798,1.6087,4.1911
7.9798,1.676,4.3191
7.9798,1.7433,4.4348
7.9798,1.8106,4.5376
7.9798,1.8779,4.6172
7.9798,1.9452,4.6643
7.9798,2.0125,4.7373
7.9798,2.0798,4.7466
7.9798,2.1471,4.8011
7.9798,2.2144,4.7983
7.9798,2.2817,4.8079
7.9798,2.349,4.7673
7.9798,2.4163,4.7988
7.9798,2.4836,4.8067
7.9798,2.5509,4.8359
7.9798,2.6182,4.8581
7.9798,2.6856,4.8873
7.9798,2.7529,4.9236
7.9798,2.8202,4.9619
7.9798,2.8875,5.0168
7.9798,2.9548,5.0773
7.9798,3.0221,5.1375
7.9798,3.0894,5.1974
7.9798,3.1567,5.2565
7.9798,3.224,5.3145
7.9798,3.2913,5.3719
7.9798,3.3586,5.4288
7.9798,3.4259,5.4855
7.9798,3.4932,5.5422
7.9798,3.5605,5.5988
7.9798,3.6278,5.6554
8.1565,0.26268,-1.4908
8.1565,0.32998,-1.1488
8.1565,0.39728,-0.79292
8.1565,0.46458,-0.43055
8.1565,0.53189,-0.05764
8.1565,0.59919,0.33269
8.1565,0.66649,0.72398
8.1565,0.73379,1.1267
8.1565,0.80109,1.54
8.1565,0.8684,1.9579
8.1565,0.9357,2.3633
8.1565,1.003,2.7083
8.1565,1.0703,2.864
8.1565,1.1376,3.0329
8.1565,1.2049,3.2167
8.1565,1.2722,3.3655
8.1565,1.3395,3.552
8.1565,1.4068,3.7286
8.1565,1.4741,3.89
8.1565,1.5414,4.0527
8.1565,1.6087,4.207
8.1565,1.676,4.3443
8.1565,1.7433,4.4657
8.1565,1.8106,4.5764
8.1565,1.8779,4.6667
8.1565,1.9452,4.7273
8.1565,2.0125,4.7526
8.1565,2.0798,4.817
8.1565,2.1471,4.8311
8.1565,2.2144,4.8579
8.1565,2.2817,4.8661
8.1565,2.349,4.8406
8.1565,2.4163,4.8311
8.1565,2.4836,4.8475
8.1565,2.5509,4.8395
8.1565,2.6182,4.873
8.1565,2.6856,4.9131
8.1565,2.7529,4.9364
8.1565,2.8202,4.9861
8.1565,2.8875,5.0155
8.1565,2.9548,5.0746
8.1565,3.0221,5.138
8.1565,3.0894,5.1989
8.1565,3.1567,5.2566
8.1565,3.224,5.3137
8.1565,3.2913,5.3705
8.1565,3.3586,5.4269
8.1565,3.4259,5.4833
8.1565,3.4932,5.5396
8.1565,3.5605,5.5958
8.1565,3.6278,5.6521
8.3332,0.26268,-1.5271
8.3332,0.32998,-1.1752
8.3332,0.39728,-0.81261
8.3332,0.46458,-0.44345
8.3332,0.53189,-0.064187
8.3332,0.59919,0.33237
8.3332,0.66649,0.72861
8.3332,0.73379,1.1348
8.3332,0.80109,1.5498
8.3332,0.8684,1.9646
8.3332,0.9357,2.3581
8.3332,1.003,2.6769
8.3332,1.0703,2.8662
8.3332,1.1376,3.022
8.3332,1.2049,3.2203
8.3332,1.2722,3.3755
8.3332,1.3395,3.5452
8.3332,1.4068,3.7219
8.3332,1.4741,3.8923
8.3332,1.5414,4.0526
8.3332,1.6087,4.2153
8.3332,1.676,4.3639
8.3332,1.7433,4.4935
8.3332,1.8106,4.611
8.3332,1.8779,4.7156
8.3332,1.9452,4.7827
8.3332,2.0125,4.8309
8.3332,2.0798,4.8596
8.3332,2.1471,4.8967
8.3332,2.2144,4.9392
8.3332,2.2817,4.9108
8.3332,2.349,4.9091
8.3332,2.4163,4.892
8.3332,2.4836,4.9047
8.3332,2.5509,4.8978
8.3332,2.6182,4.9041
8.3332,2.6856,4.9314
8.3332,2.7529,4.954
8.3332,2.8202,4.9869
8.3332,2.8875,5.0388
8.3332,2.9548,5.0751
8.3332,3.0221,5.1347
8.3332,3.0894,5.1962
8.3332,3.1567,5.2565
8.3332,3.224,5.3149
8.3332,3.2913,5.3707
8.3332,3.3586,5.4263
8.3332,3.4259,5.482
8.3332,3.4932,5.5378
8.3332,3.5605,5.5937
8.3332,3.6278,5.6497
8.51,0.26268,-1.558
8.51,0.32998,-1.198
8.51,0.39728,-0.83131
8.51,0.46458,-0.45608
8.51,0.53189,-0.07095
8.51,0.59919,0.33113
8.51,0.66649,0.73144
8.51,0.73379,1.1412
8.51,0.80109,1.5579
8.51,0.8684,1.9672
8.51,0.9357,2.3471
8.51,1.003,2.6465
8.51,1.0703,2.862
8.51,1.1376,3.0354
8.51,1.2049,3.206
8.51,1.2722,3.3791
8.51,1.3395,3.5387
8.51,1.4068,3.7316
8.51,1.4741,3.8928
8.51,1.5414,4.0559
8.51,1.6087,4.2219
8.51,1.676,4.3792
8.51,1.7433,4.5178
8.51,1.8106,4.6401
8.51,1.8779,4.7549
8.51,1.9452,4.8309
8.51,2.0125,4.8905
8.51,2.0798,4.9346
8.51,2.1471,4.9307
8.51,2.2144,4.9686
8.51,2.2817,4.9953
8.51,2.349,4.9609
8.51,2.4163,4.964
8.51,2.4836,4.972
8.51,2.5509,4.9724
8.51,2.6182,4.9498
8.51,2.6856,4.9711
8.51,2.7529,4.9693
8.51,2.8202,4.9985
8.51,2.8875,5.0402
8.51,2.9548,5.0944
8.51,3.0221,5.136
8.51,3.0894,5.1959
8.51,3.1567,5.2549
8.51,3.224,5.3134
8.51,3.2913,5.3703
8.51,3.3586,5.4266
8.51,3.4259,5.4821
8.51,3.4932,5.5371
8.51,3.5605,5.5924
8.51,3.6278,5.648
8.6867,0.26268,-1.5859
8.6867,0.32998,-1.2198
8.6867,0.39728,-0.84909
8.6867,0.46458,-0.46853
8.6867,0.53189,-0.077695
8.6867,0.59919,0.32884
8.6867,0.66649,0.73124
8.6867,0.73379,1.1445
8.6867,0.80109,1.5628
8.6867,0.8684,1.9683
8.6867,0.9357,2.3323
8.6867,1.003,2.6201
8.6867,1.0703,2.8409
8.6867,1.1376,3.0234
8.6867,1.2049,3.1971
8.6867,1.2722,3.3685
8.6867,1.3395,3.5431
8.6867,1.4068,3.7188
8.6867,1.4741,3.8921
8.6867,1.5414,4.0639
8.6867,1.6087,4.2254
8.6867,1.676,4.3881
8.6867,1.7433,4.537
8.6867,1.8106,4.6696
8.6867,1.8779,4.7855
8.6867,1.9452,4.897
8.6867,2.0125,4.9463
8.6867,2.0798,5.0108
8.6867,2.1471,5.0616
8.6867,2.2144,4.9914
8.6867,2.2817,5.0366
8.6867,2.349,5.0753
8.6867,2.4163,5.0463
8.6867,2.4836,5.0384
8.6867,2.5509,5.0188
8.6867,2.6182,5.0115
8.6867,2.6856,5.003
8.6867,2.7529,5.0333
8.6867,2.8202,5.0079
8.6867,2.8875,5.0475
8.6867,2.9548,5.0962
8.6867,3.0221,5.1416
8.6867,3.0894,5.1991
8.6867,3.1567,5.2572
8.6867,3.224,5.314
8.6867,3.2913,5.3706
8.6867,3.3586,5.4261
8.6867,3.4259,5.4814
8.6867,3.4932,5.5368
8.6867,3.5605,5.5923
8.6867,3.6278,5.6472
8.8634,0.26268,-1.6136
8.8634,0.32998,-1.2418
8.8634,0.39728,-0.86602
8.8634,0.46458,-0.48083
8.8634,0.53189,-0.084937
8.8634,0.59919,0.32425
8.8634,0.66649,0.72896
8.8634,0.73379,1.1453
8.8634,0.80109,1.5641
8.8634,0.8684,1.9679
8.8634,0.9357,2.316
8.8634,1.003,2.5983
8.8634,1.0703,2.8253
8.8634,1.1376,3.0164
8.8634,1.2049,3.1979
8.8634,1.2722,3.3637
8.8634,1.3395,3.5358
8.8634,1.4068,3.7104
8.8634,1.4741,3.8864
8.8634,1.5414,4.0631
8.8634,1.6087,4.2344
8.8634,1.676,4.3977
8.8634,1.7433,4.5545
8.8634,1.8106,4.6924
8.8634,1.8779,4.8204
8.8634,1.9452,4.9306
8.8634,2.0125,5.0217
8.8634,2.0798,5.0855
8.8634,2.1471,5.1454
8.8634,2.2144,5.1126
8.8634,2.2817,5.1078
8.8634,2.349,5.115
8.8634,2.4163,5.1382
8.8634,2.4836,5.1009
8.8634,2.5509,5.0834
8.8634,2.6182,5.0864
8.8634,2.6856,5.0391
8.8634,2.7529,5.0575
8.8634,2.8202,5.0376
8.8634,2.8875,5.0626
8.8634,2.9548,5.1037
8.8634,3.0221,5.151
8.8634,3.0894,5.2031
8.8634,3.1567,5.2622
8.8634,3.224,5.3181
8.8634,3.2913,5.3731
8.8634,3.3586,5.428
8.8634,3.4259,5.4822
8.8634,3.4932,5.5366
8.8634,3.5605,5.5913
8.8634,3.6278,5.6464
