1.5031,4,1.8769
1.5031,8.08,3.0414
1.5031,12.16,4.0177
1.5031,16.24,4.4922
1.5031,20.32,5.0814
1.5031,24.4,5.5225
1.5031,28.48,5.8146
1.5031,32.56,6.0702
1.5031,36.64,6.3191
1.5031,40.72,6.4804
1.5031,44.8,6.6776
1.5031,48.88,6.9404
1.5031,52.96,7.137
1.5031,57.04,7.2937
1.5031,61.12,7.5444
1.5031,65.2,7.8059
1.5031,69.28,8.0483
1.5031,73.36,8.2379
1.5031,77.44,8.3991
1.5031,81.52,8.5619
1.5031,85.6,8.774
1.5031,89.68,9.0678
1.5031,93.76,9.3878
1.5031,97.84,9.8055
1.5031,101.92,10.062
1.5031,106,10.374
1.5031,110.08,10.618
1.5031,114.16,10.782
1.5031,118.24,10.951
1.5031,122.32,11.156
1.5031,126.4,11.293
1.5031,130.48,11.406
1.5031,134.56,11.516
1.5031,138.64,11.648
1.5031,142.72,11.754
1.5031,146.8,11.864
1.5031,150.88,11.982
1.5031,154.96,12.106
1.5031,159.04,12.234
1.5031,163.12,12.365
1.5031,167.2,12.498
1.5031,171.28,12.632
1.5031,175.36,12.765
1.5031,179.44,12.898
1.5031,183.52,13.031
1.5031,187.6,13.163
1.5031,191.68,13.295
1.5031,195.76,13.426
1.5031,199.84,13.558
1.5031,203.92,13.689
1.5031,208,13.819
1.6564,4,1.5671
1.6564,8.08,2.741
1.6564,12.16,3.7351
1.6564,16.24,4.2445
1.6564,20.32,4.8404
1.6564,24.4,5.2908
1.6564,28.48,5.5945
1.6564,32.56,5.8565
1.6564,36.64,6.109
1.6564,40.72,6.2745
1.6564,44.8,6.4741
1.6564,48.88,6.737
1.6564,52.96,6.9353
1.6564,57.04,7.0954
1.6564,61.12,7.3463
1.6564,65.2,7.6077
1.6564,69.28,7.8502
1.6564,73.36,8.0391
1.6564,77.44,8.1998
1.6564,81.52,8.3621
1.6564,85.6,8.5727
1.6564,89.68,8.8633
1.6564,93.76,9.1794
1.6564,97.84,9.5906
1.6564,101.92,9.8447
1.6564,106,10.153
1.6564,110.08,10.395
1.6564,114.16,10.559
1.6564,118.24,10.728
1.6564,122.32,10.933
1.6564,126.4,11.071
1.6564,130.48,11.184
1.6564,134.56,11.295
1.6564,138.64,11.428
1.6564,142.72,11.534
1.6564,146.8,11.645
1.6564,150.88,11.764
1.6564,154.96,11.888
1.6564,159.04,12.017
1.6564,163.12,12.149
1.6564,167.2,12.282
1.6564,171.28,12.415
1.6564,175.36,12.549
1.6564,179.44,12.682
1.6564,183.52,12.815
1.6564,187.6,12.948
1.6564,191.68,13.079
1.6564,195.76,13.211
1.6564,199.84,13.342
1.6564,203.92,13.474
1.6564,208,13.604
1.8097,4,1.2574
1.8097,8.08,2.4408
1.8097,12.16,3.4527
1.8097,16.24,3.997
1.8097,20.32,4.5994
1.8097,24.4,5.0592
1.8097,28.48,5.3744
1.8097,32.56,5.6428
1.8097,36.64,5.899
1.8097,40.72,6.0687
1.8097,44.8,6.2707
1.8097,48.88,6.5335
1.8097,52.96,6.7337
1.8097,57.04,6.8971
1.8097,61.12,7.1483
1.8097,65.2,7.4095
1.8097,69.28,7.652
1.8097,73.36,7.8403
1.8097,77.44,8.0006
1.8097,81.52,8.1623
1.8097,85.6,8.3715
1.8097,89.68,8.6588
1.8097,93.76,8.971
1.8097,97.84,9.3757
1.8097,101.92,9.6275
1.8097,106,9.9316
1.8097,110.08,10.171
1.8097,114.16,10.336
1.8097,118.24,10.505
1.8097,122.32,10.709
1.8097,126.4,10.848
1.8097,130.48,10.963
1.8097,134.56,11.074
1.8097,138.64,11.208
1.8097,142.72,11.315
1.8097,146.8,11.427
1.8097,150.88,11.546
1.8097,154.96,11.671
1.8097,159.04,11.8
1.8097,163.12,11.932
1.8097,167.2,12.065
1.8097,171.28,12.199
1.8097,175.36,12.333
1.8097,179.44,12.466
1.8097,183.52,12.599
1.8097,187.6,12.732
1.8097,191.68,12.864
1.8097,195.76,12.996
1.8097,199.84,13.127
1.8097,203.92,13.258
1.8097,208,13.389
1.9631,4,0.94784
1.9631,8.08,2.1409
1.9631,12.16,3.1705
1.9631,16.24,3.7498
1.9631,20.32,4.3585
1.9631,24.4,4.8277
1.9631,28.48,5.1544
1.9631,32.56,5.4291
1.9631,36.64,5.6891
1.9631,40.72,5.8629
1.9631,44.8,6.0674
1.9631,48.88,6.3301
1.9631,52.96,6.5321
1.9631,57.04,6.6989
1.9631,61.12,6.9503
1.9631,65.2,7.2113
1.9631,69.28,7.4539
1.9631,73.36,7.6416
1.9631,77.44,7.8014
1.9631,81.52,7.9626
1.9631,85.6,8.1703
1.9631,89.68,8.4544
1.9631,93.76,8.7626
1.9631,97.84,9.1609
1.9631,101.92,9.4103
1.9631,106,9.7104
1.9631,110.08,9.9482
1.9631,114.16,10.113
1.9631,118.24,10.282
1.9631,122.32,10.486
1.9631,126.4,10.625
1.9631,130.48,10.741
1.9631,134.56,10.854
1.9631,138.64,10.987
1.9631,142.72,11.096
1.9631,146.8,11.208
1.9631,150.88,11.328
1.9631,154.96,11.453
1.9631,159.04,11.583
1.9631,163.12,11.715
1.9631,167.2,11.848
1.9631,171.28,11.982
1.9631,175.36,12.116
1.9631,179.44,12.25
1.9631,183.52,12.383
1.9631,187.6,12.516
1.9631,191.68,12.648
1.9631,195.76,12.78
1.9631,199.84,12.912
1.9631,203.92,13.043
1.9631,208,13.174
2.1164,4,0.63829
2.1164,8.08,1.8411
2.1164,12.16,2.8886
2.1164,16.24,3.5028
2.1164,20.32,4.1177
2.1164,24.4,4.5963
2.1164,28.48,4.9343
2.1164,32.56,5.2154
2.1164,36.64,5.4791
2.1164,40.72,5.6571
2.1164,44.8,5.864
2.1164,48.88,6.1266
2.1164,52.96,6.3306
2.1164,57.04,6.5007
2.1164,61.12,6.7523
2.1164,65.2,7.0131
2.1164,69.28,7.2558
2.1164,73.36,7.4428
2.1164,77.44,7.6022
2.1164,81.52,7.7628
2.1164,85.6,7.9691
2.1164,89.68,8.2499
2.1164,93.76,8.5542
2.1164,97.84,8.9461
2.1164,101.92,9.1932
2.1164,106,9.4893
2.1164,110.08,9.7251
2.1164,114.16,9.8905
2.1164,118.24,10.059
2.1164,122.32,10.262
2.1164,126.4,10.402
2.1164,130.48,10.519
2.1164,134.56,10.633
2.1164,138.64,10.767
2.1164,142.72,10.877
2.1164,146.8,10.99
2.1164,150.88,11.11
2.1164,154.96,11.236
2.1164,159.04,11.366
2.1164,163.12,11.498
2.1164,167.2,11.632
2.1164,171.28,11.766
2.1164,175.36,11.9
2.1164,179.44,12.034
2.1164,183.52,12.168
2.1164,187.6,12.3
2.1164,191.68,12.433
2.1164,195.76,12.565
2.1164,199.84,12.697
2.1164,203.92,12.828
2.1164,208,12.959
2.2698,4,0.32879
2.2698,8.08,1.5415
2.2698,12.16,2.6068
2.2698,16.24,3.256
2.2698,20.32,3.8769
2.2698,24.4,4.365
2.2698,28.48,4.7143
2.2698,32.56,5.0016
2.2698,36.64,5.2692
2.2698,40.72,5.4514
2.2698,44.8,5.6606
2.2698,48.88,5.9232
2.2698,52.96,6.129
2.2698,57.04,6.3025
2.2698,61.12,6.5543
2.2698,65.2,6.8149
2.2698,69.28,7.0577
2.2698,73.36,7.2441
2.2698,77.44,7.403
2.2698,81.52,7.5631
2.2698,85.6,7.7679
2.2698,89.68,8.0455
2.2698,93.76,8.3459
2.2698,97.84,8.7312
2.2698,101.92,8.9761
2.2698,106,9.2682
2.2698,110.08,9.5019
2.2698,114.16,9.6677
2.2698,118.24,9.8368
2.2698,122.32,10.039
2.2698,126.4,10.179
2.2698,130.48,10.298
2.2698,134.56,10.413
2.2698,138.64,10.547
2.2698,142.72,10.657
2.2698,146.8,10.772
2.2698,150.88,10.892
2.2698,154.96,11.018
2.2698,159.04,11.149
2.2698,163.12,11.281
2.2698,167.2,11.415
2.2698,171.28,11.55
2.2698,175.36,11.684
2.2698,179.44,11.818
2.2698,183.52,11.952
2.2698,187.6,12.085
2.2698,191.68,12.217
2.2698,195.76,12.349
2.2698,199.84,12.481
2.2698,203.92,12.613
2.2698,208,12.744
2.4231,4,0.019322
2.4231,8.08,1.2419
2.4231,12.16,2.3252
2.4231,16.24,3.0094
2.4231,20.32,3.6362
2.4231,24.4,4.1337
2.4231,28.48,4.4943
2.4231,32.56,4.7878
2.4231,36.64,5.0594
2.4231,40.72,5.2457
2.4231,44.8,5.4573
2.4231,48.88,5.7197
2.4231,52.96,5.9275
2.4231,57.04,6.1043
2.4231,61.12,6.3563
2.4231,65.2,6.6168
2.4231,69.28,6.8596
2.4231,73.36,7.0453
2.4231,77.44,7.2038
2.4231,81.52,7.3634
2.4231,85.6,7.5668
2.4231,89.68,7.841
2.4231,93.76,8.1375
2.4231,97.84,8.5165
2.4231,101.92,8.759
2.4231,106,9.0471
2.4231,110.08,9.2789
2.4231,114.16,9.4449
2.4231,118.24,9.614
2.4231,122.32,9.8155
2.4231,126.4,9.9567
2.4231,130.48,10.076
2.4231,134.56,10.192
2.4231,138.64,10.327
2.4231,142.72,10.438
2.4231,146.8,10.553
2.4231,150.88,10.674
2.4231,154.96,10.801
2.4231,159.04,10.931
2.4231,163.12,11.064
2.4231,167.2,11.198
2.4231,171.28,11.333
2.4231,175.36,11.468
2.4231,179.44,11.602
2.4231,183.52,11.736
2.4231,187.6,11.869
2.4231,191.68,12.002
2.4231,195.76,12.134
2.4231,199.84,12.266
2.4231,203.92,12.398
2.4231,208,12.529
2.5765,4,-0.29014
2.5765,8.08,0.94253
2.5765,12.16,2.0439
2.5765,16.24,2.763
2.5765,20.32,3.3956
2.5765,24.4,3.9026
2.5765,28.48,4.2743
2.5765,32.56,4.574
2.5765,36.64,4.8496
2.5765,40.72,5.04
2.5765,44.8,5.2539
2.5765,48.88,5.5164
2.5765,52.96,5.7261
2.5765,57.04,5.9061
2.5765,61.12,6.1584
2.5765,65.2,6.4186
2.5765,69.28,6.6616
2.5765,73.36,6.8466
2.5765,77.44,7.0047
2.5765,81.52,7.1637
2.5765,85.6,7.3657
2.5765,89.68,7.6366
2.5765,93.76,7.9292
2.5765,97.84,8.3017
2.5765,101.92,8.5419
2.5765,106,8.8261
2.5765,110.08,9.0558
2.5765,114.16,9.2221
2.5765,118.24,9.3914
2.5765,122.32,9.5921
2.5765,126.4,9.734
2.5765,130.48,9.8543
2.5765,134.56,9.9715
2.5765,138.64,10.107
2.5765,142.72,10.219
2.5765,146.8,10.335
2.5765,150.88,10.456
2.5765,154.96,10.583
2.5765,159.04,10.714
2.5765,163.12,10.847
2.5765,167.2,10.982
2.5765,171.28,11.117
2.5765,175.36,11.252
2.5765,179.44,11.386
2.5765,183.52,11.52
2.5765,187.6,11.653
2.5765,191.68,11.786
2.5765,195.76,11.919
2.5765,199.84,12.051
2.5765,203.92,12.183
2.5765,208,12.314
2.7298,4,-0.5996
2.7298,8.08,0.64318
2.7298,12.16,1.7627
2.7298,16.24,2.5167
2.7298,20.32,3.1552
2.7298,24.4,3.6715
2.7298,28.48,4.0543
2.7298,32.56,4.3601
2.7298,36.64,4.6398
2.7298,40.72,4.8344
2.7298,44.8,5.0506
2.7298,48.88,5.3131
2.7298,52.96,5.5246
2.7298,57.04,5.708
2.7298,61.12,5.9604
2.7298,65.2,6.2205
2.7298,69.28,6.4635
2.7298,73.36,6.6479
2.7298,77.44,6.8055
2.7298,81.52,6.964
2.7298,85.6,7.1646
2.7298,89.68,7.4322
2.7298,93.76,7.7209
2.7298,97.84,8.0869
2.7298,101.92,8.3249
2.7298,106,8.6051
2.7298,110.08,8.8329
2.7298,114.16,8.9994
2.7298,118.24,9.1687
2.7298,122.32,9.3687
2.7298,126.4,9.5113
2.7298,130.48,9.6327
2.7298,134.56,9.7509
2.7298,138.64,9.8867
2.7298,142.72,9.9997
2.7298,146.8,10.116
2.7298,150.88,10.238
2.7298,154.96,10.366
2.7298,159.04,10.497
2.7298,163.12,10.631
2.7298,167.2,10.765
2.7298,171.28,10.9
2.7298,175.36,11.035
2.7298,179.44,11.17
2.7298,183.52,11.304
2.7298,187.6,11.438
2.7298,191.68,11.571
2.7298,195.76,11.703
2.7298,199.84,11.835
2.7298,203.92,11.968
2.7298,208,12.099
2.8831,4,-0.90908
2.8831,8.08,0.34387
2.8831,12.16,1.4818
2.8831,16.24,2.2706
2.8831,20.32,2.9148
2.8831,24.4,3.4406
2.8831,28.48,3.8343
2.8831,32.56,4.1462
2.8831,36.64,4.4301
2.8831,40.72,4.6288
2.8831,44.8,4.8473
2.8831,48.88,5.1098
2.8831,52.96,5.3232
2.8831,57.04,5.5099
2.8831,61.12,5.7625
2.8831,65.2,6.0223
2.8831,69.28,6.2654
2.8831,73.36,6.4492
2.8831,77.44,6.6064
2.8831,81.52,6.7644
2.8831,85.6,6.9635
2.8831,89.68,7.2279
2.8831,93.76,7.5126
2.8831,97.84,7.8722
2.8831,101.92,8.1079
2.8831,106,8.3841
2.8831,110.08,8.6099
2.8831,114.16,8.7767
2.8831,118.24,8.9461
2.8831,122.32,9.1453
2.8831,126.4,9.2887
2.8831,130.48,9.4111
2.8831,134.56,9.5304
2.8831,138.64,9.6666
2.8831,142.72,9.7805
2.8831,146.8,9.8976
2.8831,150.88,10.021
2.8831,154.96,10.149
2.8831,159.04,10.28
2.8831,163.12,10.414
2.8831,167.2,10.549
2.8831,171.28,10.684
2.8831,175.36,10.819
2.8831,179.44,10.954
2.8831,183.52,11.088
2.8831,187.6,11.222
2.8831,191.68,11.355
2.8831,195.76,11.488
2.8831,199.84,11.62
2.8831,203.92,11.752
2.8831,208,11.884
3.0365,4,-1.2186
3.0365,8.08,0.044581
3.0365,12.16,1.2012
3.0365,16.24,2.0247
3.0365,20.32,2.6745
3.0365,24.4,3.2097
3.0365,28.48,3.6144
3.0365,32.56,3.9323
3.0365,36.64,4.2203
3.0365,40.72,4.4233
3.0365,44.8,4.644
3.0365,48.88,4.9064
3.0365,52.96,5.1218
3.0365,57.04,5.3119
3.0365,61.12,5.5646
3.0365,65.2,5.8242
3.0365,69.28,6.0674
3.0365,73.36,6.2505
3.0365,77.44,6.4072
3.0365,81.52,6.5648
3.0365,85.6,6.7624
3.0365,89.68,7.0235
3.0365,93.76,7.3044
3.0365,97.84,7.6575
3.0365,101.92,7.8909
3.0365,106,8.1633
3.0365,110.08,8.3871
3.0365,114.16,8.554
3.0365,118.24,8.7235
3.0365,122.32,8.9219
3.0365,126.4,9.066
3.0365,130.48,9.1895
3.0365,134.56,9.3098
3.0365,138.64,9.4464
3.0365,142.72,9.5613
3.0365,146.8,9.6792
3.0365,150.88,9.8026
3.0365,154.96,9.9311
3.0365,159.04,10.063
3.0365,163.12,10.197
3.0365,167.2,10.332
3.0365,171.28,10.468
3.0365,175.36,10.603
3.0365,179.44,10.738
3.0365,183.52,10.872
3.0365,187.6,11.006
3.0365,191.68,11.139
3.0365,195.76,11.272
3.0365,199.84,11.405
3.0365,203.92,11.537
3.0365,208,11.669
3.1898,4,-1.5281
3.1898,8.08,-0.25471
3.1898,12.16,0.92072
3.1898,16.24,1.7788
3.1898,20.32,2.4342
3.1898,24.4,2.9789
3.1898,28.48,3.3945
3.1898,32.56,3.7183
3.1898,36.64,4.0105
3.1898,40.72,4.2178
3.1898,44.8,4.4406
3.1898,48.88,4.7031
3.1898,52.96,4.9205
3.1898,57.04,5.1138
3.1898,61.12,5.3667
3.1898,65.2,5.6261
3.1898,69.28,5.8694
3.1898,73.36,6.0518
3.1898,77.44,6.2081
3.1898,81.52,6.3652
3.1898,85.6,6.5613
3.1898,89.68,6.8192
3.1898,93.76,7.0961
3.1898,97.84,7.4427
3.1898,101.92,7.674
3.1898,106,7.9424
3.1898,110.08,8.1642
3.1898,114.16,8.3314
3.1898,118.24,8.501
3.1898,122.32,8.6986
3.1898,126.4,8.8433
3.1898,130.48,8.9679
3.1898,134.56,9.0893
3.1898,138.64,9.2263
3.1898,142.72,9.3421
3.1898,146.8,9.4607
3.1898,150.88,9.5847
3.1898,154.96,9.7136
3.1898,159.04,9.8458
3.1898,163.12,9.9801
3.1898,167.2,10.115
3.1898,171.28,10.251
3.1898,175.36,10.387
3.1898,179.44,10.522
3.1898,183.52,10.656
3.1898,187.6,10.79
3.1898,191.68,10.924
3.1898,195.76,11.057
3.1898,199.84,11.19
3.1898,203.92,11.322
3.1898,208,11.454
3.3432,4,-1.8378
3.3432,8.08,-0.55404
3.3432,12.16,0.64051
3.3432,16.24,1.5331
3.3432,20.32,2.1939
3.3432,24.4,2.7482
3.3432,28.48,3.1746
3.3432,32.56,3.5043
3.3432,36.64,3.8008
3.3432,40.72,4.0123
3.3432,44.8,4.2374
3.3432,48.88,4.4998
3.3432,52.96,4.7192
3.3432,57.04,4.9158
3.3432,61.12,5.1688
3.3432,65.2,5.428
3.3432,69.28,5.6713
3.3432,73.36,5.8531
3.3432,77.44,6.009
3.3432,81.52,6.1656
3.3432,85.6,6.3603
3.3432,89.68,6.6148
3.3432,93.76,6.8879
3.3432,97.84,7.228
3.3432,101.92,7.457
3.3432,106,7.7216
3.3432,110.08,7.9414
3.3432,114.16,8.1088
3.3432,118.24,8.2785
3.3432,122.32,8.4752
3.3432,126.4,8.6207
3.3432,130.48,8.7464
3.3432,134.56,8.8687
3.3432,138.64,9.0062
3.3432,142.72,9.1229
3.3432,146.8,9.2422
3.3432,150.88,9.3669
3.3432,154.96,9.4962
3.3432,159.04,9.6287
3.3432,163.12,9.7633
3.3432,167.2,9.8988
3.3432,171.28,10.035
3.3432,175.36,10.17
3.3432,179.44,10.306
3.3432,183.52,10.441
3.3432,187.6,10.575
3.3432,191.68,10.708
3.3432,195.76,10.842
3.3432,199.84,10.974
3.3432,203.92,11.107
3.3432,208,11.239
3.4965,4,-2.1474
3.4965,8.08,-0.85341
3.4965,12.16,0.36053
3.4965,16.24,1.2874
3.4965,20.32,1.9537
3.4965,24.4,2.5176
3.4965,28.48,2.9547
3.4965,32.56,3.2903
3.4965,36.64,3.591
3.4965,40.72,3.8069
3.4965,44.8,4.0341
3.4965,48.88,4.2964
3.4965,52.96,4.5179
3.4965,57.04,4.7179
3.4965,61.12,4.971
3.4965,65.2,5.2299
3.4965,69.28,5.4733
3.4965,73.36,5.6544
3.4965,77.44,5.8098
3.4965,81.52,5.966
3.4965,85.6,6.1592
3.4965,89.68,6.4105
3.4965,93.76,6.6796
3.4965,97.84,7.0134
3.4965,101.92,7.2401
3.4965,106,7.5008
3.4965,110.08,7.7187
3.4965,114.16,7.8863
3.4965,118.24,8.056
3.4965,122.32,8.2519
3.4965,126.4,8.3981
3.4965,130.48,8.5248
3.4965,134.56,8.6482
3.4965,138.64,8.7861
3.4965,142.72,8.9036
3.4965,146.8,9.0238
3.4965,150.88,9.149
3.4965,154.96,9.2787
3.4965,159.04,9.4116
3.4965,163.12,9.5464
3.4965,167.2,9.6822
3.4965,171.28,9.8183
3.4965,175.36,9.9542
3.4965,179.44,10.09
3.4965,183.52,10.225
3.4965,187.6,10.359
3.4965,191.68,10.493
3.4965,195.76,10.626
3.4965,199.84,10.759
3.4965,203.92,10.892
3.4965,208,11.024
3.6498,4,-2.4572
3.6498,8.08,-1.1528
3.6498,12.16,0.080791
3.6498,16.24,1.0419
3.6498,20.32,1.7135
3.6498,24.4,2.2871
3.6498,28.48,2.7349
3.6498,32.56,3.0762
3.6498,36.64,3.3813
3.6498,40.72,3.6015
3.6498,44.8,3.8308
3.6498,48.88,4.0931
3.6498,52.96,4.3166
3.6498,57.04,4.5199
3.6498,61.12,4.7731
3.6498,65.2,5.0318
3.6498,69.28,5.2753
3.6498,73.36,5.4557
3.6498,77.44,5.6107
3.6498,81.52,5.7665
3.6498,85.6,5.9582
3.6498,89.68,6.2062
3.6498,93.76,6.4714
3.6498,97.84,6.7987
3.6498,101.92,7.0232
3.6498,106,7.2801
3.6498,110.08,7.496
3.6498,114.16,7.6637
3.6498,118.24,7.8335
3.6498,122.32,8.0286
3.6498,126.4,8.1754
3.6498,130.48,8.3032
3.6498,134.56,8.4277
3.6498,138.64,8.566
3.6498,142.72,8.6844
3.6498,146.8,8.8053
3.6498,150.88,8.9311
3.6498,154.96,9.0613
3.6498,159.04,9.1945
3.6498,163.12,9.3296
3.6498,167.2,9.4656
3.6498,171.28,9.6019
3.6498,175.36,9.738
3.6498,179.44,9.8737
3.6498,183.52,10.009
3.6498,187.6,10.143
3.6498,191.68,10.277
3.6498,195.76,10.411
3.6498,199.84,10.544
3.6498,203.92,10.677
3.6498,208,10.809
3.8032,4,-2.767
3.8032,8.08,-1.4524
3.8032,12.16,-0.19872
3.8032,16.24,0.79637
3.8032,20.32,1.4733
3.8032,24.4,2.0567
3.8032,28.48,2.5151
3.8032,32.56,2.862
3.8032,36.64,3.1717
3.8032,40.72,3.3961
3.8032,44.8,3.6275
3.8032,48.88,3.8898
3.8032,52.96,4.1154
3.8032,57.04,4.322
3.8032,61.12,4.5753
3.8032,65.2,4.8337
3.8032,69.28,5.0773
3.8032,73.36,5.257
3.8032,77.44,5.4116
3.8032,81.52,5.5669
3.8032,85.6,5.7572
3.8032,89.68,6.0019
3.8032,93.76,6.2632
3.8032,97.84,6.584
3.8032,101.92,6.8064
3.8032,106,7.0594
3.8032,110.08,7.2733
3.8032,114.16,7.4413
3.8032,118.24,7.6111
3.8032,122.32,7.8053
3.8032,126.4,7.9528
3.8032,130.48,8.0817
3.8032,134.56,8.2071
3.8032,138.64,8.3459
3.8032,142.72,8.4653
3.8032,146.8,8.5869
3.8032,150.88,8.7132
3.8032,154.96,8.8438
3.8032,159.04,8.9774
3.8032,163.12,9.1127
3.8032,167.2,9.249
3.8032,171.28,9.3855
3.8032,175.36,9.5218
3.8032,179.44,9.6576
3.8032,183.52,9.7929
3.8032,187.6,9.9275
3.8032,191.68,10.062
3.8032,195.76,10.195
3.8032,199.84,10.329
3.8032,203.92,10.462
3.8032,208,10.594
3.9565,4,-3.077
3.9565,8.08,-1.752
3.9565,12.16,-0.47799
3.9565,16.24,0.55091
3.9565,20.32,1.2331
3.9565,24.4,1.8265
3.9565,28.48,2.2953
3.9565,32.56,2.6479
3.9565,36.64,2.9622
3.9565,40.72,3.1907
3.9565,44.8,3.4243
3.9565,48.88,3.6864
3.9565,52.96,3.9142
3.9565,57.04,4.1241
3.9565,61.12,4.3775
3.9565,65.2,4.6356
3.9565,69.28,4.8793
3.9565,73.36,5.0583
3.9565,77.44,5.2126
3.9565,81.52,5.3674
3.9565,85.6,5.5562
3.9565,89.68,5.7976
3.9565,93.76,6.055
3.9565,97.84,6.3694
3.9565,101.92,6.5895
3.9565,106,6.8387
3.9565,110.08,7.0507
3.9565,114.16,7.2188
3.9565,118.24,7.3887
3.9565,122.32,7.582
3.9565,126.4,7.7302
3.9565,130.48,7.8602
3.9565,134.56,7.9866
3.9565,138.64,8.1258
3.9565,142.72,8.2461
3.9565,146.8,8.3684
3.9565,150.88,8.4953
3.9565,154.96,8.6263
3.9565,159.04,8.7603
3.9565,163.12,8.8959
3.9565,167.2,9.0324
3.9565,171.28,9.1691
3.9565,175.36,9.3056
3.9565,179.44,9.4416
3.9565,183.52,9.577
3.9565,187.6,9.7118
3.9565,191.68,9.846
3.9565,195.76,9.9798
3.9565,199.84,10.113
3.9565,203.92,10.246
3.9565,208,10.379
4.1099,4,-3.387
4.1099,8.08,-2.0517
4.1099,12.16,-0.75703
4.1099,16.24,0.30549
4.1099,20.32,0.993
4.1099,24.4,1.5963
4.1099,28.48,2.0756
4.1099,32.56,2.4336
4.1099,36.64,2.7526
4.1099,40.72,2.9854
4.1099,44.8,3.221
4.1099,48.88,3.483
4.1099,52.96,3.713
4.1099,57.04,3.9262
4.1099,61.12,4.1797
4.1099,65.2,4.4376
4.1099,69.28,4.6813
4.1099,73.36,4.8596
4.1099,77.44,5.0135
4.1099,81.52,5.1679
4.1099,85.6,5.3552
4.1099,89.68,5.5934
4.1099,93.76,5.8468
4.1099,97.84,6.1547
4.1099,101.92,6.3727
4.1099,106,6.6181
4.1099,110.08,6.8281
4.1099,114.16,6.9964
4.1099,118.24,7.1663
4.1099,122.32,7.3588
4.1099,126.4,7.5077
4.1099,130.48,7.6386
4.1099,134.56,7.7661
4.1099,138.64,7.9057
4.1099,142.72,8.0269
4.1099,146.8,8.15
4.1099,150.88,8.2774
4.1099,154.96,8.4089
4.1099,159.04,8.5431
4.1099,163.12,8.679
4.1099,167.2,8.8157
4.1099,171.28,8.9527
4.1099,175.36,9.0894
4.1099,179.44,9.2256
4.1099,183.52,9.3611
4.1099,187.6,9.4961
4.1099,191.68,9.6305
4.1099,195.76,9.7644
4.1099,199.84,9.898
4.1099,203.92,10.031
4.1099,208,10.164
4.2632,4,-3.6972
4.2632,8.08,-2.3516
4.2632,12.16,-1.0358
4.2632,16.24,0.060093
4.2632,20.32,0.75289
4.2632,24.4,1.3661
4.2632,28.48,1.8559
4.2632,32.56,2.2194
4.2632,36.64,2.5431
4.2632,40.72,2.7801
4.2632,44.8,3.0178
4.2632,48.88,3.2797
4.2632,52.96,3.5119
4.2632,57.04,3.7284
4.2632,61.12,3.9819
4.2632,65.2,4.2395
4.2632,69.28,4.4833
4.2632,73.36,4.6609
4.2632,77.44,4.8144
4.2632,81.52,4.9684
4.2632,85.6,5.1542
4.2632,89.68,5.3891
4.2632,93.76,5.6386
4.2632,97.84,5.94
4.2632,101.92,6.1559
4.2632,106,6.3975
4.2632,110.08,6.6056
4.2632,114.16,6.7741
4.2632,118.24,6.944
4.2632,122.32,7.1356
4.2632,126.4,7.2851
4.2632,130.48,7.4171
4.2632,134.56,7.5456
4.2632,138.64,7.6856
4.2632,142.72,7.8077
4.2632,146.8,7.9315
4.2632,150.88,8.0596
4.2632,154.96,8.1914
4.2632,159.04,8.326
4.2632,163.12,8.4622
4.2632,167.2,8.5991
4.2632,171.28,8.7362
4.2632,175.36,8.8731
4.2632,179.44,9.0095
4.2632,183.52,9.1452
4.2632,187.6,9.2803
4.2632,191.68,9.4149
4.2632,195.76,9.549
4.2632,199.84,9.6827
4.2632,203.92,9.8161
4.2632,208,9.9493
4.4165,4,-4.0075
4.4165,8.08,-2.6516
4.4165,12.16,-1.3144
4.4165,16.24,-0.18529
4.4165,20.32,0.51282
4.4165,24.4,1.1361
4.4165,28.48,1.6363
4.4165,32.56,2.0051
4.4165,36.64,2.3335
4.4165,40.72,2.5749
4.4165,44.8,2.8146
4.4165,48.88,3.0763
4.4165,52.96,3.3108
4.4165,57.04,3.5305
4.4165,61.12,3.7841
4.4165,65.2,4.0414
4.4165,69.28,4.2853
4.4165,73.36,4.4623
4.4165,77.44,4.6153
4.4165,81.52,4.7689
4.4165,85.6,4.9533
4.4165,89.68,5.1849
4.4165,93.76,5.4304
4.4165,97.84,5.7253
4.4165,101.92,5.9391
4.4165,106,6.177
4.4165,110.08,6.3831
4.4165,114.16,6.5517
4.4165,118.24,6.7217
4.4165,122.32,6.9123
4.4165,126.4,7.0625
4.4165,130.48,7.1956
4.4165,134.56,7.3251
4.4165,138.64,7.4655
4.4165,142.72,7.5885
4.4165,146.8,7.7131
4.4165,150.88,7.8417
4.4165,154.96,7.974
4.4165,159.04,8.1089
4.4165,163.12,8.2454
4.4165,167.2,8.3825
4.4165,171.28,8.5198
4.4165,175.36,8.6569
4.4165,179.44,8.7935
4.4165,183.52,8.9293
4.4165,187.6,9.0646
4.4165,191.68,9.1993
4.4165,195.76,9.3336
4.4165,199.84,9.4674
4.4165,203.92,9.601
4.4165,208,9.7343
4.5699,4,-4.318
4.5699,8.08,-2.9517
4.5699,12.16,-1.5928
4.5699,16.24,-0.43067
4.5699,20.32,0.27277
4.5699,24.4,0.90605
4.5699,28.48,1.4167
4.5699,32.56,1.7908
4.5699,36.64,2.124
4.5699,40.72,2.3696
4.5699,44.8,2.6113
4.5699,48.88,2.873
4.5699,52.96,3.1098
4.5699,57.04,3.3328
4.5699,61.12,3.5864
4.5699,65.2,3.8434
4.5699,69.28,4.0874
4.5699,73.36,4.2636
4.5699,77.44,4.4163
4.5699,81.52,4.5695
4.5699,85.6,4.7523
4.5699,89.68,4.9806
4.5699,93.76,5.2223
4.5699,97.84,5.5105
4.5699,101.92,5.7223
4.5699,106,5.9564
4.5699,110.08,6.1607
4.5699,114.16,6.3295
4.5699,118.24,6.4994
4.5699,122.32,6.6891
4.5699,126.4,6.84
4.5699,130.48,6.9741
4.5699,134.56,7.1046
4.5699,138.64,7.2454
4.5699,142.72,7.3693
4.5699,146.8,7.4947
4.5699,150.88,7.6238
4.5699,154.96,7.7566
4.5699,159.04,7.8918
4.5699,163.12,8.0285
4.5699,167.2,8.1659
4.5699,171.28,8.3034
4.5699,175.36,8.4407
4.5699,179.44,8.5774
4.5699,183.52,8.7135
4.5699,187.6,8.8489
4.5699,191.68,8.9838
4.5699,195.76,9.1182
4.5699,199.84,9.2522
4.5699,203.92,9.3858
4.5699,208,9.5192
4.7232,4,-4.6286
4.7232,8.08,-3.2519
4.7232,12.16,-1.871
4.7232,16.24,-0.67605
4.7232,20.32,0.032761
4.7232,24.4,0.67611
4.7232,28.48,1.1972
4.7232,32.56,1.5764
4.7232,36.64,1.9145
4.7232,40.72,2.1644
4.7232,44.8,2.4081
4.7232,48.88,2.6696
4.7232,52.96,2.9088
4.7232,57.04,3.135
4.7232,61.12,3.3886
4.7232,65.2,3.6454
4.7232,69.28,3.8894
4.7232,73.36,4.0649
4.7232,77.44,4.2172
4.7232,81.52,4.37
4.7232,85.6,4.5513
4.7232,89.68,4.7764
4.7232,93.76,5.0141
4.7232,97.84,5.2958
4.7232,101.92,5.5056
4.7232,106,5.736
4.7232,110.08,5.9383
4.7232,114.16,6.1072
4.7232,118.24,6.2771
4.7232,122.32,6.466
4.7232,126.4,6.6175
4.7232,130.48,6.7526
4.7232,134.56,6.8841
4.7232,138.64,7.0254
4.7232,142.72,7.1502
4.7232,146.8,7.2762
4.7232,150.88,7.4059
4.7232,154.96,7.5391
4.7232,159.04,7.6747
4.7232,163.12,7.8117
4.7232,167.2,7.9493
4.7232,171.28,8.087
4.7232,175.36,8.2245
4.7232,179.44,8.3614
4.7232,183.52,8.4976
4.7232,187.6,8.6332
4.7232,191.68,8.7682
4.7232,195.76,8.9027
4.7232,199.84,9.0369
4.7232,203.92,9.1707
4.7232,208,9.3042
4.8766,4,-4.9393
4.8766,8.08,-3.5524
4.8766,12.16,-2.149
4.8766,16.24,-0.92144
4.8766,20.32,-0.20721
4.8766,24.4,0.44625
4.8766,28.48,0.97769
4.8766,32.56,1.362
4.8766,36.64,1.705
4.8766,40.72,1.9592
4.8766,44.8,2.2049
4.8766,48.88,2.4663
4.8766,52.96,2.7078
4.8766,57.04,2.9372
4.8766,61.12,3.1909
4.8766,65.2,3.4473
4.8766,69.28,3.6915
4.8766,73.36,3.8663
4.8766,77.44,4.0181
4.8766,81.52,4.1706
4.8766,85.6,4.3504
4.8766,89.68,4.5722
4.8766,93.76,4.806
4.8766,97.84,5.0812
4.8766,101.92,5.2889
4.8766,106,5.5155
4.8766,110.08,5.7159
4.8766,114.16,5.885
4.8766,118.24,6.0549
4.8766,122.32,6.2428
4.8766,126.4,6.3949
4.8766,130.48,6.5311
4.8766,134.56,6.6636
4.8766,138.64,6.8053
4.8766,142.72,6.931
4.8766,146.8,7.0578
4.8766,150.88,7.1881
4.8766,154.96,7.3217
4.8766,159.04,7.4576
4.8766,163.12,7.5948
4.8766,167.2,7.7327
4.8766,171.28,7.8706
4.8766,175.36,8.0082
4.8766,179.44,8.1453
4.8766,183.52,8.2817
4.8766,187.6,8.4174
4.8766,191.68,8.5526
4.8766,195.76,8.6873
4.8766,199.84,8.8216
4.8766,203.92,8.9555
4.8766,208,9.0892
5.0299,4,-5.2502
5.0299,8.08,-3.853
5.0299,12.16,-2.4268
5.0299,16.24,-1.1668
5.0299,20.32,-0.44712
5.0299,24.4,0.21645
5.0299,28.48,0.75828
5.0299,32.56,1.1476
5.0299,36.64,1.4955
5.0299,40.72,1.754
5.0299,44.8,2.0018
5.0299,48.88,2.2629
5.0299,52.96,2.5068
5.0299,57.04,2.7395
5.0299,61.12,2.9932
5.0299,65.2,3.2493
5.0299,69.28,3.4935
5.0299,73.36,3.6676
5.0299,77.44,3.8191
5.0299,81.52,3.9711
5.0299,85.6,4.1494
5.0299,89.68,4.368
5.0299,93.76,4.5978
5.0299,97.84,4.8665
5.0299,101.92,5.0721
5.0299,106,5.2951
5.0299,110.08,5.4936
5.0299,114.16,5.6628
5.0299,118.24,5.8327
5.0299,122.32,6.0196
5.0299,126.4,6.1724
5.0299,130.48,6.3096
5.0299,134.56,6.4431
5.0299,138.64,6.5852
5.0299,142.72,6.7119
5.0299,146.8,6.8394
5.0299,150.88,6.9702
5.0299,154.96,7.1042
5.0299,159.04,7.2405
5.0299,163.12,7.378
5.0299,167.2,7.5161
5.0299,171.28,7.6542
5.0299,175.36,7.792
5.0299,179.44,7.9293
5.0299,183.52,8.0658
5.0299,187.6,8.2017
5.0299,191.68,8.337
5.0299,195.76,8.4719
5.0299,199.84,8.6063
5.0299,203.92,8.7404
5.0299,208,8.8742
5.1832,4,-5.5613
5.1832,8.08,-4.1537
5.1832,12.16,-2.7044
5.1832,16.24,-1.4122
5.1832,20.32,-0.68698
5.1832,24.4,-0.013261
5.1832,28.48,0.53894
5.1832,32.56,0.93314
5.1832,36.64,1.286
5.1832,40.72,1.5489
5.1832,44.8,1.7986
5.1832,48.88,2.0596
5.1832,52.96,2.3059
5.1832,57.04,2.5418
5.1832,61.12,2.7955
5.1832,65.2,3.0513
5.1832,69.28,3.2956
5.1832,73.36,3.4689
5.1832,77.44,3.6201
5.1832,81.52,3.7717
5.1832,85.6,3.9485
5.1832,89.68,4.1638
5.1832,93.76,4.3897
5.1832,97.84,4.6519
5.1832,101.92,4.8554
5.1832,106,5.0747
5.1832,110.08,5.2713
5.1832,114.16,5.4406
5.1832,118.24,5.6105
5.1832,122.32,5.7965
5.1832,126.4,5.9499
5.1832,130.48,6.0882
5.1832,134.56,6.2226
5.1832,138.64,6.3652
5.1832,142.72,6.4927
5.1832,146.8,6.621
5.1832,150.88,6.7523
5.1832,154.96,6.8868
5.1832,159.04,7.0234
5.1832,163.12,7.1612
5.1832,167.2,7.2995
5.1832,171.28,7.4378
5.1832,175.36,7.5758
5.1832,179.44,7.7132
5.1832,183.52,7.8499
5.1832,187.6,7.986
5.1832,191.68,8.1215
5.1832,195.76,8.2565
5.1832,199.84,8.391
5.1832,203.92,8.5252
5.1832,208,8.6592
5.3366,4,-5.8725
5.3366,8.08,-4.4546
5.3366,12.16,-2.9818
5.3366,16.24,-1.6574
5.3366,20.32,-0.92677
5.3366,24.4,-0.2429
5.3366,28.48,0.31966
5.3366,32.56,0.71868
5.3366,36.64,1.0765
5.3366,40.72,1.3437
5.3366,44.8,1.5954
5.3366,48.88,1.8563
5.3366,52.96,2.105
5.3366,57.04,2.3442
5.3366,61.12,2.5979
5.3366,65.2,2.8533
5.3366,69.28,3.0977
5.3366,73.36,3.2703
5.3366,77.44,3.421
5.3366,81.52,3.5723
5.3366,85.6,3.7476
5.3366,89.68,3.9596
5.3366,93.76,4.1816
5.3366,97.84,4.4373
5.3366,101.92,4.6388
5.3366,106,4.8544
5.3366,110.08,5.049
5.3366,114.16,5.2185
5.3366,118.24,5.3884
5.3366,122.32,5.5734
5.3366,126.4,5.7274
5.3366,130.48,5.8667
5.3366,134.56,6.0021
5.3366,138.64,6.1452
5.3366,142.72,6.2736
5.3366,146.8,6.4025
5.3366,150.88,6.5345
5.3366,154.96,6.6694
5.3366,159.04,6.8063
5.3366,163.12,6.9443
5.3366,167.2,7.0828
5.3366,171.28,7.2214
5.3366,175.36,7.3596
5.3366,179.44,7.4971
5.3366,183.52,7.634
5.3366,187.6,7.7703
5.3366,191.68,7.9059
5.3366,195.76,8.041
5.3366,199.84,8.1757
5.3366,203.92,8.3101
5.3366,208,8.4442
5.4899,4,-6.1839
5.4899,8.08,-4.7557
5.4899,12.16,-3.2591
5.4899,16.24,-1.9025
5.4899,20.32,-1.1665
5.4899,24.4,-0.47245
5.4899,28.48,0.10046
5.4899,32.56,0.50426
5.4899,36.64,0.867
5.4899,40.72,1.1386
5.4899,44.8,1.3923
5.4899,48.88,1.653
5.4899,52.96,1.9042
5.4899,57.04,2.1465
5.4899,61.12,2.4002
5.4899,65.2,2.6553
5.4899,69.28,2.8998
5.4899,73.36,3.0716
5.4899,77.44,3.222
5.4899,81.52,3.3729
5.4899,85.6,3.5466
5.4899,89.68,3.7554
5.4899,93.76,3.9735
5.4899,97.84,4.2227
5.4899,101.92,4.4221
5.4899,106,4.6341
5.4899,110.08,4.8268
5.4899,114.16,4.9964
5.4899,118.24,5.1663
5.4899,122.32,5.3503
5.4899,126.4,5.505
5.4899,130.48,5.6452
5.4899,134.56,5.7816
5.4899,138.64,5.9251
5.4899,142.72,6.0544
5.4899,146.8,6.1841
5.4899,150.88,6.3166
5.4899,154.96,6.4519
5.4899,159.04,6.5892
5.4899,163.12,6.7275
5.4899,167.2,6.8662
5.4899,171.28,7.005
5.4899,175.36,7.1433
5.4899,179.44,7.2811
5.4899,183.52,7.4182
5.4899,187.6,7.5545
5.4899,191.68,7.6903
5.4899,195.76,7.8256
5.4899,199.84,7.9605
5.4899,203.92,8.0949
5.4899,208,8.2291
5.6433,4,-6.4955
5.6433,8.08,-5.0569
5.6433,12.16,-3.5362
5.6433,16.24,-2.1477
5.6433,20.32,-1.4061
5.6433,24.4,-0.70192
5.6433,28.48,-0.11866
5.6433,32.56,0.28997
5.6433,36.64,0.65752
5.6433,40.72,0.93352
5.6433,44.8,1.1891
5.6433,48.88,1.4496
5.6433,52.96,1.7034
5.6433,57.04,1.9489
5.6433,61.12,2.2026
5.6433,65.2,2.4573
5.6433,69.28,2.7018
5.6433,73.36,2.873
5.6433,77.44,3.0229
5.6433,81.52,3.1735
5.6433,85.6,3.3457
5.6433,89.68,3.5512
5.6433,93.76,3.7654
5.6433,97.84,4.0081
5.6433,101.92,4.2054
5.6433,106,4.4138
5.6433,110.08,4.6047
5.6433,114.16,4.7743
5.6433,118.24,4.9442
5.6433,122.32,5.1272
5.6433,126.4,5.2825
5.6433,130.48,5.4238
5.6433,134.56,5.5612
5.6433,138.64,5.7051
5.6433,142.72,5.8353
5.6433,146.8,5.9657
5.6433,150.88,6.0988
5.6433,154.96,6.2345
5.6433,159.04,6.3721
5.6433,163.12,6.5106
5.6433,167.2,6.6496
5.6433,171.28,6.7886
5.6433,175.36,6.9271
5.6433,179.44,7.065
5.6433,183.52,7.2023
5.6433,187.6,7.3388
5.6433,191.68,7.4748
5.6433,195.76,7.6102
5.6433,199.84,7.7452
5.6433,203.92,7.8798
5.6433,208,8.0141
5.7966,4,-6.8072
5.7966,8.08,-5.3584
5.7966,12.16,-3.8131
5.7966,16.24,-2.3929
5.7966,20.32,-1.6456
5.7966,24.4,-0.9313
5.7966,28.48,-0.3377
5.7966,32.56,0.075687
5.7966,36.64,0.44804
5.7966,40.72,0.72843
5.7966,44.8,0.98599
5.7966,48.88,1.2463
5.7966,52.96,1.5026
5.7966,57.04,1.7513
5.7966,61.12,2.0049
5.7966,65.2,2.2593
5.7966,69.28,2.5039
5.7966,73.36,2.6743
5.7966,77.44,2.8239
5.7966,81.52,2.9742
5.7966,85.6,3.1448
5.7966,89.68,3.347
5.7966,93.76,3.5573
5.7966,97.84,3.7936
5.7966,101.92,3.9888
5.7966,106,4.1936
5.7966,110.08,4.3825
5.7966,114.16,4.5523
5.7966,118.24,4.7221
5.7966,122.32,4.9041
5.7966,126.4,5.06
5.7966,130.48,5.2023
5.7966,134.56,5.3407
5.7966,138.64,5.4851
5.7966,142.72,5.6161
5.7966,146.8,5.7473
5.7966,150.88,5.8809
5.7966,154.96,6.0171
5.7966,159.04,6.155
5.7966,163.12,6.2938
5.7966,167.2,6.433
5.7966,171.28,6.5721
5.7966,175.36,6.7109
5.7966,179.44,6.849
5.7966,183.52,6.9864
5.7966,187.6,7.1231
5.7966,191.68,7.2592
5.7966,195.76,7.3948
5.7966,199.84,7.5299
5.7966,203.92,7.6646
5.7966,208,7.7991
5.95,4,-7.1191
5.95,8.08,-5.6599
5.95,12.16,-4.09
5.95,16.24,-2.6381
5.95,20.32,-1.8851
5.95,24.4,-1.1606
5.95,28.48,-0.55666
5.95,32.56,-0.13858
5.95,36.64,0.23856
5.95,40.72,0.52336
5.95,44.8,0.78287
5.95,48.88,1.043
5.95,52.96,1.3019
5.95,57.04,1.5538
5.95,61.12,1.8073
5.95,65.2,2.0614
5.95,69.28,2.306
5.95,73.36,2.4757
5.95,77.44,2.6249
5.95,81.52,2.7748
5.95,85.6,2.9439
5.95,89.68,3.1428
5.95,93.76,3.3492
5.95,97.84,3.5791
5.95,101.92,3.7722
5.95,106,3.9733
5.95,110.08,4.1604
5.95,114.16,4.3303
5.95,118.24,4.5001
5.95,122.32,4.681
5.95,126.4,4.8376
5.95,130.48,4.9809
5.95,134.56,5.1202
5.95,138.64,5.265
5.95,142.72,5.397
5.95,146.8,5.5289
5.95,150.88,5.6631
5.95,154.96,5.7996
5.95,159.04,5.9379
5.95,163.12,6.077
5.95,167.2,6.2164
5.95,171.28,6.3557
5.95,175.36,6.4947
5.95,179.44,6.6329
5.95,183.52,6.7705
5.95,187.6,6.9074
5.95,191.68,7.0436
5.95,195.76,7.1793
5.95,199.84,7.3146
5.95,203.92,7.4495
5.95,208,7.5841
6.1033,4,-7.4313
6.1033,8.08,-5.9617
6.1033,12.16,-4.3666
6.1033,16.24,-2.8832
6.1033,20.32,-2.1244
6.1033,24.4,-1.3898
6.1033,28.48,-0.77554
6.1033,32.56,-0.35283
6.1033,36.64,0.029083
6.1033,40.72,0.31829
6.1033,44.8,0.57977
6.1033,48.88,0.83976
6.1033,52.96,1.1012
6.1033,57.04,1.3562
6.1033,61.12,1.6097
6.1033,65.2,1.8634
6.1033,69.28,2.1081
6.1033,73.36,2.277
6.1033,77.44,2.4259
6.1033,81.52,2.5754
6.1033,85.6,2.743
6.1033,89.68,2.9387
6.1033,93.76,3.1411
6.1033,97.84,3.3646
6.1033,101.92,3.5556
6.1033,106,3.7532
6.1033,110.08,3.9384
6.1033,114.16,4.1083
6.1033,118.24,4.2781
6.1033,122.32,4.458
6.1033,126.4,4.6152
6.1033,130.48,4.7595
6.1033,134.56,4.8998
6.1033,138.64,5.045
6.1033,142.72,5.1779
6.1033,146.8,5.3105
6.1033,150.88,5.4452
6.1033,154.96,5.5822
6.1033,159.04,5.7208
6.1033,163.12,5.8601
6.1033,167.2,5.9998
6.1033,171.28,6.1393
6.1033,175.36,6.2784
6.1033,179.44,6.4169
6.1033,183.52,6.5546
6.1033,187.6,6.6916
6.1033,191.68,6.828
6.1033,195.76,6.9639
6.1033,199.84,7.0993
6.1033,203.92,7.2344
6.1033,208,7.3691
6.2566,4,-7.7436
6.2566,8.08,-6.2636
6.2566,12.16,-4.6432
6.2566,16.24,-3.1284
6.2566,20.32,-2.3636
6.2566,24.4,-1.6189
6.2566,28.48,-0.99432
6.2566,32.56,-0.56706
6.2566,36.64,-0.18039
6.2566,40.72,0.11324
6.2566,44.8,0.37668
6.2566,48.88,0.6365
6.2566,52.96,0.9006
6.2566,57.04,1.1587
6.2566,61.12,1.4121
6.2566,65.2,1.6654
6.2566,69.28,1.9103
6.2566,73.36,2.0784
6.2566,77.44,2.2269
6.2566,81.52,2.3761
6.2566,85.6,2.542
6.2566,89.68,2.7345
6.2566,93.76,2.933
6.2566,97.84,3.1501
6.2566,101.92,3.339
6.2566,106,3.533
6.2566,110.08,3.7163
6.2566,114.16,3.8863
6.2566,118.24,4.0561
6.2566,122.32,4.2349
6.2566,126.4,4.3927
6.2566,130.48,4.5381
6.2566,134.56,4.6793
6.2566,138.64,4.825
6.2566,142.72,4.9588
6.2566,146.8,5.0921
6.2566,150.88,5.2274
6.2566,154.96,5.3648
6.2566,159.04,5.5037
6.2566,163.12,5.6433
6.2566,167.2,5.7832
6.2566,171.28,5.9229
6.2566,175.36,6.0622
6.2566,179.44,6.2008
6.2566,183.52,6.3387
6.2566,187.6,6.4759
6.2566,191.68,6.6125
6.2566,195.76,6.7485
6.2566,199.84,6.884
6.2566,203.92,7.0192
6.2566,208,7.1541
6.41,4,-8.056
6.41,8.08,-6.5657
6.41,12.16,-4.9197
6.41,16.24,-3.3736
6.41,20.32,-2.6027
6.41,24.4,-1.8479
6.41,28.48,-1.213
6.41,32.56,-0.78126
6.41,36.64,-0.38986
6.41,40.72,-0.091813
6.41,44.8,0.1736
6.41,48.88,0.43325
6.41,52.96,0.70001
6.41,57.04,0.96123
6.41,61.12,1.2146
6.41,65.2,1.4675
6.41,69.28,1.7124
6.41,73.36,1.8798
6.41,77.44,2.0278
6.41,81.52,2.1767
6.41,85.6,2.3411
6.41,89.68,2.5304
6.41,93.76,2.7249
6.41,97.84,2.9356
6.41,101.92,3.1224
6.41,106,3.3129
6.41,110.08,3.4943
6.41,114.16,3.6644
6.41,118.24,3.8341
6.41,122.32,4.0119
6.41,126.4,4.1703
6.41,130.48,4.3167
6.41,134.56,4.4589
6.41,138.64,4.605
6.41,142.72,4.7396
6.41,146.8,4.8737
6.41,150.88,5.0096
6.41,154.96,5.1474
6.41,159.04,5.2866
6.41,163.12,5.4265
6.41,167.2,5.5666
6.41,171.28,5.7065
6.41,175.36,5.846
6.41,179.44,5.9848
6.41,183.52,6.1228
6.41,187.6,6.2602
6.41,191.68,6.3969
6.41,195.76,6.5331
6.41,199.84,6.6688
6.41,203.92,6.8041
6.41,208,6.939
6.5633,4,-8.3687
6.5633,8.08,-6.8679
6.5633,12.16,-5.196
6.5633,16.24,-3.6187
6.5633,20.32,-2.8417
6.5633,24.4,-2.0768
6.5633,28.48,-1.4316
6.5633,32.56,-0.99543
6.5633,36.64,-0.59932
6.5633,40.72,-0.29685
6.5633,44.8,-0.029457
6.5633,48.88,0.23002
6.5633,52.96,0.49946
6.5633,57.04,0.76377
6.5633,61.12,1.017
6.5633,65.2,1.2695
6.5633,69.28,1.5145
6.5633,73.36,1.6811
6.5633,77.44,1.8288
6.5633,81.52,1.9774
6.5633,85.6,2.1402
6.5633,89.68,2.3262
6.5633,93.76,2.5168
6.5633,97.84,2.7212
6.5633,101.92,2.9058
6.5633,106,3.0928
6.5633,110.08,3.2724
6.5633,114.16,3.4425
6.5633,118.24,3.6122
6.5633,122.32,3.7889
6.5633,126.4,3.9479
6.5633,130.48,4.0953
6.5633,134.56,4.2384
6.5633,138.64,4.385
6.5633,142.72,4.5205
6.5633,146.8,4.6553
6.5633,150.88,4.7917
6.5633,154.96,4.93
6.5633,159.04,5.0695
6.5633,163.12,5.2096
6.5633,167.2,5.35
6.5633,171.28,5.4901
6.5633,175.36,5.6297
6.5633,179.44,5.7687
6.5633,183.52,5.9069
6.5633,187.6,6.0444
6.5633,191.68,6.1813
6.5633,195.76,6.3176
6.5633,199.84,6.4535
6.5633,203.92,6.5889
6.5633,208,6.724
6.7167,4,-8.6816
6.7167,8.08,-7.1703
6.7167,12.16,-5.4723
6.7167,16.24,-3.8639
6.7167,20.32,-3.0806
6.7167,24.4,-2.3057
6.7167,28.48,-1.6501
6.7167,32.56,-1.2096
6.7167,36.64,-0.80878
6.7167,40.72,-0.50189
6.7167,44.8,-0.2325
6.7167,48.88,0.02682
6.7167,52.96,0.29895
6.7167,57.04,0.56633
6.7167,61.12,0.81947
6.7167,65.2,1.0716
6.7167,69.28,1.3167
6.7167,73.36,1.4825
6.7167,77.44,1.6298
6.7167,81.52,1.778
6.7167,85.6,1.9393
6.7167,89.68,2.1221
6.7167,93.76,2.3087
6.7167,97.84,2.5067
6.7167,101.92,2.6893
6.7167,106,2.8727
6.7167,110.08,3.0504
6.7167,114.16,3.2207
6.7167,118.24,3.3902
6.7167,122.32,3.5659
6.7167,126.4,3.7255
6.7167,130.48,3.8739
6.7167,134.56,4.018
6.7167,138.64,4.1651
6.7167,142.72,4.3014
6.7167,146.8,4.437
6.7167,150.88,4.5739
6.7167,154.96,4.7125
6.7167,159.04,4.8524
6.7167,163.12,4.9928
6.7167,167.2,5.1334
6.7167,171.28,5.2737
6.7167,175.36,5.4135
6.7167,179.44,5.5527
6.7167,183.52,5.6911
6.7167,187.6,5.8287
6.7167,191.68,5.9657
6.7167,195.76,6.1022
6.7167,199.84,6.2382
6.7167,203.92,6.3738
6.7167,208,6.509
6.87,4,-8.9946
6.87,8.08,-7.4728
6.87,12.16,-5.7484
6.87,16.24,-4.109
6.87,20.32,-3.3194
6.87,24.4,-2.5344
6.87,28.48,-1.8685
6.87,32.56,-1.4237
6.87,36.64,-1.0182
6.87,40.72,-0.70692
6.87,44.8,-0.43553
6.87,48.88,-0.17636
6.87,52.96,0.098488
6.87,57.04,0.36892
6.87,61.12,0.62194
6.87,65.2,0.87368
6.87,69.28,1.1188
6.87,73.36,1.2839
6.87,77.44,1.4308
6.87,81.52,1.5787
6.87,85.6,1.7384
6.87,89.68,1.9179
6.87,93.76,2.1006
6.87,97.84,2.2923
6.87,101.92,2.4727
6.87,106,2.6526
6.87,110.08,2.8285
6.87,114.16,2.9988
6.87,118.24,3.1683
6.87,122.32,3.3429
6.87,126.4,3.5031
6.87,130.48,3.6525
6.87,134.56,3.7975
6.87,138.64,3.9451
6.87,142.72,4.0823
6.87,146.8,4.2186
6.87,150.88,4.3561
6.87,154.96,4.4951
6.87,159.04,4.6353
6.87,163.12,4.776
6.87,167.2,4.9168
6.87,171.28,5.0573
6.87,175.36,5.1973
6.87,179.44,5.3366
6.87,183.52,5.4752
6.87,187.6,5.613
6.87,191.68,5.7502
6.87,195.76,5.8868
6.87,199.84,6.0229
6.87,203.92,6.1586
6.87,208,6.294
7.0233,4,-9.3079
7.0233,8.08,-7.7754
7.0233,12.16,-6.0245
7.0233,16.24,-4.3541
7.0233,20.32,-3.558
7.0233,24.4,-2.763
7.0233,28.48,-2.0868
7.0233,32.56,-1.6377
7.0233,36.64,-1.2277
7.0233,40.72,-0.91195
7.0233,44.8,-0.63854
7.0233,48.88,-0.37952
7.0233,52.96,-0.10193
7.0233,57.04,0.17153
7.0233,61.12,0.42443
7.0233,65.2,0.67576
7.0233,69.28,0.92096
7.0233,73.36,1.0853
7.0233,77.44,1.2318
7.0233,81.52,1.3793
7.0233,85.6,1.5375
7.0233,89.68,1.7138
7.0233,93.76,1.8926
7.0233,97.84,2.0779
7.0233,101.92,2.2562
7.0233,106,2.4326
7.0233,110.08,2.6067
7.0233,114.16,2.777
7.0233,118.24,2.9464
7.0233,122.32,3.1199
7.0233,126.4,3.2808
7.0233,130.48,3.4311
7.0233,134.56,3.5771
7.0233,138.64,3.7251
7.0233,142.72,3.8632
7.0233,146.8,4.0002
7.0233,150.88,4.1382
7.0233,154.96,4.2777
7.0233,159.04,4.4182
7.0233,163.12,4.5592
7.0233,167.2,4.7002
7.0233,171.28,4.8409
7.0233,175.36,4.9811
7.0233,179.44,5.1206
7.0233,183.52,5.2593
7.0233,187.6,5.3973
7.0233,191.68,5.5346
7.0233,195.76,5.6714
7.0233,199.84,5.8076
7.0233,203.92,5.9435
7.0233,208,6.079
7.1767,4,-9.6213
7.1767,8.08,-8.0783
7.1767,12.16,-6.3005
7.1767,16.24,-4.5992
7.1767,20.32,-3.7965
7.1767,24.4,-2.9915
7.1767,28.48,-2.3049
7.1767,32.56,-1.8517
7.1767,36.64,-1.4371
7.1767,40.72,-1.117
7.1767,44.8,-0.84154
7.1767,48.88,-0.58265
7.1767,52.96,-0.3023
7.1767,57.04,-0.025832
7.1767,61.12,0.22693
7.1767,65.2,0.47785
7.1767,69.28,0.72312
7.1767,73.36,0.88665
7.1767,77.44,1.0328
7.1767,81.52,1.18
7.1767,85.6,1.3365
7.1767,89.68,1.5096
7.1767,93.76,1.6845
7.1767,97.84,1.8636
7.1767,101.92,2.0396
7.1767,106,2.2126
7.1767,110.08,2.3849
7.1767,114.16,2.5552
7.1767,118.24,2.7246
7.1767,122.32,2.897
7.1767,126.4,3.0584
7.1767,130.48,3.2097
7.1767,134.56,3.3566
7.1767,138.64,3.5051
7.1767,142.72,3.6442
7.1767,146.8,3.7818
7.1767,150.88,3.9204
7.1767,154.96,4.0603
7.1767,159.04,4.2011
7.1767,163.12,4.3423
7.1767,167.2,4.4836
7.1767,171.28,4.6245
7.1767,175.36,4.7648
7.1767,179.44,4.9045
7.1767,183.52,5.0434
7.1767,187.6,5.1815
7.1767,191.68,5.319
7.1767,195.76,5.4559
7.1767,199.84,5.5923
7.1767,203.92,5.7283
7.1767,208,5.8639
7.33,4,-9.9349
7.33,8.08,-8.3812
7.33,12.16,-6.5764
7.33,16.24,-4.8443
7.33,20.32,-4.0349
7.33,24.4,-3.2199
7.33,28.48,-2.523
7.33,32.56,-2.0657
7.33,36.64,-1.6466
7.33,40.72,-1.322
7.33,44.8,-1.0445
7.33,48.88,-0.78574
7.33,52.96,-0.50262
7.33,57.04,-0.22317
7.33,61.12,0.029449
7.33,65.2,0.27994
7.33,69.28,0.52529
7.33,73.36,0.68804
7.33,77.44,0.83382
7.33,81.52,0.98062
7.33,85.6,1.1356
7.33,89.68,1.3055
7.33,93.76,1.4764
7.33,97.84,1.6492
7.33,101.92,1.8231
7.33,106,1.9927
7.33,110.08,2.1631
7.33,114.16,2.3335
7.33,118.24,2.5028
7.33,122.32,2.674
7.33,126.4,2.836
7.33,130.48,2.9884
7.33,134.56,3.1362
7.33,138.64,3.2852
7.33,142.72,3.4251
7.33,146.8,3.5635
7.33,150.88,3.7026
7.33,154.96,3.8429
7.33,159.04,3.984
7.33,163.12,4.1255
7.33,167.2,4.267
7.33,171.28,4.4081
7.33,175.36,4.5486
7.33,179.44,4.6885
7.33,183.52,4.8275
7.33,187.6,4.9658
7.33,191.68,5.1035
7.33,195.76,5.2405
7.33,199.84,5.3771
7.33,203.92,5.5132
7.33,208,5.6489
7.4834,4,-10.249
7.4834,8.08,-8.6843
7.4834,12.16,-6.8522
7.4834,16.24,-5.0894
7.4834,20.32,-4.2731
7.4834,24.4,-3.4482
7.4834,28.48,-2.741
7.4834,32.56,-2.2795
7.4834,36.64,-1.856
7.4834,40.72,-1.527
7.4834,44.8,-1.2475
7.4834,48.88,-0.98881
7.4834,52.96,-0.7029
7.4834,57.04,-0.42048
7.4834,61.12,-0.16802
7.4834,65.2,0.082048
7.4834,69.28,0.32747
7.4834,73.36,0.48945
7.4834,77.44,0.63482
7.4834,81.52,0.78128
7.4834,85.6,0.93468
7.4834,89.68,1.1014
7.4834,93.76,1.2683
7.4834,97.84,1.4348
7.4834,101.92,1.6066
7.4834,106,1.7727
7.4834,110.08,1.9413
7.4834,114.16,2.1117
7.4834,118.24,2.2809
7.4834,122.32,2.4511
7.4834,126.4,2.6137
7.4834,130.48,2.767
7.4834,134.56,2.9158
7.4834,138.64,3.0652
7.4834,142.72,3.206
7.4834,146.8,3.3451
7.4834,150.88,3.4848
7.4834,154.96,3.6255
7.4834,159.04,3.767
7.4834,163.12,3.9087
7.4834,167.2,4.0504
7.4834,171.28,4.1917
7.4834,175.36,4.3324
7.4834,179.44,4.4724
7.4834,183.52,4.6116
7.4834,187.6,4.7501
7.4834,191.68,4.8879
7.4834,195.76,5.0251
7.4834,199.84,5.1618
7.4834,203.92,5.298
7.4834,208,5.4339
7.6367,4,-10.563
7.6367,8.08,-8.9875
7.6367,12.16,-7.128
7.6367,16.24,-5.3344
7.6367,20.32,-4.5113
7.6367,24.4,-3.6764
7.6367,28.48,-2.9588
7.6367,32.56,-2.4934
7.6367,36.64,-2.0654
7.6367,40.72,-1.732
7.6367,44.8,-1.4504
7.6367,48.88,-1.1918
7.6367,52.96,-0.90313
7.6367,57.04,-0.61777
7.6367,61.12,-0.36547
7.6367,65.2,-0.11584
7.6367,69.28,0.12966
7.6367,73.36,0.29085
7.6367,77.44,0.43583
7.6367,81.52,0.58193
7.6367,85.6,0.73375
7.6367,89.68,0.89722
7.6367,93.76,1.0603
7.6367,97.84,1.2205
7.6367,101.92,1.3901
7.6367,106,1.5528
7.6367,110.08,1.7196
7.6367,114.16,1.89
7.6367,118.24,2.0591
7.6367,122.32,2.2282
7.6367,126.4,2.3914
7.6367,130.48,2.5457
7.6367,134.56,2.6954
7.6367,138.64,2.8453
7.6367,142.72,2.9869
7.6367,146.8,3.1267
7.6367,150.88,3.267
7.6367,154.96,3.4081
7.6367,159.04,3.5499
7.6367,163.12,3.6919
7.6367,167.2,3.8338
7.6367,171.28,3.9753
7.6367,175.36,4.1162
7.6367,179.44,4.2564
7.6367,183.52,4.3957
7.6367,187.6,4.5344
7.6367,191.68,4.6723
7.6367,195.76,4.8097
7.6367,199.84,4.9465
7.6367,203.92,5.0829
7.6367,208,5.2189
7.79,4,-10.877
7.79,8.08,-9.2908
7.79,12.16,-7.4037
7.79,16.24,-5.5794
7.79,20.32,-4.7492
7.79,24.4,-3.9044
7.79,28.48,-3.1765
7.79,32.56,-2.7071
7.79,36.64,-2.2748
7.79,40.72,-1.9371
7.79,44.8,-1.6533
7.79,48.88,-1.3948
7.79,52.96,-1.1033
7.79,57.04,-0.81503
7.79,61.12,-0.56291
7.79,65.2,-0.31372
7.79,69.28,-0.068146
7.79,73.36,0.092267
7.79,77.44,0.23685
7.79,81.52,0.38259
7.79,85.6,0.53281
7.79,89.68,0.69308
7.79,93.76,0.85219
7.79,97.84,1.0062
7.79,101.92,1.1736
7.79,106,1.3329
7.79,110.08,1.4979
7.79,114.16,1.6683
7.79,118.24,1.8374
7.79,122.32,2.0052
7.79,126.4,2.169
7.79,130.48,2.3243
7.79,134.56,2.475
7.79,138.64,2.6253
7.79,142.72,2.7679
7.79,146.8,2.9084
7.79,150.88,3.0492
7.79,154.96,3.1907
7.79,159.04,3.3328
7.79,163.12,3.4751
7.79,167.2,3.6172
7.79,171.28,3.7589
7.79,175.36,3.9
7.79,179.44,4.0403
7.79,183.52,4.1798
7.79,187.6,4.3186
7.79,191.68,4.4567
7.79,195.76,4.5942
7.79,199.84,4.7312
7.79,203.92,4.8677
7.79,208,5.0039
7.9434,4,-11.191
7.9434,8.08,-9.5942
7.9434,12.16,-7.6794
7.9434,16.24,-5.8244
7.9434,20.32,-4.9871
7.9434,24.4,-4.1324
7.9434,28.48,-3.3941
7.9434,32.56,-2.9208
7.9434,36.64,-2.4842
7.9434,40.72,-2.1421
7.9434,44.8,-1.8562
7.9434,48.88,-1.5978
7.9434,52.96,-1.3034
7.9434,57.04,-1.0123
7.9434,61.12,-0.76033
7.9434,65.2,-0.51159
7.9434,69.28,-0.26594
7.9434,73.36,-0.10631
7.9434,77.44,0.037867
7.9434,81.52,0.18324
7.9434,85.6,0.33187
7.9434,89.68,0.48895
7.9434,93.76,0.64411
7.9434,97.84,0.79188
7.9434,101.92,0.95708
7.9434,106,1.1131
7.9434,110.08,1.2762
7.9434,114.16,1.4467
7.9434,118.24,1.6156
7.9434,122.32,1.7823
7.9434,126.4,1.9467
7.9434,130.48,2.103
7.9434,134.56,2.2546
7.9434,138.64,2.4054
7.9434,142.72,2.5488
7.9434,146.8,2.69
7.9434,150.88,2.8314
7.9434,154.96,2.9733
7.9434,159.04,3.1157
7.9434,163.12,3.2582
7.9434,167.2,3.4006
7.9434,171.28,3.5425
7.9434,175.36,3.6837
7.9434,179.44,3.8243
7.9434,183.52,3.964
7.9434,187.6,4.1029
7.9434,191.68,4.2412
7.9434,195.76,4.3788
7.9434,199.84,4.5159
7.9434,203.92,4.6526
7.9434,208,4.7889
8.0967,4,-11.506
8.0967,8.08,-9.8978
8.0967,12.16,-7.955
8.0967,16.24,-6.069
8.0967,20.32,-5.2248
8.0967,24.4,-4.3602
8.0967,28.48,-3.6116
8.0967,32.56,-3.1345
8.0967,36.64,-2.6936
8.0967,40.72,-2.3471
8.0967,44.8,-2.0591
8.0967,48.88,-1.8007
8.0967,52.96,-1.5035
8.0967,57.04,-1.2095
8.0967,61.12,-0.95774
8.0967,65.2,-0.70945
8.0967,69.28,-0.46373
8.0967,73.36,-0.30488
8.0967,77.44,-0.16111
8.0967,81.52,-0.016105
8.0967,85.6,0.13093
8.0967,89.68,0.28481
8.0967,93.76,0.43603
8.0967,97.84,0.57758
8.0967,101.92,0.74059
8.0967,106,0.89321
8.0967,110.08,1.0545
8.0967,114.16,1.225
8.0967,118.24,1.3939
8.0967,122.32,1.5594
8.0967,126.4,1.7244
8.0967,130.48,1.8816
8.0967,134.56,2.0342
8.0967,138.64,2.1855
8.0967,142.72,2.3297
8.0967,146.8,2.4717
8.0967,150.88,2.6136
8.0967,154.96,2.7559
8.0967,159.04,2.8986
8.0967,163.12,3.0414
8.0967,167.2,3.184
8.0967,171.28,3.3261
8.0967,175.36,3.4675
8.0967,179.44,3.6082
8.0967,183.52,3.7481
8.0967,187.6,3.8872
8.0967,191.68,4.0256
8.0967,195.76,4.1634
8.0967,199.84,4.3007
8.0967,203.92,4.4375
8.0967,208,4.5739
8.2501,4,-11.82
8.2501,8.08,-10.201
8.2501,12.16,-8.2305
8.2501,16.24,-6.3136
8.2501,20.32,-5.4624
8.2501,24.4,-4.5879
8.2501,28.48,-3.829
8.2501,32.56,-3.3481
8.2501,36.64,-2.9029
8.2501,40.72,-2.5521
8.2501,44.8,-2.2619
8.2501,48.88,-2.0036
8.2501,52.96,-1.7036
8.2501,57.04,-1.4067
8.2501,61.12,-1.1551
8.2501,65.2,-0.9073
8.2501,69.28,-0.6615
8.2501,73.36,-0.50344
8.2501,77.44,-0.36008
8.2501,81.52,-0.21545
8.2501,85.6,-0.070021
8.2501,89.68,0.080675
8.2501,93.76,0.22794
8.2501,97.84,0.3633
8.2501,101.92,0.5241
8.2501,106,0.67339
8.2501,110.08,0.83293
8.2501,114.16,1.0034
8.2501,118.24,1.1721
8.2501,122.32,1.3365
8.2501,126.4,1.5021
8.2501,130.48,1.6603
8.2501,134.56,1.8138
8.2501,138.64,1.9656
8.2501,142.72,2.1107
8.2501,146.8,2.2534
8.2501,150.88,2.3958
8.2501,154.96,2.5385
8.2501,159.04,2.6816
8.2501,163.12,2.8246
8.2501,167.2,2.9674
8.2501,171.28,3.1097
8.2501,175.36,3.2513
8.2501,179.44,3.3922
8.2501,183.52,3.5322
8.2501,187.6,3.6715
8.2501,191.68,3.81
8.2501,195.76,3.948
8.2501,199.84,4.0854
8.2501,203.92,4.2223
8.2501,208,4.3588
8.4034,4,-12.135
8.4034,8.08,-10.505
8.4034,12.16,-8.506
8.4034,16.24,-6.5582
8.4034,20.32,-5.6998
8.4034,24.4,-4.8155
8.4034,28.48,-4.0462
8.4034,32.56,-3.5615
8.4034,36.64,-3.1123
8.4034,40.72,-2.7571
8.4034,44.8,-2.4647
8.4034,48.88,-2.2064
8.4034,52.96,-1.9035
8.4034,57.04,-1.6038
8.4034,61.12,-1.3525
8.4034,65.2,-1.1051
8.4034,69.28,-0.85927
8.4034,73.36,-0.70199
8.4034,77.44,-0.55905
8.4034,81.52,-0.41481
8.4034,85.6,-0.27098
8.4034,89.68,-0.12346
8.4034,93.76,0.019857
8.4034,97.84,0.14902
8.4034,101.92,0.30762
8.4034,106,0.45359
8.4034,110.08,0.61134
8.4034,114.16,0.78183
8.4034,118.24,0.95044
8.4034,122.32,1.1137
8.4034,126.4,1.2798
8.4034,130.48,1.439
8.4034,134.56,1.5934
8.4034,138.64,1.7457
8.4034,142.72,1.8916
8.4034,146.8,2.035
8.4034,150.88,2.178
8.4034,154.96,2.3211
8.4034,159.04,2.4645
8.4034,163.12,2.6078
8.4034,167.2,2.7508
8.4034,171.28,2.8933
8.4034,175.36,3.0351
8.4034,179.44,3.1761
8.4034,183.52,3.3163
8.4034,187.6,3.4557
8.4034,191.68,3.5945
8.4034,195.76,3.7326
8.4034,199.84,3.8701
8.4034,203.92,4.0072
8.4034,208,4.1438
8.5567,4,-12.45
8.5567,8.08,-10.809
8.5567,12.16,-8.7815
8.5567,16.24,-6.8027
8.5567,20.32,-5.9371
8.5567,24.4,-5.043
8.5567,28.48,-4.2634
8.5567,32.56,-3.775
8.5567,36.64,-3.3216
8.5567,40.72,-2.9622
8.5567,44.8,-2.6675
8.5567,48.88,-2.4092
8.5567,52.96,-2.1035
8.5567,57.04,-1.801
8.5567,61.12,-1.5499
8.5567,65.2,-1.303
8.5567,69.28,-1.057
8.5567,73.36,-0.90052
8.5567,77.44,-0.75801
8.5567,81.52,-0.61416
8.5567,85.6,-0.47194
8.5567,89.68,-0.3276
8.5567,93.76,-0.18824
8.5567,97.84,-0.065242
8.5567,101.92,0.091149
8.5567,106,0.23381
8.5567,110.08,0.38978
8.5567,114.16,0.56026
8.5567,118.24,0.72876
8.5567,122.32,0.89079
8.5567,126.4,1.0575
8.5567,130.48,1.2177
8.5567,134.56,1.373
8.5567,138.64,1.5258
8.5567,142.72,1.6726
8.5567,146.8,1.8167
8.5567,150.88,1.9602
8.5567,154.96,2.1038
8.5567,159.04,2.2474
8.5567,163.12,2.391
8.5567,167.2,2.5342
8.5567,171.28,2.6769
8.5567,175.36,2.8189
8.5567,179.44,2.9601
8.5567,183.52,3.1004
8.5567,187.6,3.24
8.5567,191.68,3.3789
8.5567,195.76,3.5171
8.5567,199.84,3.6548
8.5567,203.92,3.792
8.5567,208,3.9288
8.7101,4,-12.765
8.7101,8.08,-11.113
8.7101,12.16,-9.0569
8.7101,16.24,-7.0473
8.7101,20.32,-6.1743
8.7101,24.4,-5.2704
8.7101,28.48,-4.4804
8.7101,32.56,-3.9883
8.7101,36.64,-3.531
8.7101,40.72,-3.1672
8.7101,44.8,-2.8703
8.7101,48.88,-2.6119
8.7101,52.96,-2.3033
8.7101,57.04,-1.9981
8.7101,61.12,-1.7472
8.7101,65.2,-1.5008
8.7101,69.28,-1.2548
8.7101,73.36,-1.0991
8.7101,77.44,-0.95697
8.7101,81.52,-0.81352
8.7101,85.6,-0.6729
8.7101,89.68,-0.53174
8.7101,93.76,-0.39633
8.7101,97.84,-0.2795
8.7101,101.92,-0.12532
8.7101,106,0.014056
8.7101,110.08,0.16825
8.7101,114.16,0.33871
8.7101,118.24,0.50709
8.7101,122.32,0.66793
8.7101,126.4,0.83523
8.7101,130.48,0.9964
8.7101,134.56,1.1526
8.7101,138.64,1.3059
8.7101,142.72,1.4536
8.7101,146.8,1.5984
8.7101,150.88,1.7424
8.7101,154.96,1.8864
8.7101,159.04,2.0304
8.7101,163.12,2.1742
8.7101,167.2,2.3176
8.7101,171.28,2.4605
8.7101,175.36,2.6026
8.7101,179.44,2.744
8.7101,183.52,2.8846
8.7101,187.6,3.0243
8.7101,191.68,3.1633
8.7101,195.76,3.3017
8.7101,199.84,3.4395
8.7101,203.92,3.5769
8.7101,208,3.7138
8.8634,4,-13.081
8.8634,8.08,-11.417
8.8634,12.16,-9.3323
8.8634,16.24,-7.2918
8.8634,20.32,-6.4113
8.8634,24.4,-5.4976
8.8634,28.48,-4.6972
8.8634,32.56,-4.2016
8.8634,36.64,-3.7403
8.8634,40.72,-3.3722
8.8634,44.8,-3.0731
8.8634,48.88,-2.8146
8.8634,52.96,-2.5032
8.8634,57.04,-2.1952
8.8634,61.12,-1.9445
8.8634,65.2,-1.6986
8.8634,69.28,-1.4525
8.8634,73.36,-1.2976
8.8634,77.44,-1.1559
8.8634,81.52,-1.0129
8.8634,85.6,-0.87388
8.8634,89.68,-0.73589
8.8634,93.76,-0.60444
8.8634,97.84,-0.49374
8.8634,101.92,-0.34179
8.8634,106,-0.20568
8.8634,110.08,-0.053249
8.8634,114.16,0.11719
8.8634,118.24,0.28543
8.8634,122.32,0.44507
8.8634,126.4,0.61296
8.8634,130.48,0.77511
8.8634,134.56,0.9322
8.8634,138.64,1.086
8.8634,142.72,1.2346
8.8634,146.8,1.38
8.8634,150.88,1.5246
8.8634,154.96,1.669
8.8634,159.04,1.8133
8.8634,163.12,1.9574
8.8634,167.2,2.101
8.8634,171.28,2.2441
8.8634,175.36,2.3864
8.8634,179.44,2.528
8.8634,183.52,2.6687
8.8634,187.6,2.8086
8.8634,191.68,2.9478
8.8634,195.76,3.0863
8.8634,199.84,3.2243
8.8634,203.92,3.3617
8.8634,208,3.4988
