0.38021,0.071429,-0.21924
0.38021,0.32026,0.55382
0.38021,0.56908,1.3186
0.38021,0.81791,2.0759
0.38021,1.0667,2.8471
0.38021,1.3156,3.5788
0.38021,1.5644,4.3045
0.38021,1.8132,5.0146
0.38021,2.0621,5.7511
0.38021,2.3109,6.5225
0.38021,2.5597,7.3115
0.38021,2.8085,8.1908
0.38021,3.0574,8.8772
0.38021,3.3062,9.4993
0.38021,3.555,10.071
0.38021,3.8038,10.652
0.38021,4.0527,11.195
0.38021,4.3015,11.724
0.38021,4.5503,12.223
0.38021,4.7992,12.707
0.38021,5.048,12.996
0.38021,5.2968,13.139
0.38021,5.5456,13.128
0.38021,5.7945,13.065
0.38021,6.0433,12.987
0.38021,6.2921,12.738
0.38021,6.541,12.425
0.38021,6.7898,12.215
0.38021,7.0386,11.831
0.38021,7.2874,11.355
0.38021,7.5363,10.834
0.38021,7.7851,10.412
0.38021,8.0339,10.161
0.38021,8.2827,10.041
0.38021,8.5316,9.8524
0.38021,8.7804,8.8318
0.38021,9.0292,8.0704
0.38021,9.2781,7.528
0.38021,9.5269,7.2684
0.38021,9.7757,7.331
0.38021,10.025,7.5194
0.38021,10.273,7.86
0.38021,10.522,8.2046
0.38021,10.771,8.7559
0.38021,11.02,9.2136
0.38021,11.269,9.632
0.38021,11.518,9.9375
0.38021,11.766,10.004
0.38021,12.015,10.062
0.38021,12.264,10.119
0.38021,12.513,10.176
0.56012,0.071429,-0.24616
0.56012,0.32026,0.51759
0.56012,0.56908,1.2757
0.56012,0.81791,2.0207
0.56012,1.0667,2.7784
0.56012,1.3156,3.4964
0.56012,1.5644,4.2062
0.56012,1.8132,4.9133
0.56012,2.0621,5.6394
0.56012,2.3109,6.4085
0.56012,2.5597,7.1984
0.56012,2.8085,7.9829
0.56012,3.0574,8.5874
0.56012,3.3062,9.1699
0.56012,3.555,9.7122
0.56012,3.8038,10.27
0.56012,4.0527,10.803
0.56012,4.3015,11.314
0.56012,4.5503,11.792
0.56012,4.7992,12.157
0.56012,5.048,12.353
0.56012,5.2968,12.43
0.56012,5.5456,12.446
0.56012,5.7945,12.422
0.56012,6.0433,12.23
0.56012,6.2921,11.981
0.56012,6.541,11.812
0.56012,6.7898,11.526
0.56012,7.0386,11.164
0.56012,7.2874,10.665
0.56012,7.5363,10.261
0.56012,7.7851,9.9883
0.56012,8.0339,9.855
0.56012,8.2827,9.8008
0.56012,8.5316,9.4049
0.56012,8.7804,8.4478
0.56012,9.0292,7.781
0.56012,9.2781,7.2866
0.56012,9.5269,7.2272
0.56012,9.7757,7.3476
0.56012,10.025,7.5633
0.56012,10.273,7.9608
0.56012,10.522,8.5036
0.56012,10.771,9.0043
0.56012,11.02,9.4181
0.56012,11.269,9.638
0.56012,11.518,9.7124
0.56012,11.766,9.7788
0.56012,12.015,9.8426
0.56012,12.264,9.9058
0.56012,12.513,10.02
0.74004,0.071429,-0.26931
0.74004,0.32026,0.48712
0.74004,0.56908,1.2367
0.74004,0.81791,1.9694
0.74004,1.0667,2.7122
0.74004,1.3156,3.4146
0.74004,1.5644,4.1064
0.74004,1.8132,4.8098
0.74004,2.0621,5.523
0.74004,2.3109,6.261
0.74004,2.5597,7.0506
0.74004,2.8085,7.7056
0.74004,3.0574,8.2842
0.74004,3.3062,8.8198
0.74004,3.555,9.3626
0.74004,3.8038,9.9013
0.74004,4.0527,10.383
0.74004,4.3015,10.891
0.74004,4.5503,11.316
0.74004,4.7992,11.554
0.74004,5.048,11.76
0.74004,5.2968,11.797
0.74004,5.5456,11.843
0.74004,5.7945,11.706
0.74004,6.0433,11.522
0.74004,6.2921,11.397
0.74004,6.541,11.23
0.74004,6.7898,10.947
0.74004,7.0386,10.484
0.74004,7.2874,10.116
0.74004,7.5363,9.8211
0.74004,7.7851,9.6697
0.74004,8.0339,9.6147
0.74004,8.2827,9.6011
0.74004,8.5316,8.8368
0.74004,8.7804,8.1847
0.74004,9.0292,7.4196
0.74004,9.2781,7.1817
0.74004,9.5269,7.2024
0.74004,9.7757,7.348
0.74004,10.025,7.57
0.74004,10.273,8.24
0.74004,10.522,8.7826
0.74004,10.771,9.1924
0.74004,11.02,9.3371
0.74004,11.269,9.4205
0.74004,11.518,9.4951
0.74004,11.766,9.5664
0.74004,12.015,9.6364
0.74004,12.264,9.8165
0.74004,12.513,9.9695
0.91995,0.071429,-0.28902
0.91995,0.32026,0.46154
0.91995,0.56908,1.203
0.91995,0.81791,1.9264
0.91995,1.0667,2.65
0.91995,1.3156,3.3386
0.91995,1.5644,4.0149
0.91995,1.8132,4.7048
0.91995,2.0621,5.4009
0.91995,2.3109,6.1034
0.91995,2.5597,6.8405
0.91995,2.8085,7.4044
0.91995,3.0574,7.9476
0.91995,3.3062,8.4771
0.91995,3.555,9.023
0.91995,3.8038,9.508
0.91995,4.0527,10.009
0.91995,4.3015,10.454
0.91995,4.5503,10.823
0.91995,4.7992,11.059
0.91995,5.048,11.175
0.91995,5.2968,11.286
0.91995,5.5456,11.212
0.91995,5.7945,11.057
0.91995,6.0433,10.971
0.91995,6.2921,10.839
0.91995,6.541,10.661
0.91995,6.7898,10.286
0.91995,7.0386,9.9732
0.91995,7.2874,9.6611
0.91995,7.5363,9.4881
0.91995,7.7851,9.4287
0.91995,8.0339,9.4126
0.91995,8.2827,9.2479
0.91995,8.5316,8.6544
0.91995,8.7804,7.7249
0.91995,9.0292,7.2564
0.91995,9.2781,7.1029
0.91995,9.5269,7.1739
0.91995,9.7757,7.3229
0.91995,10.025,7.8132
0.91995,10.273,8.534
0.91995,10.522,8.9145
0.91995,10.771,9.0353
0.91995,11.02,9.1286
0.91995,11.269,9.2119
0.91995,11.518,9.291
0.91995,11.766,9.4319
0.91995,12.015,9.608
0.91995,12.264,9.677
0.91995,12.513,9.7588
1.0999,0.071429,-0.30591
1.0999,0.32026,0.44036
1.0999,0.56908,1.1738
1.0999,0.81791,1.8901
1.0999,1.0667,2.5932
1.0999,1.3156,3.2672
1.0999,1.5644,3.926
1.0999,1.8132,4.5992
1.0999,2.0621,5.27
1.0999,2.3109,5.9502
1.0999,2.5597,6.5609
1.0999,2.8085,7.1009
1.0999,3.0574,7.6186
1.0999,3.3062,8.1521
1.0999,3.555,8.646
1.0999,3.8038,9.1471
1.0999,4.0527,9.6237
1.0999,4.3015,10.091
1.0999,4.5503,10.384
1.0999,4.7992,10.549
1.0999,5.048,10.636
1.0999,5.2968,10.667
1.0999,5.5456,10.573
1.0999,5.7945,10.527
1.0999,6.0433,10.494
1.0999,6.2921,10.294
1.0999,6.541,10.064
1.0999,6.7898,9.8253
1.0999,7.0386,9.506
1.0999,7.2874,9.316
1.0999,7.5363,9.2449
1.0999,7.7851,9.2256
1.0999,8.0339,9.2657
1.0999,8.2827,8.9602
1.0999,8.5316,8.227
1.0999,8.7804,7.4827
1.0999,9.0292,7.0754
1.0999,9.2781,7.0293
1.0999,9.5269,7.1559
1.0999,9.7757,7.4032
1.0999,10.025,8.1237
1.0999,10.273,8.596
1.0999,10.522,8.7336
1.0999,10.771,8.8377
1.0999,11.02,8.93
1.0999,11.269,9.0307
1.0999,11.518,9.2223
1.0999,11.766,9.3238
1.0999,12.015,9.4092
1.0999,12.264,9.4792
1.0999,12.513,9.5477
1.2798,0.071429,-0.33229
1.2798,0.32026,0.42248
1.2798,0.56908,1.15
1.2798,0.81791,1.8612
1.2798,1.0667,2.5432
1.2798,1.3156,3.2023
1.2798,1.5644,3.8427
1.2798,1.8132,4.493
1.2798,2.0621,5.1217
1.2798,2.3109,5.7469
1.2798,2.5597,6.2785
1.2798,2.8085,6.7997
1.2798,3.0574,7.3162
1.2798,3.3062,7.8305
1.2798,3.555,8.3163
1.2798,3.8038,8.808
1.2798,4.0527,9.3493
1.2798,4.3015,9.6762
1.2798,4.5503,9.8793
1.2798,4.7992,10.008
1.2798,5.048,10.097
1.2798,5.2968,10.065
1.2798,5.5456,10.063
1.2798,5.7945,10.057
1.2798,6.0433,9.9995
1.2798,6.2921,9.8143
1.2798,6.541,9.6253
1.2798,6.7898,9.3515
1.2798,7.0386,9.1473
1.2798,7.2874,9.063
1.2798,7.5363,9.0435
1.2798,7.7851,9.0658
1.2798,8.0339,9.1117
1.2798,8.2827,8.6563
1.2798,8.5316,7.8412
1.2798,8.7804,7.1384
1.2798,9.0292,6.9451
1.2798,9.2781,7.0264
1.2798,9.5269,7.2409
1.2798,9.7757,7.5257
1.2798,10.025,8.276
1.2798,10.273,8.4327
1.2798,10.522,8.5492
1.2798,10.771,8.6506
1.2798,11.02,8.8198
1.2798,11.269,8.957
1.2798,11.518,9.0321
1.2798,11.766,9.1305
1.2798,12.015,9.205
1.2798,12.264,9.2813
1.2798,12.513,9.3596
1.4597,0.071429,-0.35631
1.4597,0.32026,0.40643
1.4597,0.56908,1.1299
1.4597,0.81791,1.8351
1.4597,1.0667,2.502
1.4597,1.3156,3.1481
1.4597,1.5644,3.768
1.4597,1.8132,4.3791
1.4597,2.0621,4.9515
1.4597,2.3109,5.5044
1.4597,2.5597,6.0155
1.4597,2.8085,6.532
1.4597,3.0574,7.0375
1.4597,3.3062,7.5309
1.4597,3.555,8.0385
1.4597,3.8038,8.5316
1.4597,4.0527,8.9354
1.4597,4.3015,9.2021
1.4597,4.5503,9.4136
1.4597,4.7992,9.5017
1.4597,5.048,9.5709
1.4597,5.2968,9.5953
1.4597,5.5456,9.6103
1.4597,5.7945,9.5715
1.4597,6.0433,9.5041
1.4597,6.2921,9.3708
1.4597,6.541,9.1664
1.4597,6.7898,8.9819
1.4597,7.0386,8.884
1.4597,7.2874,8.8578
1.4597,7.5363,8.8781
1.4597,7.7851,8.9284
1.4597,8.0339,8.8138
1.4597,8.2827,8.2631
1.4597,8.5316,7.3074
1.4597,8.7804,6.9631
1.4597,9.0292,6.9349
1.4597,9.2781,7.0931
1.4597,9.5269,7.3517
1.4597,9.7757,7.6497
1.4597,10.025,8.1339
1.4597,10.273,8.2644
1.4597,10.522,8.4007
1.4597,10.771,8.5745
1.4597,11.02,8.6619
1.4597,11.269,8.7475
1.4597,11.518,8.854
1.4597,11.766,8.937
1.4597,12.015,9.0208
1.4597,12.264,9.118
1.4597,12.513,9.2291
1.6396,0.071429,-0.38949
1.6396,0.32026,0.39006
1.6396,0.56908,1.1109
1.6396,0.81791,1.8095
1.6396,1.0667,2.4758
1.6396,1.3156,3.1028
1.6396,1.5644,3.6857
1.6396,1.8132,4.2342
1.6396,2.0621,4.7556
1.6396,2.3109,5.2662
1.6396,2.5597,5.7761
1.6396,2.8085,6.2724
1.6396,3.0574,6.7708
1.6396,3.3062,7.2769
1.6396,3.555,7.7439
1.6396,3.8038,8.2385
1.6396,4.0527,8.5379
1.6396,4.3015,8.8122
1.6396,4.5503,8.9586
1.6396,4.7992,9.043
1.6396,5.048,9.1186
1.6396,5.2968,9.1686
1.6396,5.5456,9.1498
1.6396,5.7945,9.1567
1.6396,6.0433,9.049
1.6396,6.2921,8.9485
1.6396,6.541,8.8085
1.6396,6.7898,8.7115
1.6396,7.0386,8.6693
1.6396,7.2874,8.6851
1.6396,7.5363,8.7127
1.6396,7.7851,8.7918
1.6396,8.0339,8.5465
1.6396,8.2827,7.658
1.6396,8.5316,7.0724
1.6396,8.7804,6.9098
1.6396,9.0292,6.9721
1.6396,9.2781,7.1831
1.6396,9.5269,7.4523
1.6396,9.7757,7.8132
1.6396,10.025,7.9848
1.6396,10.273,8.1761
1.6396,10.522,8.2781
1.6396,10.771,8.3762
1.6396,11.02,8.493
1.6396,11.269,8.585
1.6396,11.518,8.6761
1.6396,11.766,8.767
1.6396,12.015,8.8996
1.6396,12.264,8.9893
1.6396,12.513,9.0803
1.8195,0.071429,-0.41708
1.8195,0.32026,0.36861
1.8195,0.56908,1.0902
1.8195,0.81791,1.7826
1.8195,1.0667,2.4297
1.8195,1.3156,3.0143
1.8195,1.5644,3.5348
1.8195,1.8132,4.0512
1.8195,2.0621,4.5643
1.8195,2.3109,5.0673
1.8195,2.5597,5.5634
1.8195,2.8085,6.0507
1.8195,3.0574,6.5208
1.8195,3.3062,7.0152
1.8195,3.555,7.4595
1.8195,3.8038,7.8574
1.8195,4.0527,8.1146
1.8195,4.3015,8.393
1.8195,4.5503,8.5557
1.8195,4.7992,8.6507
1.8195,5.048,8.7299
1.8195,5.2968,8.7747
1.8195,5.5456,8.8444
1.8195,5.7945,8.7402
1.8195,6.0433,8.6798
1.8195,6.2921,8.6319
1.8195,6.541,8.5399
1.8195,6.7898,8.4804
1.8195,7.0386,8.489
1.8195,7.2874,8.5025
1.8195,7.5363,8.5576
1.8195,7.7851,8.5987
1.8195,8.0339,8.1183
1.8195,8.2827,7.3573
1.8195,8.5316,7.0016
1.8195,8.7804,6.9017
1.8195,9.0292,7.0281
1.8195,9.2781,7.2558
1.8195,9.5269,7.5058
1.8195,9.7757,7.7424
1.8195,10.025,7.8822
1.8195,10.273,7.9949
1.8195,10.522,8.1021
1.8195,10.771,8.2251
1.8195,11.02,8.3249
1.8195,11.269,8.4233
1.8195,11.518,8.5347
1.8195,11.766,8.6599
1.8195,12.015,8.7548
1.8195,12.264,8.8505
1.8195,12.513,8.9471
1.9994,0.071429,-0.42497
1.9994,0.32026,0.34544
1.9994,0.56908,1.0656
1.9994,0.81791,1.745
1.9994,1.0667,2.3537
1.9994,1.3156,2.8803
1.9994,1.5644,3.3859
1.9994,1.8132,3.8883
1.9994,2.0621,4.376
1.9994,2.3109,4.8697
1.9994,2.5597,5.3483
1.9994,2.8085,5.8118
1.9994,3.0574,6.2955
1.9994,3.3062,6.7567
1.9994,3.555,7.1833
1.9994,3.8038,7.4957
1.9994,4.0527,7.8063
1.9994,4.3015,8.0384
1.9994,4.5503,8.1893
1.9994,4.7992,8.284
1.9994,5.048,8.3561
1.9994,5.2968,8.4185
1.9994,5.5456,8.4794
1.9994,5.7945,8.4037
1.9994,6.0433,8.4355
1.9994,6.2921,8.3565
1.9994,6.541,8.2945
1.9994,6.7898,8.2898
1.9994,7.0386,8.3127
1.9994,7.2874,8.3568
1.9994,7.5363,8.4111
1.9994,7.7851,8.3474
1.9994,8.0339,7.812
1.9994,8.2827,7.1173
1.9994,8.5316,6.9268
1.9994,8.7804,6.9049
1.9994,9.0292,7.061
1.9994,9.2781,7.2813
1.9994,9.5269,7.45
1.9994,9.7757,7.606
1.9994,10.025,7.7278
1.9994,10.273,7.8419
1.9994,10.522,7.9686
1.9994,10.771,8.0751
1.9994,11.02,8.1798
1.9994,11.269,8.3265
1.9994,11.518,8.4264
1.9994,11.766,8.5261
1.9994,12.015,8.6263
1.9994,12.264,8.7269
1.9994,12.513,8.8449
2.1793,0.071429,-0.42564
2.1793,0.32026,0.3289
2.1793,0.56908,1.0399
2.1793,0.81791,1.7004
2.1793,1.0667,2.228
2.1793,1.3156,2.7374
2.1793,1.5644,3.2473
2.1793,1.8132,3.7299
2.1793,2.0621,4.2113
2.1793,2.3109,4.6807
2.1793,2.5597,5.1517
2.1793,2.8085,5.6228
2.1793,3.0574,6.0709
2.1793,3.3062,6.5327
2.1793,3.555,6.8925
2.1793,3.8038,7.1992
2.1793,4.0527,7.5147
2.1793,4.3015,7.6888
2.1793,4.5503,7.8378
2.1793,4.7992,7.9297
2.1793,5.048,8.0027
2.1793,5.2968,8.0839
2.1793,5.5456,8.1029
2.1793,5.7945,8.1753
2.1793,6.0433,8.1592
2.1793,6.2921,8.1087
2.1793,6.541,8.0957
2.1793,6.7898,8.1201
2.1793,7.0386,8.1444
2.1793,7.2874,8.2145
2.1793,7.5363,8.2796
2.1793,7.7851,8.1527
2.1793,8.0339,7.5602
2.1793,8.2827,7.0475
2.1793,8.5316,6.8511
2.1793,8.7804,6.8831
2.1793,9.0292,7.0394
2.1793,9.2781,7.2028
2.1793,9.5269,7.3509
2.1793,9.7757,7.4812
2.1793,10.025,7.6122
2.1793,10.273,7.7258
2.1793,10.522,7.8372
2.1793,10.771,7.9599
2.1793,11.02,8.0833
2.1793,11.269,8.1885
2.1793,11.518,8.2935
2.1793,11.766,8.4082
2.1793,12.015,8.5295
2.1793,12.264,8.6559
2.1793,12.513,8.7729
2.3593,0.071429,-0.40679
2.3593,0.32026,0.32072
2.3593,0.56908,1.0077
2.3593,0.81791,1.6095
2.3593,1.0667,2.1072
2.3593,1.3156,2.619
2.3593,1.5644,3.1116
2.3593,1.8132,3.5784
2.3593,2.0621,4.0528
2.3593,2.3109,4.5063
2.3593,2.5597,4.9488
2.3593,2.8085,5.4147
2.3593,3.0574,5.8369
2.3593,3.3062,6.2756
2.3593,3.555,6.5918
2.3593,3.8038,6.9203
2.3593,4.0527,7.1686
2.3593,4.3015,7.3866
2.3593,4.5503,7.5094
2.3593,4.7992,7.5977
2.3593,5.048,7.6886
2.3593,5.2968,7.7893
2.3593,5.5456,7.8477
2.3593,5.7945,7.9308
2.3593,6.0433,7.9232
2.3593,6.2921,7.9024
2.3593,6.541,7.9095
2.3593,6.7898,7.9379
2.3593,7.0386,7.9863
2.3593,7.2874,8.0738
2.3593,7.5363,8.1518
2.3593,7.7851,8.0853
2.3593,8.0339,7.2615
2.3593,8.2827,6.9381
2.3593,8.5316,6.7532
2.3593,8.7804,6.8266
2.3593,9.0292,6.9725
2.3593,9.2781,7.1193
2.3593,9.5269,7.2609
2.3593,9.7757,7.3833
2.3593,10.025,7.499
2.3593,10.273,7.6133
2.3593,10.522,7.7408
2.3593,10.771,7.8518
2.3593,11.02,7.9621
2.3593,11.269,8.0856
2.3593,11.518,8.2133
2.3593,11.766,8.3413
2.3593,12.015,8.4607
2.3593,12.264,8.5703
2.3593,12.513,8.6725
2.5392,0.071429,-0.38991
2.5392,0.32026,0.32249
2.5392,0.56908,0.97113
2.5392,0.81791,1.5512
2.5392,1.0667,2.0145
2.5392,1.3156,2.5017
2.5392,1.5644,2.978
2.5392,1.8132,3.4369
2.5392,2.0621,3.8963
2.5392,2.3109,4.3289
2.5392,2.5597,4.7479
2.5392,2.8085,5.1789
2.5392,3.0574,5.628
2.5392,3.3062,5.9973
2.5392,3.555,6.2956
2.5392,3.8038,6.6495
2.5392,4.0527,6.9267
2.5392,4.3015,7.0912
2.5392,4.5503,7.2024
2.5392,4.7992,7.3045
2.5392,5.048,7.4437
2.5392,5.2968,7.562
2.5392,5.5456,7.668
2.5392,5.7945,7.7118
2.5392,6.0433,7.7042
2.5392,6.2921,7.7103
2.5392,6.541,7.7368
2.5392,6.7898,7.7753
2.5392,7.0386,7.8652
2.5392,7.2874,7.9551
2.5392,7.5363,8.0477
2.5392,7.7851,7.7481
2.5392,8.0339,7.0556
2.5392,8.2827,6.7165
2.5392,8.5316,6.6733
2.5392,8.7804,6.7813
2.5392,9.0292,6.9167
2.5392,9.2781,7.0525
2.5392,9.5269,7.1779
2.5392,9.7757,7.2941
2.5392,10.025,7.4104
2.5392,10.273,7.5307
2.5392,10.522,7.6504
2.5392,10.771,7.7687
2.5392,11.02,7.897
2.5392,11.269,8.026
2.5392,11.518,8.1477
2.5392,11.766,8.2565
2.5392,12.015,8.3615
2.5392,12.264,8.467
2.5392,12.513,8.5728
2.7191,0.071429,-0.3795
2.7191,0.32026,0.30989
2.7191,0.56908,0.93442
2.7191,0.81791,1.478
2.7191,1.0667,1.9394
2.7191,1.3156,2.3923
2.7191,1.5644,2.8564
2.7191,1.8132,3.3038
2.7191,2.0621,3.7428
2.7191,2.3109,4.1553
2.7191,2.5597,4.5668
2.7191,2.8085,4.9905
2.7191,3.0574,5.3867
2.7191,3.3062,5.7251
2.7191,3.555,6.0766
2.7191,3.8038,6.4081
2.7191,4.0527,6.6651
2.7191,4.3015,6.8089
2.7191,4.5503,6.934
2.7191,4.7992,7.0775
2.7191,5.048,7.2342
2.7191,5.2968,7.3542
2.7191,5.5456,7.481
2.7191,5.7945,7.4998
2.7191,6.0433,7.5065
2.7191,6.2921,7.533
2.7191,6.541,7.5702
2.7191,6.7898,7.6551
2.7191,7.0386,7.7799
2.7191,7.2874,7.8202
2.7191,7.5363,7.9599
2.7191,7.7851,7.3742
2.7191,8.0339,6.808
2.7191,8.2827,6.5965
2.7191,8.5316,6.6375
2.7191,8.7804,6.7452
2.7191,9.0292,6.8673
2.7191,9.2781,6.9893
2.7191,9.5269,7.1042
2.7191,9.7757,7.2268
2.7191,10.025,7.3428
2.7191,10.273,7.4565
2.7191,10.522,7.5807
2.7191,10.771,7.7094
2.7191,11.02,7.8343
2.7191,11.269,7.943
2.7191,11.518,8.0512
2.7191,11.766,8.1594
2.7191,12.015,8.2678
2.7191,12.264,8.3761
2.7191,12.513,8.4843
2.899,0.071429,-0.39829
2.899,0.32026,0.26959
2.899,0.56908,0.87766
2.899,0.81791,1.3989
2.899,1.0667,1.8459
2.899,1.3156,2.3033
2.899,1.5644,2.7511
2.899,1.8132,3.1859
2.899,2.0621,3.5995
2.899,2.3109,3.9955
2.899,2.5597,4.3962
2.899,2.8085,4.7831
2.899,3.0574,5.1647
2.899,3.3062,5.5186
2.899,3.555,5.8837
2.899,3.8038,6.1731
2.899,4.0527,6.3644
2.899,4.3015,6.5094
2.899,4.5503,6.6551
2.899,4.7992,6.8222
2.899,5.048,7.0206
2.899,5.2968,7.2095
2.899,5.5456,7.3062
2.899,5.7945,7.3302
2.899,6.0433,7.3393
2.899,6.2921,7.3706
2.899,6.541,7.4287
2.899,6.7898,7.5598
2.899,7.0386,7.6213
2.899,7.2874,7.71
2.899,7.5363,7.6479
2.899,7.7851,7.0128
2.899,8.0339,6.6093
2.899,8.2827,6.5484
2.899,8.5316,6.6127
2.899,8.7804,6.7083
2.899,9.0292,6.8182
2.899,9.2781,6.9282
2.899,9.5269,7.0416
2.899,9.7757,7.1531
2.899,10.025,7.2733
2.899,10.273,7.3954
2.899,10.522,7.5198
2.899,10.771,7.6312
2.899,11.02,7.7424
2.899,11.269,7.8535
2.899,11.518,7.9655
2.899,11.766,8.0769
2.899,12.015,8.1874
2.899,12.264,8.2969
2.899,12.513,8.4055
3.0789,0.071429,-0.44765
3.0789,0.32026,0.20325
3.0789,0.56908,0.79758
3.0789,0.81791,1.3005
3.0789,1.0667,1.7559
3.0789,1.3156,2.2142
3.0789,1.5644,2.6568
3.0789,1.8132,3.0746
3.0789,2.0621,3.463
3.0789,2.3109,3.8426
3.0789,2.5597,4.2218
3.0789,2.8085,4.6013
3.0789,3.0574,4.9514
3.0789,3.3062,5.2942
3.0789,3.555,5.6027
3.0789,3.8038,5.8548
3.0789,4.0527,6.0218
3.0789,4.3015,6.1942
3.0789,4.5503,6.4
3.0789,4.7992,6.6018
3.0789,5.048,6.8646
3.0789,5.2968,7.0465
3.0789,5.5456,7.1069
3.0789,5.7945,7.0963
3.0789,6.0433,7.1323
3.0789,6.2921,7.2006
3.0789,6.541,7.3218
3.0789,6.7898,7.4193
3.0789,7.0386,7.4707
3.0789,7.2874,7.5015
3.0789,7.5363,7.1992
3.0789,7.7851,6.7121
3.0789,8.0339,6.5114
3.0789,8.2827,6.5082
3.0789,8.5316,6.5667
3.0789,8.7804,6.6604
3.0789,9.0292,6.7631
3.0789,9.2781,6.8699
3.0789,9.5269,6.9784
3.0789,9.7757,7.0929
3.0789,10.025,7.2096
3.0789,10.273,7.3247
3.0789,10.522,7.4395
3.0789,10.771,7.5537
3.0789,11.02,7.6671
3.0789,11.269,7.7795
3.0789,11.518,7.8909
3.0789,11.766,8.0013
3.0789,12.015,8.1105
3.0789,12.264,8.2189
3.0789,12.513,8.3266
3.2588,0.071429,-0.51936
3.2588,0.32026,0.1192
3.2588,0.56908,0.70456
3.2588,0.81791,1.2282
3.2588,1.0667,1.6811
3.2588,1.3156,2.1254
3.2588,1.5644,2.5665
3.2588,1.8132,2.9659
3.2588,2.0621,3.3348
3.2588,2.3109,3.6946
3.2588,2.5597,4.0459
3.2588,2.8085,4.3964
3.2588,3.0574,4.7285
3.2588,3.3062,5.0343
3.2588,3.555,5.3007
3.2588,3.8038,5.5189
3.2588,4.0527,5.7229
3.2588,4.3015,5.9248
3.2588,4.5503,6.1806
3.2588,4.7992,6.4293
3.2588,5.048,6.7068
3.2588,5.2968,6.8368
3.2588,5.5456,6.8459
3.2588,5.7945,6.8886
3.2588,6.0433,6.9664
3.2588,6.2921,7.0847
3.2588,6.541,7.1863
3.2588,6.7898,7.2679
3.2588,7.0386,7.3217
3.2588,7.2874,7.27
3.2588,7.5363,6.8819
3.2588,7.7851,6.5469
3.2588,8.0339,6.4498
3.2588,8.2827,6.4477
3.2588,8.5316,6.5234
3.2588,8.7804,6.61
3.2588,9.0292,6.7047
3.2588,9.2781,6.8072
3.2588,9.5269,6.9155
3.2588,9.7757,7.028
3.2588,10.025,7.1415
3.2588,10.273,7.2555
3.2588,10.522,7.3694
3.2588,10.771,7.4825
3.2588,11.02,7.5947
3.2588,11.269,7.7061
3.2588,11.518,7.8167
3.2588,11.766,7.9263
3.2588,12.015,8.0351
3.2588,12.264,8.143
3.2588,12.513,8.2499
3.4387,0.071429,-0.60763
3.4387,0.32026,0.024648
3.4387,0.56908,0.60312
3.4387,0.81791,1.1331
3.4387,1.0667,1.5908
3.4387,1.3156,2.0314
3.4387,1.5644,2.4754
3.4387,1.8132,2.8597
3.4387,2.0621,3.2109
3.4387,2.3109,3.553
3.4387,2.5597,3.8886
3.4387,2.8085,4.2138
3.4387,3.0574,4.5169
3.4387,3.3062,4.778
3.4387,3.555,5.0106
3.4387,3.8038,5.2271
3.4387,4.0527,5.4458
3.4387,4.3015,5.7459
3.4387,4.5503,6.0248
3.4387,4.7992,6.2941
3.4387,5.048,6.5184
3.4387,5.2968,6.5813
3.4387,5.5456,6.636
3.4387,5.7945,6.7309
3.4387,6.0433,6.8298
3.4387,6.2921,6.9318
3.4387,6.541,7.0246
3.4387,6.7898,7.1147
3.4387,7.0386,7.1336
3.4387,7.2874,7.0006
3.4387,7.5363,6.6327
3.4387,7.7851,6.4254
3.4387,8.0339,6.3674
3.4387,8.2827,6.3989
3.4387,8.5316,6.4583
3.4387,8.7804,6.5461
3.4387,9.0292,6.6435
3.4387,9.2781,6.7466
3.4387,9.5269,6.85
3.4387,9.7757,6.9613
3.4387,10.025,7.0743
3.4387,10.273,7.1878
3.4387,10.522,7.3011
3.4387,10.771,7.4138
3.4387,11.02,7.5255
3.4387,11.269,7.6362
3.4387,11.518,7.7458
3.4387,11.766,7.8544
3.4387,12.015,7.962
3.4387,12.264,8.0687
3.4387,12.513,8.1743
3.6187,0.071429,-0.72204
3.6187,0.32026,-0.082342
3.6187,0.56908,0.49311
3.6187,0.81791,1.031
3.6187,1.0667,1.49
3.6187,1.3156,1.9284
3.6187,1.5644,2.3763
3.6187,1.8132,2.7421
3.6187,2.0621,3.0854
3.6187,2.3109,3.4164
3.6187,2.5597,3.7433
3.6187,2.8085,4.042
3.6187,3.0574,4.3099
3.6187,3.3062,4.5652
3.6187,3.555,4.7872
3.6187,3.8038,5.0137
3.6187,4.0527,5.2773
3.6187,4.3015,5.565
3.6187,4.5503,5.8504
3.6187,4.7992,6.1654
3.6187,5.048,6.3018
3.6187,5.2968,6.3609
3.6187,5.5456,6.4787
3.6187,5.7945,6.5663
3.6187,6.0433,6.6651
3.6187,6.2921,6.7664
3.6187,6.541,6.8849
3.6187,6.7898,6.9668
3.6187,7.0386,6.9729
3.6187,7.2874,6.7225
3.6187,7.5363,6.4575
3.6187,7.7851,6.3166
3.6187,8.0339,6.2846
3.6187,8.2827,6.3175
3.6187,8.5316,6.3982
3.6187,8.7804,6.4901
3.6187,9.0292,6.58
3.6187,9.2781,6.6808
3.6187,9.5269,6.7897
3.6187,9.7757,6.9012
3.6187,10.025,7.0138
3.6187,10.273,7.1265
3.6187,10.522,7.2385
3.6187,10.771,7.3496
3.6187,11.02,7.4597
3.6187,11.269,7.5678
3.6187,11.518,7.6749
3.6187,11.766,7.781
3.6187,12.015,7.8861
3.6187,12.264,7.9903
3.6187,12.513,8.0923
3.7986,0.071429,-0.81221
3.7986,0.32026,-0.18661
3.7986,0.56908,0.38618
3.7986,0.81791,0.91153
3.7986,1.0667,1.3733
3.7986,1.3156,1.8247
3.7986,1.5644,2.2508
3.7986,1.8132,2.6261
3.7986,2.0621,2.9638
3.7986,2.3109,3.2837
3.7986,2.5597,3.599
3.7986,2.8085,3.8855
3.7986,3.0574,4.1413
3.7986,3.3062,4.3823
3.7986,3.555,4.6156
3.7986,3.8038,4.8478
3.7986,4.0527,5.1142
3.7986,4.3015,5.4041
3.7986,4.5503,5.6788
3.7986,4.7992,5.9316
3.7986,5.048,6.0474
3.7986,5.2968,6.1443
3.7986,5.5456,6.2759
3.7986,5.7945,6.3839
3.7986,6.0433,6.4847
3.7986,6.2921,6.6109
3.7986,6.541,6.7335
3.7986,6.7898,6.8094
3.7986,7.0386,6.7669
3.7986,7.2874,6.5291
3.7986,7.5363,6.3042
3.7986,7.7851,6.2173
3.7986,8.0339,6.2116
3.7986,8.2827,6.2745
3.7986,8.5316,6.3417
3.7986,8.7804,6.4205
3.7986,9.0292,6.5234
3.7986,9.2781,6.6294
3.7986,9.5269,6.7379
3.7986,9.7757,6.8463
3.7986,10.025,6.9555
3.7986,10.273,7.0646
3.7986,10.522,7.1732
3.7986,10.771,7.2811
3.7986,11.02,7.388
3.7986,11.269,7.494
3.7986,11.518,7.5991
3.7986,11.766,7.7032
3.7986,12.015,7.8043
3.7986,12.264,7.9041
3.7986,12.513,8.0032
3.9785,0.071429,-0.91628
3.9785,0.32026,-0.29098
3.9785,0.56908,0.27829
3.9785,0.81791,0.79608
3.9785,1.0667,1.2624
3.9785,1.3156,1.7228
3.9785,1.5644,2.1221
3.9785,1.8132,2.505
3.9785,2.0621,2.8402
3.9785,2.3109,3.1512
3.9785,2.5597,3.4537
3.9785,2.8085,3.7244
3.9785,3.0574,3.9808
3.9785,3.3062,4.219
3.9785,3.555,4.4508
3.9785,3.8038,4.6898
3.9785,4.0527,4.9605
3.9785,4.3015,5.2213
3.9785,4.5503,5.4747
3.9785,4.7992,5.6558
3.9785,5.048,5.8101
3.9785,5.2968,5.9569
3.9785,5.5456,6.0838
3.9785,5.7945,6.2032
3.9785,6.0433,6.332
3.9785,6.2921,6.474
3.9785,6.541,6.5639
3.9785,6.7898,6.628
3.9785,7.0386,6.5665
3.9785,7.2874,6.3364
3.9785,7.5363,6.1744
3.9785,7.7851,6.1326
3.9785,8.0339,6.1549
3.9785,8.2827,6.194
3.9785,8.5316,6.2763
3.9785,8.7804,6.3681
3.9785,9.0292,6.4689
3.9785,9.2781,6.5719
3.9785,9.5269,6.677
3.9785,9.7757,6.7835
3.9785,10.025,6.8904
3.9785,10.273,6.9971
3.9785,10.522,7.1034
3.9785,10.771,7.2089
3.9785,11.02,7.3136
3.9785,11.269,7.4174
3.9785,11.518,7.5173
3.9785,11.766,7.6165
3.9785,12.015,7.715
3.9785,12.264,7.8129
3.9785,12.513,7.9115
4.1584,0.071429,-1.0333
4.1584,0.32026,-0.41319
4.1584,0.56908,0.16799
4.1584,0.81791,0.68209
4.1584,1.0667,1.1726
4.1584,1.3156,1.6129
4.1584,1.5644,2.0188
4.1584,1.8132,2.3876
4.1584,2.0621,2.7118
4.1584,2.3109,3.0141
4.1584,2.5597,3.3038
4.1584,2.8085,3.5682
4.1584,3.0574,3.8206
4.1584,3.3062,4.0481
4.1584,3.555,4.2804
4.1584,3.8038,4.5359
4.1584,4.0527,4.785
4.1584,4.3015,5.0252
4.1584,4.5503,5.2747
4.1584,4.7992,5.4631
4.1584,5.048,5.6173
4.1584,5.2968,5.7685
4.1584,5.5456,5.9069
4.1584,5.7945,6.0382
4.1584,6.0433,6.175
4.1584,6.2921,6.2892
4.1584,6.541,6.4087
4.1584,6.7898,6.4605
4.1584,7.0386,6.3567
4.1584,7.2874,6.1673
4.1584,7.5363,6.0687
4.1584,7.7851,6.0404
4.1584,8.0339,6.065
4.1584,8.2827,6.1427
4.1584,8.5316,6.2363
4.1584,8.7804,6.3087
4.1584,9.0292,6.409
4.1584,9.2781,6.5106
4.1584,9.5269,6.6137
4.1584,9.7757,6.7178
4.1584,10.025,6.8222
4.1584,10.273,6.9265
4.1584,10.522,7.0303
4.1584,10.771,7.1327
4.1584,11.02,7.2315
4.1584,11.269,7.3299
4.1584,11.518,7.4277
4.1584,11.766,7.5251
4.1584,12.015,7.625
4.1584,12.264,7.7243
4.1584,12.513,7.823
4.3383,0.071429,-1.1849
4.3383,0.32026,-0.50668
4.3383,0.56908,0.05966
4.3383,0.81791,0.57363
4.3383,1.0667,1.0596
4.3383,1.3156,1.505
4.3383,1.5644,1.9124
4.3383,1.8132,2.2686
4.3383,2.0621,2.5754
4.3383,2.3109,2.8747
4.3383,2.5597,3.1548
4.3383,2.8085,3.4125
4.3383,3.0574,3.6593
4.3383,3.3062,3.8872
4.3383,3.555,4.1255
4.3383,3.8038,4.3683
4.3383,4.0527,4.6085
4.3383,4.3015,4.8506
4.3383,4.5503,5.0767
4.3383,4.7992,5.2654
4.3383,5.048,5.4355
4.3383,5.2968,5.5947
4.3383,5.5456,5.7323
4.3383,5.7945,5.861
4.3383,6.0433,6.0228
4.3383,6.2921,6.1591
4.3383,6.541,6.2555
4.3383,6.7898,6.2832
4.3383,7.0386,6.1779
4.3383,7.2874,6.0221
4.3383,7.5363,5.949
4.3383,7.7851,5.9575
4.3383,8.0339,6.018
4.3383,8.2827,6.0999
4.3383,8.5316,6.159
4.3383,8.7804,6.2481
4.3383,9.0292,6.3468
4.3383,9.2781,6.4464
4.3383,9.5269,6.5471
4.3383,9.7757,6.6486
4.3383,10.025,6.7504
4.3383,10.273,6.8503
4.3383,10.522,6.9474
4.3383,10.771,7.0445
4.3383,11.02,7.1444
4.3383,11.269,7.2449
4.3383,11.518,7.3447
4.3383,11.766,7.4439
4.3383,12.015,7.5425
4.3383,12.264,7.6405
4.3383,12.513,7.7366
4.5182,0.071429,-1.2282
4.5182,0.32026,-0.59366
4.5182,0.56908,-0.047552
4.5182,0.81791,0.4558
4.5182,1.0667,0.93811
4.5182,1.3156,1.3854
4.5182,1.5644,1.8182
4.5182,1.8132,2.1235
4.5182,2.0621,2.4315
4.5182,2.3109,2.731
4.5182,2.5597,3.0003
4.5182,2.8085,3.252
4.5182,3.0574,3.4936
4.5182,3.3062,3.728
4.5182,3.555,3.9642
4.5182,3.8038,4.2003
4.5182,4.0527,4.4438
4.5182,4.3015,4.6805
4.5182,4.5503,4.8926
4.5182,4.7992,5.0851
4.5182,5.048,5.2593
4.5182,5.2968,5.4142
4.5182,5.5456,5.5682
4.5182,5.7945,5.7283
4.5182,6.0433,5.8815
4.5182,6.2921,5.9995
4.5182,6.541,6.0881
4.5182,6.7898,6.1189
4.5182,7.0386,6.0095
4.5182,7.2874,5.8881
4.5182,7.5363,5.8531
4.5182,7.7851,5.8814
4.5182,8.0339,5.9438
4.5182,8.2827,6.0237
4.5182,8.5316,6.0876
4.5182,8.7804,6.1844
4.5182,9.0292,6.2809
4.5182,9.2781,6.378
4.5182,9.5269,6.4761
4.5182,9.7757,6.5715
4.5182,10.025,6.671
4.5182,10.273,6.7708
4.5182,10.522,6.869
4.5182,10.771,6.9664
4.5182,11.02,7.0636
4.5182,11.269,7.1604
4.5182,11.518,7.2568
4.5182,11.766,7.3528
4.5182,12.015,7.4484
4.5182,12.264,7.5436
4.5182,12.513,7.639
4.6981,0.071429,-1.3307
4.6981,0.32026,-0.71682
4.6981,0.56908,-0.16017
4.6981,0.81791,0.34078
4.6981,1.0667,0.8136
4.6981,1.3156,1.2694
4.6981,1.5644,1.6641
4.6981,1.8132,1.9804
4.6981,2.0621,2.2849
4.6981,2.3109,2.5811
4.6981,2.5597,2.849
4.6981,2.8085,3.099
4.6981,3.0574,3.3368
4.6981,3.3062,3.5678
4.6981,3.555,3.7997
4.6981,3.8038,4.0403
4.6981,4.0527,4.2803
4.6981,4.3015,4.5141
4.6981,4.5503,4.7236
4.6981,4.7992,4.9139
4.6981,5.048,5.0885
4.6981,5.2968,5.2565
4.6981,5.5456,5.4219
4.6981,5.7945,5.581
4.6981,6.0433,5.7188
4.6981,6.2921,5.836
4.6981,6.541,5.9204
4.6981,6.7898,5.9356
4.6981,7.0386,5.8503
4.6981,7.2874,5.7619
4.6981,7.5363,5.7516
4.6981,7.7851,5.793
4.6981,8.0339,5.8616
4.6981,8.2827,5.9439
4.6981,8.5316,6.033
4.6981,8.7804,6.1229
4.6981,9.0292,6.2116
4.6981,9.2781,6.304
4.6981,9.5269,6.3971
4.6981,9.7757,6.4916
4.6981,10.025,6.5871
4.6981,10.273,6.6829
4.6981,10.522,6.7789
4.6981,10.771,6.8748
4.6981,11.02,6.9704
4.6981,11.269,7.0658
4.6981,11.518,7.1616
4.6981,11.766,7.2576
4.6981,12.015,7.3532
4.6981,12.264,7.4485
4.6981,12.513,7.5434
4.878,0.071429,-1.4365
4.878,0.32026,-0.82857
4.878,0.56908,-0.27638
4.878,0.81791,0.22451
4.878,1.0667,0.68927
4.878,1.3156,1.1203
4.878,1.5644,1.4911
4.878,1.8132,1.8412
4.878,2.0621,2.1352
4.878,2.3109,2.4327
4.878,2.5597,2.6966
4.878,2.8085,2.942
4.878,3.0574,3.1762
4.878,3.3062,3.406
4.878,3.555,3.6394
4.878,3.8038,3.8804
4.878,4.0527,4.1218
4.878,4.3015,4.3499
4.878,4.5503,4.5562
4.878,4.7992,4.7452
4.878,5.048,4.9221
4.878,5.2968,5.0911
4.878,5.5456,5.2603
4.878,5.7945,5.4183
4.878,6.0433,5.5556
4.878,6.2921,5.6753
4.878,6.541,5.759
4.878,6.7898,5.784
4.878,7.0386,5.6935
4.878,7.2874,5.645
4.878,7.5363,5.6639
4.878,7.7851,5.7186
4.878,8.0339,5.7873
4.878,8.2827,5.8659
4.878,8.5316,5.9494
4.878,8.7804,6.0377
4.878,9.0292,6.1266
4.878,9.2781,6.2169
4.878,9.5269,6.3088
4.878,9.7757,6.4021
4.878,10.025,6.4961
4.878,10.273,6.5905
4.878,10.522,6.6862
4.878,10.771,6.7821
4.878,11.02,6.8777
4.878,11.269,6.973
4.878,11.518,7.0681
4.878,11.766,7.1628
4.878,12.015,7.2573
4.878,12.264,7.3515
4.878,12.513,7.4454
5.058,0.071429,-1.5297
5.058,0.32026,-0.90498
5.058,0.56908,-0.36774
5.058,0.81791,0.11634
5.058,1.0667,0.56762
5.058,1.3156,0.99666
5.058,1.5644,1.3639
5.058,1.8132,1.6995
5.058,2.0621,2.004
5.058,2.3109,2.2896
5.058,2.5597,2.5471
5.058,2.8085,2.7881
5.058,3.0574,3.0182
5.058,3.3062,3.246
5.058,3.555,3.4855
5.058,3.8038,3.7286
5.058,4.0527,3.9638
5.058,4.3015,4.1867
5.058,4.5503,4.388
5.058,4.7992,4.574
5.058,5.048,4.7493
5.058,5.2968,4.9227
5.058,5.5456,5.0981
5.058,5.7945,5.2575
5.058,6.0433,5.3911
5.058,6.2921,5.5188
5.058,6.541,5.6001
5.058,6.7898,5.594
5.058,7.0386,5.544
5.058,7.2874,5.5306
5.058,7.5363,5.5601
5.058,7.7851,5.6174
5.058,8.0339,5.696
5.058,8.2827,5.7828
5.058,8.5316,5.8711
5.058,8.7804,5.961
5.058,9.0292,6.049
5.058,9.2781,6.1383
5.058,9.5269,6.2291
5.058,9.7757,6.3212
5.058,10.025,6.4141
5.058,10.273,6.5075
5.058,10.522,6.6011
5.058,10.771,6.6947
5.058,11.02,6.7883
5.058,11.269,6.8817
5.058,11.518,6.9749
5.058,11.766,7.068
5.058,12.015,7.1609
5.058,12.264,7.2536
5.058,12.513,7.3462
5.2379,0.071429,-1.535
5.2379,0.32026,-0.96012
5.2379,0.56908,-0.45083
5.2379,0.81791,0.01564
5.2379,1.0667,0.44969
5.2379,1.3156,0.86155
5.2379,1.5644,1.2461
5.2379,1.8132,1.5754
5.2379,2.0621,1.8742
5.2379,2.3109,2.1541
5.2379,2.5597,2.4028
5.2379,2.8085,2.638
5.2379,3.0574,2.8625
5.2379,3.3062,3.0933
5.2379,3.555,3.3325
5.2379,3.8038,3.5721
5.2379,4.0527,3.8052
5.2379,4.3015,4.0242
5.2379,4.5503,4.22
5.2379,4.7992,4.4004
5.2379,5.048,4.5788
5.2379,5.2968,4.7631
5.2379,5.5456,4.9394
5.2379,5.7945,5.0924
5.2379,6.0433,5.224
5.2379,6.2921,5.3516
5.2379,6.541,5.4364
5.2379,6.7898,5.4313
5.2379,7.0386,5.4052
5.2379,7.2874,5.4209
5.2379,7.5363,5.4719
5.2379,7.7851,5.5431
5.2379,8.0339,5.6252
5.2379,8.2827,5.6956
5.2379,8.5316,5.7859
5.2379,8.7804,5.8741
5.2379,9.0292,5.9619
5.2379,9.2781,6.0508
5.2379,9.5269,6.1411
5.2379,9.7757,6.2327
5.2379,10.025,6.325
5.2379,10.273,6.4177
5.2379,10.522,6.5108
5.2379,10.771,6.6039
5.2379,11.02,6.697
5.2379,11.269,6.7898
5.2379,11.518,6.882
5.2379,11.766,6.9742
5.2379,12.015,7.0662
5.2379,12.264,7.1581
5.2379,12.513,7.2499
5.4178,0.071429,-1.5573
5.4178,0.32026,-1.0324
5.4178,0.56908,-0.53782
5.4178,0.81791,-0.084542
5.4178,1.0667,0.33292
5.4178,1.3156,0.73102
5.4178,1.5644,1.1066
5.4178,1.8132,1.4579
5.4178,2.0621,1.746
5.4178,2.3109,2.0155
5.4178,2.5597,2.2622
5.4178,2.8085,2.488
5.4178,3.0574,2.7091
5.4178,3.3062,2.9424
5.4178,3.555,3.1777
5.4178,3.8038,3.4187
5.4178,4.0527,3.6494
5.4178,4.3015,3.8571
5.4178,4.5503,4.0526
5.4178,4.7992,4.2365
5.4178,5.048,4.4228
5.4178,5.2968,4.6034
5.4178,5.5456,4.7745
5.4178,5.7945,4.9185
5.4178,6.0433,5.0647
5.4178,6.2921,5.1671
5.4178,6.541,5.2462
5.4178,6.7898,5.2535
5.4178,7.0386,5.2675
5.4178,7.2874,5.311
5.4178,7.5363,5.3764
5.4178,7.7851,5.4547
5.4178,8.0339,5.5402
5.4178,8.2827,5.6048
5.4178,8.5316,5.6938
5.4178,8.7804,5.7805
5.4178,9.0292,5.8672
5.4178,9.2781,5.9551
5.4178,9.5269,6.0445
5.4178,9.7757,6.1351
5.4178,10.025,6.2264
5.4178,10.273,6.3182
5.4178,10.522,6.4103
5.4178,10.771,6.5025
5.4178,11.02,6.5948
5.4178,11.269,6.687
5.4178,11.518,6.7792
5.4178,11.766,6.8714
5.4178,12.015,6.9634
5.4178,12.264,7.0554
5.4178,12.513,7.1473
5.5977,0.071429,-1.5995
5.5977,0.32026,-1.0984
5.5977,0.56908,-0.619
5.5977,0.81791,-0.1791
5.5977,1.0667,0.22974
5.5977,1.3156,0.6201
5.5977,1.5644,0.98019
5.5977,1.8132,1.3273
5.5977,2.0621,1.616
5.5977,2.3109,1.8775
5.5977,2.5597,2.1167
5.5977,2.8085,2.3355
5.5977,3.0574,2.5579
5.5977,3.3062,2.7901
5.5977,3.555,3.0302
5.5977,3.8038,3.2698
5.5977,4.0527,3.4976
5.5977,4.3015,3.7024
5.5977,4.5503,3.8968
5.5977,4.7992,4.0811
5.5977,5.048,4.2673
5.5977,5.2968,4.444
5.5977,5.5456,4.6111
5.5977,5.7945,4.7555
5.5977,6.0433,4.8918
5.5977,6.2921,4.9987
5.5977,6.541,5.0579
5.5977,6.7898,5.0879
5.5977,7.0386,5.1307
5.5977,7.2874,5.1929
5.5977,7.5363,5.269
5.5977,7.7851,5.3535
5.5977,8.0339,5.4361
5.5977,8.2827,5.5069
5.5977,8.5316,5.5949
5.5977,8.7804,5.6807
5.5977,9.0292,5.7667
5.5977,9.2781,5.8541
5.5977,9.5269,5.9429
5.5977,9.7757,6.0328
5.5977,10.025,6.1234
5.5977,10.273,6.2145
5.5977,10.522,6.3059
5.5977,10.771,6.3975
5.5977,11.02,6.4891
5.5977,11.269,6.5807
5.5977,11.518,6.6724
5.5977,11.766,6.7639
5.5977,12.015,6.8555
5.5977,12.264,6.9469
5.5977,12.513,7.0383
5.7776,0.071429,-1.6236
5.7776,0.32026,-1.1508
5.7776,0.56908,-0.69268
5.7776,0.81791,-0.26226
5.7776,1.0667,0.13522
5.7776,1.3156,0.50933
5.7776,1.5644,0.86298
5.7776,1.8132,1.19
5.7776,2.0621,1.4852
5.7776,2.3109,1.7347
5.7776,2.5597,1.9679
5.7776,2.8085,2.184
5.7776,3.0574,2.4086
5.7776,3.3062,2.645
5.7776,3.555,2.8878
5.7776,3.8038,3.1254
5.7776,4.0527,3.3489
5.7776,4.3015,3.5495
5.7776,4.5503,3.739
5.7776,4.7992,3.9283
5.7776,5.048,4.1053
5.7776,5.2968,4.2836
5.7776,5.5456,4.4453
5.7776,5.7945,4.5946
5.7776,6.0433,4.7228
5.7776,6.2921,4.8166
5.7776,6.541,4.8772
5.7776,6.7898,4.9285
5.7776,7.0386,4.9915
5.7776,7.2874,5.0672
5.7776,7.5363,5.1518
5.7776,7.7851,5.2419
5.7776,8.0339,5.3173
5.7776,8.2827,5.407
5.7776,8.5316,5.4931
5.7776,8.7804,5.5775
5.7776,9.0292,5.6624
5.7776,9.2781,5.7487
5.7776,9.5269,5.8365
5.7776,9.7757,5.926
5.7776,10.025,6.0163
5.7776,10.273,6.1069
5.7776,10.522,6.1979
5.7776,10.771,6.2889
5.7776,11.02,6.3801
5.7776,11.269,6.4713
5.7776,11.518,6.5625
5.7776,11.766,6.6536
5.7776,12.015,6.7448
5.7776,12.264,6.8358
5.7776,12.513,6.9269
5.9575,0.071429,-1.6459
5.9575,0.32026,-1.1894
5.9575,0.56908,-0.75292
5.9575,0.81791,-0.34098
5.9575,1.0667,0.043125
5.9575,1.3156,0.40421
5.9575,1.5644,0.74501
5.9575,1.8132,1.0634
5.9575,2.0621,1.3482
5.9575,2.3109,1.5967
5.9575,2.5597,1.8189
5.9575,2.8085,2.0337
5.9575,3.0574,2.2741
5.9575,3.3062,2.5165
5.9575,3.555,2.7552
5.9575,3.8038,2.9857
5.9575,4.0527,3.1996
5.9575,4.3015,3.3989
5.9575,4.5503,3.5851
5.9575,4.7992,3.7707
5.9575,5.048,3.9484
5.9575,5.2968,4.1231
5.9575,5.5456,4.2785
5.9575,5.7945,4.4367
5.9575,6.0433,4.5589
5.9575,6.2921,4.6542
5.9575,6.541,4.7202
5.9575,6.7898,4.782
5.9575,7.0386,4.8545
5.9575,7.2874,4.9372
5.9575,7.5363,5.0269
5.9575,7.7851,5.1199
5.9575,8.0339,5.2071
5.9575,8.2827,5.2973
5.9575,8.5316,5.3836
5.9575,8.7804,5.4685
5.9575,9.0292,5.5541
5.9575,9.2781,5.6409
5.9575,9.5269,5.7288
5.9575,9.7757,5.8177
5.9575,10.025,5.9071
5.9575,10.273,5.9969
5.9575,10.522,6.0869
5.9575,10.771,6.177
5.9575,11.02,6.2678
5.9575,11.269,6.3587
5.9575,11.518,6.4496
5.9575,11.766,6.5391
5.9575,12.015,6.6284
5.9575,12.264,6.7176
5.9575,12.513,6.8067
6.1374,0.071429,-1.6593
6.1374,0.32026,-1.222
6.1374,0.56908,-0.80305
6.1374,0.81791,-0.40786
6.1374,1.0667,-0.036523
6.1374,1.3156,0.312
6.1374,1.5644,0.63976
6.1374,1.8132,0.94406
6.1374,2.0621,1.2196
6.1374,2.3109,1.4575
6.1374,2.5597,1.6727
6.1374,2.8085,1.8879
6.1374,3.0574,2.1382
6.1374,3.3062,2.3837
6.1374,3.555,2.6152
6.1374,3.8038,2.8448
6.1374,4.0527,3.0546
6.1374,4.3015,3.2507
6.1374,4.5503,3.4368
6.1374,4.7992,3.6136
6.1374,5.048,3.7952
6.1374,5.2968,3.9692
6.1374,5.5456,4.1268
6.1374,5.7945,4.28
6.1374,6.0433,4.3985
6.1374,6.2921,4.5025
6.1374,6.541,4.5742
6.1374,6.7898,4.6426
6.1374,7.0386,4.7205
6.1374,7.2874,4.8072
6.1374,7.5363,4.8988
6.1374,7.7851,4.9932
6.1374,8.0339,5.0881
6.1374,8.2827,5.1787
6.1374,8.5316,5.2655
6.1374,8.7804,5.3512
6.1374,9.0292,5.4374
6.1374,9.2781,5.5246
6.1374,9.5269,5.6128
6.1374,9.7757,5.7016
6.1374,10.025,5.7907
6.1374,10.273,5.8803
6.1374,10.522,5.9709
6.1374,10.771,6.0617
6.1374,11.02,6.1524
6.1374,11.269,6.2432
6.1374,11.518,6.334
6.1374,11.766,6.4247
6.1374,12.015,6.5154
6.1374,12.264,6.6055
6.1374,12.513,6.6953
6.3174,0.071429,-1.6691
6.3174,0.32026,-1.2489
6.3174,0.56908,-0.85145
6.3174,0.81791,-0.47158
6.3174,1.0667,-0.1124
6.3174,1.3156,0.22188
6.3174,1.5644,0.53623
6.3174,1.8132,0.8272
6.3174,2.0621,1.0842
6.3174,2.3109,1.3167
6.3174,2.5597,1.5357
6.3174,2.8085,1.7522
6.3174,3.0574,2.0005
6.3174,3.3062,2.2377
6.3174,3.555,2.4784
6.3174,3.8038,2.7034
6.3174,4.0527,2.9131
6.3174,4.3015,3.1063
6.3174,4.5503,3.2835
6.3174,4.7992,3.4602
6.3174,5.048,3.644
6.3174,5.2968,3.8147
6.3174,5.5456,3.9723
6.3174,5.7945,4.1237
6.3174,6.0433,4.2396
6.3174,6.2921,4.3477
6.3174,6.541,4.4283
6.3174,6.7898,4.5031
6.3174,7.0386,4.5849
6.3174,7.2874,4.6741
6.3174,7.5363,4.7684
6.3174,7.7851,4.8654
6.3174,8.0339,4.9606
6.3174,8.2827,5.0518
6.3174,8.5316,5.1393
6.3174,8.7804,5.2258
6.3174,9.0292,5.313
6.3174,9.2781,5.4014
6.3174,9.5269,5.4907
6.3174,9.7757,5.5807
6.3174,10.025,5.671
6.3174,10.273,5.7617
6.3174,10.522,5.8524
6.3174,10.771,5.9432
6.3174,11.02,6.034
6.3174,11.269,6.1248
6.3174,11.518,6.2156
6.3174,11.766,6.306
6.3174,12.015,6.3956
6.3174,12.264,6.4851
6.3174,12.513,6.5745
6.4973,0.071429,-1.6775
6.4973,0.32026,-1.2785
6.4973,0.56908,-0.89815
6.4973,0.81791,-0.53142
6.4973,1.0667,-0.18946
6.4973,1.3156,0.13141
6.4973,1.5644,0.43351
6.4973,1.8132,0.70978
6.4973,2.0621,0.95364
6.4973,2.3109,1.1787
6.4973,2.5597,1.401
6.4973,2.8085,1.624
6.4973,3.0574,1.8698
6.4973,3.3062,2.1097
6.4973,3.555,2.3434
6.4973,3.8038,2.5657
6.4973,4.0527,2.7701
6.4973,4.3015,2.957
6.4973,4.5503,3.1326
6.4973,4.7992,3.31
6.4973,5.048,3.4948
6.4973,5.2968,3.6635
6.4973,5.5456,3.8179
6.4973,5.7945,3.9681
6.4973,6.0433,4.0822
6.4973,6.2921,4.2034
6.4973,6.541,4.2846
6.4973,6.7898,4.3631
6.4973,7.0386,4.4484
6.4973,7.2874,4.5401
6.4973,7.5363,4.6361
6.4973,7.7851,4.7345
6.4973,8.0339,4.8311
6.4973,8.2827,4.9231
6.4973,8.5316,5.0117
6.4973,8.7804,5.0997
6.4973,9.0292,5.1881
6.4973,9.2781,5.2774
6.4973,9.5269,5.3674
6.4973,9.7757,5.4579
6.4973,10.025,5.5486
6.4973,10.273,5.6389
6.4973,10.522,5.729
6.4973,10.771,5.8191
6.4973,11.02,5.9091
6.4973,11.269,5.9994
6.4973,11.518,6.0899
6.4973,11.766,6.1804
6.4973,12.015,6.2708
6.4973,12.264,6.3612
6.4973,12.513,6.4515
6.6772,0.071429,-1.6961
6.6772,0.32026,-1.3139
6.6772,0.56908,-0.94145
6.6772,0.81791,-0.59024
6.6772,1.0667,-0.2639
6.6772,1.3156,0.043488
6.6772,1.5644,0.33233
6.6772,1.8132,0.5904
6.6772,2.0621,0.82741
6.6772,2.3109,1.0495
6.6772,2.5597,1.2731
6.6772,2.8085,1.4983
6.6772,3.0574,1.7382
6.6772,3.3062,1.9749
6.6772,3.555,2.208
6.6772,3.8038,2.4287
6.6772,4.0527,2.6349
6.6772,4.3015,2.8145
6.6772,4.5503,2.9874
6.6772,4.7992,3.1638
6.6772,5.048,3.3462
6.6772,5.2968,3.508
6.6772,5.5456,3.6725
6.6772,5.7945,3.8145
6.6772,6.0433,3.9336
6.6772,6.2921,4.054
6.6772,6.541,4.139
6.6772,6.7898,4.2214
6.6772,7.0386,4.3097
6.6772,7.2874,4.4037
6.6772,7.5363,4.5012
6.6772,7.7851,4.6008
6.6772,8.0339,4.6984
6.6772,8.2827,4.791
6.6772,8.5316,4.8807
6.6772,8.7804,4.9695
6.6772,9.0292,5.0588
6.6772,9.2781,5.1488
6.6772,9.5269,5.2393
6.6772,9.7757,5.3301
6.6772,10.025,5.4212
6.6772,10.273,5.5122
6.6772,10.522,5.6033
6.6772,10.771,5.6944
6.6772,11.02,5.7853
6.6772,11.269,5.8762
6.6772,11.518,5.967
6.6772,11.766,6.0577
6.6772,12.015,6.1483
6.6772,12.264,6.2389
6.6772,12.513,6.3294
6.8571,0.071429,-1.7204
6.8571,0.32026,-1.3418
6.8571,0.56908,-0.98375
6.8571,0.81791,-0.65053
6.8571,1.0667,-0.33369
6.8571,1.3156,-0.039556
6.8571,1.5644,0.23182
6.8571,1.8132,0.47922
6.8571,2.0621,0.70673
6.8571,2.3109,0.92707
6.8571,2.5597,1.152
6.8571,2.8085,1.3723
6.8571,3.0574,1.6124
6.8571,3.3062,1.8506
6.8571,3.555,2.0773
6.8571,3.8038,2.2897
6.8571,4.0527,2.4851
6.8571,4.3015,2.6653
6.8571,4.5503,2.8424
6.8571,4.7992,3.018
6.8571,5.048,3.193
6.8571,5.2968,3.3594
6.8571,5.5456,3.5211
6.8571,5.7945,3.668
6.8571,6.0433,3.7877
6.8571,6.2921,3.8939
6.8571,6.541,3.9845
6.8571,6.7898,4.0738
6.8571,7.0386,4.1663
6.8571,7.2874,4.2632
6.8571,7.5363,4.3628
6.8571,7.7851,4.4639
6.8571,8.0339,4.5621
6.8571,8.2827,4.6554
6.8571,8.5316,4.7461
6.8571,8.7804,4.8362
6.8571,9.0292,4.9268
6.8571,9.2781,5.0179
6.8571,9.5269,5.1094
6.8571,9.7757,5.2011
6.8571,10.025,5.2929
6.8571,10.273,5.3847
6.8571,10.522,5.4763
6.8571,10.771,5.5678
6.8571,11.02,5.6593
6.8571,11.269,5.7505
6.8571,11.518,5.8417
6.8571,11.766,5.9327
6.8571,12.015,6.0237
6.8571,12.264,6.1145
6.8571,12.513,6.2053
7.037,0.071429,-1.7327
7.037,0.32026,-1.3669
7.037,0.56908,-1.0239
7.037,0.81791,-0.69878
7.037,1.0667,-0.39794
7.037,1.3156,-0.12067
7.037,1.5644,0.13361
7.037,1.8132,0.36903
7.037,2.0621,0.59122
7.037,2.3109,0.8155
7.037,2.5597,1.0358
7.037,2.8085,1.2606
7.037,3.0574,1.4889
7.037,3.3062,1.7225
7.037,3.555,1.9385
7.037,3.8038,2.1349
7.037,4.0527,2.3317
7.037,4.3015,2.5132
7.037,4.5503,2.6847
7.037,4.7992,2.8687
7.037,5.048,3.0439
7.037,5.2968,3.2091
7.037,5.5456,3.3629
7.037,5.7945,3.5002
7.037,6.0433,3.6192
7.037,6.2921,3.7295
7.037,6.541,3.8254
7.037,6.7898,3.9188
7.037,7.0386,4.017
7.037,7.2874,4.1175
7.037,7.5363,4.22
7.037,7.7851,4.3235
7.037,8.0339,4.4226
7.037,8.2827,4.5167
7.037,8.5316,4.6082
7.037,8.7804,4.6993
7.037,9.0292,4.7908
7.037,9.2781,4.8826
7.037,9.5269,4.9747
7.037,9.7757,5.0669
7.037,10.025,5.1592
7.037,10.273,5.2514
7.037,10.522,5.3434
7.037,10.771,5.4354
7.037,11.02,5.5272
7.037,11.269,5.6189
7.037,11.518,5.7104
7.037,11.766,5.8018
7.037,12.015,5.8931
7.037,12.264,5.9843
7.037,12.513,6.0755
7.2169,0.071429,-1.7421
7.2169,0.32026,-1.3902
7.2169,0.56908,-1.0585
7.2169,0.81791,-0.74642
7.2169,1.0667,-0.46273
7.2169,1.3156,-0.20608
7.2169,1.5644,0.034088
7.2169,1.8132,0.2632
7.2169,2.0621,0.48552
7.2169,2.3109,0.70977
7.2169,2.5597,0.92795
7.2169,2.8085,1.1509
7.2169,3.0574,1.3731
7.2169,3.3062,1.5945
7.2169,3.555,1.8001
7.2169,3.8038,1.983
7.2169,4.0527,2.1744
7.2169,4.3015,2.3534
7.2169,4.5503,2.5332
7.2169,4.7992,2.7138
7.2169,5.048,2.8852
7.2169,5.2968,3.0476
7.2169,5.5456,3.1992
7.2169,5.7945,3.3324
7.2169,6.0433,3.4538
7.2169,6.2921,3.5617
7.2169,6.541,3.6639
7.2169,6.7898,3.7645
7.2169,7.0386,3.8657
7.2169,7.2874,3.9697
7.2169,7.5363,4.0749
7.2169,7.7851,4.1796
7.2169,8.0339,4.2792
7.2169,8.2827,4.3743
7.2169,8.5316,4.4673
7.2169,8.7804,4.5598
7.2169,9.0292,4.6523
7.2169,9.2781,4.7449
7.2169,9.5269,4.8374
7.2169,9.7757,4.9301
7.2169,10.025,5.0228
7.2169,10.273,5.1155
7.2169,10.522,5.208
7.2169,10.771,5.3003
7.2169,11.02,5.3925
7.2169,11.269,5.4844
7.2169,11.518,5.5763
7.2169,11.766,5.668
7.2169,12.015,5.7595
7.2169,12.264,5.851
7.2169,12.513,5.9423
7.3968,0.071429,-1.7586
7.3968,0.32026,-1.4205
7.3968,0.56908,-1.0979
7.3968,0.81791,-0.79923
7.3968,1.0667,-0.53651
7.3968,1.3156,-0.28733
7.3968,1.5644,-0.063198
7.3968,1.8132,0.16218
7.3968,2.0621,0.38434
7.3968,2.3109,0.60667
7.3968,2.5597,0.82506
7.3968,2.8085,1.0423
7.3968,3.0574,1.2532
7.3968,3.3062,1.4629
7.3968,3.555,1.6528
7.3968,3.8038,1.8332
7.3968,4.0527,2.0222
7.3968,4.3015,2.2003
7.3968,4.5503,2.3802
7.3968,4.7992,2.5599
7.3968,5.048,2.7284
7.3968,5.2968,2.8881
7.3968,5.5456,3.0371
7.3968,5.7945,3.1644
7.3968,6.0433,3.2935
7.3968,6.2921,3.3995
7.3968,6.541,3.5015
7.3968,6.7898,3.607
7.3968,7.0386,3.7135
7.3968,7.2874,3.8199
7.3968,7.5363,3.9274
7.3968,7.7851,4.0329
7.3968,8.0339,4.1331
7.3968,8.2827,4.2292
7.3968,8.5316,4.3237
7.3968,8.7804,4.4177
7.3968,9.0292,4.5118
7.3968,9.2781,4.6058
7.3968,9.5269,4.6996
7.3968,9.7757,4.7931
7.3968,10.025,4.8863
7.3968,10.273,4.9791
7.3968,10.522,5.0715
7.3968,10.771,5.1635
7.3968,11.02,5.2556
7.3968,11.269,5.348
7.3968,11.518,5.4402
7.3968,11.766,5.5323
7.3968,12.015,5.6242
7.3968,12.264,5.7159
7.3968,12.513,5.8076
7.5768,0.071429,-1.7736
7.5768,0.32026,-1.4408
7.5768,0.56908,-1.1321
7.5768,0.81791,-0.85372
7.5768,1.0667,-0.60181
7.5768,1.3156,-0.37472
7.5768,1.5644,-0.15492
7.5768,1.8132,0.066202
7.5768,2.0621,0.28722
7.5768,2.3109,0.50631
7.5768,2.5597,0.72264
7.5768,2.8085,0.93319
7.5768,3.0574,1.1364
7.5768,3.3062,1.3289
7.5768,3.555,1.5059
7.5768,3.8038,1.6852
7.5768,4.0527,1.8678
7.5768,4.3015,2.0455
7.5768,4.5503,2.2276
7.5768,4.7992,2.4029
7.5768,5.048,2.5669
7.5768,5.2968,2.7325
7.5768,5.5456,2.879
7.5768,5.7945,3.0046
7.5768,6.0433,3.1309
7.5768,6.2921,3.2397
7.5768,6.541,3.3438
7.5768,6.7898,3.4495
7.5768,7.0386,3.5584
7.5768,7.2874,3.6681
7.5768,7.5363,3.7775
7.5768,7.7851,3.8837
7.5768,8.0339,3.9843
7.5768,8.2827,4.0815
7.5768,8.5316,4.1774
7.5768,8.7804,4.2731
7.5768,9.0292,4.3686
7.5768,9.2781,4.464
7.5768,9.5269,4.5592
7.5768,9.7757,4.654
7.5768,10.025,4.7484
7.5768,10.273,4.8423
7.5768,10.522,4.9358
7.5768,10.771,5.0288
7.5768,11.02,5.1214
7.5768,11.269,5.2136
7.5768,11.518,5.3054
7.5768,11.766,5.3969
7.5768,12.015,5.4881
7.5768,12.264,5.5792
7.5768,12.513,5.6712
7.7567,0.071429,-1.7702
7.7567,0.32026,-1.4543
7.7567,0.56908,-1.1681
7.7567,0.81791,-0.91042
7.7567,1.0667,-0.67591
7.7567,1.3156,-0.45885
7.7567,1.5644,-0.24319
7.7567,1.8132,-0.02528
7.7567,2.0621,0.19271
7.7567,2.3109,0.40883
7.7567,2.5597,0.62042
7.7567,2.8085,0.82506
7.7567,3.0574,1.017
7.7567,3.3062,1.191
7.7567,3.555,1.3614
7.7567,3.8038,1.5388
7.7567,4.0527,1.7137
7.7567,4.3015,1.8922
7.7567,4.5503,2.0744
7.7567,4.7992,2.2467
7.7567,5.048,2.4092
7.7567,5.2968,2.5702
7.7567,5.5456,2.7155
7.7567,5.7945,2.844
7.7567,6.0433,2.9642
7.7567,6.2921,3.0761
7.7567,6.541,3.1845
7.7567,6.7898,3.2929
7.7567,7.0386,3.4029
7.7567,7.2874,3.5143
7.7567,7.5363,3.6254
7.7567,7.7851,3.7318
7.7567,8.0339,3.8329
7.7567,8.2827,3.9313
7.7567,8.5316,4.0288
7.7567,8.7804,4.126
7.7567,9.0292,4.2231
7.7567,9.2781,4.3199
7.7567,9.5269,4.4164
7.7567,9.7757,4.5125
7.7567,10.025,4.6081
7.7567,10.273,4.7032
7.7567,10.522,4.7978
7.7567,10.771,4.8919
7.7567,11.02,4.9855
7.7567,11.269,5.0786
7.7567,11.518,5.1714
7.7567,11.766,5.2637
7.7567,12.015,5.3557
7.7567,12.264,5.4473
7.7567,12.513,5.5387
7.9366,0.071429,-1.7669
7.9366,0.32026,-1.4759
7.9366,0.56908,-1.2114
7.9366,0.81791,-0.97196
7.9366,1.0667,-0.75321
7.9366,1.3156,-0.54271
7.9366,1.5644,-0.33199
7.9366,1.8132,-0.1146
7.9366,2.0621,0.10022
7.9366,2.3109,0.31188
7.9366,2.5597,0.51655
7.9366,2.8085,0.71232
7.9366,3.0574,0.89137
7.9366,3.3062,1.0525
7.9366,3.555,1.2178
7.9366,3.8038,1.3892
7.9366,4.0527,1.5614
7.9366,4.3015,1.74
7.9366,4.5503,1.92
7.9366,4.7992,2.0904
7.9366,5.048,2.2502
7.9366,5.2968,2.4054
7.9366,5.5456,2.5464
7.9366,5.7945,2.6765
7.9366,6.0433,2.7984
7.9366,6.2921,2.9112
7.9366,6.541,3.0222
7.9366,6.7898,3.1337
7.9366,7.0386,3.2461
7.9366,7.2874,3.359
7.9366,7.5363,3.4709
7.9366,7.7851,3.5775
7.9366,8.0339,3.6792
7.9366,8.2827,3.7787
7.9366,8.5316,3.8777
7.9366,8.7804,3.9766
7.9366,9.0292,4.0752
7.9366,9.2781,4.1735
7.9366,9.5269,4.2714
7.9366,9.7757,4.3688
7.9366,10.025,4.4657
7.9366,10.273,4.562
7.9366,10.522,4.6578
7.9366,10.771,4.7529
7.9366,11.02,4.8476
7.9366,11.269,4.9417
7.9366,11.518,5.0354
7.9366,11.766,5.1286
7.9366,12.015,5.2214
7.9366,12.264,5.3139
7.9366,12.513,5.406
8.1165,0.071429,-1.7774
8.1165,0.32026,-1.5083
8.1165,0.56908,-1.2643
8.1165,0.81791,-1.0409
8.1165,1.0667,-0.83128
8.1165,1.3156,-0.6272
8.1165,1.5644,-0.415
8.1165,1.8132,-0.20091
8.1165,2.0621,0.0069325
8.1165,2.3109,0.2138
8.1165,2.5597,0.40923
8.1165,2.8085,0.59299
8.1165,3.0574,0.75975
8.1165,3.3062,0.91597
8.1165,3.555,1.0763
8.1165,3.8038,1.2417
8.1165,4.0527,1.4095
8.1165,4.3015,1.5854
8.1165,4.5503,1.7646
8.1165,4.7992,1.9329
8.1165,5.048,2.0903
8.1165,5.2968,2.2399
8.1165,5.5456,2.3776
8.1165,5.7945,2.5087
8.1165,6.0433,2.6307
8.1165,6.2921,2.7465
8.1165,6.541,2.8598
8.1165,6.7898,2.9732
8.1165,7.0386,3.0873
8.1165,7.2874,3.2018
8.1165,7.5363,3.3143
8.1165,7.7851,3.4209
8.1165,8.0339,3.5233
8.1165,8.2827,3.624
8.1165,8.5316,3.7243
8.1165,8.7804,3.8247
8.1165,9.0292,3.9249
8.1165,9.2781,4.025
8.1165,9.5269,4.1243
8.1165,9.7757,4.223
8.1165,10.025,4.3212
8.1165,10.273,4.4188
8.1165,10.522,4.5157
8.1165,10.771,4.612
8.1165,11.02,4.7077
8.1165,11.269,4.8029
8.1165,11.518,4.8975
8.1165,11.766,4.9917
8.1165,12.015,5.0854
8.1165,12.264,5.1787
8.1165,12.513,5.2716
8.2964,0.071429,-1.8018
8.2964,0.32026,-1.5493
8.2964,0.56908,-1.3233
8.2964,0.81791,-1.1142
8.2964,1.0667,-0.91176
8.2964,1.3156,-0.71094
8.2964,1.5644,-0.49991
8.2964,1.8132,-0.29074
8.2964,2.0621,-0.087383
8.2964,2.3109,0.11507
8.2964,2.5597,0.30405
8.2964,2.8085,0.4682
8.2964,3.0574,0.62622
8.2964,3.3062,0.78008
8.2964,3.555,0.93526
8.2964,3.8038,1.0946
8.2964,4.0527,1.2585
8.2964,4.3015,1.4327
8.2964,4.5503,1.608
8.2964,4.7992,1.7733
8.2964,5.048,1.93
8.2964,5.2968,2.0768
8.2964,5.5456,2.2095
8.2964,5.7945,2.3411
8.2964,6.0433,2.4629
8.2964,6.2921,2.5809
8.2964,6.541,2.6963
8.2964,6.7898,2.8117
8.2964,7.0386,2.9274
8.2964,7.2874,3.0431
8.2964,7.5363,3.1558
8.2964,7.7851,3.2624
8.2964,8.0339,3.3654
8.2964,8.2827,3.4673
8.2964,8.5316,3.569
8.2964,8.7804,3.6708
8.2964,9.0292,3.7724
8.2964,9.2781,3.8738
8.2964,9.5269,3.9749
8.2964,9.7757,4.0753
8.2964,10.025,4.1748
8.2964,10.273,4.2736
8.2964,10.522,4.3717
8.2964,10.771,4.4692
8.2964,11.02,4.5661
8.2964,11.269,4.6623
8.2964,11.518,4.7579
8.2964,11.766,4.8531
8.2964,12.015,4.9477
8.2964,12.264,5.0418
8.2964,12.513,5.1356
8.4763,0.071429,-1.8339
8.4763,0.32026,-1.6024
8.4763,0.56908,-1.3907
8.4763,0.81791,-1.1859
8.4763,1.0667,-0.99032
8.4763,1.3156,-0.79334
8.4763,1.5644,-0.58374
8.4763,1.8132,-0.37943
8.4763,2.0621,-0.18142
8.4763,2.3109,0.013141
8.4763,2.5597,0.18745
8.4763,2.8085,0.34136
8.4763,3.0574,0.49587
8.4763,3.3062,0.64414
8.4763,3.555,0.79472
8.4763,3.8038,0.94894
8.4763,4.0527,1.1104
8.4763,4.3015,1.2793
8.4763,4.5503,1.4522
8.4763,4.7992,1.6133
8.4763,5.048,1.7687
8.4763,5.2968,1.9133
8.4763,5.5456,2.0458
8.4763,5.7945,2.1738
8.4763,6.0433,2.2961
8.4763,6.2921,2.4148
8.4763,6.541,2.5326
8.4763,6.7898,2.6496
8.4763,7.0386,2.7667
8.4763,7.2874,2.8824
8.4763,7.5363,2.9952
8.4763,7.7851,3.1021
8.4763,8.0339,3.2059
8.4763,8.2827,3.3088
8.4763,8.5316,3.412
8.4763,8.7804,3.5151
8.4763,9.0292,3.6181
8.4763,9.2781,3.7209
8.4763,9.5269,3.8233
8.4763,9.7757,3.9252
8.4763,10.025,4.0265
8.4763,10.273,4.1266
8.4763,10.522,4.226
8.4763,10.771,4.3247
8.4763,11.02,4.4226
8.4763,11.269,4.52
8.4763,11.518,4.6167
8.4763,11.766,4.7128
8.4763,12.015,4.8083
8.4763,12.264,4.9034
8.4763,12.513,4.998
8.6562,0.071429,-1.8771
8.6562,0.32026,-1.6612
8.6562,0.56908,-1.4627
8.6562,0.81791,-1.262
8.6562,1.0667,-1.0713
8.6562,1.3156,-0.86897
8.6562,1.5644,-0.66815
8.6562,1.8132,-0.47106
8.6562,2.0621,-0.27486
8.6562,2.3109,-0.095445
8.6562,2.5597,0.067777
8.6562,2.8085,0.21426
8.6562,3.0574,0.36513
8.6562,3.3062,0.50803
8.6562,3.555,0.65484
8.6562,3.8038,0.80437
8.6562,4.0527,0.96373
8.6562,4.3015,1.1282
8.6562,4.5503,1.2956
8.6562,4.7992,1.454
8.6562,5.048,1.6074
8.6562,5.2968,1.7488
8.6562,5.5456,1.8798
8.6562,5.7945,2.0078
8.6562,6.0433,2.1299
8.6562,6.2921,2.2498
8.6562,6.541,2.3687
8.6562,6.7898,2.4872
8.6562,7.0386,2.6055
8.6562,7.2874,2.7211
8.6562,7.5363,2.8332
8.6562,7.7851,2.9401
8.6562,8.0339,3.0445
8.6562,8.2827,3.1487
8.6562,8.5316,3.2533
8.6562,8.7804,3.3577
8.6562,9.0292,3.4622
8.6562,9.2781,3.5663
8.6562,9.5269,3.67
8.6562,9.7757,3.7731
8.6562,10.025,3.8757
8.6562,10.273,3.9776
8.6562,10.522,4.0786
8.6562,10.771,4.1784
8.6562,11.02,4.2776
8.6562,11.269,4.376
8.6562,11.518,4.4737
8.6562,11.766,4.5709
8.6562,12.015,4.6674
8.6562,12.264,4.7634
8.6562,12.513,4.8588
8.8361,0.071429,-1.9314
8.8361,0.32026,-1.7296
8.8361,0.56908,-1.5297
8.8361,0.81791,-1.3392
8.8361,1.0667,-1.1482
8.8361,1.3156,-0.94642
8.8361,1.5644,-0.75676
8.8361,1.8132,-0.56018
8.8361,2.0621,-0.37274
8.8361,2.3109,-0.20679
8.8361,2.5597,-0.052879
8.8361,2.8085,0.087737
8.8361,3.0574,0.23287
8.8361,3.3062,0.37141
8.8361,3.555,0.51492
8.8361,3.8038,0.661
8.8361,4.0527,0.81522
8.8361,4.3015,0.9784
8.8361,4.5503,1.1392
8.8361,4.7992,1.2959
8.8361,5.048,1.4464
8.8361,5.2968,1.5847
8.8361,5.5456,1.715
8.8361,5.7945,1.8418
8.8361,6.0433,1.9647
8.8361,6.2921,2.0853
8.8361,6.541,2.2054
8.8361,6.7898,2.3249
8.8361,7.0386,2.4437
8.8361,7.2874,2.56
8.8361,7.5363,2.6709
8.8361,7.7851,2.7772
8.8361,8.0339,2.882
8.8361,8.2827,2.9869
8.8361,8.5316,3.0924
8.8361,8.7804,3.1984
8.8361,9.0292,3.3047
8.8361,9.2781,3.4102
8.8361,9.5269,3.5152
8.8361,9.7757,3.6196
8.8361,10.025,3.7233
8.8361,10.273,3.8264
8.8361,10.522,3.9288
8.8361,10.771,4.0305
8.8361,11.02,4.1309
8.8361,11.269,4.2305
8.8361,11.518,4.3293
8.8361,11.766,4.4274
8.8361,12.015,4.525
8.8361,12.264,4.6219
8.8361,12.513,4.7183
9.0161,0.071429,-1.9897
9.0161,0.32026,-1.8028
9.0161,0.56908,-1.5957
9.0161,0.81791,-1.4187
9.0161,1.0667,-1.2263
9.0161,1.3156,-1.0308
9.0161,1.5644,-0.83757
9.0161,1.8132,-0.64796
9.0161,2.0621,-0.47525
9.0161,2.3109,-0.3195
9.0161,2.5597,-0.17335
9.0161,2.8085,-0.037774
9.0161,3.0574,0.10093
9.0161,3.3062,0.23701
9.0161,3.555,0.37581
9.0161,3.8038,0.51862
9.0161,4.0527,0.6692
9.0161,4.3015,0.8287
9.0161,4.5503,0.98324
9.0161,4.7992,1.1369
9.0161,5.048,1.2857
9.0161,5.2968,1.4211
9.0161,5.5456,1.5509
9.0161,5.7945,1.6773
9.0161,6.0433,1.7998
9.0161,6.2921,1.9212
9.0161,6.541,2.0419
9.0161,6.7898,2.1631
9.0161,7.0386,2.2824
9.0161,7.2874,2.3984
9.0161,7.5363,2.5084
9.0161,7.7851,2.6143
9.0161,8.0339,2.7189
9.0161,8.2827,2.8245
9.0161,8.5316,2.9308
9.0161,8.7804,3.0376
9.0161,9.0292,3.1446
9.0161,9.2781,3.2517
9.0161,9.5269,3.3586
9.0161,9.7757,3.4646
9.0161,10.025,3.5696
9.0161,10.273,3.6739
9.0161,10.522,3.7774
9.0161,10.771,3.8802
9.0161,11.02,3.9823
9.0161,11.269,4.0835
9.0161,11.518,4.1834
9.0161,11.766,4.2826
9.0161,12.015,4.3811
9.0161,12.264,4.479
9.0161,12.513,4.5762
