0.83794,0.036712,-1.0786
0.83794,0.056409,-0.39377
0.83794,0.076105,0.29063
0.83794,0.095802,0.97459
0.83794,0.1155,1.6581
0.83794,0.1352,2.3413
0.83794,0.15489,3.0241
0.83794,0.17459,3.7067
0.83794,0.19429,4.3889
0.83794,0.21398,5.0709
0.83794,0.23368,5.7527
0.83794,0.25338,6.4343
0.83794,0.27307,7.1158
0.83794,0.29277,7.7972
0.83794,0.31247,8.4785
0.83794,0.33216,9.1597
0.83794,0.35186,9.8409
0.83794,0.37156,10.522
0.83794,0.39125,11.203
0.83794,0.41095,11.885
0.83794,0.43065,12.566
0.83794,0.45034,13.247
0.83794,0.47004,13.929
0.83794,0.48974,14.611
0.83794,0.50943,15.293
0.83794,0.52913,15.975
0.83794,0.54883,16.657
0.83794,0.56853,17.339
0.83794,0.58822,18.022
0.83794,0.60792,18.705
0.83794,0.62762,19.388
0.83794,0.64731,20.071
0.83794,0.66701,20.754
0.83794,0.68671,21.438
0.83794,0.7064,22.122
0.83794,0.7261,22.806
0.83794,0.7458,23.491
0.83794,0.76549,24.176
0.83794,0.78519,24.861
0.83794,0.80489,25.546
0.83794,0.82458,26.231
0.83794,0.84428,26.917
0.83794,0.86398,27.603
0.83794,0.88367,28.289
0.83794,0.90337,28.976
0.83794,0.92307,29.663
0.83794,0.94276,30.35
0.83794,0.96246,31.037
0.83794,0.98216,31.724
0.83794,1.0019,32.412
0.83794,1.0216,33.099
1.0051,0.036712,-0.92459
1.0051,0.056409,-0.24697
1.0051,0.076105,0.43013
1.0051,0.095802,1.1067
1.0051,0.1155,1.7829
1.0051,0.1352,2.4587
1.0051,0.15489,3.1341
1.0051,0.17459,3.8093
1.0051,0.19429,4.4841
1.0051,0.21398,5.1588
1.0051,0.23368,5.8333
1.0051,0.25338,6.5076
1.0051,0.27307,7.1819
1.0051,0.29277,7.8561
1.0051,0.31247,8.5303
1.0051,0.33216,9.2046
1.0051,0.35186,9.8789
1.0051,0.37156,10.553
1.0051,0.39125,11.228
1.0051,0.41095,11.903
1.0051,0.43065,12.577
1.0051,0.45034,13.252
1.0051,0.47004,13.928
1.0051,0.48974,14.603
1.0051,0.50943,15.279
1.0051,0.52913,15.955
1.0051,0.54883,16.632
1.0051,0.56853,17.308
1.0051,0.58822,17.985
1.0051,0.60792,18.662
1.0051,0.62762,19.34
1.0051,0.64731,20.018
1.0051,0.66701,20.696
1.0051,0.68671,21.375
1.0051,0.7064,22.054
1.0051,0.7261,22.733
1.0051,0.7458,23.413
1.0051,0.76549,24.093
1.0051,0.78519,24.773
1.0051,0.80489,25.454
1.0051,0.82458,26.135
1.0051,0.84428,26.816
1.0051,0.86398,27.497
1.0051,0.88367,28.179
1.0051,0.90337,28.861
1.0051,0.92307,29.544
1.0051,0.94276,30.226
1.0051,0.96246,30.909
1.0051,0.98216,31.592
1.0051,1.0019,32.276
1.0051,1.0216,32.959
1.1723,0.036712,-0.77316
1.1723,0.056409,-0.10412
1.1723,0.076105,0.56432
1.1723,0.095802,1.2322
1.1723,0.1155,1.8997
1.1723,0.1352,2.5667
1.1723,0.15489,3.2334
1.1723,0.17459,3.8998
1.1723,0.19429,4.566
1.1723,0.21398,5.232
1.1723,0.23368,5.8979
1.1723,0.25338,6.5638
1.1723,0.27307,7.2296
1.1723,0.29277,7.8955
1.1723,0.31247,8.5615
1.1723,0.33216,9.2277
1.1723,0.35186,9.894
1.1723,0.37156,10.561
1.1723,0.39125,11.227
1.1723,0.41095,11.894
1.1723,0.43065,12.562
1.1723,0.45034,13.229
1.1723,0.47004,13.897
1.1723,0.48974,14.566
1.1723,0.50943,15.235
1.1723,0.52913,15.904
1.1723,0.54883,16.573
1.1723,0.56853,17.244
1.1723,0.58822,17.914
1.1723,0.60792,18.585
1.1723,0.62762,19.256
1.1723,0.64731,19.928
1.1723,0.66701,20.6
1.1723,0.68671,21.273
1.1723,0.7064,21.946
1.1723,0.7261,22.619
1.1723,0.7458,23.293
1.1723,0.76549,23.967
1.1723,0.78519,24.641
1.1723,0.80489,25.316
1.1723,0.82458,25.992
1.1723,0.84428,26.667
1.1723,0.86398,27.343
1.1723,0.88367,28.019
1.1723,0.90337,28.696
1.1723,0.92307,29.373
1.1723,0.94276,30.05
1.1723,0.96246,30.727
1.1723,0.98216,31.405
1.1723,1.0019,32.082
1.1723,1.0216,32.76
1.3395,0.036712,-0.62207
1.3395,0.056409,0.036991
1.3395,0.076105,0.69538
1.3395,0.095802,1.3532
1.3395,0.1155,2.0105
1.3395,0.1352,2.6673
1.3395,0.15489,3.3239
1.3395,0.17459,3.9801
1.3395,0.19429,4.6362
1.3395,0.21398,5.2922
1.3395,0.23368,5.9482
1.3395,0.25338,6.6042
1.3395,0.27307,7.2603
1.3395,0.29277,7.9165
1.3395,0.31247,8.573
1.3395,0.33216,9.2297
1.3395,0.35186,9.8867
1.3395,0.37156,10.544
1.3395,0.39125,11.202
1.3395,0.41095,11.86
1.3395,0.43065,12.518
1.3395,0.45034,13.177
1.3395,0.47004,13.837
1.3395,0.48974,14.497
1.3395,0.50943,15.157
1.3395,0.52913,15.818
1.3395,0.54883,16.48
1.3395,0.56853,17.142
1.3395,0.58822,17.804
1.3395,0.60792,18.467
1.3395,0.62762,19.13
1.3395,0.64731,19.794
1.3395,0.66701,20.459
1.3395,0.68671,21.123
1.3395,0.7064,21.789
1.3395,0.7261,22.454
1.3395,0.7458,23.121
1.3395,0.76549,23.787
1.3395,0.78519,24.454
1.3395,0.80489,25.121
1.3395,0.82458,25.789
1.3395,0.84428,26.457
1.3395,0.86398,27.125
1.3395,0.88367,27.793
1.3395,0.90337,28.462
1.3395,0.92307,29.131
1.3395,0.94276,29.8
1.3395,0.96246,30.469
1.3395,0.98216,31.139
1.3395,1.0019,31.808
1.3395,1.0216,32.478
1.5067,0.036712,-0.46694
1.5067,0.056409,0.18053
1.5067,0.076105,0.82726
1.5067,0.095802,1.4733
1.5067,0.1155,2.1188
1.5067,0.1352,2.7639
1.5067,0.15489,3.4087
1.5067,0.17459,4.0532
1.5067,0.19429,4.6976
1.5067,0.21398,5.3419
1.5067,0.23368,5.9862
1.5067,0.25338,6.6307
1.5067,0.27307,7.2753
1.5067,0.29277,7.9201
1.5067,0.31247,8.5652
1.5067,0.33216,9.2106
1.5067,0.35186,9.8565
1.5067,0.37156,10.503
1.5067,0.39125,11.149
1.5067,0.41095,11.797
1.5067,0.43065,12.444
1.5067,0.45034,13.092
1.5067,0.47004,13.741
1.5067,0.48974,14.39
1.5067,0.50943,15.04
1.5067,0.52913,15.69
1.5067,0.54883,16.341
1.5067,0.56853,16.992
1.5067,0.58822,17.643
1.5067,0.60792,18.296
1.5067,0.62762,18.948
1.5067,0.64731,19.601
1.5067,0.66701,20.255
1.5067,0.68671,20.908
1.5067,0.7064,21.563
1.5067,0.7261,22.217
1.5067,0.7458,22.872
1.5067,0.76549,23.527
1.5067,0.78519,24.183
1.5067,0.80489,24.838
1.5067,0.82458,25.494
1.5067,0.84428,26.15
1.5067,0.86398,26.806
1.5067,0.88367,27.463
1.5067,0.90337,28.119
1.5067,0.92307,28.776
1.5067,0.94276,29.433
1.5067,0.96246,30.089
1.5067,0.98216,30.746
1.5067,1.0019,31.403
1.5067,1.0216,32.059
1.6739,0.036712,-0.29808
1.6739,0.056409,0.33524
1.6739,0.076105,0.96771
1.6739,0.095802,1.5995
1.6739,0.1155,2.2306
1.6739,0.1352,2.8613
1.6739,0.15489,3.4915
1.6739,0.17459,4.1215
1.6739,0.19429,4.7514
1.6739,0.21398,5.3811
1.6739,0.23368,6.0109
1.6739,0.25338,6.6407
1.6739,0.27307,7.2707
1.6739,0.29277,7.9009
1.6739,0.31247,8.5314
1.6739,0.33216,9.1621
1.6739,0.35186,9.7932
1.6739,0.37156,10.425
1.6739,0.39125,11.056
1.6739,0.41095,11.689
1.6739,0.43065,12.321
1.6739,0.45034,12.954
1.6739,0.47004,13.587
1.6739,0.48974,14.221
1.6739,0.50943,14.855
1.6739,0.52913,15.49
1.6739,0.54883,16.124
1.6739,0.56853,16.759
1.6739,0.58822,17.395
1.6739,0.60792,18.03
1.6739,0.62762,18.666
1.6739,0.64731,19.302
1.6739,0.66701,19.938
1.6739,0.68671,20.575
1.6739,0.7064,21.211
1.6739,0.7261,21.848
1.6739,0.7458,22.484
1.6739,0.76549,23.121
1.6739,0.78519,23.758
1.6739,0.80489,24.394
1.6739,0.82458,25.031
1.6739,0.84428,25.667
1.6739,0.86398,26.304
1.6739,0.88367,26.94
1.6739,0.90337,27.576
1.6739,0.92307,28.212
1.6739,0.94276,28.848
1.6739,0.96246,29.483
1.6739,0.98216,30.118
1.6739,1.0019,30.753
1.6739,1.0216,31.388
1.8411,0.036712,-0.096075
1.8411,0.056409,0.51718
1.8411,0.076105,1.1295
1.8411,0.095802,1.7411
1.8411,0.1155,2.352
1.8411,0.1352,2.9623
1.8411,0.15489,3.5721
1.8411,0.17459,4.1815
1.8411,0.19429,4.7907
1.8411,0.21398,5.3997
1.8411,0.23368,6.0085
1.8411,0.25338,6.6172
1.8411,0.27307,7.2259
1.8411,0.29277,7.8346
1.8411,0.31247,8.4432
1.8411,0.33216,9.0519
1.8411,0.35186,9.6606
1.8411,0.37156,10.269
1.8411,0.39125,10.878
1.8411,0.41095,11.487
1.8411,0.43065,12.096
1.8411,0.45034,12.705
1.8411,0.47004,13.313
1.8411,0.48974,13.922
1.8411,0.50943,14.531
1.8411,0.52913,15.139
1.8411,0.54883,15.748
1.8411,0.56853,16.356
1.8411,0.58822,16.965
1.8411,0.60792,17.573
1.8411,0.62762,18.18
1.8411,0.64731,18.788
1.8411,0.66701,19.395
1.8411,0.68671,20.002
1.8411,0.7064,20.609
1.8411,0.7261,21.215
1.8411,0.7458,21.821
1.8411,0.76549,22.427
1.8411,0.78519,23.032
1.8411,0.80489,23.637
1.8411,0.82458,24.241
1.8411,0.84428,24.845
1.8411,0.86398,25.448
1.8411,0.88367,26.051
1.8411,0.90337,26.654
1.8411,0.92307,27.255
1.8411,0.94276,27.857
1.8411,0.96246,28.457
1.8411,0.98216,29.057
1.8411,1.0019,29.657
1.8411,1.0216,30.256
2.0083,0.036712,0.1241
2.0083,0.056409,0.70907
2.0083,0.076105,1.2933
2.0083,0.095802,1.8768
2.0083,0.1155,2.4596
2.0083,0.1352,3.0419
2.0083,0.15489,3.6235
2.0083,0.17459,4.2046
2.0083,0.19429,4.7852
2.0083,0.21398,5.3653
2.0083,0.23368,5.945
2.0083,0.25338,6.5242
2.0083,0.27307,7.1029
2.0083,0.29277,7.6812
2.0083,0.31247,8.2591
2.0083,0.33216,8.8365
2.0083,0.35186,9.4135
2.0083,0.37156,9.99
2.0083,0.39125,10.566
2.0083,0.41095,11.142
2.0083,0.43065,11.717
2.0083,0.45034,12.291
2.0083,0.47004,12.866
2.0083,0.48974,13.439
2.0083,0.50943,14.012
2.0083,0.52913,14.585
2.0083,0.54883,15.157
2.0083,0.56853,15.728
2.0083,0.58822,16.299
2.0083,0.60792,16.869
2.0083,0.62762,17.438
2.0083,0.64731,18.007
2.0083,0.66701,18.576
2.0083,0.68671,19.143
2.0083,0.7064,19.71
2.0083,0.7261,20.277
2.0083,0.7458,20.842
2.0083,0.76549,21.407
2.0083,0.78519,21.972
2.0083,0.80489,22.535
2.0083,0.82458,23.098
2.0083,0.84428,23.661
2.0083,0.86398,24.222
2.0083,0.88367,24.783
2.0083,0.90337,25.343
2.0083,0.92307,25.903
2.0083,0.94276,26.462
2.0083,0.96246,27.02
2.0083,0.98216,27.577
2.0083,1.0019,28.134
2.0083,1.0216,28.69
2.1755,0.036712,0.20986
2.1755,0.056409,0.76744
2.1755,0.076105,1.3247
2.1755,0.095802,1.8816
2.1755,0.1155,2.4382
2.1755,0.1352,2.9943
2.1755,0.15489,3.55
2.1755,0.17459,4.1051
2.1755,0.19429,4.6598
2.1755,0.21398,5.2139
2.1755,0.23368,5.7673
2.1755,0.25338,6.3202
2.1755,0.27307,6.8724
2.1755,0.29277,7.4239
2.1755,0.31247,7.9748
2.1755,0.33216,8.525
2.1755,0.35186,9.0745
2.1755,0.37156,9.6233
2.1755,0.39125,10.171
2.1755,0.41095,10.719
2.1755,0.43065,11.266
2.1755,0.45034,11.812
2.1755,0.47004,12.357
2.1755,0.48974,12.902
2.1755,0.50943,13.446
2.1755,0.52913,13.989
2.1755,0.54883,14.531
2.1755,0.56853,15.073
2.1755,0.58822,15.615
2.1755,0.60792,16.156
2.1755,0.62762,16.696
2.1755,0.64731,17.235
2.1755,0.66701,17.774
2.1755,0.68671,18.312
2.1755,0.7064,18.85
2.1755,0.7261,19.387
2.1755,0.7458,19.923
2.1755,0.76549,20.459
2.1755,0.78519,20.995
2.1755,0.80489,21.529
2.1755,0.82458,22.064
2.1755,0.84428,22.597
2.1755,0.86398,23.131
2.1755,0.88367,23.663
2.1755,0.90337,24.195
2.1755,0.92307,24.727
2.1755,0.94276,25.258
2.1755,0.96246,25.789
2.1755,0.98216,26.319
2.1755,1.0019,26.848
2.1755,1.0216,27.378
2.3427,0.036712,0.22206
2.3427,0.056409,0.76018
2.3427,0.076105,1.2981
2.3427,0.095802,1.8358
2.3427,0.1155,2.3732
2.3427,0.1352,2.9103
2.3427,0.15489,3.4469
2.3427,0.17459,3.9831
2.3427,0.19429,4.5188
2.3427,0.21398,5.054
2.3427,0.23368,5.5885
2.3427,0.25338,6.1223
2.3427,0.27307,6.6555
2.3427,0.29277,7.1879
2.3427,0.31247,7.7196
2.3427,0.33216,8.2505
2.3427,0.35186,8.7807
2.3427,0.37156,9.31
2.3427,0.39125,9.8386
2.3427,0.41095,10.366
2.3427,0.43065,10.893
2.3427,0.45034,11.42
2.3427,0.47004,11.945
2.3427,0.48974,12.47
2.3427,0.50943,12.993
2.3427,0.52913,13.516
2.3427,0.54883,14.039
2.3427,0.56853,14.56
2.3427,0.58822,15.081
2.3427,0.60792,15.601
2.3427,0.62762,16.12
2.3427,0.64731,16.639
2.3427,0.66701,17.157
2.3427,0.68671,17.674
2.3427,0.7064,18.191
2.3427,0.7261,18.707
2.3427,0.7458,19.222
2.3427,0.76549,19.737
2.3427,0.78519,20.251
2.3427,0.80489,20.764
2.3427,0.82458,21.277
2.3427,0.84428,21.789
2.3427,0.86398,22.301
2.3427,0.88367,22.812
2.3427,0.90337,23.322
2.3427,0.92307,23.832
2.3427,0.94276,24.341
2.3427,0.96246,24.85
2.3427,0.98216,25.358
2.3427,1.0019,25.866
2.3427,1.0216,26.373
2.5099,0.036712,0.19162
2.5099,0.056409,0.71139
2.5099,0.076105,1.2308
2.5099,0.095802,1.7499
2.5099,0.1155,2.2686
2.5099,0.1352,2.7868
2.5099,0.15489,3.3046
2.5099,0.17459,3.8218
2.5099,0.19429,4.3385
2.5099,0.21398,4.8546
2.5099,0.23368,5.3702
2.5099,0.25338,5.8852
2.5099,0.27307,6.3996
2.5099,0.29277,6.9134
2.5099,0.31247,7.4265
2.5099,0.33216,7.9389
2.5099,0.35186,8.4506
2.5099,0.37156,8.9617
2.5099,0.39125,9.4721
2.5099,0.41095,9.9818
2.5099,0.43065,10.491
2.5099,0.45034,10.999
2.5099,0.47004,11.507
2.5099,0.48974,12.014
2.5099,0.50943,12.52
2.5099,0.52913,13.025
2.5099,0.54883,13.53
2.5099,0.56853,14.035
2.5099,0.58822,14.538
2.5099,0.60792,15.041
2.5099,0.62762,15.543
2.5099,0.64731,16.045
2.5099,0.66701,16.546
2.5099,0.68671,17.047
2.5099,0.7064,17.547
2.5099,0.7261,18.046
2.5099,0.7458,18.545
2.5099,0.76549,19.043
2.5099,0.78519,19.541
2.5099,0.80489,20.038
2.5099,0.82458,20.534
2.5099,0.84428,21.03
2.5099,0.86398,21.525
2.5099,0.88367,22.02
2.5099,0.90337,22.515
2.5099,0.92307,23.009
2.5099,0.94276,23.502
2.5099,0.96246,23.995
2.5099,0.98216,24.487
2.5099,1.0019,24.979
2.5099,1.0216,25.47
2.6771,0.036712,0.15379
2.6771,0.056409,0.65245
2.6771,0.076105,1.1506
2.6771,0.095802,1.6481
2.6771,0.1155,2.1451
2.6771,0.1352,2.6415
2.6771,0.15489,3.1373
2.6771,0.17459,3.6325
2.6771,0.19429,4.1273
2.6771,0.21398,4.6216
2.6771,0.23368,5.1154
2.6771,0.25338,5.6087
2.6771,0.27307,6.1016
2.6771,0.29277,6.594
2.6771,0.31247,7.0859
2.6771,0.33216,7.5774
2.6771,0.35186,8.0684
2.6771,0.37156,8.559
2.6771,0.39125,9.0491
2.6771,0.41095,9.5387
2.6771,0.43065,10.028
2.6771,0.45034,10.517
2.6771,0.47004,11.005
2.6771,0.48974,11.493
2.6771,0.50943,11.98
2.6771,0.52913,12.467
2.6771,0.54883,12.953
2.6771,0.56853,13.439
2.6771,0.58822,13.924
2.6771,0.60792,14.409
2.6771,0.62762,14.893
2.6771,0.64731,15.377
2.6771,0.66701,15.861
2.6771,0.68671,16.344
2.6771,0.7064,16.826
2.6771,0.7261,17.308
2.6771,0.7458,17.789
2.6771,0.76549,18.27
2.6771,0.78519,18.75
2.6771,0.80489,19.23
2.6771,0.82458,19.71
2.6771,0.84428,20.188
2.6771,0.86398,20.667
2.6771,0.88367,21.145
2.6771,0.90337,21.622
2.6771,0.92307,22.099
2.6771,0.94276,22.575
2.6771,0.96246,23.051
2.6771,0.98216,23.526
2.6771,1.0019,24.001
2.6771,1.0216,24.475
2.8443,0.036712,0.069354
2.8443,0.056409,0.5515
2.8443,0.076105,1.0329
2.8443,0.095802,1.5137
2.8443,0.1155,1.9938
2.8443,0.1352,2.4733
2.8443,0.15489,2.9523
2.8443,0.17459,3.4307
2.8443,0.19429,3.9088
2.8443,0.21398,4.3874
2.8443,0.23368,4.8662
2.8443,0.25338,5.3449
2.8443,0.27307,5.8236
2.8443,0.29277,6.3023
2.8443,0.31247,6.7809
2.8443,0.33216,7.2595
2.8443,0.35186,7.7381
2.8443,0.37156,8.2166
2.8443,0.39125,8.6951
2.8443,0.41095,9.1735
2.8443,0.43065,9.6518
2.8443,0.45034,10.13
2.8443,0.47004,10.608
2.8443,0.48974,11.086
2.8443,0.50943,11.564
2.8443,0.52913,12.039
2.8443,0.54883,12.512
2.8443,0.56853,12.985
2.8443,0.58822,13.457
2.8443,0.60792,13.929
2.8443,0.62762,14.4
2.8443,0.64731,14.87
2.8443,0.66701,15.34
2.8443,0.68671,15.81
2.8443,0.7064,16.279
2.8443,0.7261,16.747
2.8443,0.7458,17.214
2.8443,0.76549,17.683
2.8443,0.78519,18.153
2.8443,0.80489,18.622
2.8443,0.82458,19.091
2.8443,0.84428,19.559
2.8443,0.86398,20.026
2.8443,0.88367,20.493
2.8443,0.90337,20.959
2.8443,0.92307,21.424
2.8443,0.94276,21.888
2.8443,0.96246,22.352
2.8443,0.98216,22.815
2.8443,1.0019,23.277
2.8443,1.0216,23.738
3.0115,0.036712,-0.043667
3.0115,0.056409,0.43227
3.0115,0.076105,0.90782
3.0115,0.095802,1.383
3.0115,0.1155,1.8579
3.0115,0.1352,2.3324
3.0115,0.15489,2.8066
3.0115,0.17459,3.2806
3.0115,0.19429,3.7543
3.0115,0.21398,4.2277
3.0115,0.23368,4.7009
3.0115,0.25338,5.1738
3.0115,0.27307,5.6465
3.0115,0.29277,6.1189
3.0115,0.31247,6.5901
3.0115,0.33216,7.0593
3.0115,0.35186,7.5279
3.0115,0.37156,7.9959
3.0115,0.39125,8.4632
3.0115,0.41095,8.9298
3.0115,0.43065,9.3958
3.0115,0.45034,9.8611
3.0115,0.47004,10.326
3.0115,0.48974,10.79
3.0115,0.50943,11.253
3.0115,0.52913,11.715
3.0115,0.54883,12.177
3.0115,0.56853,12.637
3.0115,0.58822,13.097
3.0115,0.60792,13.557
3.0115,0.62762,14.015
3.0115,0.64731,14.472
3.0115,0.66701,14.929
3.0115,0.68671,15.385
3.0115,0.7064,15.84
3.0115,0.7261,16.294
3.0115,0.7458,16.747
3.0115,0.76549,17.2
3.0115,0.78519,17.651
3.0115,0.80489,18.102
3.0115,0.82458,18.551
3.0115,0.84428,19
3.0115,0.86398,19.448
3.0115,0.88367,19.895
3.0115,0.90337,20.341
3.0115,0.92307,20.786
3.0115,0.94276,21.23
3.0115,0.96246,21.674
3.0115,0.98216,22.116
3.0115,1.0019,22.558
3.0115,1.0216,22.999
3.1787,0.036712,-0.10892
3.1787,0.056409,0.34498
3.1787,0.076105,0.79841
3.1787,0.095802,1.2515
3.1787,0.1155,1.7043
3.1787,0.1352,2.157
3.1787,0.15489,2.6096
3.1787,0.17459,3.0621
3.1787,0.19429,3.5148
3.1787,0.21398,3.9675
3.1787,0.23368,4.4204
3.1787,0.25338,4.8735
3.1787,0.27307,5.3269
3.1787,0.29277,5.7803
3.1787,0.31247,6.2312
3.1787,0.33216,6.6816
3.1787,0.35186,7.1315
3.1787,0.37156,7.581
3.1787,0.39125,8.03
3.1787,0.41095,8.4785
3.1787,0.43065,8.9266
3.1787,0.45034,9.3742
3.1787,0.47004,9.8212
3.1787,0.48974,10.268
3.1787,0.50943,10.714
3.1787,0.52913,11.159
3.1787,0.54883,11.604
3.1787,0.56853,12.048
3.1787,0.58822,12.492
3.1787,0.60792,12.935
3.1787,0.62762,13.377
3.1787,0.64731,13.819
3.1787,0.66701,14.26
3.1787,0.68671,14.701
3.1787,0.7064,15.141
3.1787,0.7261,15.58
3.1787,0.7458,16.018
3.1787,0.76549,16.455
3.1787,0.78519,16.892
3.1787,0.80489,17.328
3.1787,0.82458,17.764
3.1787,0.84428,18.198
3.1787,0.86398,18.632
3.1787,0.88367,19.065
3.1787,0.90337,19.497
3.1787,0.92307,19.928
3.1787,0.94276,20.359
3.1787,0.96246,20.788
3.1787,0.98216,21.217
3.1787,1.0019,21.645
3.1787,1.0216,22.072
3.3459,0.036712,-0.040374
3.3459,0.056409,0.35956
3.3459,0.076105,0.75864
3.3459,0.095802,1.1569
3.3459,0.1155,1.5545
3.3459,0.1352,1.9515
3.3459,0.15489,2.348
3.3459,0.17459,2.744
3.3459,0.19429,3.1396
3.3459,0.21398,3.5348
3.3459,0.23368,3.9297
3.3459,0.25338,4.3244
3.3459,0.27307,4.7189
3.3459,0.29277,5.1131
3.3459,0.31247,5.5072
3.3459,0.33216,5.9012
3.3459,0.35186,6.295
3.3459,0.37156,6.6887
3.3459,0.39125,7.0833
3.3459,0.41095,7.478
3.3459,0.43065,7.8728
3.3459,0.45034,8.2676
3.3459,0.47004,8.6625
3.3459,0.48974,9.0574
3.3459,0.50943,9.4524
3.3459,0.52913,9.8474
3.3459,0.54883,10.242
3.3459,0.56853,10.638
3.3459,0.58822,11.033
3.3459,0.60792,11.428
3.3459,0.62762,11.823
3.3459,0.64731,12.218
3.3459,0.66701,12.613
3.3459,0.68671,13.007
3.3459,0.7064,13.402
3.3459,0.7261,13.797
3.3459,0.7458,14.192
3.3459,0.76549,14.586
3.3459,0.78519,14.981
3.3459,0.80489,15.375
3.3459,0.82458,15.769
3.3459,0.84428,16.163
3.3459,0.86398,16.557
3.3459,0.88367,16.951
3.3459,0.90337,17.342
3.3459,0.92307,17.73
3.3459,0.94276,18.118
3.3459,0.96246,18.505
3.3459,0.98216,18.892
3.3459,1.0019,19.279
3.3459,1.0216,19.664
3.5131,0.036712,-0.086237
3.5131,0.056409,0.2844
3.5131,0.076105,0.65469
3.5131,0.095802,1.0246
3.5131,0.1155,1.3943
3.5131,0.1352,1.7634
3.5131,0.15489,2.1322
3.5131,0.17459,2.5005
3.5131,0.19429,2.8685
3.5131,0.21398,3.236
3.5131,0.23368,3.6032
3.5131,0.25338,3.97
3.5131,0.27307,4.337
3.5131,0.29277,4.7036
3.5131,0.31247,5.07
3.5131,0.33216,5.4361
3.5131,0.35186,5.8019
3.5131,0.37156,6.1673
3.5131,0.39125,6.5316
3.5131,0.41095,6.8943
3.5131,0.43065,7.258
3.5131,0.45034,7.622
3.5131,0.47004,7.9856
3.5131,0.48974,8.3487
3.5131,0.50943,8.7115
3.5131,0.52913,9.0738
3.5131,0.54883,9.4333
3.5131,0.56853,9.7916
3.5131,0.58822,10.152
3.5131,0.60792,10.512
3.5131,0.62762,10.871
3.5131,0.64731,11.229
3.5131,0.66701,11.587
3.5131,0.68671,11.945
3.5131,0.7064,12.302
3.5131,0.7261,12.658
3.5131,0.7458,13.014
3.5131,0.76549,13.369
3.5131,0.78519,13.724
3.5131,0.80489,14.077
3.5131,0.82458,14.431
3.5131,0.84428,14.783
3.5131,0.86398,15.135
3.5131,0.88367,15.487
3.5131,0.90337,15.837
3.5131,0.92307,16.187
3.5131,0.94276,16.537
3.5131,0.96246,16.886
3.5131,0.98216,17.235
3.5131,1.0019,17.583
3.5131,1.0216,17.93
3.6803,0.036712,-0.15249
3.6803,0.056409,0.19688
3.6803,0.076105,0.54599
3.6803,0.095802,0.89476
3.6803,0.1155,1.2431
3.6803,0.1352,1.5911
3.6803,0.15489,1.9385
3.6803,0.17459,2.2853
3.6803,0.19429,2.6315
3.6803,0.21398,2.977
3.6803,0.23368,3.3218
3.6803,0.25338,3.6657
3.6803,0.27307,4.0089
3.6803,0.29277,4.3511
3.6803,0.31247,4.6925
3.6803,0.33216,5.0329
3.6803,0.35186,5.3723
3.6803,0.37156,5.7108
3.6803,0.39125,6.0482
3.6803,0.41095,6.3846
3.6803,0.43065,6.7201
3.6803,0.45034,7.0544
3.6803,0.47004,7.3878
3.6803,0.48974,7.7202
3.6803,0.50943,8.0515
3.6803,0.52913,8.3819
3.6803,0.54883,8.7113
3.6803,0.56853,9.0397
3.6803,0.58822,9.3672
3.6803,0.60792,9.6938
3.6803,0.62762,10.019
3.6803,0.64731,10.344
3.6803,0.66701,10.668
3.6803,0.68671,10.991
3.6803,0.7064,11.313
3.6803,0.7261,11.634
3.6803,0.7458,11.954
3.6803,0.76549,12.272
3.6803,0.78519,12.589
3.6803,0.80489,12.906
3.6803,0.82458,13.22
3.6803,0.84428,13.534
3.6803,0.86398,13.846
3.6803,0.88367,14.158
3.6803,0.90337,14.467
3.6803,0.92307,14.776
3.6803,0.94276,15.083
3.6803,0.96246,15.389
3.6803,0.98216,15.693
3.6803,1.0019,15.996
3.6803,1.0216,16.298
3.8475,0.036712,-0.16961
3.8475,0.056409,0.15803
3.8475,0.076105,0.48477
3.8475,0.095802,0.81053
3.8475,0.1155,1.1352
3.8475,0.1352,1.4588
3.8475,0.15489,1.7811
3.8475,0.17459,2.1022
3.8475,0.19429,2.4219
3.8475,0.21398,2.7403
3.8475,0.23368,3.0573
3.8475,0.25338,3.3728
3.8475,0.27307,3.6871
3.8475,0.29277,4.0006
3.8475,0.31247,4.3127
3.8475,0.33216,4.6233
3.8475,0.35186,4.9329
3.8475,0.37156,5.241
3.8475,0.39125,5.5477
3.8475,0.41095,5.8529
3.8475,0.43065,6.1567
3.8475,0.45034,6.459
3.8475,0.47004,6.7599
3.8475,0.48974,7.0594
3.8475,0.50943,7.3574
3.8475,0.52913,7.654
3.8475,0.54883,7.9492
3.8475,0.56853,8.2431
3.8475,0.58822,8.5354
3.8475,0.60792,8.8258
3.8475,0.62762,9.1143
3.8475,0.64731,9.4038
3.8475,0.66701,9.6927
3.8475,0.68671,9.9789
3.8475,0.7064,10.264
3.8475,0.7261,10.548
3.8475,0.7458,10.831
3.8475,0.76549,11.112
3.8475,0.78519,11.393
3.8475,0.80489,11.673
3.8475,0.82458,11.951
3.8475,0.84428,12.229
3.8475,0.86398,12.506
3.8475,0.88367,12.782
3.8475,0.90337,13.058
3.8475,0.92307,13.332
3.8475,0.94276,13.606
3.8475,0.96246,13.879
3.8475,0.98216,14.151
3.8475,1.0019,14.425
3.8475,1.0216,14.705
4.0147,0.036712,-0.12854
4.0147,0.056409,0.16912
4.0147,0.076105,0.46571
4.0147,0.095802,0.76126
4.0147,0.1155,1.0558
4.0147,0.1352,1.3491
4.0147,0.15489,1.6414
4.0147,0.17459,1.9329
4.0147,0.19429,2.2236
4.0147,0.21398,2.5135
4.0147,0.23368,2.8027
4.0147,0.25338,3.0912
4.0147,0.27307,3.379
4.0147,0.29277,3.6661
4.0147,0.31247,3.9525
4.0147,0.33216,4.2383
4.0147,0.35186,4.5235
4.0147,0.37156,4.8082
4.0147,0.39125,5.0923
4.0147,0.41095,5.3759
4.0147,0.43065,5.659
4.0147,0.45034,5.9417
4.0147,0.47004,6.2239
4.0147,0.48974,6.5056
4.0147,0.50943,6.787
4.0147,0.52913,7.0679
4.0147,0.54883,7.3484
4.0147,0.56853,7.6286
4.0147,0.58822,7.9083
4.0147,0.60792,8.1877
4.0147,0.62762,8.4667
4.0147,0.64731,8.7454
4.0147,0.66701,9.0237
4.0147,0.68671,9.3017
4.0147,0.7064,9.5794
4.0147,0.7261,9.8567
4.0147,0.7458,10.134
4.0147,0.76549,10.41
4.0147,0.78519,10.687
4.0147,0.80489,10.963
4.0147,0.82458,11.238
4.0147,0.84428,11.514
4.0147,0.86398,11.789
4.0147,0.88367,12.064
4.0147,0.90337,12.338
4.0147,0.92307,12.612
4.0147,0.94276,12.886
4.0147,0.96246,13.16
4.0147,0.98216,13.433
4.0147,1.0019,13.706
4.0147,1.0216,13.978
4.1819,0.036712,-0.18847
4.1819,0.056409,0.092958
4.1819,0.076105,0.37408
4.1819,0.095802,0.65491
4.1819,0.1155,0.9355
4.1819,0.1352,1.2159
4.1819,0.15489,1.496
4.1819,0.17459,1.776
4.1819,0.19429,2.0558
4.1819,0.21398,2.3354
4.1819,0.23368,2.6149
4.1819,0.25338,2.8941
4.1819,0.27307,3.1732
4.1819,0.29277,3.4521
4.1819,0.31247,3.7308
4.1819,0.33216,4.0093
4.1819,0.35186,4.2876
4.1819,0.37156,4.5656
4.1819,0.39125,4.8434
4.1819,0.41095,5.1209
4.1819,0.43065,5.3981
4.1819,0.45034,5.675
4.1819,0.47004,5.9517
4.1819,0.48974,6.228
4.1819,0.50943,6.504
4.1819,0.52913,6.7797
4.1819,0.54883,7.055
4.1819,0.56853,7.33
4.1819,0.58822,7.6046
4.1819,0.60792,7.8789
4.1819,0.62762,8.1529
4.1819,0.64731,8.4265
4.1819,0.66701,8.6997
4.1819,0.68671,8.9725
4.1819,0.7064,9.245
4.1819,0.7261,9.5172
4.1819,0.7458,9.789
4.1819,0.76549,10.06
4.1819,0.78519,10.327
4.1819,0.80489,10.594
4.1819,0.82458,10.86
4.1819,0.84428,11.125
4.1819,0.86398,11.39
4.1819,0.88367,11.654
4.1819,0.90337,11.917
4.1819,0.92307,12.18
4.1819,0.94276,12.442
4.1819,0.96246,12.708
4.1819,0.98216,12.973
4.1819,1.0019,13.239
4.1819,1.0216,13.505
4.3491,0.036712,-0.29606
4.3491,0.056409,-0.02054
4.3491,0.076105,0.25469
4.3491,0.095802,0.52965
4.3491,0.1155,0.80446
4.3491,0.1352,1.0792
4.3491,0.15489,1.3538
4.3491,0.17459,1.6284
4.3491,0.19429,1.9028
4.3491,0.21398,2.1771
4.3491,0.23368,2.4513
4.3491,0.25338,2.7254
4.3491,0.27307,2.9992
4.3491,0.29277,3.2729
4.3491,0.31247,3.5464
4.3491,0.33216,3.8197
4.3491,0.35186,4.0921
4.3491,0.37156,4.3637
4.3491,0.39125,4.6349
4.3491,0.41095,4.9055
4.3491,0.43065,5.1756
4.3491,0.45034,5.4451
4.3491,0.47004,5.7139
4.3491,0.48974,5.9822
4.3491,0.50943,6.2497
4.3491,0.52913,6.518
4.3491,0.54883,6.7869
4.3491,0.56853,7.0553
4.3491,0.58822,7.3232
4.3491,0.60792,7.5906
4.3491,0.62762,7.8574
4.3491,0.64731,8.1238
4.3491,0.66701,8.3896
4.3491,0.68671,8.6548
4.3491,0.7064,8.9194
4.3491,0.7261,9.1835
4.3491,0.7458,9.447
4.3491,0.76549,9.71
4.3491,0.78519,9.9724
4.3491,0.80489,10.234
4.3491,0.82458,10.495
4.3491,0.84428,10.756
4.3491,0.86398,11.016
4.3491,0.88367,11.276
4.3491,0.90337,11.535
4.3491,0.92307,11.793
4.3491,0.94276,12.051
4.3491,0.96246,12.308
4.3491,0.98216,12.565
4.3491,1.0019,12.819
4.3491,1.0216,13.072
4.5163,0.036712,-0.41056
4.5163,0.056409,-0.14095
4.5163,0.076105,0.12847
4.5163,0.095802,0.39771
4.5163,0.1155,0.66677
4.5163,0.1352,0.93571
4.5163,0.15489,1.2047
4.5163,0.17459,1.4734
4.5163,0.19429,1.742
4.5163,0.21398,2.0102
4.5163,0.23368,2.2782
4.5163,0.25338,2.5459
4.5163,0.27307,2.8132
4.5163,0.29277,3.08
4.5163,0.31247,3.3464
4.5163,0.33216,3.6124
4.5163,0.35186,3.8778
4.5163,0.37156,4.1426
4.5163,0.39125,4.4069
4.5163,0.41095,4.6705
4.5163,0.43065,4.9336
4.5163,0.45034,5.196
4.5163,0.47004,5.4578
4.5163,0.48974,5.7189
4.5163,0.50943,5.9794
4.5163,0.52913,6.2394
4.5163,0.54883,6.4987
4.5163,0.56853,6.7574
4.5163,0.58822,7.0155
4.5163,0.60792,7.2729
4.5163,0.62762,7.5296
4.5163,0.64731,7.7857
4.5163,0.66701,8.0412
4.5163,0.68671,8.296
4.5163,0.7064,8.5501
4.5163,0.7261,8.8036
4.5163,0.7458,9.0565
4.5163,0.76549,9.3087
4.5163,0.78519,9.5603
4.5163,0.80489,9.811
4.5163,0.82458,10.061
4.5163,0.84428,10.309
4.5163,0.86398,10.557
4.5163,0.88367,10.804
4.5163,0.90337,11.05
4.5163,0.92307,11.295
4.5163,0.94276,11.539
4.5163,0.96246,11.782
4.5163,0.98216,12.024
4.5163,1.0019,12.265
4.5163,1.0216,12.505
4.6835,0.036712,-0.51303
4.6835,0.056409,-0.2474
4.6835,0.076105,0.017883
4.6835,0.095802,0.2828
4.6835,0.1155,0.5473
4.6835,0.1352,0.81139
4.6835,0.15489,1.0751
4.6835,0.17459,1.3384
4.6835,0.19429,1.6013
4.6835,0.21398,1.8636
4.6835,0.23368,2.1255
4.6835,0.25338,2.3868
4.6835,0.27307,2.6475
4.6835,0.29277,2.9075
4.6835,0.31247,3.1668
4.6835,0.33216,3.4254
4.6835,0.35186,3.6831
4.6835,0.37156,3.94
4.6835,0.39125,4.1961
4.6835,0.41095,4.4513
4.6835,0.43065,4.7057
4.6835,0.45034,4.9592
4.6835,0.47004,5.2116
4.6835,0.48974,5.4627
4.6835,0.50943,5.7129
4.6835,0.52913,5.9624
4.6835,0.54883,6.2111
4.6835,0.56853,6.459
4.6835,0.58822,6.7062
4.6835,0.60792,6.9528
4.6835,0.62762,7.1987
4.6835,0.64731,7.445
4.6835,0.66701,7.6912
4.6835,0.68671,7.9364
4.6835,0.7064,8.1807
4.6835,0.7261,8.4239
4.6835,0.7458,8.6656
4.6835,0.76549,8.9067
4.6835,0.78519,9.147
4.6835,0.80489,9.3866
4.6835,0.82458,9.6254
4.6835,0.84428,9.8635
4.6835,0.86398,10.101
4.6835,0.88367,10.338
4.6835,0.90337,10.573
4.6835,0.92307,10.809
4.6835,0.94276,11.043
4.6835,0.96246,11.277
4.6835,0.98216,11.51
4.6835,1.0019,11.742
4.6835,1.0216,11.973
4.8507,0.036712,-0.57478
4.8507,0.056409,-0.31738
4.8507,0.076105,-0.060761
4.8507,0.095802,0.19546
4.8507,0.1155,0.4512
4.8507,0.1352,0.70649
4.8507,0.15489,0.96137
4.8507,0.17459,1.2159
4.8507,0.19429,1.47
4.8507,0.21398,1.7238
4.8507,0.23368,1.9774
4.8507,0.25338,2.2294
4.8507,0.27307,2.4805
4.8507,0.29277,2.7312
4.8507,0.31247,2.9814
4.8507,0.33216,3.2313
4.8507,0.35186,3.4807
4.8507,0.37156,3.7298
4.8507,0.39125,3.9786
4.8507,0.41095,4.227
4.8507,0.43065,4.4751
4.8507,0.45034,4.7229
4.8507,0.47004,4.9703
4.8507,0.48974,5.2173
4.8507,0.50943,5.4639
4.8507,0.52913,5.7101
4.8507,0.54883,5.9559
4.8507,0.56853,6.2013
4.8507,0.58822,6.4461
4.8507,0.60792,6.6905
4.8507,0.62762,6.9343
4.8507,0.64731,7.1776
4.8507,0.66701,7.4203
4.8507,0.68671,7.6624
4.8507,0.7064,7.9038
4.8507,0.7261,8.1446
4.8507,0.7458,8.3847
4.8507,0.76549,8.6241
4.8507,0.78519,8.8628
4.8507,0.80489,9.1007
4.8507,0.82458,9.3379
4.8507,0.84428,9.5742
4.8507,0.86398,9.8097
4.8507,0.88367,10.044
4.8507,0.90337,10.278
4.8507,0.92307,10.511
4.8507,0.94276,10.743
4.8507,0.96246,10.974
4.8507,0.98216,11.203
4.8507,1.0019,11.433
4.8507,1.0216,11.661
5.0179,0.036712,-0.60755
5.0179,0.056409,-0.36411
5.0179,0.076105,-0.12132
5.0179,0.095802,0.12087
5.0179,0.1155,0.36249
5.0179,0.1352,0.60358
5.0179,0.15489,0.84418
5.0179,0.17459,1.0843
5.0179,0.19429,1.3241
5.0179,0.21398,1.5634
5.0179,0.23368,1.8025
5.0179,0.25338,2.0412
5.0179,0.27307,2.2796
5.0179,0.29277,2.5178
5.0179,0.31247,2.7558
5.0179,0.33216,2.9936
5.0179,0.35186,3.2312
5.0179,0.37156,3.4686
5.0179,0.39125,3.7059
5.0179,0.41095,3.943
5.0179,0.43065,4.18
5.0179,0.45034,4.4168
5.0179,0.47004,4.6535
5.0179,0.48974,4.89
5.0179,0.50943,5.1263
5.0179,0.52913,5.3624
5.0179,0.54883,5.5982
5.0179,0.56853,5.8339
5.0179,0.58822,6.0693
5.0179,0.60792,6.3044
5.0179,0.62762,6.5392
5.0179,0.64731,6.7738
5.0179,0.66701,7.008
5.0179,0.68671,7.242
5.0179,0.7064,7.4756
5.0179,0.7261,7.7088
5.0179,0.7458,7.9417
5.0179,0.76549,8.1741
5.0179,0.78519,8.4062
5.0179,0.80489,8.6379
5.0179,0.82458,8.8692
5.0179,0.84428,9.1
5.0179,0.86398,9.3304
5.0179,0.88367,9.5604
5.0179,0.90337,9.7899
5.0179,0.92307,10.019
5.0179,0.94276,10.248
5.0179,0.96246,10.476
5.0179,0.98216,10.703
5.0179,1.0019,10.93
5.0179,1.0216,11.157
5.1851,0.036712,-0.67796
5.1851,0.056409,-0.44124
5.1851,0.076105,-0.20479
5.1851,0.095802,0.0314
5.1851,0.1155,0.26734
5.1851,0.1352,0.50304
5.1851,0.15489,0.73852
5.1851,0.17459,0.97378
5.1851,0.19429,1.2088
5.1851,0.21398,1.4437
5.1851,0.23368,1.6784
5.1851,0.25338,1.9129
5.1851,0.27307,2.1472
5.1851,0.29277,2.3813
5.1851,0.31247,2.6153
5.1851,0.33216,2.849
5.1851,0.35186,3.0826
5.1851,0.37156,3.3161
5.1851,0.39125,3.5493
5.1851,0.41095,3.7823
5.1851,0.43065,4.0152
5.1851,0.45034,4.2478
5.1851,0.47004,4.4802
5.1851,0.48974,4.7124
5.1851,0.50943,4.9443
5.1851,0.52913,5.1761
5.1851,0.54883,5.4075
5.1851,0.56853,5.6387
5.1851,0.58822,5.8696
5.1851,0.60792,6.1002
5.1851,0.62762,6.3305
5.1851,0.64731,6.5605
5.1851,0.66701,6.7902
5.1851,0.68671,7.0196
5.1851,0.7064,7.2487
5.1851,0.7261,7.4774
5.1851,0.7458,7.7058
5.1851,0.76549,7.9339
5.1851,0.78519,8.1616
5.1851,0.80489,8.389
5.1851,0.82458,8.616
5.1851,0.84428,8.8426
5.1851,0.86398,9.0689
5.1851,0.88367,9.2949
5.1851,0.90337,9.5204
5.1851,0.92307,9.7457
5.1851,0.94276,9.9705
5.1851,0.96246,10.195
5.1851,0.98216,10.418
5.1851,1.0019,10.638
5.1851,1.0216,10.858
5.3523,0.036712,-0.76493
5.3523,0.056409,-0.53164
5.3523,0.076105,-0.29847
5.3523,0.095802,-0.065405
5.3523,0.1155,0.16755
5.3523,0.1352,0.40041
5.3523,0.15489,0.63326
5.3523,0.17459,0.86598
5.3523,0.19429,1.0986
5.3523,0.21398,1.331
5.3523,0.23368,1.5633
5.3523,0.25338,1.7954
5.3523,0.27307,2.0274
5.3523,0.29277,2.2591
5.3523,0.31247,2.4907
5.3523,0.33216,2.7221
5.3523,0.35186,2.9532
5.3523,0.37156,3.184
5.3523,0.39125,3.4147
5.3523,0.41095,3.6447
5.3523,0.43065,3.8742
5.3523,0.45034,4.1038
5.3523,0.47004,4.3332
5.3523,0.48974,4.5621
5.3523,0.50943,4.7907
5.3523,0.52913,5.0189
5.3523,0.54883,5.2466
5.3523,0.56853,5.4739
5.3523,0.58822,5.7006
5.3523,0.60792,5.9261
5.3523,0.62762,6.1516
5.3523,0.64731,6.3769
5.3523,0.66701,6.6015
5.3523,0.68671,6.8254
5.3523,0.7064,7.0484
5.3523,0.7261,7.2707
5.3523,0.7458,7.4922
5.3523,0.76549,7.7129
5.3523,0.78519,7.9327
5.3523,0.80489,8.1518
5.3523,0.82458,8.3703
5.3523,0.84428,8.5879
5.3523,0.86398,8.8045
5.3523,0.88367,9.0203
5.3523,0.90337,9.2351
5.3523,0.92307,9.4487
5.3523,0.94276,9.6613
5.3523,0.96246,9.8727
5.3523,0.98216,10.083
5.3523,1.0019,10.292
5.3523,1.0216,10.501
5.5195,0.036712,-0.84662
5.5195,0.056409,-0.61696
5.5195,0.076105,-0.38748
5.5195,0.095802,-0.15817
5.5195,0.1155,0.070973
5.5195,0.1352,0.29995
5.5195,0.15489,0.52875
5.5195,0.17459,0.75739
5.5195,0.19429,0.98584
5.5195,0.21398,1.2141
5.5195,0.23368,1.4423
5.5195,0.25338,1.6704
5.5195,0.27307,1.8983
5.5195,0.29277,2.1259
5.5195,0.31247,2.3533
5.5195,0.33216,2.5804
5.5195,0.35186,2.8069
5.5195,0.37156,3.0329
5.5195,0.39125,3.2584
5.5195,0.41095,3.4835
5.5195,0.43065,3.7083
5.5195,0.45034,3.9324
5.5195,0.47004,4.1557
5.5195,0.48974,4.3782
5.5195,0.50943,4.5998
5.5195,0.52913,4.8204
5.5195,0.54883,5.04
5.5195,0.56853,5.2588
5.5195,0.58822,5.4761
5.5195,0.60792,5.6921
5.5195,0.62762,5.9073
5.5195,0.64731,6.1208
5.5195,0.66701,6.3332
5.5195,0.68671,6.5444
5.5195,0.7064,6.7543
5.5195,0.7261,6.9628
5.5195,0.7458,7.1701
5.5195,0.76549,7.376
5.5195,0.78519,7.5807
5.5195,0.80489,7.784
5.5195,0.82458,7.9878
5.5195,0.84428,8.1914
5.5195,0.86398,8.3938
5.5195,0.88367,8.595
5.5195,0.90337,8.795
5.5195,0.92307,8.9927
5.5195,0.94276,9.1893
5.5195,0.96246,9.3858
5.5195,0.98216,9.5778
5.5195,1.0019,9.7694
5.5195,1.0216,9.9606
5.6867,0.036712,-0.90701
5.6867,0.056409,-0.6826
5.6867,0.076105,-0.45856
5.6867,0.095802,-0.23487
5.6867,0.1155,-0.011561
5.6867,0.1352,0.21137
5.6867,0.15489,0.43391
5.6867,0.17459,0.65603
5.6867,0.19429,0.87772
5.6867,0.21398,1.0989
5.6867,0.23368,1.3197
5.6867,0.25338,1.5398
5.6867,0.27307,1.7594
5.6867,0.29277,1.9785
5.6867,0.31247,2.1968
5.6867,0.33216,2.4145
5.6867,0.35186,2.6316
5.6867,0.37156,2.8485
5.6867,0.39125,3.0649
5.6867,0.41095,3.2805
5.6867,0.43065,3.4952
5.6867,0.45034,3.7089
5.6867,0.47004,3.9214
5.6867,0.48974,4.1323
5.6867,0.50943,4.3423
5.6867,0.52913,4.5506
5.6867,0.54883,4.7567
5.6867,0.56853,4.9608
5.6867,0.58822,5.163
5.6867,0.60792,5.3634
5.6867,0.62762,5.5619
5.6867,0.64731,5.7589
5.6867,0.66701,5.9544
5.6867,0.68671,6.1523
5.6867,0.7064,6.3502
5.6867,0.7261,6.5436
5.6867,0.7458,6.7351
5.6867,0.76549,6.9264
5.6867,0.78519,7.1222
5.6867,0.80489,7.3167
5.6867,0.82458,7.506
5.6867,0.84428,7.6945
5.6867,0.86398,7.8824
5.6867,0.88367,8.0696
5.6867,0.90337,8.2563
5.6867,0.92307,8.4424
5.6867,0.94276,8.6279
5.6867,0.96246,8.8129
5.6867,0.98216,8.9974
5.6867,1.0019,9.1815
5.6867,1.0216,9.3651
5.8539,0.036712,-0.96156
5.8539,0.056409,-0.74334
5.8539,0.076105,-0.52606
5.8539,0.095802,-0.30983
5.8539,0.1155,-0.094755
5.8539,0.1352,0.11906
5.8539,0.15489,0.33154
5.8539,0.17459,0.54282
5.8539,0.19429,0.75397
5.8539,0.21398,0.96428
5.8539,0.23368,1.1737
5.8539,0.25338,1.3824
5.8539,0.27307,1.5902
5.8539,0.29277,1.7972
5.8539,0.31247,2.0034
5.8539,0.33216,2.2045
5.8539,0.35186,2.4002
5.8539,0.37156,2.5942
5.8539,0.39125,2.7867
5.8539,0.41095,2.978
5.8539,0.43065,3.1681
5.8539,0.45034,3.3572
5.8539,0.47004,3.5454
5.8539,0.48974,3.733
5.8539,0.50943,3.9204
5.8539,0.52913,4.1071
5.8539,0.54883,4.2928
5.8539,0.56853,4.4786
5.8539,0.58822,4.6642
5.8539,0.60792,4.8495
5.8539,0.62762,5.0347
5.8539,0.64731,5.2197
5.8539,0.66701,5.4045
5.8539,0.68671,5.5922
5.8539,0.7064,5.7807
5.8539,0.7261,5.9693
5.8539,0.7458,6.1578
5.8539,0.76549,6.3464
5.8539,0.78519,6.535
5.8539,0.80489,6.7235
5.8539,0.82458,6.9121
5.8539,0.84428,7.1006
5.8539,0.86398,7.2891
5.8539,0.88367,7.4775
5.8539,0.90337,7.6643
5.8539,0.92307,7.8461
5.8539,0.94276,8.0275
5.8539,0.96246,8.2086
5.8539,0.98216,8.3894
5.8539,1.0019,8.5698
5.8539,1.0216,8.7498
6.0211,0.036712,-0.94297
6.0211,0.056409,-0.74534
6.0211,0.076105,-0.54973
6.0211,0.095802,-0.35603
6.0211,0.1155,-0.16411
6.0211,0.1352,0.026154
6.0211,0.15489,0.21488
6.0211,0.17459,0.40219
6.0211,0.19429,0.58819
6.0211,0.21398,0.77299
6.0211,0.23368,0.9567
6.0211,0.25338,1.1394
6.0211,0.27307,1.3212
6.0211,0.29277,1.5022
6.0211,0.31247,1.6824
6.0211,0.33216,1.862
6.0211,0.35186,2.0409
6.0211,0.37156,2.2194
6.0211,0.39125,2.3973
6.0211,0.41095,2.5748
6.0211,0.43065,2.7518
6.0211,0.45034,2.9285
6.0211,0.47004,3.1049
6.0211,0.48974,3.281
6.0211,0.50943,3.4568
6.0211,0.52913,3.6324
6.0211,0.54883,3.8077
6.0211,0.56853,3.9834
6.0211,0.58822,4.158
6.0211,0.60792,4.3324
6.0211,0.62762,4.5069
6.0211,0.64731,4.6812
6.0211,0.66701,4.8553
6.0211,0.68671,5.0292
6.0211,0.7064,5.203
6.0211,0.7261,5.3765
6.0211,0.7458,5.5502
6.0211,0.76549,5.7242
6.0211,0.78519,5.8981
6.0211,0.80489,6.0718
6.0211,0.82458,6.2454
6.0211,0.84428,6.4187
6.0211,0.86398,6.5919
6.0211,0.88367,6.765
6.0211,0.90337,6.9378
6.0211,0.92307,7.1105
6.0211,0.94276,7.283
6.0211,0.96246,7.4554
6.0211,0.98216,7.6276
6.0211,1.0019,7.7996
6.0211,1.0216,7.9708
6.1883,0.036712,-0.9682
6.1883,0.056409,-0.79102
6.1883,0.076105,-0.61443
6.1883,0.095802,-0.43841
6.1883,0.1155,-0.26291
6.1883,0.1352,-0.087867
6.1883,0.15489,0.086725
6.1883,0.17459,0.2609
6.1883,0.19429,0.43467
6.1883,0.21398,0.60808
6.1883,0.23368,0.78114
6.1883,0.25338,0.95387
6.1883,0.27307,1.1263
6.1883,0.29277,1.2984
6.1883,0.31247,1.4708
6.1883,0.33216,1.6424
6.1883,0.35186,1.8137
6.1883,0.37156,1.9848
6.1883,0.39125,2.1555
6.1883,0.41095,2.326
6.1883,0.43065,2.4964
6.1883,0.45034,2.6664
6.1883,0.47004,2.8363
6.1883,0.48974,3.006
6.1883,0.50943,3.1755
6.1883,0.52913,3.3447
6.1883,0.54883,3.5137
6.1883,0.56853,3.6824
6.1883,0.58822,3.8509
6.1883,0.60792,4.0192
6.1883,0.62762,4.1872
6.1883,0.64731,4.3549
6.1883,0.66701,4.5225
6.1883,0.68671,4.6897
6.1883,0.7064,4.8567
6.1883,0.7261,5.0235
6.1883,0.7458,5.1901
6.1883,0.76549,5.3564
6.1883,0.78519,5.5225
6.1883,0.80489,5.6883
6.1883,0.82458,5.8538
6.1883,0.84428,6.0191
6.1883,0.86398,6.1841
6.1883,0.88367,6.3489
6.1883,0.90337,6.5135
6.1883,0.92307,6.6778
6.1883,0.94276,6.842
6.1883,0.96246,7.0059
6.1883,0.98216,7.1696
6.1883,1.0019,7.3331
6.1883,1.0216,7.4964
6.3555,0.036712,-1.0657
6.3555,0.056409,-0.89632
6.3555,0.076105,-0.72715
6.3555,0.095802,-0.55821
6.3555,0.1155,-0.3895
6.3555,0.1352,-0.22102
6.3555,0.15489,-0.052773
6.3555,0.17459,0.11525
6.3555,0.19429,0.28305
6.3555,0.21398,0.45063
6.3555,0.23368,0.61798
6.3555,0.25338,0.7851
6.3555,0.27307,0.95209
6.3555,0.29277,1.119
6.3555,0.31247,1.2856
6.3555,0.33216,1.452
6.3555,0.35186,1.6182
6.3555,0.37156,1.7841
6.3555,0.39125,1.9496
6.3555,0.41095,2.1148
6.3555,0.43065,2.2797
6.3555,0.45034,2.4446
6.3555,0.47004,2.6093
6.3555,0.48974,2.7737
6.3555,0.50943,2.9378
6.3555,0.52913,3.1016
6.3555,0.54883,3.2651
6.3555,0.56853,3.4284
6.3555,0.58822,3.5913
6.3555,0.60792,3.7538
6.3555,0.62762,3.9161
6.3555,0.64731,4.0781
6.3555,0.66701,4.2397
6.3555,0.68671,4.401
6.3555,0.7064,4.562
6.3555,0.7261,4.7226
6.3555,0.7458,4.883
6.3555,0.76549,5.043
6.3555,0.78519,5.2027
6.3555,0.80489,5.3621
6.3555,0.82458,5.5213
6.3555,0.84428,5.6802
6.3555,0.86398,5.8389
6.3555,0.88367,5.9972
6.3555,0.90337,6.1554
6.3555,0.92307,6.3133
6.3555,0.94276,6.4711
6.3555,0.96246,6.6286
6.3555,0.98216,6.786
6.3555,1.0019,6.9431
6.3555,1.0216,7.1001
6.5227,0.036712,-1.1347
6.5227,0.056409,-0.97234
6.5227,0.076105,-0.8101
6.5227,0.095802,-0.64802
6.5227,0.1155,-0.48608
6.5227,0.1352,-0.32424
6.5227,0.15489,-0.16245
6.5227,0.17459,-0.00080012
6.5227,0.19429,0.16071
6.5227,0.21398,0.32206
6.5227,0.23368,0.48327
6.5227,0.25338,0.64431
6.5227,0.27307,0.80519
6.5227,0.29277,0.96589
6.5227,0.31247,1.1264
6.5227,0.33216,1.2867
6.5227,0.35186,1.4468
6.5227,0.37156,1.6067
6.5227,0.39125,1.7664
6.5227,0.41095,1.9258
6.5227,0.43065,2.0846
6.5227,0.45034,2.243
6.5227,0.47004,2.4012
6.5227,0.48974,2.5591
6.5227,0.50943,2.7168
6.5227,0.52913,2.8742
6.5227,0.54883,3.0314
6.5227,0.56853,3.1883
6.5227,0.58822,3.345
6.5227,0.60792,3.5015
6.5227,0.62762,3.6577
6.5227,0.64731,3.8137
6.5227,0.66701,3.9695
6.5227,0.68671,4.1254
6.5227,0.7064,4.2812
6.5227,0.7261,4.4367
6.5227,0.7458,4.5921
6.5227,0.76549,4.7473
6.5227,0.78519,4.9024
6.5227,0.80489,5.0574
6.5227,0.82458,5.2122
6.5227,0.84428,5.367
6.5227,0.86398,5.5217
6.5227,0.88367,5.6764
6.5227,0.90337,5.831
6.5227,0.92307,5.9856
6.5227,0.94276,6.1401
6.5227,0.96246,6.2935
6.5227,0.98216,6.4468
6.5227,1.0019,6.6
6.5227,1.0216,6.7531
6.6899,0.036712,-1.1706
6.6899,0.056409,-1.0164
6.6899,0.076105,-0.86215
6.6899,0.095802,-0.70796
6.6899,0.1155,-0.55377
6.6899,0.1352,-0.39956
6.6899,0.15489,-0.24532
6.6899,0.17459,-0.09104
6.6899,0.19429,0.063092
6.6899,0.21398,0.21725
6.6899,0.23368,0.37145
6.6899,0.25338,0.5257
6.6899,0.27307,0.68001
6.6899,0.29277,0.83437
6.6899,0.31247,0.9888
6.6899,0.33216,1.1433
6.6899,0.35186,1.2979
6.6899,0.37156,1.4525
6.6899,0.39125,1.6072
6.6899,0.41095,1.762
6.6899,0.43065,1.9168
6.6899,0.45034,2.0717
6.6899,0.47004,2.2266
6.6899,0.48974,2.3816
6.6899,0.50943,2.5366
6.6899,0.52913,2.6917
6.6899,0.54883,2.8468
6.6899,0.56853,3.0019
6.6899,0.58822,3.157
6.6899,0.60792,3.312
6.6899,0.62762,3.4659
6.6899,0.64731,3.6217
6.6899,0.66701,3.7772
6.6899,0.68671,3.9322
6.6899,0.7064,4.0871
6.6899,0.7261,4.242
6.6899,0.7458,4.3968
6.6899,0.76549,4.5515
6.6899,0.78519,4.7061
6.6899,0.80489,4.8603
6.6899,0.82458,5.0099
6.6899,0.84428,5.1593
6.6899,0.86398,5.3084
6.6899,0.88367,5.4573
6.6899,0.90337,5.6059
6.6899,0.92307,5.7684
6.6899,0.94276,5.9313
6.6899,0.96246,6.0917
6.6899,0.98216,6.2449
6.6899,1.0019,6.398
6.6899,1.0216,6.5468
6.8571,0.036712,-1.2144
6.8571,0.056409,-1.0658
6.8571,0.076105,-0.91747
6.8571,0.095802,-0.76936
6.8571,0.1155,-0.62146
6.8571,0.1352,-0.47376
6.8571,0.15489,-0.32626
6.8571,0.17459,-0.17896
6.8571,0.19429,-0.031841
6.8571,0.21398,0.1151
6.8571,0.23368,0.26187
6.8571,0.25338,0.40849
6.8571,0.27307,0.55495
6.8571,0.29277,0.70105
6.8571,0.31247,0.84644
6.8571,0.33216,0.99172
6.8571,0.35186,1.1369
6.8571,0.37156,1.282
6.8571,0.39125,1.4271
6.8571,0.41095,1.5722
6.8571,0.43065,1.7179
6.8571,0.45034,1.8637
6.8571,0.47004,2.0095
6.8571,0.48974,2.1551
6.8571,0.50943,2.3007
6.8571,0.52913,2.4462
6.8571,0.54883,2.5917
6.8571,0.56853,2.7368
6.8571,0.58822,2.8816
6.8571,0.60792,3.0259
6.8571,0.62762,3.1698
6.8571,0.64731,3.3132
6.8571,0.66701,3.4561
6.8571,0.68671,3.5986
6.8571,0.7064,3.7405
6.8571,0.7261,3.8819
6.8571,0.7458,4.0228
6.8571,0.76549,4.1646
6.8571,0.78519,4.3062
6.8571,0.80489,4.4477
6.8571,0.82458,4.5889
6.8571,0.84428,4.7299
6.8571,0.86398,4.8707
6.8571,0.88367,5.0113
6.8571,0.90337,5.1517
6.8571,0.92307,5.2919
6.8571,0.94276,5.4319
6.8571,0.96246,5.5693
6.8571,0.98216,5.7059
6.8571,1.0019,5.8421
6.8571,1.0216,5.978
7.0243,0.036712,-1.2676
7.0243,0.056409,-1.124
7.0243,0.076105,-0.98065
7.0243,0.095802,-0.83755
7.0243,0.1155,-0.69471
7.0243,0.1352,-0.55214
7.0243,0.15489,-0.40985
7.0243,0.17459,-0.26786
7.0243,0.19429,-0.12617
7.0243,0.21398,0.015206
7.0243,0.23368,0.15627
7.0243,0.25338,0.29701
7.0243,0.27307,0.43741
7.0243,0.29277,0.57748
7.0243,0.31247,0.71721
7.0243,0.33216,0.8566
7.0243,0.35186,0.99563
7.0243,0.37156,1.1343
7.0243,0.39125,1.2727
7.0243,0.41095,1.4106
7.0243,0.43065,1.5483
7.0243,0.45034,1.6855
7.0243,0.47004,1.8225
7.0243,0.48974,1.959
7.0243,0.50943,2.0953
7.0243,0.52913,2.2311
7.0243,0.54883,2.3667
7.0243,0.56853,2.5019
7.0243,0.58822,2.6363
7.0243,0.60792,2.7701
7.0243,0.62762,2.9035
7.0243,0.64731,3.0365
7.0243,0.66701,3.1691
7.0243,0.68671,3.3013
7.0243,0.7064,3.4332
7.0243,0.7261,3.5647
7.0243,0.7458,3.6971
7.0243,0.76549,3.8294
7.0243,0.78519,3.9614
7.0243,0.80489,4.0932
7.0243,0.82458,4.2239
7.0243,0.84428,4.3541
7.0243,0.86398,4.484
7.0243,0.88367,4.6136
7.0243,0.90337,4.743
7.0243,0.92307,4.8721
7.0243,0.94276,5.0009
7.0243,0.96246,5.1295
7.0243,0.98216,5.2577
7.0243,1.0019,5.3858
7.0243,1.0216,5.5134
7.1915,0.036712,-1.3228
7.1915,0.056409,-1.1841
7.1915,0.076105,-1.0451
7.1915,0.095802,-0.90646
7.1915,0.1155,-0.76835
7.1915,0.1352,-0.63072
7.1915,0.15489,-0.49357
7.1915,0.17459,-0.35691
7.1915,0.19429,-0.22073
7.1915,0.21398,-0.08504
7.1915,0.23368,0.05018
7.1915,0.25338,0.18493
7.1915,0.27307,0.3192
7.1915,0.29277,0.45278
7.1915,0.31247,0.58598
7.1915,0.33216,0.71881
7.1915,0.35186,0.85128
7.1915,0.37156,0.98339
7.1915,0.39125,1.1151
7.1915,0.41095,1.2466
7.1915,0.43065,1.3776
7.1915,0.45034,1.5084
7.1915,0.47004,1.6388
7.1915,0.48974,1.7689
7.1915,0.50943,1.8987
7.1915,0.52913,2.0282
7.1915,0.54883,2.1574
7.1915,0.56853,2.2863
7.1915,0.58822,2.4149
7.1915,0.60792,2.5432
7.1915,0.62762,2.6713
7.1915,0.64731,2.7991
7.1915,0.66701,2.9266
7.1915,0.68671,3.0538
7.1915,0.7064,3.1808
7.1915,0.7261,3.3075
7.1915,0.7458,3.434
7.1915,0.76549,3.5602
7.1915,0.78519,3.6861
7.1915,0.80489,3.8118
7.1915,0.82458,3.9372
7.1915,0.84428,4.0624
7.1915,0.86398,4.1874
7.1915,0.88367,4.3124
7.1915,0.90337,4.4369
7.1915,0.92307,4.5611
7.1915,0.94276,4.6851
7.1915,0.96246,4.8087
7.1915,0.98216,4.9319
7.1915,1.0019,5.0549
7.1915,1.0216,5.1774
7.3587,0.036712,-1.3527
7.3587,0.056409,-1.221
7.3587,0.076105,-1.0895
7.3587,0.095802,-0.95836
7.3587,0.1155,-0.82747
7.3587,0.1352,-0.69685
7.3587,0.15489,-0.56627
7.3587,0.17459,-0.43578
7.3587,0.19429,-0.30563
7.3587,0.21398,-0.1758
7.3587,0.23368,-0.046312
7.3587,0.25338,0.082853
7.3587,0.27307,0.21169
7.3587,0.29277,0.34021
7.3587,0.31247,0.46841
7.3587,0.33216,0.5963
7.3587,0.35186,0.72388
7.3587,0.37156,0.85114
7.3587,0.39125,0.9781
7.3587,0.41095,1.1048
7.3587,0.43065,1.2311
7.3587,0.45034,1.3572
7.3587,0.47004,1.4829
7.3587,0.48974,1.6085
7.3587,0.50943,1.7337
7.3587,0.52913,1.8587
7.3587,0.54883,1.9834
7.3587,0.56853,2.1077
7.3587,0.58822,2.2314
7.3587,0.60792,2.3549
7.3587,0.62762,2.4783
7.3587,0.64731,2.6013
7.3587,0.66701,2.724
7.3587,0.68671,2.8465
7.3587,0.7064,2.9686
7.3587,0.7261,3.0903
7.3587,0.7458,3.2117
7.3587,0.76549,3.3328
7.3587,0.78519,3.4536
7.3587,0.80489,3.5739
7.3587,0.82458,3.694
7.3587,0.84428,3.8136
7.3587,0.86398,3.9329
7.3587,0.88367,4.0517
7.3587,0.90337,4.1702
7.3587,0.92307,4.2883
7.3587,0.94276,4.4059
7.3587,0.96246,4.5232
7.3587,0.98216,4.64
7.3587,1.0019,4.7563
7.3587,1.0216,4.8722
7.5258,0.036712,-1.3859
7.5258,0.056409,-1.2579
7.5258,0.076105,-1.1303
7.5258,0.095802,-1.0031
7.5258,0.1155,-0.87621
7.5258,0.1352,-0.74975
7.5258,0.15489,-0.6237
7.5258,0.17459,-0.49805
7.5258,0.19429,-0.37282
7.5258,0.21398,-0.24793
7.5258,0.23368,-0.12346
7.5258,0.25338,0.00058221
7.5258,0.27307,0.1242
7.5258,0.29277,0.24739
7.5258,0.31247,0.37016
7.5258,0.33216,0.49251
7.5258,0.35186,0.61445
7.5258,0.37156,0.73597
7.5258,0.39125,0.85708
7.5258,0.41095,0.97778
7.5258,0.43065,1.0981
7.5258,0.45034,1.2179
7.5258,0.47004,1.3375
7.5258,0.48974,1.4569
7.5258,0.50943,1.576
7.5258,0.52913,1.6947
7.5258,0.54883,1.8131
7.5258,0.56853,1.9312
7.5258,0.58822,2.0474
7.5258,0.60792,2.1629
7.5258,0.62762,2.278
7.5258,0.64731,2.3936
7.5258,0.66701,2.5088
7.5258,0.68671,2.6235
7.5258,0.7064,2.7377
7.5258,0.7261,2.8514
7.5258,0.7458,2.9646
7.5258,0.76549,3.0773
7.5258,0.78519,3.1896
7.5258,0.80489,3.3013
7.5258,0.82458,3.4125
7.5258,0.84428,3.5231
7.5258,0.86398,3.6333
7.5258,0.88367,3.7429
7.5258,0.90337,3.852
7.5258,0.92307,3.9605
7.5258,0.94276,4.0685
7.5258,0.96246,4.1759
7.5258,0.98216,4.2827
7.5258,1.0019,4.389
7.5258,1.0216,4.4948
7.693,0.036712,-1.3642
7.693,0.056409,-1.2408
7.693,0.076105,-1.118
7.693,0.095802,-0.99579
7.693,0.1155,-0.87421
7.693,0.1352,-0.75328
7.693,0.15489,-0.633
7.693,0.17459,-0.5134
7.693,0.19429,-0.39448
7.693,0.21398,-0.27627
7.693,0.23368,-0.15876
7.693,0.25338,-0.041945
7.693,0.27307,0.074312
7.693,0.29277,0.18989
7.693,0.31247,0.3048
7.693,0.33216,0.41905
7.693,0.35186,0.53267
7.693,0.37156,0.64568
7.693,0.39125,0.75809
7.693,0.41095,0.86992
7.693,0.43065,0.98121
7.693,0.45034,1.0921
7.693,0.47004,1.2029
7.693,0.48974,1.3134
7.693,0.50943,1.4236
7.693,0.52913,1.5335
7.693,0.54883,1.6431
7.693,0.56853,1.7524
7.693,0.58822,1.8596
7.693,0.60792,1.9654
7.693,0.62762,2.0706
7.693,0.64731,2.1774
7.693,0.66701,2.2855
7.693,0.68671,2.3934
7.693,0.7064,2.5011
7.693,0.7261,2.6087
7.693,0.7458,2.7162
7.693,0.76549,2.8236
7.693,0.78519,2.9308
7.693,0.80489,3.038
7.693,0.82458,3.1451
7.693,0.84428,3.2521
7.693,0.86398,3.3589
7.693,0.88367,3.4656
7.693,0.90337,3.5722
7.693,0.92307,3.6787
7.693,0.94276,3.785
7.693,0.96246,3.8911
7.693,0.98216,3.997
7.693,1.0019,4.1028
7.693,1.0216,4.2083
7.8602,0.036712,-1.3765
7.8602,0.056409,-1.2582
7.8602,0.076105,-1.1405
7.8602,0.095802,-1.0235
7.8602,0.1155,-0.90756
7.8602,0.1352,-0.79232
7.8602,0.15489,-0.6777
7.8602,0.17459,-0.56371
7.8602,0.19429,-0.45035
7.8602,0.21398,-0.33762
7.8602,0.23368,-0.2255
7.8602,0.25338,-0.11317
7.8602,0.27307,-0.000868
7.8602,0.29277,0.11065
7.8602,0.31247,0.22143
7.8602,0.33216,0.33119
7.8602,0.35186,0.44016
7.8602,0.37156,0.54861
7.8602,0.39125,0.65656
7.8602,0.41095,0.76403
7.8602,0.43065,0.87107
7.8602,0.45034,0.97769
7.8602,0.47004,1.0842
7.8602,0.48974,1.1906
7.8602,0.50943,1.2966
7.8602,0.52913,1.4025
7.8602,0.54883,1.5081
7.8602,0.56853,1.6137
7.8602,0.58822,1.719
7.8602,0.60792,1.8243
7.8602,0.62762,1.9297
7.8602,0.64731,2.0351
7.8602,0.66701,2.1405
7.8602,0.68671,2.2458
7.8602,0.7064,2.3512
7.8602,0.7261,2.4566
7.8602,0.7458,2.562
7.8602,0.76549,2.6674
7.8602,0.78519,2.7727
7.8602,0.80489,2.878
7.8602,0.82458,2.9833
7.8602,0.84428,3.0884
7.8602,0.86398,3.1935
7.8602,0.88367,3.2985
7.8602,0.90337,3.4034
7.8602,0.92307,3.5081
7.8602,0.94276,3.6127
7.8602,0.96246,3.717
7.8602,0.98216,3.8212
7.8602,1.0019,3.9252
7.8602,1.0216,4.029
8.0274,0.036712,-1.4163
8.0274,0.056409,-1.3032
8.0274,0.076105,-1.1905
8.0274,0.095802,-1.0785
8.0274,0.1155,-0.96691
8.0274,0.1352,-0.85539
8.0274,0.15489,-0.74452
8.0274,0.17459,-0.63432
8.0274,0.19429,-0.52474
8.0274,0.21398,-0.41573
8.0274,0.23368,-0.30725
8.0274,0.25338,-0.19923
8.0274,0.27307,-0.091633
8.0274,0.29277,0.01559
8.0274,0.31247,0.12249
8.0274,0.33216,0.22915
8.0274,0.35186,0.33553
8.0274,0.37156,0.44164
8.0274,0.39125,0.54749
8.0274,0.41095,0.65312
8.0274,0.43065,0.75853
8.0274,0.45034,0.86375
8.0274,0.47004,0.96887
8.0274,0.48974,1.0739
8.0274,0.50943,1.1788
8.0274,0.52913,1.2837
8.0274,0.54883,1.3886
8.0274,0.56853,1.4934
8.0274,0.58822,1.5981
8.0274,0.60792,1.7029
8.0274,0.62762,1.8076
8.0274,0.64731,1.9123
8.0274,0.66701,2.017
8.0274,0.68671,2.1218
8.0274,0.7064,2.2267
8.0274,0.7261,2.3315
8.0274,0.7458,2.4364
8.0274,0.76549,2.5412
8.0274,0.78519,2.646
8.0274,0.80489,2.7508
8.0274,0.82458,2.8556
8.0274,0.84428,2.9603
8.0274,0.86398,3.0649
8.0274,0.88367,3.1694
8.0274,0.90337,3.2738
8.0274,0.92307,3.3782
8.0274,0.94276,3.4823
8.0274,0.96246,3.5864
8.0274,0.98216,3.6902
8.0274,1.0019,3.7939
8.0274,1.0216,3.8974
8.1946,0.036712,-1.4841
8.1946,0.056409,-1.3753
8.1946,0.076105,-1.2668
8.1946,0.095802,-1.1587
8.1946,0.1155,-1.051
8.1946,0.1352,-0.94362
8.1946,0.15489,-0.83655
8.1946,0.17459,-0.72977
8.1946,0.19429,-0.62325
8.1946,0.21398,-0.51698
8.1946,0.23368,-0.41091
8.1946,0.25338,-0.30504
8.1946,0.27307,-0.19934
8.1946,0.29277,-0.093788
8.1946,0.31247,0.011794
8.1946,0.33216,0.11728
8.1946,0.35186,0.22262
8.1946,0.37156,0.32782
8.1946,0.39125,0.43288
8.1946,0.41095,0.53781
8.1946,0.43065,0.64263
8.1946,0.45034,0.74734
8.1946,0.47004,0.85195
8.1946,0.48974,0.9565
8.1946,0.50943,1.061
8.1946,0.52913,1.1655
8.1946,0.54883,1.2699
8.1946,0.56853,1.3743
8.1946,0.58822,1.4787
8.1946,0.60792,1.5831
8.1946,0.62762,1.6875
8.1946,0.64731,1.7918
8.1946,0.66701,1.8961
8.1946,0.68671,2.0004
8.1946,0.7064,2.1047
8.1946,0.7261,2.2089
8.1946,0.7458,2.3131
8.1946,0.76549,2.4174
8.1946,0.78519,2.5216
8.1946,0.80489,2.6258
8.1946,0.82458,2.7299
8.1946,0.84428,2.834
8.1946,0.86398,2.938
8.1946,0.88367,3.0419
8.1946,0.90337,3.1458
8.1946,0.92307,3.2495
8.1946,0.94276,3.3532
8.1946,0.96246,3.4568
8.1946,0.98216,3.5602
8.1946,1.0019,3.6636
8.1946,1.0216,3.7668
8.3618,0.036712,-1.5785
8.3618,0.056409,-1.4717
8.3618,0.076105,-1.3653
8.3618,0.095802,-1.2591
8.3618,0.1155,-1.1531
8.3618,0.1352,-1.0473
8.3618,0.15489,-0.94161
8.3618,0.17459,-0.83608
8.3618,0.19429,-0.73069
8.3618,0.21398,-0.62541
8.3618,0.23368,-0.52025
8.3618,0.25338,-0.4152
8.3618,0.27307,-0.31023
8.3618,0.29277,-0.20527
8.3618,0.31247,-0.1002
8.3618,0.33216,0.0047679
8.3618,0.35186,0.10963
8.3618,0.37156,0.21439
8.3618,0.39125,0.31906
8.3618,0.41095,0.42364
8.3618,0.43065,0.52813
8.3618,0.45034,0.63253
8.3618,0.47004,0.7368
8.3618,0.48974,0.84101
8.3618,0.50943,0.94517
8.3618,0.52913,1.0493
8.3618,0.54883,1.1534
8.3618,0.56853,1.2575
8.3618,0.58822,1.3615
8.3618,0.60792,1.4655
8.3618,0.62762,1.5695
8.3618,0.64731,1.6734
8.3618,0.66701,1.7773
8.3618,0.68671,1.8812
8.3618,0.7064,1.9851
8.3618,0.7261,2.0888
8.3618,0.7458,2.1926
8.3618,0.76549,2.2963
8.3618,0.78519,2.3999
8.3618,0.80489,2.5035
8.3618,0.82458,2.6071
8.3618,0.84428,2.7106
8.3618,0.86398,2.8141
8.3618,0.88367,2.9175
8.3618,0.90337,3.0209
8.3618,0.92307,3.1241
8.3618,0.94276,3.2273
8.3618,0.96246,3.3305
8.3618,0.98216,3.4335
8.3618,1.0019,3.5365
8.3618,1.0216,3.6393
8.529,0.036712,-1.681
8.529,0.056409,-1.5753
8.529,0.076105,-1.4698
8.529,0.095802,-1.3644
8.529,0.1155,-1.2591
8.529,0.1352,-1.1539
8.529,0.15489,-1.0488
8.529,0.17459,-0.94386
8.529,0.19429,-0.83897
8.529,0.21398,-0.73417
8.529,0.23368,-0.62944
8.529,0.25338,-0.52479
8.529,0.27307,-0.42021
8.529,0.29277,-0.31543
8.529,0.31247,-0.21068
8.529,0.33216,-0.10601
8.529,0.35186,-0.0014337
8.529,0.37156,0.10306
8.529,0.39125,0.20747
8.529,0.41095,0.3118
8.529,0.43065,0.41605
8.529,0.45034,0.52022
8.529,0.47004,0.62421
8.529,0.48974,0.72813
8.529,0.50943,0.832
8.529,0.52913,0.93582
8.529,0.54883,1.0396
8.529,0.56853,1.1434
8.529,0.58822,1.2471
8.529,0.60792,1.3507
8.529,0.62762,1.4544
8.529,0.64731,1.558
8.529,0.66701,1.6615
8.529,0.68671,1.765
8.529,0.7064,1.8685
8.529,0.7261,1.9719
8.529,0.7458,2.0752
8.529,0.76549,2.1785
8.529,0.78519,2.2818
8.529,0.80489,2.3849
8.529,0.82458,2.4881
8.529,0.84428,2.5911
8.529,0.86398,2.6941
8.529,0.88367,2.797
8.529,0.90337,2.8999
8.529,0.92307,3.0028
8.529,0.94276,3.1056
8.529,0.96246,3.2083
8.529,0.98216,3.3109
8.529,1.0019,3.4135
8.529,1.0216,3.5161
8.6962,0.036712,-1.7862
8.6962,0.056409,-1.681
8.6962,0.076105,-1.5759
8.6962,0.095802,-1.4708
8.6962,0.1155,-1.3659
8.6962,0.1352,-1.2611
8.6962,0.15489,-1.1563
8.6962,0.17459,-1.0516
8.6962,0.19429,-0.94701
8.6962,0.21398,-0.84247
8.6962,0.23368,-0.738
8.6962,0.25338,-0.6336
8.6962,0.27307,-0.52913
8.6962,0.29277,-0.42452
8.6962,0.31247,-0.31999
8.6962,0.33216,-0.21553
8.6962,0.35186,-0.11115
8.6962,0.37156,-0.0068459
8.6962,0.39125,0.097381
8.6962,0.41095,0.20153
8.6962,0.43065,0.30561
8.6962,0.45034,0.4096
8.6962,0.47004,0.51339
8.6962,0.48974,0.61709
8.6962,0.50943,0.72075
8.6962,0.52913,0.82435
8.6962,0.54883,0.9279
8.6962,0.56853,1.0314
8.6962,0.58822,1.1349
8.6962,0.60792,1.2383
8.6962,0.62762,1.3416
8.6962,0.64731,1.4449
8.6962,0.66701,1.5482
8.6962,0.68671,1.6514
8.6962,0.7064,1.7545
8.6962,0.7261,1.8576
8.6962,0.7458,1.9606
8.6962,0.76549,2.0636
8.6962,0.78519,2.1665
8.6962,0.80489,2.2693
8.6962,0.82458,2.3721
8.6962,0.84428,2.4748
8.6962,0.86398,2.5774
8.6962,0.88367,2.68
8.6962,0.90337,2.7825
8.6962,0.92307,2.885
8.6962,0.94276,2.9874
8.6962,0.96246,3.0898
8.6962,0.98216,3.1921
8.6962,1.0019,3.2944
8.6962,1.0216,3.3967
8.8634,0.036712,-1.8931
8.8634,0.056409,-1.7882
8.8634,0.076105,-1.6833
8.8634,0.095802,-1.5785
8.8634,0.1155,-1.4738
8.8634,0.1352,-1.3692
8.8634,0.15489,-1.2646
8.8634,0.17459,-1.1601
8.8634,0.19429,-1.0557
8.8634,0.21398,-0.95133
8.8634,0.23368,-0.84704
8.8634,0.25338,-0.74281
8.8634,0.27307,-0.63833
8.8634,0.29277,-0.53389
8.8634,0.31247,-0.42953
8.8634,0.33216,-0.32523
8.8634,0.35186,-0.22101
8.8634,0.37156,-0.11687
8.8634,0.39125,-0.012789
8.8634,0.41095,0.091216
8.8634,0.43065,0.19515
8.8634,0.45034,0.29901
8.8634,0.47004,0.40263
8.8634,0.48974,0.50618
8.8634,0.50943,0.60966
8.8634,0.52913,0.71309
8.8634,0.54883,0.81647
8.8634,0.56853,0.91979
8.8634,0.58822,1.0231
8.8634,0.60792,1.1263
8.8634,0.62762,1.2294
8.8634,0.64731,1.3325
8.8634,0.66701,1.4355
8.8634,0.68671,1.5385
8.8634,0.7064,1.6414
8.8634,0.7261,1.7443
8.8634,0.7458,1.8471
8.8634,0.76549,1.9498
8.8634,0.78519,2.0525
8.8634,0.80489,2.1551
8.8634,0.82458,2.2577
8.8634,0.84428,2.3602
8.8634,0.86398,2.4626
8.8634,0.88367,2.565
8.8634,0.90337,2.6673
8.8634,0.92307,2.7696
8.8634,0.94276,2.8718
8.8634,0.96246,2.974
8.8634,0.98216,3.0761
8.8634,1.0019,3.1781
8.8634,1.0216,3.2802
