0.83794,4.25,4.9719
0.83794,5.085,4.5259
0.83794,5.92,4.0878
0.83794,6.755,3.6551
0.83794,7.59,3.2238
0.83794,8.425,2.7989
0.83794,9.26,2.3815
0.83794,10.095,1.9695
0.83794,10.93,1.5643
0.83794,11.765,1.1678
0.83794,12.6,0.79535
0.83794,13.435,0.42768
0.83794,14.27,0.085424
0.83794,15.105,-0.20856
0.83794,15.94,-0.47242
0.83794,16.775,-0.6999
0.83794,17.61,-0.88813
0.83794,18.445,-1.0442
0.83794,19.28,-1.2402
0.83794,20.115,-1.4109
0.83794,20.95,-1.442
0.83794,21.785,-1.4328
0.83794,22.62,-1.5556
0.83794,23.455,-1.652
0.83794,24.29,-1.7156
0.83794,25.125,-1.7835
0.83794,25.96,-1.8665
0.83794,26.795,-1.974
0.83794,27.63,-2.0692
0.83794,28.465,-2.1907
0.83794,29.3,-2.2045
0.83794,30.135,-2.3488
0.83794,30.97,-2.516
0.83794,31.805,-2.6241
0.83794,32.64,-2.6879
0.83794,33.475,-2.8419
0.83794,34.31,-2.9663
0.83794,35.145,-3.0918
0.83794,35.98,-3.2252
0.83794,36.815,-3.345
0.83794,37.65,-3.4526
0.83794,38.485,-3.555
0.83794,39.32,-3.6566
0.83794,40.155,-3.7615
0.83794,40.99,-3.847
0.83794,41.825,-3.9229
0.83794,42.66,-3.9903
0.83794,43.495,-4.0392
0.83794,44.33,-4.1159
0.83794,45.165,-4.1641
0.83794,46,-4.1904
1.0083,4.25,5.1935
1.0083,5.085,4.7545
1.0083,5.92,4.3099
1.0083,6.755,3.8738
1.0083,7.59,3.4411
1.0083,8.425,3.0111
1.0083,9.26,2.5876
1.0083,10.095,2.1698
1.0083,10.93,1.7577
1.0083,11.765,1.3532
1.0083,12.6,0.96437
1.0083,13.435,0.59708
1.0083,14.27,0.23716
1.0083,15.105,-0.05627
1.0083,15.94,-0.31557
1.0083,16.775,-0.53621
1.0083,17.61,-0.72166
1.0083,18.445,-0.92129
1.0083,19.28,-1.1295
1.0083,20.115,-1.2533
1.0083,20.95,-1.2858
1.0083,21.785,-1.3232
1.0083,22.62,-1.434
1.0083,23.455,-1.5527
1.0083,24.29,-1.715
1.0083,25.125,-1.735
1.0083,25.96,-1.7474
1.0083,26.795,-1.8491
1.0083,27.63,-1.9582
1.0083,28.465,-2.0872
1.0083,29.3,-2.1311
1.0083,30.135,-2.2818
1.0083,30.97,-2.4128
1.0083,31.805,-2.4902
1.0083,32.64,-2.6192
1.0083,33.475,-2.7429
1.0083,34.31,-2.8623
1.0083,35.145,-3.0009
1.0083,35.98,-3.1247
1.0083,36.815,-3.2356
1.0083,37.65,-3.3401
1.0083,38.485,-3.441
1.0083,39.32,-3.5476
1.0083,40.155,-3.6409
1.0083,40.99,-3.7182
1.0083,41.825,-3.7812
1.0083,42.66,-3.8456
1.0083,43.495,-3.9096
1.0083,44.33,-3.9587
1.0083,45.165,-3.998
1.0083,46,-4.0298
1.1787,4.25,5.4157
1.1787,5.085,4.9738
1.1787,5.92,4.535
1.1787,6.755,4.095
1.1787,7.59,3.66
1.1787,8.425,3.2273
1.1787,9.26,2.798
1.1787,10.095,2.375
1.1787,10.93,1.9561
1.1787,11.765,1.5436
1.1787,12.6,1.1402
1.1787,13.435,0.7662
1.1787,14.27,0.40054
1.1787,15.105,0.11142
1.1787,15.94,-0.15821
1.1787,16.775,-0.37727
1.1787,17.61,-0.59544
1.1787,18.445,-0.79882
1.1787,19.28,-0.96034
1.1787,20.115,-1.0888
1.1787,20.95,-1.1106
1.1787,21.785,-1.208
1.1787,22.62,-1.3819
1.1787,23.455,-1.5688
1.1787,24.29,-1.5229
1.1787,25.125,-1.5883
1.1787,25.96,-1.632
1.1787,26.795,-1.7473
1.1787,27.63,-1.8524
1.1787,28.465,-1.9864
1.1787,29.3,-2.0697
1.1787,30.135,-2.1826
1.1787,30.97,-2.2917
1.1787,31.805,-2.4023
1.1787,32.64,-2.5242
1.1787,33.475,-2.6349
1.1787,34.31,-2.7735
1.1787,35.145,-2.9019
1.1787,35.98,-3.0168
1.1787,36.815,-3.1236
1.1787,37.65,-3.2274
1.1787,38.485,-3.3267
1.1787,39.32,-3.4284
1.1787,40.155,-3.5115
1.1787,40.99,-3.5818
1.1787,41.825,-3.6497
1.1787,42.66,-3.7109
1.1787,43.495,-3.7633
1.1787,44.33,-3.8103
1.1787,45.165,-3.8493
1.1787,46,-3.8794
1.3491,4.25,5.649
1.3491,5.085,5.2032
1.3491,5.92,4.7599
1.3491,6.755,4.3193
1.3491,7.59,3.8815
1.3491,8.425,3.4464
1.3491,9.26,3.0133
1.3491,10.095,2.5847
1.3491,10.93,2.161
1.3491,11.765,1.741
1.3491,12.6,1.3285
1.3491,13.435,0.93313
1.3491,14.27,0.57842
1.3491,15.105,0.26145
1.3491,15.94,-0.0036673
1.3491,16.775,-0.22368
1.3491,17.61,-0.44547
1.3491,18.445,-0.65174
1.3491,19.28,-0.82038
1.3491,20.115,-0.93617
1.3491,20.95,-0.98445
1.3491,21.785,-1.1508
1.3491,22.62,-1.3224
1.3491,23.455,-1.4255
1.3491,24.29,-1.421
1.3491,25.125,-1.4667
1.3491,25.96,-1.5206
1.3491,26.795,-1.6219
1.3491,27.63,-1.7498
1.3491,28.465,-1.8531
1.3491,29.3,-1.9774
1.3491,30.135,-2.108
1.3491,30.97,-2.1882
1.3491,31.805,-2.308
1.3491,32.64,-2.4104
1.3491,33.475,-2.5428
1.3491,34.31,-2.6763
1.3491,35.145,-2.7957
1.3491,35.98,-2.9053
1.3491,36.815,-3.0116
1.3491,37.65,-3.1096
1.3491,38.485,-3.2127
1.3491,39.32,-3.3029
1.3491,40.155,-3.3794
1.3491,40.99,-3.4477
1.3491,41.825,-3.5105
1.3491,42.66,-3.5601
1.3491,43.495,-3.6028
1.3491,44.33,-3.6649
1.3491,45.165,-3.7006
1.3491,46,-3.728
1.5194,4.25,5.8871
1.5194,5.085,5.4383
1.5194,5.92,4.9919
1.5194,6.755,4.5481
1.5194,7.59,4.1071
1.5194,8.425,3.6687
1.5194,9.26,3.2333
1.5194,10.095,2.8
1.5194,10.93,2.3724
1.5194,11.765,1.947
1.5194,12.6,1.5266
1.5194,13.435,1.1165
1.5194,14.27,0.74287
1.5194,15.105,0.44455
1.5194,15.94,0.1785
1.5194,16.775,-0.055391
1.5194,17.61,-0.27714
1.5194,18.445,-0.50038
1.5194,19.28,-0.66488
1.5194,20.115,-0.77669
1.5194,20.95,-0.88383
1.5194,21.785,-1.057
1.5194,22.62,-1.2317
1.5194,23.455,-1.2416
1.5194,24.29,-1.3339
1.5194,25.125,-1.3403
1.5194,25.96,-1.4125
1.5194,26.795,-1.5175
1.5194,27.63,-1.6488
1.5194,28.465,-1.745
1.5194,29.3,-1.9002
1.5194,30.135,-1.9686
1.5194,30.97,-2.0715
1.5194,31.805,-2.2245
1.5194,32.64,-2.3091
1.5194,33.475,-2.4475
1.5194,34.31,-2.5719
1.5194,35.145,-2.6849
1.5194,35.98,-2.7911
1.5194,36.815,-2.888
1.5194,37.65,-2.9932
1.5194,38.485,-3.0884
1.5194,39.32,-3.1669
1.5194,40.155,-3.2358
1.5194,40.99,-3.3019
1.5194,41.825,-3.3531
1.5194,42.66,-3.4043
1.5194,43.495,-3.4746
1.5194,44.33,-3.5071
1.5194,45.165,-3.5497
1.5194,46,-3.5767
1.6898,4.25,6.1353
1.6898,5.085,5.6803
1.6898,5.92,5.2296
1.6898,6.755,4.7824
1.6898,7.59,4.338
1.6898,8.425,3.8963
1.6898,9.26,3.4582
1.6898,10.095,3.0248
1.6898,10.93,2.59
1.6898,11.765,2.1621
1.6898,12.6,1.7361
1.6898,13.435,1.3328
1.6898,14.27,0.93842
1.6898,15.105,0.62073
1.6898,15.94,0.35946
1.6898,16.775,0.11221
1.6898,17.61,-0.10877
1.6898,18.445,-0.3297
1.6898,19.28,-0.49689
1.6898,20.115,-0.63486
1.6898,20.95,-0.77534
1.6898,21.785,-0.95117
1.6898,22.62,-1.0882
1.6898,23.455,-1.0869
1.6898,24.29,-1.1802
1.6898,25.125,-1.1929
1.6898,25.96,-1.307
1.6898,26.795,-1.4266
1.6898,27.63,-1.5469
1.6898,28.465,-1.685
1.6898,29.3,-1.7742
1.6898,30.135,-1.8487
1.6898,30.97,-1.9892
1.6898,31.805,-2.1039
1.6898,32.64,-2.2153
1.6898,33.475,-2.3451
1.6898,34.31,-2.4617
1.6898,35.145,-2.5674
1.6898,35.98,-2.6638
1.6898,36.815,-2.7701
1.6898,37.65,-2.8707
1.6898,38.485,-2.9565
1.6898,39.32,-3.032
1.6898,40.155,-3.0976
1.6898,40.99,-3.1485
1.6898,41.825,-3.2084
1.6898,42.66,-3.26
1.6898,43.495,-3.3083
1.6898,44.33,-3.3614
1.6898,45.165,-3.4011
1.6898,46,-3.4267
1.8602,4.25,6.3923
1.8602,5.085,5.9326
1.8602,5.92,5.4763
1.8602,6.755,5.0237
1.8602,7.59,4.5757
1.8602,8.425,4.1301
1.8602,9.26,3.6869
1.8602,10.095,3.2502
1.8602,10.93,2.8181
1.8602,11.765,2.3842
1.8602,12.6,1.9578
1.8602,13.435,1.5427
1.8602,14.27,1.1586
1.8602,15.105,0.81408
1.8602,15.94,0.53702
1.8602,16.775,0.29106
1.8602,17.61,0.072816
1.8602,18.445,-0.15143
1.8602,19.28,-0.33533
1.8602,20.115,-0.47675
1.8602,20.95,-0.65316
1.8602,21.785,-0.8295
1.8602,22.62,-0.89059
1.8602,23.455,-0.9875
1.8602,24.29,-1.0285
1.8602,25.125,-1.0945
1.8602,25.96,-1.2074
1.8602,26.795,-1.3211
1.8602,27.63,-1.4675
1.8602,28.465,-1.5828
1.8602,29.3,-1.6287
1.8602,30.135,-1.749
1.8602,30.97,-1.8795
1.8602,31.805,-1.9902
1.8602,32.64,-2.1149
1.8602,33.475,-2.2345
1.8602,34.31,-2.3416
1.8602,35.145,-2.4404
1.8602,35.98,-2.5434
1.8602,36.815,-2.6556
1.8602,37.65,-2.7415
1.8602,38.485,-2.8169
1.8602,39.32,-2.8843
1.8602,40.155,-2.9376
1.8602,40.99,-2.9895
1.8602,41.825,-3.062
1.8602,42.66,-3.1141
1.8602,43.495,-3.1692
1.8602,44.33,-3.2218
1.8602,45.165,-3.2527
1.8602,46,-3.2792
2.0306,4.25,6.6605
2.0306,5.085,6.1957
2.0306,5.92,5.7342
2.0306,6.755,5.2761
2.0306,7.59,4.822
2.0306,8.425,4.372
2.0306,9.26,3.9246
2.0306,10.095,3.4789
2.0306,10.93,3.0449
2.0306,11.765,2.6113
2.0306,12.6,2.1892
2.0306,13.435,1.7613
2.0306,14.27,1.364
2.0306,15.105,1.0017
2.0306,15.94,0.70191
2.0306,16.775,0.48602
2.0306,17.61,0.26279
2.0306,18.445,0.027903
2.0306,19.28,-0.16985
2.0306,20.115,-0.33752
2.0306,20.95,-0.51401
2.0306,21.785,-0.63682
2.0306,22.62,-0.72961
2.0306,23.455,-0.82534
2.0306,24.29,-0.8922
2.0306,25.125,-0.97728
2.0306,25.96,-1.1019
2.0306,26.795,-1.2279
2.0306,27.63,-1.3481
2.0306,28.465,-1.4408
2.0306,29.3,-1.5054
2.0306,30.135,-1.6367
2.0306,30.97,-1.7606
2.0306,31.805,-1.8806
2.0306,32.64,-2.0035
2.0306,33.475,-2.1133
2.0306,34.31,-2.2151
2.0306,35.145,-2.3149
2.0306,35.98,-2.4239
2.0306,36.815,-2.5212
2.0306,37.65,-2.6013
2.0306,38.485,-2.6697
2.0306,39.32,-2.7303
2.0306,40.155,-2.7873
2.0306,40.99,-2.8525
2.0306,41.825,-2.9166
2.0306,42.66,-2.9735
2.0306,43.495,-3.0357
2.0306,44.33,-3.0756
2.0306,45.165,-3.1057
2.0306,46,-3.1344
2.201,4.25,6.943
2.201,5.085,6.473
2.201,5.92,6.0057
2.201,6.755,5.5416
2.201,7.59,5.0809
2.201,8.425,4.6242
2.201,9.26,4.1716
2.201,10.095,3.7208
2.201,10.93,3.2715
2.201,11.765,2.8401
2.201,12.6,2.4046
2.201,13.435,1.9835
2.201,14.27,1.5932
2.201,15.105,1.2031
2.201,15.94,0.91429
2.201,16.775,0.69222
2.201,17.61,0.44385
2.201,18.445,0.21196
2.201,19.28,-0.0040438
2.201,20.115,-0.1818
2.201,20.95,-0.33132
2.201,21.785,-0.46785
2.201,22.62,-0.58453
2.201,23.455,-0.68996
2.201,24.29,-0.75914
2.201,25.125,-0.87633
2.201,25.96,-0.99364
2.201,26.795,-1.1157
2.201,27.63,-1.2231
2.201,28.465,-1.2927
2.201,29.3,-1.4069
2.201,30.135,-1.5241
2.201,30.97,-1.6463
2.201,31.805,-1.7695
2.201,32.64,-1.8827
2.201,33.475,-1.9871
2.201,34.31,-2.0874
2.201,35.145,-2.1911
2.201,35.98,-2.2935
2.201,36.815,-2.3765
2.201,37.65,-2.4581
2.201,38.485,-2.5228
2.201,39.32,-2.5828
2.201,40.155,-2.642
2.201,40.99,-2.7056
2.201,41.825,-2.777
2.201,42.66,-2.842
2.201,43.495,-2.8923
2.201,44.33,-2.9272
2.201,45.165,-2.9626
2.201,46,-2.9973
2.3713,4.25,7.2404
2.3713,5.085,6.7684
2.3713,5.92,6.2954
2.3713,6.755,5.8248
2.3713,7.59,5.357
2.3713,8.425,4.8924
2.3713,9.26,4.4311
2.3713,10.095,3.973
2.3713,10.93,3.517
2.3713,11.765,3.0659
2.3713,12.6,2.6312
2.3713,13.435,2.2227
2.3713,14.27,1.8321
2.3713,15.105,1.4483
2.3713,15.94,1.144
2.3713,16.775,0.90821
2.3713,17.61,0.63961
2.3713,18.445,0.38101
2.3713,19.28,0.16729
2.3713,20.115,-0.0099604
2.3713,20.95,-0.17325
2.3713,21.785,-0.30573
2.3713,22.62,-0.43068
2.3713,23.455,-0.53163
2.3713,24.29,-0.64164
2.3713,25.125,-0.75343
2.3713,25.96,-0.88453
2.3713,26.795,-0.99472
2.3713,27.63,-1.0889
2.3713,28.465,-1.1846
2.3713,29.3,-1.2886
2.3713,30.135,-1.4105
2.3713,30.97,-1.5343
2.3713,31.805,-1.6491
2.3713,32.64,-1.757
2.3713,33.475,-1.8589
2.3713,34.31,-1.9595
2.3713,35.145,-2.0639
2.3713,35.98,-2.1488
2.3713,36.815,-2.2383
2.3713,37.65,-2.3112
2.3713,38.485,-2.3746
2.3713,39.32,-2.4369
2.3713,40.155,-2.5012
2.3713,40.99,-2.5751
2.3713,41.825,-2.645
2.3713,42.66,-2.7027
2.3713,43.495,-2.7453
2.3713,44.33,-2.7881
2.3713,45.165,-2.8288
2.3713,46,-2.865
2.5417,4.25,7.5298
2.5417,5.085,7.0606
2.5417,5.92,6.5918
2.5417,6.755,6.1231
2.5417,7.59,5.6544
2.5417,8.425,5.1824
2.5417,9.26,4.7114
2.5417,10.095,4.2419
2.5417,10.93,3.7772
2.5417,11.765,3.3039
2.5417,12.6,2.8775
2.5417,13.435,2.4535
2.5417,14.27,2.0814
2.5417,15.105,1.7141
2.5417,15.94,1.3916
2.5417,16.775,1.0956
2.5417,17.61,0.81456
2.5417,18.445,0.54928
2.5417,19.28,0.33533
2.5417,20.115,0.16178
2.5417,20.95,-0.00299
2.5417,21.785,-0.14416
2.5417,22.62,-0.27686
2.5417,23.455,-0.39324
2.5417,24.29,-0.52799
2.5417,25.125,-0.66691
2.5417,25.96,-0.77239
2.5417,26.795,-0.8815
2.5417,27.63,-0.9502
2.5417,28.465,-1.071
2.5417,29.3,-1.1713
2.5417,30.135,-1.2985
2.5417,30.97,-1.413
2.5417,31.805,-1.5236
2.5417,32.64,-1.6277
2.5417,33.475,-1.7301
2.5417,34.31,-1.8329
2.5417,35.145,-1.9234
2.5417,35.98,-2.0097
2.5417,36.815,-2.0968
2.5417,37.65,-2.1645
2.5417,38.485,-2.2302
2.5417,39.32,-2.2971
2.5417,40.155,-2.3701
2.5417,40.99,-2.4451
2.5417,41.825,-2.5097
2.5417,42.66,-2.5602
2.5417,43.495,-2.6098
2.5417,44.33,-2.6566
2.5417,45.165,-2.7003
2.5417,46,-2.7412
2.7121,4.25,7.8566
2.7121,5.085,7.3781
2.7121,5.92,6.9004
2.7121,6.755,6.4236
2.7121,7.59,5.9477
2.7121,8.425,5.4771
2.7121,9.26,5.0046
2.7121,10.095,4.5279
2.7121,10.93,4.0508
2.7121,11.765,3.5849
2.7121,12.6,3.1595
2.7121,13.435,2.7351
2.7121,14.27,2.3575
2.7121,15.105,1.9822
2.7121,15.94,1.6352
2.7121,16.775,1.3297
2.7121,17.61,1.0279
2.7121,18.445,0.73073
2.7121,19.28,0.5144
2.7121,20.115,0.33405
2.7121,20.95,0.16524
2.7121,21.785,0.0087809
2.7121,22.62,-0.14337
2.7121,23.455,-0.27772
2.7121,24.29,-0.41627
2.7121,25.125,-0.53996
2.7121,25.96,-0.63664
2.7121,26.795,-0.73969
2.7121,27.63,-0.82826
2.7121,28.465,-0.94724
2.7121,29.3,-1.0628
2.7121,30.135,-1.1785
2.7121,30.97,-1.2875
2.7121,31.805,-1.3935
2.7121,32.64,-1.4975
2.7121,33.475,-1.6005
2.7121,34.31,-1.6956
2.7121,35.145,-1.7831
2.7121,35.98,-1.864
2.7121,36.815,-1.9514
2.7121,37.65,-2.021
2.7121,38.485,-2.0919
2.7121,39.32,-2.1655
2.7121,40.155,-2.2432
2.7121,40.99,-2.3138
2.7121,41.825,-2.3723
2.7121,42.66,-2.4292
2.7121,43.495,-2.4826
2.7121,44.33,-2.5317
2.7121,45.165,-2.577
2.7121,46,-2.6192
2.8825,4.25,8.1755
2.8825,5.085,7.7002
2.8825,5.92,7.2241
2.8825,6.755,6.7469
2.8825,7.59,6.2677
2.8825,8.425,5.7807
2.8825,9.26,5.291
2.8825,10.095,4.8062
2.8825,10.93,4.3285
2.8825,11.765,3.867
2.8825,12.6,3.4295
2.8825,13.435,3.0171
2.8825,14.27,2.6264
2.8825,15.105,2.2518
2.8825,15.94,1.9047
2.8825,16.775,1.5656
2.8825,17.61,1.2544
2.8825,18.445,0.97752
2.8825,19.28,0.73609
2.8825,20.115,0.52536
2.8825,20.95,0.34723
2.8825,21.785,0.18165
2.8825,22.62,0.021276
2.8825,23.455,-0.13082
2.8825,24.29,-0.26961
2.8825,25.125,-0.39624
2.8825,25.96,-0.51496
2.8825,26.795,-0.60669
2.8825,27.63,-0.70408
2.8825,28.465,-0.82168
2.8825,29.3,-0.93707
2.8825,30.135,-1.0476
2.8825,30.97,-1.1561
2.8825,31.805,-1.2624
2.8825,32.64,-1.3666
2.8825,33.475,-1.4669
2.8825,34.31,-1.5588
2.8825,35.145,-1.6458
2.8825,35.98,-1.7299
2.8825,36.815,-1.8094
2.8825,37.65,-1.8844
2.8825,38.485,-1.9604
2.8825,39.32,-2.0389
2.8825,40.155,-2.1154
2.8825,40.99,-2.1826
2.8825,41.825,-2.2477
2.8825,42.66,-2.3053
2.8825,43.495,-2.3608
2.8825,44.33,-2.4118
2.8825,45.165,-2.4616
2.8825,46,-2.5018
3.0528,4.25,8.4772
3.0528,5.085,7.9911
3.0528,5.92,7.5128
3.0528,6.755,7.0295
3.0528,7.59,6.5324
3.0528,8.425,6.0455
3.0528,9.26,5.5601
3.0528,10.095,5.0751
3.0528,10.93,4.5981
3.0528,11.765,4.1326
3.0528,12.6,3.6961
3.0528,13.435,3.2823
3.0528,14.27,2.8885
3.0528,15.105,2.5129
3.0528,15.94,2.1599
3.0528,16.775,1.8251
3.0528,17.61,1.5055
3.0528,18.445,1.2221
3.0528,19.28,0.96567
3.0528,20.115,0.74196
3.0528,20.95,0.55006
3.0528,21.785,0.36748
3.0528,22.62,0.19313
3.0528,23.455,0.029517
3.0528,24.29,-0.11534
3.0528,25.125,-0.25067
3.0528,25.96,-0.36562
3.0528,26.795,-0.47899
3.0528,27.63,-0.58662
3.0528,28.465,-0.69348
3.0528,29.3,-0.8055
3.0528,30.135,-0.91509
3.0528,30.97,-1.0234
3.0528,31.805,-1.1314
3.0528,32.64,-1.2355
3.0528,33.475,-1.3328
3.0528,34.31,-1.4229
3.0528,35.145,-1.5094
3.0528,35.98,-1.5953
3.0528,36.815,-1.6747
3.0528,37.65,-1.7543
3.0528,38.485,-1.8363
3.0528,39.32,-1.9162
3.0528,40.155,-1.9917
3.0528,40.99,-2.0609
3.0528,41.825,-2.1255
3.0528,42.66,-2.187
3.0528,43.495,-2.2444
3.0528,44.33,-2.2995
3.0528,45.165,-2.3448
3.0528,46,-2.394
3.2232,4.25,8.8069
3.2232,5.085,8.3124
3.2232,5.92,7.8042
3.2232,6.755,7.3092
3.2232,7.59,6.8271
3.2232,8.425,6.3382
3.2232,9.26,5.8366
3.2232,10.095,5.3519
3.2232,10.93,4.8569
3.2232,11.765,4.3895
3.2232,12.6,3.9429
3.2232,13.435,3.528
3.2232,14.27,3.1286
3.2232,15.105,2.7537
3.2232,15.94,2.399
3.2232,16.775,2.06
3.2232,17.61,1.7444
3.2232,18.445,1.4622
3.2232,19.28,1.2025
3.2232,20.115,0.97193
3.2232,20.95,0.76205
3.2232,21.785,0.56143
3.2232,22.62,0.37501
3.2232,23.455,0.20228
3.2232,24.29,0.044212
3.2232,25.125,-0.097293
3.2232,25.96,-0.21915
3.2232,26.795,-0.33695
3.2232,27.63,-0.44457
3.2232,28.465,-0.55819
3.2232,29.3,-0.67105
3.2232,30.135,-0.78078
3.2232,30.97,-0.89149
3.2232,31.805,-0.99716
3.2232,32.64,-1.1013
3.2232,33.475,-1.1979
3.2232,34.31,-1.2887
3.2232,35.145,-1.3779
3.2232,35.98,-1.4632
3.2232,36.815,-1.547
3.2232,37.65,-1.6323
3.2232,38.485,-1.7147
3.2232,39.32,-1.7964
3.2232,40.155,-1.8739
3.2232,40.99,-1.9447
3.2232,41.825,-2.0109
3.2232,42.66,-2.0742
3.2232,43.495,-2.1347
3.2232,44.33,-2.1899
3.2232,45.165,-2.2436
3.2232,46,-2.2935
3.3936,4.25,9.0532
3.3936,5.085,8.5423
3.3936,5.92,8.0546
3.3936,6.755,7.571
3.3936,7.59,7.0864
3.3936,8.425,6.6012
3.3936,9.26,6.1008
3.3936,10.095,5.6153
3.3936,10.93,5.0926
3.3936,11.765,4.625
3.3936,12.6,4.1705
3.3936,13.435,3.7566
3.3936,14.27,3.362
3.3936,15.105,2.984
3.3936,15.94,2.626
3.3936,16.775,2.2803
3.3936,17.61,1.9743
3.3936,18.445,1.6866
3.3936,19.28,1.4275
3.3936,20.115,1.1916
3.3936,20.95,0.97027
3.3936,21.785,0.76103
3.3936,22.62,0.56524
3.3936,23.455,0.38528
3.3936,24.29,0.2158
3.3936,25.125,0.065805
3.3936,25.96,-0.064451
3.3936,26.795,-0.18622
3.3936,27.63,-0.30096
3.3936,28.465,-0.41923
3.3936,29.3,-0.53487
3.3936,30.135,-0.6485
3.3936,30.97,-0.75804
3.3936,31.805,-0.86318
3.3936,32.64,-0.96806
3.3936,33.475,-1.0655
3.3936,34.31,-1.1581
3.3936,35.145,-1.2491
3.3936,35.98,-1.3384
3.3936,36.815,-1.4277
3.3936,37.65,-1.5151
3.3936,38.485,-1.6008
3.3936,39.32,-1.6843
3.3936,40.155,-1.7615
3.3936,40.99,-1.8333
3.3936,41.825,-1.9015
3.3936,42.66,-1.967
3.3936,43.495,-2.0279
3.3936,44.33,-2.0866
3.3936,45.165,-2.143
3.3936,46,-2.1891
3.564,4.25,9.3374
3.564,5.085,8.8483
3.564,5.92,8.358
3.564,6.755,7.8675
3.564,7.59,7.3464
3.564,8.425,6.8381
3.564,9.26,6.3571
3.564,10.095,5.8301
3.564,10.93,5.323
3.564,11.765,4.8396
3.564,12.6,4.4024
3.564,13.435,3.9931
3.564,14.27,3.5911
3.564,15.105,3.2096
3.564,15.94,2.8426
3.564,16.775,2.4959
3.564,17.61,2.1822
3.564,18.445,1.8965
3.564,19.28,1.6372
3.564,20.115,1.3939
3.564,20.95,1.1698
3.564,21.785,0.95632
3.564,22.62,0.75665
3.564,23.455,0.5691
3.564,24.29,0.3922
3.564,25.125,0.23654
3.564,25.96,0.10004
3.564,26.795,-0.032274
3.564,27.63,-0.15676
3.564,28.465,-0.2777
3.564,29.3,-0.39534
3.564,30.135,-0.50852
3.564,30.97,-0.62236
3.564,31.805,-0.73285
3.564,32.64,-0.83913
3.564,33.475,-0.93851
3.564,34.31,-1.034
3.564,35.145,-1.1285
3.564,35.98,-1.2222
3.564,36.815,-1.3148
3.564,37.65,-1.405
3.564,38.485,-1.4922
3.564,39.32,-1.5751
3.564,40.155,-1.653
3.564,40.99,-1.7265
3.564,41.825,-1.7966
3.564,42.66,-1.8636
3.564,43.495,-1.9278
3.564,44.33,-1.9878
3.564,45.165,-2.0409
3.564,46,-2.0958
3.7344,4.25,9.5946
3.7344,5.085,9.0914
3.7344,5.92,8.5877
3.7344,6.755,8.0703
3.7344,7.59,7.5592
3.7344,8.425,7.0648
3.7344,9.26,6.5795
3.7344,10.095,6.0341
3.7344,10.93,5.5367
3.7344,11.765,5.086
3.7344,12.6,4.6518
3.7344,13.435,4.2288
3.7344,14.27,3.8282
3.7344,15.105,3.4386
3.7344,15.94,3.0538
3.7344,16.775,2.7004
3.7344,17.61,2.3788
3.7344,18.445,2.1
3.7344,19.28,1.831
3.7344,20.115,1.5856
3.7344,20.95,1.3559
3.7344,21.785,1.1415
3.7344,22.62,0.93969
3.7344,23.455,0.74584
3.7344,24.29,0.56506
3.7344,25.125,0.39923
3.7344,25.96,0.25211
3.7344,26.795,0.11659
3.7344,27.63,-0.012832
3.7344,28.465,-0.14082
3.7344,29.3,-0.25933
3.7344,30.135,-0.37783
3.7344,30.97,-0.49559
3.7344,31.805,-0.60804
3.7344,32.64,-0.71485
3.7344,33.475,-0.81678
3.7344,34.31,-0.91625
3.7344,35.145,-1.0151
3.7344,35.98,-1.1131
3.7344,36.815,-1.2085
3.7344,37.65,-1.2998
3.7344,38.485,-1.3877
3.7344,39.32,-1.4707
3.7344,40.155,-1.5494
3.7344,40.99,-1.6241
3.7344,41.825,-1.6965
3.7344,42.66,-1.764
3.7344,43.495,-1.8297
3.7344,44.33,-1.8915
3.7344,45.165,-1.9496
3.7344,46,-2.0046
3.9047,4.25,9.7985
3.9047,5.085,9.2915
3.9047,5.92,8.7826
3.9047,6.755,8.2695
3.9047,7.59,7.776
3.9047,8.425,7.2733
3.9047,9.26,6.7681
3.9047,10.095,6.2426
3.9047,10.93,5.7856
3.9047,11.765,5.3419
3.9047,12.6,4.8953
3.9047,13.435,4.4577
3.9047,14.27,4.0522
3.9047,15.105,3.655
3.9047,15.94,3.2668
3.9047,16.775,2.9081
3.9047,17.61,2.5847
3.9047,18.445,2.2807
3.9047,19.28,2.0097
3.9047,20.115,1.7624
3.9047,20.95,1.5326
3.9047,21.785,1.3174
3.9047,22.62,1.1143
3.9047,23.455,0.91733
3.9047,24.29,0.73055
3.9047,25.125,0.55652
3.9047,25.96,0.40399
3.9047,26.795,0.25964
3.9047,27.63,0.11982
3.9047,28.465,-0.0072961
3.9047,29.3,-0.12809
3.9047,30.135,-0.25237
3.9047,30.97,-0.37309
3.9047,31.805,-0.48755
3.9047,32.64,-0.59661
3.9047,33.475,-0.70152
3.9047,34.31,-0.80567
3.9047,35.145,-0.90857
3.9047,35.98,-1.0095
3.9047,36.815,-1.1065
3.9047,37.65,-1.1986
3.9047,38.485,-1.2868
3.9047,39.32,-1.3704
3.9047,40.155,-1.4502
3.9047,40.99,-1.5275
3.9047,41.825,-1.6002
3.9047,42.66,-1.6703
3.9047,43.495,-1.7358
3.9047,44.33,-1.799
3.9047,45.165,-1.8586
3.9047,46,-1.9151
4.0751,4.25,9.9873
4.0751,5.085,9.4776
4.0751,5.92,8.971
4.0751,6.755,8.4856
4.0751,7.59,7.961
4.0751,8.425,7.4722
4.0751,9.26,6.9641
4.0751,10.095,6.4907
4.0751,10.93,6.028
4.0751,11.765,5.5649
4.0751,12.6,5.1289
4.0751,13.435,4.6941
4.0751,14.27,4.2825
4.0751,15.105,3.8701
4.0751,15.94,3.4761
4.0751,16.775,3.1097
4.0751,17.61,2.7734
4.0751,18.445,2.4781
4.0751,19.28,2.1908
4.0751,20.115,1.9445
4.0751,20.95,1.706
4.0751,21.785,1.4895
4.0751,22.62,1.2804
4.0751,23.455,1.0822
4.0751,24.29,0.89015
4.0751,25.125,0.70972
4.0751,25.96,0.5519
4.0751,26.795,0.40099
4.0751,27.63,0.2558
4.0751,28.465,0.12152
4.0751,29.3,-0.0060979
4.0751,30.135,-0.13246
4.0751,30.97,-0.25578
4.0751,31.805,-0.37239
4.0751,32.64,-0.48428
4.0751,33.475,-0.59368
4.0751,34.31,-0.70215
4.0751,35.145,-0.8077
4.0751,35.98,-0.91071
4.0751,36.815,-1.0083
4.0751,37.65,-1.101
4.0751,38.485,-1.1898
4.0751,39.32,-1.2744
4.0751,40.155,-1.3559
4.0751,40.99,-1.4342
4.0751,41.825,-1.5082
4.0751,42.66,-1.5782
4.0751,43.495,-1.6478
4.0751,44.33,-1.7109
4.0751,45.165,-1.7716
4.0751,46,-1.83
4.2455,4.25,10.199
4.2455,5.085,9.7006
4.2455,5.92,9.206
4.2455,6.755,8.6878
4.2455,7.59,8.2006
4.2455,8.425,7.6692
4.2455,9.26,7.1772
4.2455,10.095,6.7043
4.2455,10.93,6.2387
4.2455,11.765,5.7864
4.2455,12.6,5.346
4.2455,13.435,4.9177
4.2455,14.27,4.4979
4.2455,15.105,4.0782
4.2455,15.94,3.683
4.2455,16.775,3.3099
4.2455,17.61,2.9694
4.2455,18.445,2.657
4.2455,19.28,2.3811
4.2455,20.115,2.1188
4.2455,20.95,1.8788
4.2455,21.785,1.6573
4.2455,22.62,1.4454
4.2455,23.455,1.2431
4.2455,24.29,1.0476
4.2455,25.125,0.86323
4.2455,25.96,0.69266
4.2455,26.795,0.53337
4.2455,27.63,0.38494
4.2455,28.465,0.24447
4.2455,29.3,0.11194
4.2455,30.135,-0.01801
4.2455,30.97,-0.14397
4.2455,31.805,-0.26341
4.2455,32.64,-0.37885
4.2455,33.475,-0.49263
4.2455,34.31,-0.60408
4.2455,35.145,-0.71236
4.2455,35.98,-0.81662
4.2455,36.815,-0.9139
4.2455,37.65,-1.0075
4.2455,38.485,-1.0968
4.2455,39.32,-1.1826
4.2455,40.155,-1.2652
4.2455,40.99,-1.3443
4.2455,41.825,-1.4197
4.2455,42.66,-1.4935
4.2455,43.495,-1.5623
4.2455,44.33,-1.6275
4.2455,45.165,-1.6904
4.2455,46,-1.7511
4.4159,4.25,10.411
4.4159,5.085,9.9128
4.4159,5.92,9.3961
4.4159,6.755,8.8743
4.4159,7.59,8.3793
4.4159,8.425,7.8509
4.4159,9.26,7.3735
4.4159,10.095,6.9056
4.4159,10.93,6.4478
4.4159,11.765,5.9824
4.4159,12.6,5.5485
4.4159,13.435,5.1246
4.4159,14.27,4.7022
4.4159,15.105,4.2801
4.4159,15.94,3.8863
4.4159,16.775,3.5081
4.4159,17.61,3.1631
4.4159,18.445,2.8472
4.4159,19.28,2.5687
4.4159,20.115,2.2964
4.4159,20.95,2.0546
4.4159,21.785,1.8219
4.4159,22.62,1.6066
4.4159,23.455,1.4021
4.4159,24.29,1.2015
4.4159,25.125,1.0111
4.4159,25.96,0.83261
4.4159,26.795,0.66532
4.4159,27.63,0.50861
4.4159,28.465,0.36213
4.4159,29.3,0.22408
4.4159,30.135,0.090391
4.4159,30.97,-0.03832
4.4159,31.805,-0.16159
4.4159,32.64,-0.28093
4.4159,33.475,-0.39783
4.4159,34.31,-0.51128
4.4159,35.145,-0.62173
4.4159,35.98,-0.72648
4.4159,36.815,-0.8247
4.4159,37.65,-0.91842
4.4159,38.485,-1.0083
4.4159,39.32,-1.0948
4.4159,40.155,-1.1785
4.4159,40.99,-1.2593
4.4159,41.825,-1.3373
4.4159,42.66,-1.4113
4.4159,43.495,-1.4813
4.4159,44.33,-1.5488
4.4159,45.165,-1.6135
4.4159,46,-1.6763
4.5862,4.25,10.559
4.5862,5.085,10.066
4.5862,5.92,9.5616
4.5862,6.755,9.0546
4.5862,7.59,8.5449
4.5862,8.425,8.0526
4.5862,9.26,7.5704
4.5862,10.095,7.0991
4.5862,10.93,6.6342
4.5862,11.765,6.1692
4.5862,12.6,5.7481
4.5862,13.435,5.3331
4.5862,14.27,4.8873
4.5862,15.105,4.472
4.5862,15.94,4.0752
4.5862,16.775,3.6965
4.5862,17.61,3.3482
4.5862,18.445,3.0292
4.5862,19.28,2.7331
4.5862,20.115,2.4613
4.5862,20.95,2.2126
4.5862,21.785,1.9816
4.5862,22.62,1.7664
4.5862,23.455,1.5581
4.5862,24.29,1.3538
4.5862,25.125,1.1563
4.5862,25.96,0.96775
4.5862,26.795,0.78891
4.5862,27.63,0.62343
4.5862,28.465,0.47169
4.5862,29.3,0.32913
4.5862,30.135,0.19124
4.5862,30.97,0.059255
4.5862,31.805,-0.066859
4.5862,32.64,-0.18948
4.5862,33.475,-0.30855
4.5862,34.31,-0.42426
4.5862,35.145,-0.53569
4.5862,35.98,-0.64056
4.5862,36.815,-0.73884
4.5862,37.65,-0.83334
4.5862,38.485,-0.9246
4.5862,39.32,-1.0125
4.5862,40.155,-1.0976
4.5862,40.99,-1.1793
4.5862,41.825,-1.2584
4.5862,42.66,-1.3337
4.5862,43.495,-1.4058
4.5862,44.33,-1.4748
4.5862,45.165,-1.5414
4.5862,46,-1.6063
4.7566,4.25,10.688
4.7566,5.085,10.189
4.7566,5.92,9.6846
4.7566,6.755,9.1688
4.7566,7.59,8.6525
4.7566,8.425,8.1736
4.7566,9.26,7.7047
4.7566,10.095,7.2295
4.7566,10.93,6.7684
4.7566,11.765,6.3254
4.7566,12.6,5.9118
4.7566,13.435,5.4608
4.7566,14.27,5.0373
4.7566,15.105,4.6304
4.7566,15.94,4.2368
4.7566,16.775,3.8619
4.7566,17.61,3.5147
4.7566,18.445,3.1917
4.7566,19.28,2.8969
4.7566,20.115,2.625
4.7566,20.95,2.3751
4.7566,21.785,2.1403
4.7566,22.62,1.9215
4.7566,23.455,1.7101
4.7566,24.29,1.5016
4.7566,25.125,1.2936
4.7566,25.96,1.0915
4.7566,26.795,0.9043
4.7566,27.63,0.73095
4.7566,28.465,0.5727
4.7566,29.3,0.42564
4.7566,30.135,0.28403
4.7566,30.97,0.15001
4.7566,31.805,0.021018
4.7566,32.64,-0.1035
4.7566,33.475,-0.22391
4.7566,34.31,-0.34125
4.7566,35.145,-0.45534
4.7566,35.98,-0.55944
4.7566,36.815,-0.65945
4.7566,37.65,-0.75581
4.7566,38.485,-0.84578
4.7566,39.32,-0.93537
4.7566,40.155,-1.0213
4.7566,40.99,-1.1049
4.7566,41.825,-1.1847
4.7566,42.66,-1.2615
4.7566,43.495,-1.3353
4.7566,44.33,-1.407
4.7566,45.165,-1.4775
4.7566,46,-1.5472
4.927,4.25,10.764
4.927,5.085,10.243
4.927,5.92,9.7206
4.927,6.755,9.1725
4.927,7.59,8.6973
4.927,8.425,8.2131
4.927,9.26,7.7462
4.927,10.095,7.2441
4.927,10.93,6.8252
4.927,11.765,6.4045
4.927,12.6,5.9874
4.927,13.435,5.566
4.927,14.27,5.1654
4.927,15.105,4.7437
4.927,15.94,4.3571
4.927,16.775,3.9848
4.927,17.61,3.6463
4.927,18.445,3.3393
4.927,19.28,3.0483
4.927,20.115,2.7749
4.927,20.95,2.5256
4.927,21.785,2.2917
4.927,22.62,2.0672
4.927,23.455,1.8483
4.927,24.29,1.6339
4.927,25.125,1.4161
4.927,25.96,1.2059
4.927,26.795,1.0081
4.927,27.63,0.82832
4.927,28.465,0.66495
4.927,29.3,0.51404
4.927,30.135,0.37011
4.927,30.97,0.23382
4.927,31.805,0.10325
4.927,32.64,-0.022612
4.927,33.475,-0.14525
4.927,34.31,-0.26536
4.927,35.145,-0.38009
4.927,35.98,-0.4849
4.927,36.815,-0.58591
4.927,37.65,-0.6809
4.927,38.485,-0.77303
4.927,39.32,-0.86356
4.927,40.155,-0.95061
4.927,40.99,-1.0354
4.927,41.825,-1.1175
4.927,42.66,-1.1967
4.927,43.495,-1.2737
4.927,44.33,-1.3494
4.927,45.165,-1.4241
4.927,46,-1.4982
5.0974,4.25,10.719
5.0974,5.085,10.167
5.0974,5.92,9.626
5.0974,6.755,9.1291
5.0974,7.59,8.6385
5.0974,8.425,8.1614
5.0974,9.26,7.7287
5.0974,10.095,7.3137
5.0974,10.93,6.8834
5.0974,11.765,6.448
5.0974,12.6,6.0437
5.0974,13.435,5.5954
5.0974,14.27,5.1963
5.0974,15.105,4.8212
5.0974,15.94,4.4339
5.0974,16.775,4.0818
5.0974,17.61,3.7622
5.0974,18.445,3.462
5.0974,19.28,3.18
5.0974,20.115,2.9142
5.0974,20.95,2.6641
5.0974,21.785,2.4271
5.0974,22.62,2.197
5.0974,23.455,1.9715
5.0974,24.29,1.7473
5.0974,25.125,1.5235
5.0974,25.96,1.3072
5.0974,26.795,1.1051
5.0974,27.63,0.91904
5.0974,28.465,0.75158
5.0974,29.3,0.59689
5.0974,30.135,0.45001
5.0974,30.97,0.31192
5.0974,31.805,0.17983
5.0974,32.64,0.051075
5.0974,33.475,-0.074875
5.0974,34.31,-0.19593
5.0974,35.145,-0.31013
5.0974,35.98,-0.41671
5.0974,36.815,-0.51677
5.0974,37.65,-0.61276
5.0974,38.485,-0.70586
5.0974,39.32,-0.7967
5.0974,40.155,-0.8854
5.0974,40.99,-0.97199
5.0974,41.825,-1.0562
5.0974,42.66,-1.1382
5.0974,43.495,-1.218
5.0974,44.33,-1.2962
5.0974,45.165,-1.3684
5.0974,46,-1.437
5.2678,4.25,10.559
5.2678,5.085,10.025
5.2678,5.92,9.5248
5.2678,6.755,9.0537
5.2678,7.59,8.6
5.2678,8.425,8.153
5.2678,9.26,7.7387
5.2678,10.095,7.3004
5.2678,10.93,6.8728
5.2678,11.765,6.4497
5.2678,12.6,6.0518
5.2678,13.435,5.613
5.2678,14.27,5.2355
5.2678,15.105,4.8914
5.2678,15.94,4.5184
5.2678,16.775,4.1901
5.2678,17.61,3.8733
5.2678,18.445,3.5784
5.2678,19.28,3.2971
5.2678,20.115,3.0384
5.2678,20.95,2.7826
5.2678,21.785,2.5418
5.2678,22.62,2.3053
5.2678,23.455,2.0746
5.2678,24.29,1.8455
5.2678,25.125,1.6192
5.2678,25.96,1.4015
5.2678,26.795,1.1962
5.2678,27.63,1.0059
5.2678,28.465,0.83066
5.2678,29.3,0.67129
5.2678,30.135,0.52331
5.2678,30.97,0.38301
5.2678,31.805,0.24942
5.2678,32.64,0.11877
5.2678,33.475,-0.0087607
5.2678,34.31,-0.13185
5.2678,35.145,-0.24684
5.2678,35.98,-0.35399
5.2678,36.815,-0.45409
5.2678,37.65,-0.55064
5.2678,38.485,-0.64377
5.2678,39.32,-0.73502
5.2678,40.155,-0.82471
5.2678,40.99,-0.91229
5.2678,41.825,-0.9976
5.2678,42.66,-1.0809
5.2678,43.495,-1.1619
5.2678,44.33,-1.2368
5.2678,45.165,-1.3087
5.2678,46,-1.3821
5.4381,4.25,10.33
5.4381,5.085,9.8308
5.4381,5.92,9.3829
5.4381,6.755,8.9576
5.4381,7.59,8.4752
5.4381,8.425,8.0724
5.4381,9.26,7.606
5.4381,10.095,7.2011
5.4381,10.93,6.759
5.4381,11.765,6.3831
5.4381,12.6,5.9682
5.4381,13.435,5.6072
5.4381,14.27,5.2837
5.4381,15.105,4.925
5.4381,15.94,4.5835
5.4381,16.775,4.2746
5.4381,17.61,3.9753
5.4381,18.445,3.6889
5.4381,19.28,3.4178
5.4381,20.115,3.1514
5.4381,20.95,2.8907
5.4381,21.785,2.6449
5.4381,22.62,2.4049
5.4381,23.455,2.1707
5.4381,24.29,1.9398
5.4381,25.125,1.7125
5.4381,25.96,1.4913
5.4381,26.795,1.2808
5.4381,27.63,1.0842
5.4381,28.465,0.90463
5.4381,29.3,0.73859
5.4381,30.135,0.58972
5.4381,30.97,0.44633
5.4381,31.805,0.31165
5.4381,32.64,0.17946
5.4381,33.475,0.050777
5.4381,34.31,-0.07352
5.4381,35.145,-0.18962
5.4381,35.98,-0.297
5.4381,36.815,-0.3965
5.4381,37.65,-0.49356
5.4381,38.485,-0.5862
5.4381,39.32,-0.67771
5.4381,40.155,-0.76803
5.4381,40.99,-0.85666
5.4381,41.825,-0.94329
5.4381,42.66,-1.0266
5.4381,43.495,-1.105
5.4381,44.33,-1.1833
5.4381,45.165,-1.2605
5.4381,46,-1.3369
5.6085,4.25,9.9491
5.6085,5.085,9.5152
5.6085,5.92,9.078
5.6085,6.755,8.6639
5.6085,7.59,8.2565
5.6085,8.425,7.8331
5.6085,9.26,7.4089
5.6085,10.095,6.9741
5.6085,10.93,6.6193
5.6085,11.765,6.2623
5.6085,12.6,5.9273
5.6085,13.435,5.613
5.6085,14.27,5.2802
5.6085,15.105,4.9468
5.6085,15.94,4.638
5.6085,16.775,4.3393
5.6085,17.61,4.0626
5.6085,18.445,3.7853
5.6085,19.28,3.5233
5.6085,20.115,3.2595
5.6085,20.95,3.0009
5.6085,21.785,2.7521
5.6085,22.62,2.5062
5.6085,23.455,2.2672
5.6085,24.29,2.0312
5.6085,25.125,1.8003
5.6085,25.96,1.5766
5.6085,26.795,1.3645
5.6085,27.63,1.1634
5.6085,28.465,0.97512
5.6085,29.3,0.80404
5.6085,30.135,0.64842
5.6085,30.97,0.50268
5.6085,31.805,0.36589
5.6085,32.64,0.23353
5.6085,33.475,0.104
5.6085,34.31,-0.022405
5.6085,35.145,-0.1388
5.6085,35.98,-0.24448
5.6085,36.815,-0.34621
5.6085,37.65,-0.43994
5.6085,38.485,-0.53274
5.6085,39.32,-0.62484
5.6085,40.155,-0.71633
5.6085,40.99,-0.80613
5.6085,41.825,-0.89327
5.6085,42.66,-0.97661
5.6085,43.495,-1.0588
5.6085,44.33,-1.1412
5.6085,45.165,-1.2223
5.6085,46,-1.2961
5.7789,4.25,9.5184
5.7789,5.085,9.1242
5.7789,5.92,8.7065
5.7789,6.755,8.3072
5.7789,7.59,7.9209
5.7789,8.425,7.5557
5.7789,9.26,7.1765
5.7789,10.095,6.8117
5.7789,10.93,6.5067
5.7789,11.765,6.165
5.7789,12.6,5.8732
5.7789,13.435,5.5808
5.7789,14.27,5.2488
5.7789,15.105,4.9493
5.7789,15.94,4.6715
5.7789,16.775,4.4037
5.7789,17.61,4.1277
5.7789,18.445,3.8761
5.7789,19.28,3.6205
5.7789,20.115,3.3622
5.7789,20.95,3.1161
5.7789,21.785,2.8577
5.7789,22.62,2.6043
5.7789,23.455,2.3585
5.7789,24.29,2.1162
5.7789,25.125,1.8835
5.7789,25.96,1.6595
5.7789,26.795,1.4507
5.7789,27.63,1.2451
5.7789,28.465,1.0516
5.7789,29.3,0.86818
5.7789,30.135,0.70175
5.7789,30.97,0.55324
5.7789,31.805,0.41704
5.7789,32.64,0.28391
5.7789,33.475,0.15081
5.7789,34.31,0.025283
5.7789,35.145,-0.093333
5.7789,35.98,-0.19866
5.7789,36.815,-0.2943
5.7789,37.65,-0.38875
5.7789,38.485,-0.48278
5.7789,39.32,-0.57702
5.7789,40.155,-0.66884
5.7789,40.99,-0.75815
5.7789,41.825,-0.8471
5.7789,42.66,-0.93432
5.7789,43.495,-1.0188
5.7789,44.33,-1.1032
5.7789,45.165,-1.1865
5.7789,46,-1.2669
5.9493,4.25,9.114
5.9493,5.085,8.7139
5.9493,5.92,8.3627
5.9493,6.755,8.0345
5.9493,7.59,7.692
5.9493,8.425,7.3448
5.9493,9.26,7.0176
5.9493,10.095,6.7002
5.9493,10.93,6.3909
5.9493,11.765,6.1078
5.9493,12.6,5.826
5.9493,13.435,5.5225
5.9493,14.27,5.2116
5.9493,15.105,4.9577
5.9493,15.94,4.689
5.9493,16.775,4.4352
5.9493,17.61,4.177
5.9493,18.445,3.933
5.9493,19.28,3.6992
5.9493,20.115,3.4609
5.9493,20.95,3.213
5.9493,21.785,2.9476
5.9493,22.62,2.6955
5.9493,23.455,2.445
5.9493,24.29,2.1998
5.9493,25.125,1.9578
5.9493,25.96,1.7411
5.9493,26.795,1.5302
5.9493,27.63,1.3216
5.9493,28.465,1.1208
5.9493,29.3,0.93058
5.9493,30.135,0.75686
5.9493,30.97,0.60465
5.9493,31.805,0.46796
5.9493,32.64,0.3333
5.9493,33.475,0.19979
5.9493,34.31,0.06837
5.9493,35.145,-0.045519
5.9493,35.98,-0.14811
5.9493,36.815,-0.24585
5.9493,37.65,-0.34136
5.9493,38.485,-0.43628
5.9493,39.32,-0.53107
5.9493,40.155,-0.6247
5.9493,40.99,-0.71553
5.9493,41.825,-0.8057
5.9493,42.66,-0.8935
5.9493,43.495,-0.97899
5.9493,44.33,-1.0634
5.9493,45.165,-1.1467
5.9493,46,-1.2286
6.1196,4.25,8.7546
6.1196,5.085,8.4338
6.1196,5.92,8.1136
6.1196,6.755,7.8067
6.1196,7.59,7.5011
6.1196,8.425,7.177
6.1196,9.26,6.8889
6.1196,10.095,6.5985
6.1196,10.93,6.3118
6.1196,11.765,6.0334
6.1196,12.6,5.7456
6.1196,13.435,5.4698
6.1196,14.27,5.208
6.1196,15.105,4.9464
6.1196,15.94,4.6993
6.1196,16.775,4.4568
6.1196,17.61,4.2098
6.1196,18.445,3.9841
6.1196,19.28,3.7625
6.1196,20.115,3.5159
6.1196,20.95,3.2837
6.1196,21.785,3.0219
6.1196,22.62,2.7726
6.1196,23.455,2.5259
6.1196,24.29,2.2791
6.1196,25.125,2.0419
6.1196,25.96,1.8129
6.1196,26.795,1.6025
6.1196,27.63,1.3953
6.1196,28.465,1.1887
6.1196,29.3,0.9947
6.1196,30.135,0.81752
6.1196,30.97,0.6576
6.1196,31.805,0.51413
6.1196,32.64,0.37398
6.1196,33.475,0.24215
6.1196,34.31,0.11
6.1196,35.145,-0.0054803
6.1196,35.98,-0.10582
6.1196,36.815,-0.20165
6.1196,37.65,-0.297
6.1196,38.485,-0.3929
6.1196,39.32,-0.489
6.1196,40.155,-0.58412
6.1196,40.99,-0.67765
6.1196,41.825,-0.76899
6.1196,42.66,-0.85968
6.1196,43.495,-0.94827
6.1196,44.33,-1.0353
6.1196,45.165,-1.1187
6.1196,46,-1.1977
6.29,4.25,8.4463
6.29,5.085,8.1575
6.29,5.92,7.8653
6.29,6.755,7.5762
6.29,7.59,7.2807
6.29,8.425,7.0154
6.29,9.26,6.7146
6.29,10.095,6.4705
6.29,10.93,6.2072
6.29,11.765,5.9315
6.29,12.6,5.6681
6.29,13.435,5.4226
6.29,14.27,5.1768
6.29,15.105,4.9367
6.29,15.94,4.7094
6.29,16.775,4.4803
6.29,17.61,4.2605
6.29,18.445,4.0388
6.29,19.28,3.8145
6.29,20.115,3.5925
6.29,20.95,3.3352
6.29,21.785,3.0861
6.29,22.62,2.8336
6.29,23.455,2.5941
6.29,24.29,2.3535
6.29,25.125,2.1168
6.29,25.96,1.8921
6.29,26.795,1.6758
6.29,27.63,1.4633
6.29,28.465,1.2567
6.29,29.3,1.0571
6.29,30.135,0.87067
6.29,30.97,0.70425
6.29,31.805,0.55595
6.29,32.64,0.41632
6.29,33.475,0.2817
6.29,34.31,0.14862
6.29,35.145,0.032576
6.29,35.98,-0.064764
6.29,36.815,-0.15917
6.29,37.65,-0.25478
6.29,38.485,-0.35307
6.29,39.32,-0.45133
6.29,40.155,-0.54837
6.29,40.99,-0.64386
6.29,41.825,-0.73772
6.29,42.66,-0.8295
6.29,43.495,-0.91817
6.29,44.33,-1.0077
6.29,45.165,-1.0959
6.29,46,-1.1827
6.4604,4.25,8.1426
6.4604,5.085,7.8765
6.4604,5.92,7.6101
6.4604,6.755,7.3531
6.4604,7.59,7.0985
6.4604,8.425,6.8269
6.4604,9.26,6.5972
6.4604,10.095,6.3484
6.4604,10.93,6.0886
6.4604,11.765,5.8346
6.4604,12.6,5.6031
6.4604,13.435,5.3749
6.4604,14.27,5.1565
6.4604,15.105,4.9378
6.4604,15.94,4.7195
6.4604,16.775,4.508
6.4604,17.61,4.2956
6.4604,18.445,4.0854
6.4604,19.28,3.8737
6.4604,20.115,3.6279
6.4604,20.95,3.3755
6.4604,21.785,3.1317
6.4604,22.62,2.8914
6.4604,23.455,2.6527
6.4604,24.29,2.4184
6.4604,25.125,2.1851
6.4604,25.96,1.9578
6.4604,26.795,1.7413
6.4604,27.63,1.5253
6.4604,28.465,1.3193
6.4604,29.3,1.1188
6.4604,30.135,0.92624
6.4604,30.97,0.75103
6.4604,31.805,0.59193
6.4604,32.64,0.45108
6.4604,33.475,0.31748
6.4604,34.31,0.1833
6.4604,35.145,0.071393
6.4604,35.98,-0.026518
6.4604,36.815,-0.11781
6.4604,37.65,-0.2149
6.4604,38.485,-0.31474
6.4604,39.32,-0.41459
6.4604,40.155,-0.51345
6.4604,40.99,-0.61102
6.4604,41.825,-0.70722
6.4604,42.66,-0.80179
6.4604,43.495,-0.89431
6.4604,44.33,-0.984
6.4604,45.165,-1.0706
6.4604,46,-1.1575
6.6308,4.25,7.8825
6.6308,5.085,7.647
6.6308,5.92,7.4143
6.6308,6.755,7.1858
6.6308,7.59,6.941
6.6308,8.425,6.7241
6.6308,9.26,6.4872
6.6308,10.095,6.2433
6.6308,10.93,6.0091
6.6308,11.765,5.7816
6.6308,12.6,5.5607
6.6308,13.435,5.3503
6.6308,14.27,5.1454
6.6308,15.105,4.942
6.6308,15.94,4.7419
6.6308,16.775,4.5357
6.6308,17.61,4.3321
6.6308,18.445,4.1204
6.6308,19.28,3.8994
6.6308,20.115,3.6681
6.6308,20.95,3.4231
6.6308,21.785,3.1835
6.6308,22.62,2.948
6.6308,23.455,2.7104
6.6308,24.29,2.478
6.6308,25.125,2.2485
6.6308,25.96,2.0206
6.6308,26.795,1.7966
6.6308,27.63,1.5802
6.6308,28.465,1.3779
6.6308,29.3,1.1761
6.6308,30.135,0.98081
6.6308,30.97,0.79784
6.6308,31.805,0.62773
6.6308,32.64,0.47954
6.6308,33.475,0.34528
6.6308,34.31,0.21548
6.6308,35.145,0.11634
6.6308,35.98,0.0082808
6.6308,36.815,-0.080238
6.6308,37.65,-0.17753
6.6308,38.485,-0.27776
6.6308,39.32,-0.37803
6.6308,40.155,-0.47731
6.6308,40.99,-0.5753
6.6308,41.825,-0.67188
6.6308,42.66,-0.76703
6.6308,43.495,-0.86073
6.6308,44.33,-0.95298
6.6308,45.165,-1.0439
6.6308,46,-1.1333
6.8012,4.25,7.7181
6.8012,5.085,7.5079
6.8012,5.92,7.3026
6.8012,6.755,7.0756
6.8012,7.59,6.8731
6.8012,8.425,6.6443
6.8012,9.26,6.4104
6.8012,10.095,6.1841
6.8012,10.93,5.9611
6.8012,11.765,5.7467
6.8012,12.6,5.5471
6.8012,13.435,5.3508
6.8012,14.27,5.1547
6.8012,15.105,4.9594
6.8012,15.94,4.7631
6.8012,16.775,4.561
6.8012,17.61,4.3571
6.8012,18.445,4.1477
6.8012,19.28,3.9248
6.8012,20.115,3.6994
6.8012,20.95,3.4663
6.8012,21.785,3.2377
6.8012,22.62,3.0085
6.8012,23.455,2.7689
6.8012,24.29,2.5365
6.8012,25.125,2.3094
6.8012,25.96,2.0794
6.8012,26.795,1.8556
6.8012,27.63,1.6409
6.8012,28.465,1.4355
6.8012,29.3,1.231
6.8012,30.135,1.0312
6.8012,30.97,0.84196
6.8012,31.805,0.66539
6.8012,32.64,0.50715
6.8012,33.475,0.37177
6.8012,34.31,0.24258
6.8012,35.145,0.13836
6.8012,35.98,0.05125
6.8012,36.815,-0.040231
6.8012,37.65,-0.13986
6.8012,38.485,-0.24182
6.8012,39.32,-0.34364
6.8012,40.155,-0.44442
6.8012,40.99,-0.54383
6.8012,41.825,-0.64179
6.8012,42.66,-0.73824
6.8012,43.495,-0.83319
6.8012,44.33,-0.92663
6.8012,45.165,-1.0185
6.8012,46,-1.1089
6.9715,4.25,7.6395
6.9715,5.085,7.4569
6.9715,5.92,7.2381
6.9715,6.755,7.0519
6.9715,7.59,6.827
6.9715,8.425,6.5922
6.9715,9.26,6.3664
6.9715,10.095,6.1483
6.9715,10.93,5.9374
6.9715,11.765,5.7426
6.9715,12.6,5.5557
6.9715,13.435,5.3598
6.9715,14.27,5.176
6.9715,15.105,4.9836
6.9715,15.94,4.7886
6.9715,16.775,4.5891
6.9715,17.61,4.385
6.9715,18.445,4.176
6.9715,19.28,3.9594
6.9715,20.115,3.7347
6.9715,20.95,3.5125
6.9715,21.785,3.2868
6.9715,22.62,3.0569
6.9715,23.455,2.8233
6.9715,24.29,2.5923
6.9715,25.125,2.3648
6.9715,25.96,2.1369
6.9715,26.795,1.9122
6.9715,27.63,1.6973
6.9715,28.465,1.4865
6.9715,29.3,1.2824
6.9715,30.135,1.079
6.9715,30.97,0.88437
6.9715,31.805,0.70133
6.9715,32.64,0.53437
6.9715,33.475,0.393
6.9715,34.31,0.27265
6.9715,35.145,0.18465
6.9715,35.98,0.096321
6.9715,36.815,-0.0012345
6.9715,37.65,-0.10301
6.9715,38.485,-0.20667
6.9715,39.32,-0.31004
6.9715,40.155,-0.41228
6.9715,40.99,-0.51308
6.9715,41.825,-0.61234
6.9715,42.66,-0.71002
6.9715,43.495,-0.80613
6.9715,44.33,-0.90067
6.9715,45.165,-0.99365
6.9715,46,-1.0851
7.1419,4.25,7.6336
7.1419,5.085,7.442
7.1419,5.92,7.267
7.1419,6.755,7.0428
7.1419,7.59,6.7909
7.1419,8.425,6.5559
7.1419,9.26,6.3422
7.1419,10.095,6.132
7.1419,10.93,5.9381
7.1419,11.765,5.7496
7.1419,12.6,5.5577
7.1419,13.435,5.3891
7.1419,14.27,5.202
7.1419,15.105,5.0056
7.1419,15.94,4.8133
7.1419,16.775,4.6177
7.1419,17.61,4.4133
7.1419,18.445,4.2057
7.1419,19.28,3.9936
7.1419,20.115,3.7757
7.1419,20.95,3.5541
7.1419,21.785,3.3302
7.1419,22.62,3.0999
7.1419,23.455,2.8698
7.1419,24.29,2.6412
7.1419,25.125,2.413
7.1419,25.96,2.1861
7.1419,26.795,1.9624
7.1419,27.63,1.7444
7.1419,28.465,1.5359
7.1419,29.3,1.33
7.1419,30.135,1.125
7.1419,30.97,0.92622
7.1419,31.805,0.73589
7.1419,32.64,0.56227
7.1419,33.475,0.42359
7.1419,34.31,0.29138
7.1419,35.145,0.21809
7.1419,35.98,0.13418
7.1419,36.815,0.036554
7.1419,37.65,-0.067214
7.1419,38.485,-0.17261
7.1419,39.32,-0.27734
7.1419,40.155,-0.38081
7.1419,40.99,-0.48272
7.1419,41.825,-0.58297
7.1419,42.66,-0.68153
7.1419,43.495,-0.77843
7.1419,44.33,-0.87368
7.1419,45.165,-0.96732
7.1419,46,-1.0594
7.3123,4.25,7.6842
7.3123,5.085,7.4944
7.3123,5.92,7.273
7.3123,6.755,7.0029
7.3123,7.59,6.7527
7.3123,8.425,6.5412
7.3123,9.26,6.3262
7.3123,10.095,6.1338
7.3123,10.93,5.9415
7.3123,11.765,5.7521
7.3123,12.6,5.5894
7.3123,13.435,5.4036
7.3123,14.27,5.2128
7.3123,15.105,5.0282
7.3123,15.94,4.8394
7.3123,16.775,4.6421
7.3123,17.61,4.4408
7.3123,18.445,4.2356
7.3123,19.28,4.0278
7.3123,20.115,3.8121
7.3123,20.95,3.5923
7.3123,21.785,3.3687
7.3123,22.62,3.1417
7.3123,23.455,2.9115
7.3123,24.29,2.6833
7.3123,25.125,2.4575
7.3123,25.96,2.2309
7.3123,26.795,2.0089
7.3123,27.63,1.7939
7.3123,28.465,1.5838
7.3123,29.3,1.3748
7.3123,30.135,1.1694
7.3123,30.97,0.9676
7.3123,31.805,0.77088
7.3123,32.64,0.59041
7.3123,33.475,0.45371
7.3123,34.31,0.3326
7.3123,35.145,0.26103
7.3123,35.98,0.17301
7.3123,36.815,0.068358
7.3123,37.65,-0.034927
7.3123,38.485,-0.14042
7.3123,39.32,-0.24589
7.3123,40.155,-0.35017
7.3123,40.99,-0.4521
7.3123,41.825,-0.5516
7.3123,42.66,-0.64928
7.3123,43.495,-0.74579
7.3123,44.33,-0.84069
7.3123,45.165,-0.93402
7.3123,46,-1.0258
7.4827,4.25,7.747
7.4827,5.085,7.5158
7.4827,5.92,7.2207
7.4827,6.755,6.9552
7.4827,7.59,6.7437
7.4827,8.425,6.5234
7.4827,9.26,6.332
7.4827,10.095,6.1408
7.4827,10.93,5.95
7.4827,11.765,5.7844
7.4827,12.6,5.5906
7.4827,13.435,5.4127
7.4827,14.27,5.236
7.4827,15.105,5.0425
7.4827,15.94,4.8571
7.4827,16.775,4.6668
7.4827,17.61,4.473
7.4827,18.445,4.266
7.4827,19.28,4.0649
7.4827,20.115,3.8478
7.4827,20.95,3.6272
7.4827,21.785,3.405
7.4827,22.62,3.1787
7.4827,23.455,2.9496
7.4827,24.29,2.7248
7.4827,25.125,2.4988
7.4827,25.96,2.2744
7.4827,26.795,2.0537
7.4827,27.63,1.8395
7.4827,28.465,1.6296
7.4827,29.3,1.42
7.4827,30.135,1.212
7.4827,30.97,1.0081
7.4827,31.805,0.80623
7.4827,32.64,0.62035
7.4827,33.475,0.48072
7.4827,34.31,0.38035
7.4827,35.145,0.29912
7.4827,35.98,0.2109
7.4827,36.815,0.10482
7.4827,37.65,-0.006706
7.4827,38.485,-0.11174
7.4827,39.32,-0.21691
7.4827,40.155,-0.32121
7.4827,40.99,-0.42424
7.4827,41.825,-0.52586
7.4827,42.66,-0.62489
7.4827,43.495,-0.72121
7.4827,44.33,-0.81524
7.4827,45.165,-0.90707
7.4827,46,-0.99681
7.653,4.25,7.7573
7.653,5.085,7.4437
7.653,5.92,7.1621
7.653,6.755,6.9465
7.653,7.59,6.7219
7.653,8.425,6.5261
7.653,9.26,6.3389
7.653,10.095,6.1562
7.653,10.93,5.9688
7.653,11.765,5.783
7.653,12.6,5.6077
7.653,13.435,5.4371
7.653,14.27,5.2455
7.653,15.105,5.0551
7.653,15.94,4.8836
7.653,16.775,4.7051
7.653,17.61,4.5042
7.653,18.445,4.3022
7.653,19.28,4.0982
7.653,20.115,3.8796
7.653,20.95,3.66
7.653,21.785,3.4393
7.653,22.62,3.2143
7.653,23.455,2.9883
7.653,24.29,2.7634
7.653,25.125,2.5373
7.653,25.96,2.3154
7.653,26.795,2.0971
7.653,27.63,1.884
7.653,28.465,1.6723
7.653,29.3,1.463
7.653,30.135,1.254
7.653,30.97,1.0471
7.653,31.805,0.84428
7.653,32.64,0.66
7.653,33.475,0.52392
7.653,34.31,0.43054
7.653,35.145,0.34698
7.653,35.98,0.24357
7.653,36.815,0.14039
7.653,37.65,0.028
7.653,38.485,-0.084218
7.653,39.32,-0.19069
7.653,40.155,-0.29468
7.653,40.99,-0.39738
7.653,41.825,-0.49866
7.653,42.66,-0.59852
7.653,43.495,-0.69699
7.653,44.33,-0.79413
7.653,45.165,-0.88829
7.653,46,-0.97954
7.8234,4.25,7.6697
7.8234,5.085,7.3728
7.8234,5.92,7.1493
7.8234,6.755,6.9214
7.8234,7.59,6.7202
7.8234,8.425,6.5368
7.8234,9.26,6.346
7.8234,10.095,6.1669
7.8234,10.93,5.9915
7.8234,11.765,5.8004
7.8234,12.6,5.6382
7.8234,13.435,5.4448
7.8234,14.27,5.2592
7.8234,15.105,5.0958
7.8234,15.94,4.9267
7.8234,16.775,4.7413
7.8234,17.61,4.5353
7.8234,18.445,4.3399
7.8234,19.28,4.1273
7.8234,20.115,3.9082
7.8234,20.95,3.691
7.8234,21.785,3.4727
7.8234,22.62,3.2479
7.8234,23.455,3.0232
7.8234,24.29,2.7983
7.8234,25.125,2.5741
7.8234,25.96,2.3546
7.8234,26.795,2.1382
7.8234,27.63,1.9257
7.8234,28.465,1.7141
7.8234,29.3,1.5042
7.8234,30.135,1.2941
7.8234,30.97,1.0868
7.8234,31.805,0.88594
7.8234,32.64,0.71729
7.8234,33.475,0.57369
7.8234,34.31,0.48138
7.8234,35.145,0.38613
7.8234,35.98,0.27957
7.8234,36.815,0.17016
7.8234,37.65,0.060999
7.8234,38.485,-0.053412
7.8234,39.32,-0.1647
7.8234,40.155,-0.27086
7.8234,40.99,-0.37336
7.8234,41.825,-0.47424
7.8234,42.66,-0.57368
7.8234,43.495,-0.67175
7.8234,44.33,-0.76852
7.8234,45.165,-0.86407
7.8234,46,-0.9585
7.9938,4.25,7.5863
7.9938,5.085,7.3515
7.9938,5.92,7.1215
7.9938,6.755,6.9179
7.9938,7.59,6.7299
7.9938,8.425,6.5311
7.9938,9.26,6.3572
7.9938,10.095,6.1883
7.9938,10.93,5.9895
7.9938,11.765,5.8295
7.9938,12.6,5.6514
7.9938,13.435,5.4743
7.9938,14.27,5.3043
7.9938,15.105,5.143
7.9938,15.94,4.9698
7.9938,16.775,4.7725
7.9938,17.61,4.5654
7.9938,18.445,4.3704
7.9938,19.28,4.1513
7.9938,20.115,3.9357
7.9938,20.95,3.723
7.9938,21.785,3.5023
7.9938,22.62,3.2788
7.9938,23.455,3.055
7.9938,24.29,2.8314
7.9938,25.125,2.61
7.9938,25.96,2.392
7.9938,26.795,2.1771
7.9938,27.63,1.9651
7.9938,28.465,1.7541
7.9938,29.3,1.5438
7.9938,30.135,1.3329
7.9938,30.97,1.1245
7.9938,31.805,0.93605
7.9938,32.64,0.78437
7.9938,33.475,0.63203
7.9938,34.31,0.5298
7.9938,35.145,0.4257
7.9938,35.98,0.31231
7.9938,36.815,0.19845
7.9938,37.65,0.087099
7.9938,38.485,-0.023168
7.9938,39.32,-0.1375
7.9938,40.155,-0.24669
7.9938,40.99,-0.35122
7.9938,41.825,-0.45273
7.9938,42.66,-0.55177
7.9938,43.495,-0.64939
7.9938,44.33,-0.74573
7.9938,45.165,-0.84092
7.9938,46,-0.93505
8.1642,4.25,7.5508
8.1642,5.085,7.3222
8.1642,5.92,7.1177
8.1642,6.755,6.921
8.1642,7.59,6.7235
8.1642,8.425,6.5485
8.1642,9.26,6.3676
8.1642,10.095,6.1811
8.1642,10.93,6.0182
8.1642,11.765,5.8589
8.1642,12.6,5.6921
8.1642,13.435,5.5138
8.1642,14.27,5.3554
8.1642,15.105,5.192
8.1642,15.94,5.0087
8.1642,16.775,4.8024
8.1642,17.61,4.5997
8.1642,18.445,4.3863
8.1642,19.28,4.1759
8.1642,20.115,3.9672
8.1642,20.95,3.7481
8.1642,21.785,3.5315
8.1642,22.62,3.3081
8.1642,23.455,3.0856
8.1642,24.29,2.8641
8.1642,25.125,2.6447
8.1642,25.96,2.4277
8.1642,26.795,2.2141
8.1642,27.63,2.0028
8.1642,28.465,1.7925
8.1642,29.3,1.5819
8.1642,30.135,1.3711
8.1642,30.97,1.1677
8.1642,31.805,0.97888
8.1642,32.64,0.84497
8.1642,33.475,0.68353
8.1642,34.31,0.5711
8.1642,35.145,0.46843
8.1642,35.98,0.34832
8.1642,36.815,0.22626
8.1642,37.65,0.11273
8.1642,38.485,-0.00049956
8.1642,39.32,-0.11241
8.1642,40.155,-0.22328
8.1642,40.99,-0.32991
8.1642,41.825,-0.43292
8.1642,42.66,-0.53297
8.1642,43.495,-0.6303
8.1642,44.33,-0.72597
8.1642,45.165,-0.82076
8.1642,46,-0.91455
8.3345,4.25,7.5227
8.3345,5.085,7.3179
8.3345,5.92,7.1202
8.3345,6.755,6.9236
8.3345,7.59,6.7414
8.3345,8.425,6.5499
8.3345,9.26,6.3727
8.3345,10.095,6.2067
8.3345,10.93,6.068
8.3345,11.765,5.9058
8.3345,12.6,5.7352
8.3345,13.435,5.5653
8.3345,14.27,5.4074
8.3345,15.105,5.2345
8.3345,15.94,5.0383
8.3345,16.775,4.8306
8.3345,17.61,4.6212
8.3345,18.445,4.4146
8.3345,19.28,4.1981
8.3345,20.115,3.9864
8.3345,20.95,3.7754
8.3345,21.785,3.5566
8.3345,22.62,3.3357
8.3345,23.455,3.1161
8.3345,24.29,2.8964
8.3345,25.125,2.6782
8.3345,25.96,2.4621
8.3345,26.795,2.2497
8.3345,27.63,2.0391
8.3345,28.465,1.8295
8.3345,29.3,1.6187
8.3345,30.135,1.4073
8.3345,30.97,1.2097
8.3345,31.805,1.0185
8.3345,32.64,0.88055
8.3345,33.475,0.73919
8.3345,34.31,0.62222
8.3345,35.145,0.50069
8.3345,35.98,0.38629
8.3345,36.815,0.2587
8.3345,37.65,0.13468
8.3345,38.485,0.021459
8.3345,39.32,-0.089979
8.3345,40.155,-0.20182
8.3345,40.99,-0.30987
8.3345,41.825,-0.41442
8.3345,42.66,-0.51584
8.3345,43.495,-0.61445
8.3345,44.33,-0.71055
8.3345,45.165,-0.80492
8.3345,46,-0.8978
8.5049,4.25,7.5251
8.5049,5.085,7.3215
8.5049,5.92,7.1253
8.5049,6.755,6.9363
8.5049,7.59,6.7423
8.5049,8.425,6.5657
8.5049,9.26,6.4063
8.5049,10.095,6.263
8.5049,10.93,6.1115
8.5049,11.765,5.9581
8.5049,12.6,5.7808
8.5049,13.435,5.6201
8.5049,14.27,5.4577
8.5049,15.105,5.2735
8.5049,15.94,5.0604
8.5049,16.775,4.85
8.5049,17.61,4.6512
8.5049,18.445,4.4356
8.5049,19.28,4.223
8.5049,20.115,4.0098
8.5049,20.95,3.8004
8.5049,21.785,3.5846
8.5049,22.62,3.3647
8.5049,23.455,3.1463
8.5049,24.29,2.9281
8.5049,25.125,2.7109
8.5049,25.96,2.4956
8.5049,26.795,2.2841
8.5049,27.63,2.0742
8.5049,28.465,1.8641
8.5049,29.3,1.6537
8.5049,30.135,1.4468
8.5049,30.97,1.2526
8.5049,31.805,1.0577
8.5049,32.64,0.92189
8.5049,33.475,0.79115
8.5049,34.31,0.67022
8.5049,35.145,0.5313
8.5049,35.98,0.41266
8.5049,36.815,0.29035
8.5049,37.65,0.16254
8.5049,38.485,0.039656
8.5049,39.32,-0.073722
8.5049,40.155,-0.18242
8.5049,40.99,-0.2911
8.5049,41.825,-0.39735
8.5049,42.66,-0.50011
8.5049,43.495,-0.6
8.5049,44.33,-0.69731
8.5049,45.165,-0.79235
8.5049,46,-0.88582
8.6753,4.25,7.5272
8.6753,5.085,7.3283
8.6753,5.92,7.133
8.6753,6.755,6.9419
8.6753,7.59,6.7605
8.6753,8.425,6.6017
8.6753,9.26,6.4609
8.6753,10.095,6.3178
8.6753,10.93,6.1745
8.6753,11.765,6.0052
8.6753,12.6,5.831
8.6753,13.435,5.6726
8.6753,14.27,5.4972
8.6753,15.105,5.2912
8.6753,15.94,5.0838
8.6753,16.775,4.8829
8.6753,17.61,4.6656
8.6753,18.445,4.4527
8.6753,19.28,4.2484
8.6753,20.115,4.0365
8.6753,20.95,3.8273
8.6753,21.785,3.6094
8.6753,22.62,3.3936
8.6753,23.455,3.1764
8.6753,24.29,2.9597
8.6753,25.125,2.7429
8.6753,25.96,2.5284
8.6753,26.795,2.3177
8.6753,27.63,2.1083
8.6753,28.465,1.8973
8.6753,29.3,1.6879
8.6753,30.135,1.4891
8.6753,30.97,1.2994
8.6753,31.805,1.1074
8.6753,32.64,0.96791
8.6753,33.475,0.8257
8.6753,34.31,0.70087
8.6753,35.145,0.56637
8.6753,35.98,0.43685
8.6753,36.815,0.31412
8.6753,37.65,0.18894
8.6753,38.485,0.0599
8.6753,39.32,-0.057585
8.6753,40.155,-0.17003
8.6753,40.99,-0.27638
8.6753,41.825,-0.38177
8.6753,42.66,-0.48672
8.6753,43.495,-0.58696
8.6753,44.33,-0.68551
8.6753,45.165,-0.78173
8.6753,46,-0.87585
8.8457,4.25,7.5275
8.8457,5.085,7.3324
8.8457,5.92,7.1427
8.8457,6.755,6.9573
8.8457,7.59,6.7941
8.8457,8.425,6.6641
8.8457,9.26,6.5228
8.8457,10.095,6.3831
8.8457,10.93,6.2303
8.8457,11.765,6.0517
8.8457,12.6,5.8857
8.8457,13.435,5.7222
8.8457,14.27,5.5248
8.8457,15.105,5.3176
8.8457,15.94,5.1051
8.8457,16.775,4.8999
8.8457,17.61,4.6864
8.8457,18.445,4.4803
8.8457,19.28,4.2735
8.8457,20.115,4.0641
8.8457,20.95,3.8543
8.8457,21.785,3.6371
8.8457,22.62,3.4227
8.8457,23.455,3.2066
8.8457,24.29,2.9911
8.8457,25.125,2.7747
8.8457,25.96,2.5609
8.8457,26.795,2.3506
8.8457,27.63,2.1407
8.8457,28.465,1.9303
8.8457,29.3,1.7243
8.8457,30.135,1.5331
8.8457,30.97,1.3382
8.8457,31.805,1.1608
8.8457,32.64,1.0185
8.8457,33.475,0.87056
8.8457,34.31,0.71595
8.8457,35.145,0.59446
8.8457,35.98,0.45857
8.8457,36.815,0.333
8.8457,37.65,0.21047
8.8457,38.485,0.082654
8.8457,39.32,-0.041058
8.8457,40.155,-0.15603
8.8457,40.99,-0.26708
8.8457,41.825,-0.37096
8.8457,42.66,-0.47364
8.8457,43.495,-0.57655
8.8457,44.33,-0.67526
8.8457,45.165,-0.77257
8.8457,46,-0.86781
9.0161,4.25,7.5334
9.0161,5.085,7.3467
9.0161,5.92,7.1595
9.0161,6.755,6.9886
9.0161,7.59,6.8569
9.0161,8.425,6.7205
9.0161,9.26,6.5921
9.0161,10.095,6.4477
9.0161,10.93,6.2775
9.0161,11.765,6.0976
9.0161,12.6,5.9372
9.0161,13.435,5.7456
9.0161,14.27,5.5364
9.0161,15.105,5.323
9.0161,15.94,5.129
9.0161,16.775,4.9194
9.0161,17.61,4.7046
9.0161,18.445,4.5086
9.0161,19.28,4.2964
9.0161,20.115,4.0927
9.0161,20.95,3.8779
9.0161,21.785,3.6656
9.0161,22.62,3.4519
9.0161,23.455,3.2369
9.0161,24.29,3.0219
9.0161,25.125,2.8063
9.0161,25.96,2.5932
9.0161,26.795,2.383
9.0161,27.63,2.1719
9.0161,28.465,1.9636
9.0161,29.3,1.7624
9.0161,30.135,1.5778
9.0161,30.97,1.3843
9.0161,31.805,1.2114
9.0161,32.64,1.065
9.0161,33.475,0.89644
9.0161,34.31,0.75019
9.0161,35.145,0.61031
9.0161,35.98,0.47761
9.0161,36.815,0.34925
9.0161,37.65,0.22491
9.0161,38.485,0.1041
9.0161,39.32,-0.026187
9.0161,40.155,-0.1419
9.0161,40.99,-0.25519
9.0161,41.825,-0.36407
9.0161,42.66,-0.46624
9.0161,43.495,-0.56658
9.0161,44.33,-0.66757
9.0161,45.165,-0.76499
9.0161,46,-0.86097
