0.83794,4.25,4.9361
0.83794,5.085,4.4698
0.83794,5.92,4.0071
0.83794,6.755,3.5489
0.83794,7.59,3.0956
0.83794,8.425,2.6461
0.83794,9.26,2.1981
0.83794,10.095,1.7491
0.83794,10.93,1.2979
0.83794,11.765,0.8568
0.83794,12.6,0.42392
0.83794,13.435,0.073543
0.83794,14.27,-0.26227
0.83794,15.105,-0.61208
0.83794,15.94,-0.96193
0.83794,16.775,-1.2366
0.83794,17.61,-1.358
0.83794,18.445,-1.3447
0.83794,19.28,-1.3661
0.83794,20.115,-1.402
0.83794,20.95,-1.4146
0.83794,21.785,-1.4055
0.83794,22.62,-1.3976
0.83794,23.455,-1.4525
0.83794,24.29,-1.5121
0.83794,25.125,-1.573
0.83794,25.96,-1.6329
0.83794,26.795,-1.6669
0.83794,27.63,-1.6833
0.83794,28.465,-1.6556
0.83794,29.3,-1.6226
0.83794,30.135,-1.6366
0.83794,30.97,-1.7037
0.83794,31.805,-1.6531
0.83794,32.64,-1.5658
0.83794,33.475,-1.5273
0.83794,34.31,-1.5322
0.83794,35.145,-1.5537
0.83794,35.98,-1.5852
0.83794,36.815,-1.6251
0.83794,37.65,-1.6652
0.83794,38.485,-1.6996
0.83794,39.32,-1.7374
0.83794,40.155,-1.7819
0.83794,40.99,-1.8329
0.83794,41.825,-1.8891
0.83794,42.66,-1.9491
0.83794,43.495,-2.0116
0.83794,44.33,-2.0758
0.83794,45.165,-2.1409
0.83794,46,-2.2034
1.0083,4.25,5.1893
1.0083,5.085,4.7219
1.0083,5.92,4.258
1.0083,6.755,3.7985
1.0083,7.59,3.3438
1.0083,8.425,2.893
1.0083,9.26,2.4439
1.0083,10.095,1.994
1.0083,10.93,1.5422
1.0083,11.765,1.1001
1.0083,12.6,0.67069
1.0083,13.435,0.3177
1.0083,14.27,-0.022439
1.0083,15.105,-0.37684
1.0083,15.94,-0.73245
1.0083,16.775,-1.0217
1.0083,17.61,-1.1576
1.0083,18.445,-1.1484
1.0083,19.28,-1.1847
1.0083,20.115,-1.2331
1.0083,20.95,-1.2514
1.0083,21.785,-1.2615
1.0083,22.62,-1.2833
1.0083,23.455,-1.3326
1.0083,24.29,-1.3839
1.0083,25.125,-1.4453
1.0083,25.96,-1.5077
1.0083,26.795,-1.544
1.0083,27.63,-1.5494
1.0083,28.465,-1.5341
1.0083,29.3,-1.5023
1.0083,30.135,-1.5405
1.0083,30.97,-1.5838
1.0083,31.805,-1.5666
1.0083,32.64,-1.4896
1.0083,33.475,-1.4628
1.0083,34.31,-1.4734
1.0083,35.145,-1.498
1.0083,35.98,-1.5327
1.0083,36.815,-1.5764
1.0083,37.65,-1.6194
1.0083,38.485,-1.6567
1.0083,39.32,-1.6972
1.0083,40.155,-1.7441
1.0083,40.99,-1.797
1.0083,41.825,-1.8548
1.0083,42.66,-1.9161
1.0083,43.495,-1.9797
1.0083,44.33,-2.0448
1.0083,45.165,-2.1087
1.0083,46,-2.1704
1.1787,4.25,5.4432
1.1787,5.085,4.9748
1.1787,5.92,4.5097
1.1787,6.755,4.0488
1.1787,7.59,3.5927
1.1787,8.425,3.1407
1.1787,9.26,2.6904
1.1787,10.095,2.2397
1.1787,10.93,1.7873
1.1787,11.765,1.344
1.1787,12.6,0.91798
1.1787,13.435,0.562
1.1787,14.27,0.21707
1.1787,15.105,-0.1425
1.1787,15.94,-0.49709
1.1787,16.775,-0.80125
1.1787,17.61,-0.94591
1.1787,18.445,-0.95179
1.1787,19.28,-1.0044
1.1787,20.115,-1.062
1.1787,20.95,-1.0879
1.1787,21.785,-1.1185
1.1787,22.62,-1.1634
1.1787,23.455,-1.1935
1.1787,24.29,-1.2542
1.1787,25.125,-1.3168
1.1787,25.96,-1.3831
1.1787,26.795,-1.4221
1.1787,27.63,-1.4202
1.1787,28.465,-1.4155
1.1787,29.3,-1.3873
1.1787,30.135,-1.4299
1.1787,30.97,-1.4867
1.1787,31.805,-1.4817
1.1787,32.64,-1.4173
1.1787,33.475,-1.3994
1.1787,34.31,-1.4157
1.1787,35.145,-1.443
1.1787,35.98,-1.4808
1.1787,36.815,-1.5285
1.1787,37.65,-1.5741
1.1787,38.485,-1.6142
1.1787,39.32,-1.6573
1.1787,40.155,-1.7064
1.1787,40.99,-1.7613
1.1787,41.825,-1.8206
1.1787,42.66,-1.8831
1.1787,43.495,-1.9478
1.1787,44.33,-2.0127
1.1787,45.165,-2.0751
1.1787,46,-2.1375
1.3491,4.25,5.6979
1.3491,5.085,5.2284
1.3491,5.92,4.7622
1.3491,6.755,4.3
1.3491,7.59,3.8425
1.3491,8.425,3.3891
1.3491,9.26,2.9378
1.3491,10.095,2.4862
1.3491,10.93,2.0332
1.3491,11.765,1.5886
1.3491,12.6,1.1664
1.3491,13.435,0.80627
1.3491,14.27,0.45662
1.3491,15.105,0.091843
1.3491,15.94,-0.26132
1.3491,16.775,-0.57879
1.3491,17.61,-0.73272
1.3491,18.445,-0.76407
1.3491,19.28,-0.82132
1.3491,20.115,-0.88915
1.3491,20.95,-0.92402
1.3491,21.785,-0.9728
1.3491,22.62,-1.0223
1.3491,23.455,-1.0623
1.3491,24.29,-1.1243
1.3491,25.125,-1.1884
1.3491,25.96,-1.2574
1.3491,26.795,-1.3015
1.3491,27.63,-1.3102
1.3491,28.465,-1.3
1.3491,29.3,-1.2776
1.3491,30.135,-1.3388
1.3491,30.97,-1.3928
1.3491,31.805,-1.3933
1.3491,32.64,-1.3463
1.3491,33.475,-1.3369
1.3491,34.31,-1.3589
1.3491,35.145,-1.3887
1.3491,35.98,-1.4295
1.3491,36.815,-1.4813
1.3491,37.65,-1.5293
1.3491,38.485,-1.572
1.3491,39.32,-1.6177
1.3491,40.155,-1.6689
1.3491,40.99,-1.7255
1.3491,41.825,-1.7864
1.3491,42.66,-1.8501
1.3491,43.495,-1.9157
1.3491,44.33,-1.9784
1.3491,45.165,-2.0415
1.3491,46,-2.1046
1.5194,4.25,5.9532
1.5194,5.085,5.4828
1.5194,5.92,5.0155
1.5194,6.755,4.552
1.5194,7.59,4.0932
1.5194,8.425,3.6384
1.5194,9.26,3.186
1.5194,10.095,2.7336
1.5194,10.93,2.2798
1.5194,11.765,1.8338
1.5194,12.6,1.415
1.5194,13.435,1.0503
1.5194,14.27,0.69582
1.5194,15.105,0.32617
1.5194,15.94,-0.026169
1.5194,16.775,-0.3545
1.5194,17.61,-0.51841
1.5194,18.445,-0.57779
1.5194,19.28,-0.63743
1.5194,20.115,-0.71491
1.5194,20.95,-0.76504
1.5194,21.785,-0.82477
1.5194,22.62,-0.87507
1.5194,23.455,-0.9303
1.5194,24.29,-0.99431
1.5194,25.125,-1.0609
1.5194,25.96,-1.132
1.5194,26.795,-1.182
1.5194,27.63,-1.2011
1.5194,28.465,-1.1877
1.5194,29.3,-1.1731
1.5194,30.135,-1.2534
1.5194,30.97,-1.3016
1.5194,31.805,-1.3024
1.5194,32.64,-1.2766
1.5194,33.475,-1.2753
1.5194,34.31,-1.3029
1.5194,35.145,-1.335
1.5194,35.98,-1.3788
1.5194,36.815,-1.4346
1.5194,37.65,-1.485
1.5194,38.485,-1.5302
1.5194,39.32,-1.5782
1.5194,40.155,-1.6316
1.5194,40.99,-1.6899
1.5194,41.825,-1.7522
1.5194,42.66,-1.8171
1.5194,43.495,-1.8806
1.5194,44.33,-1.9442
1.5194,45.165,-2.0081
1.5194,46,-2.0718
1.6898,4.25,6.2093
1.6898,5.085,5.738
1.6898,5.92,5.2696
1.6898,6.755,4.8049
1.6898,7.59,4.3447
1.6898,8.425,3.8887
1.6898,9.26,3.4352
1.6898,10.095,2.9819
1.6898,10.93,2.5274
1.6898,11.765,2.0796
1.6898,12.6,1.6636
1.6898,13.435,1.294
1.6898,14.27,0.93478
1.6898,15.105,0.56042
1.6898,15.94,0.20691
1.6898,16.775,-0.12857
1.6898,17.61,-0.30359
1.6898,18.445,-0.39084
1.6898,19.28,-0.4537
1.6898,20.115,-0.5398
1.6898,20.95,-0.60477
1.6898,21.785,-0.67154
1.6898,22.62,-0.72383
1.6898,23.455,-0.79752
1.6898,24.29,-0.86429
1.6898,25.125,-0.93462
1.6898,25.96,-1.008
1.6898,26.795,-1.0638
1.6898,27.63,-1.093
1.6898,28.465,-1.0787
1.6898,29.3,-1.0789
1.6898,30.135,-1.1692
1.6898,30.97,-1.2129
1.6898,31.805,-1.2159
1.6898,32.64,-1.2082
1.6898,33.475,-1.2147
1.6898,34.31,-1.2473
1.6898,35.145,-1.2823
1.6898,35.98,-1.3288
1.6898,36.815,-1.3885
1.6898,37.65,-1.4411
1.6898,38.485,-1.4887
1.6898,39.32,-1.539
1.6898,40.155,-1.5943
1.6898,40.99,-1.6543
1.6898,41.825,-1.718
1.6898,42.66,-1.7818
1.6898,43.495,-1.8456
1.6898,44.33,-1.9101
1.6898,45.165,-1.9747
1.6898,46,-2.0391
1.8602,4.25,6.4662
1.8602,5.085,5.994
1.8602,5.92,5.5245
1.8602,6.755,5.0587
1.8602,7.59,4.5972
1.8602,8.425,4.1399
1.8602,9.26,3.6853
1.8602,10.095,3.2312
1.8602,10.93,2.7757
1.8602,11.765,2.326
1.8602,12.6,1.9118
1.8602,13.435,1.5372
1.8602,14.27,1.1735
1.8602,15.105,0.79548
1.8602,15.94,0.4379
1.8602,16.775,0.10106
1.8602,17.61,-0.088946
1.8602,18.445,-0.19741
1.8602,19.28,-0.27041
1.8602,20.115,-0.36434
1.8602,20.95,-0.44367
1.8602,21.785,-0.51167
1.8602,22.62,-0.57577
1.8602,23.455,-0.6603
1.8602,24.29,-0.73434
1.8602,25.125,-0.80789
1.8602,25.96,-0.88549
1.8602,26.795,-0.94702
1.8602,27.63,-0.98597
1.8602,28.465,-0.97988
1.8602,29.3,-0.98819
1.8602,30.135,-1.0861
1.8602,30.97,-1.1267
1.8602,31.805,-1.1334
1.8602,32.64,-1.141
1.8602,33.475,-1.1547
1.8602,34.31,-1.1924
1.8602,35.145,-1.2303
1.8602,35.98,-1.2793
1.8602,36.815,-1.3429
1.8602,37.65,-1.3975
1.8602,38.485,-1.4474
1.8602,39.32,-1.4999
1.8602,40.155,-1.5572
1.8602,40.99,-1.6188
1.8602,41.825,-1.6823
1.8602,42.66,-1.746
1.8602,43.495,-1.8108
1.8602,44.33,-1.876
1.8602,45.165,-1.9414
1.8602,46,-2.0064
2.0306,4.25,6.7238
2.0306,5.085,6.2508
2.0306,5.92,5.7804
2.0306,6.755,5.3135
2.0306,7.59,4.8507
2.0306,8.425,4.3921
2.0306,9.26,3.9365
2.0306,10.095,3.4814
2.0306,10.93,3.025
2.0306,11.765,2.5731
2.0306,12.6,2.1585
2.0306,13.435,1.78
2.0306,14.27,1.4119
2.0306,15.105,1.0318
2.0306,15.94,0.66845
2.0306,16.775,0.33059
2.0306,17.61,0.12497
2.0306,18.445,-0.0032664
2.0306,19.28,-0.087846
2.0306,20.115,-0.18907
2.0306,20.95,-0.28146
2.0306,21.785,-0.35717
2.0306,22.62,-0.44091
2.0306,23.455,-0.52552
2.0306,24.29,-0.6045
2.0306,25.125,-0.68126
2.0306,25.96,-0.7646
2.0306,26.795,-0.83171
2.0306,27.63,-0.88019
2.0306,28.465,-0.88383
2.0306,29.3,-0.90151
2.0306,30.135,-1.0004
2.0306,30.97,-1.0429
2.0306,31.805,-1.0544
2.0306,32.64,-1.0749
2.0306,33.475,-1.0955
2.0306,34.31,-1.1381
2.0306,35.145,-1.1789
2.0306,35.98,-1.2304
2.0306,36.815,-1.2978
2.0306,37.65,-1.3543
2.0306,38.485,-1.4064
2.0306,39.32,-1.4611
2.0306,40.155,-1.5202
2.0306,40.99,-1.5826
2.0306,41.825,-1.6456
2.0306,42.66,-1.7103
2.0306,43.495,-1.776
2.0306,44.33,-1.8421
2.0306,45.165,-1.9081
2.0306,46,-1.9738
2.201,4.25,6.9822
2.201,5.085,6.5084
2.201,5.92,6.0371
2.201,6.755,5.5692
2.201,7.59,5.1052
2.201,8.425,4.6455
2.201,9.26,4.1888
2.201,10.095,3.7328
2.201,10.93,3.2753
2.201,11.765,2.8209
2.201,12.6,2.405
2.201,13.435,2.0221
2.201,14.27,1.6502
2.201,15.105,1.2679
2.201,15.94,0.89849
2.201,16.775,0.55952
2.201,17.61,0.33637
2.201,18.445,0.19036
2.201,19.28,0.091894
2.201,20.115,-0.01446
2.201,20.95,-0.11586
2.201,21.785,-0.20009
2.201,22.62,-0.30312
2.201,23.455,-0.39615
2.201,24.29,-0.47309
2.201,25.125,-0.55542
2.201,25.96,-0.64503
2.201,26.795,-0.7175
2.201,27.63,-0.7759
2.201,28.465,-0.78249
2.201,29.3,-0.81663
2.201,30.135,-0.91336
2.201,30.97,-0.96137
2.201,31.805,-0.97874
2.201,32.64,-1.0094
2.201,33.475,-1.0374
2.201,34.31,-1.0846
2.201,35.145,-1.1282
2.201,35.98,-1.1826
2.201,36.815,-1.2531
2.201,37.65,-1.3114
2.201,38.485,-1.3656
2.201,39.32,-1.4223
2.201,40.155,-1.4831
2.201,40.99,-1.5449
2.201,41.825,-1.609
2.201,42.66,-1.6748
2.201,43.495,-1.7414
2.201,44.33,-1.8082
2.201,45.165,-1.8749
2.201,46,-1.9412
2.3713,4.25,7.2414
2.3713,5.085,6.7669
2.3713,5.92,6.2948
2.3713,6.755,5.8259
2.3713,7.59,5.3608
2.3713,8.425,4.8999
2.3713,9.26,4.4423
2.3713,10.095,3.9853
2.3713,10.93,3.5265
2.3713,11.765,3.0695
2.3713,12.6,2.6509
2.3713,13.435,2.2637
2.3713,14.27,1.8884
2.3713,15.105,1.5036
2.3713,15.94,1.1291
2.3713,16.775,0.78727
2.3713,17.61,0.53326
2.3713,18.445,0.37604
2.3713,19.28,0.27415
2.3713,20.115,0.15912
2.3713,20.95,0.047604
2.3713,21.785,-0.043656
2.3713,22.62,-0.16284
2.3713,23.455,-0.2599
2.3713,24.29,-0.34586
2.3713,25.125,-0.43048
2.3713,25.96,-0.52722
2.3713,26.795,-0.6057
2.3713,27.63,-0.67266
2.3713,28.465,-0.68357
2.3713,29.3,-0.73355
2.3713,30.135,-0.83397
2.3713,30.97,-0.88211
2.3713,31.805,-0.90587
2.3713,32.64,-0.94456
2.3713,33.475,-0.98031
2.3713,34.31,-1.0319
2.3713,35.145,-1.078
2.3713,35.98,-1.1366
2.3713,36.815,-1.2088
2.3713,37.65,-1.2688
2.3713,38.485,-1.3251
2.3713,39.32,-1.3837
2.3713,40.155,-1.4442
2.3713,40.99,-1.5072
2.3713,41.825,-1.5726
2.3713,42.66,-1.6393
2.3713,43.495,-1.7068
2.3713,44.33,-1.7744
2.3713,45.165,-1.8418
2.3713,46,-1.9087
2.5417,4.25,7.5014
2.5417,5.085,7.0263
2.5417,5.92,6.5534
2.5417,6.755,6.0836
2.5417,7.59,5.6175
2.5417,8.425,5.1556
2.5417,9.26,4.6969
2.5417,10.095,4.239
2.5417,10.93,3.7789
2.5417,11.765,3.3189
2.5417,12.6,2.8976
2.5417,13.435,2.5057
2.5417,14.27,2.1264
2.5417,15.105,1.7386
2.5417,15.94,1.3603
2.5417,16.775,1.0133
2.5417,17.61,0.73265
2.5417,18.445,0.5693
2.5417,19.28,0.45336
2.5417,20.115,0.33137
2.5417,20.95,0.21304
2.5417,21.785,0.10848
2.5417,22.62,-0.01994
2.5417,23.455,-0.1204
2.5417,24.29,-0.21739
2.5417,25.125,-0.30714
2.5417,25.96,-0.41111
2.5417,26.795,-0.4954
2.5417,27.63,-0.56705
2.5417,28.465,-0.59205
2.5417,29.3,-0.65217
2.5417,30.135,-0.75525
2.5417,30.97,-0.80496
2.5417,31.805,-0.8355
2.5417,32.64,-0.88137
2.5417,33.475,-0.92413
2.5417,34.31,-0.9797
2.5417,35.145,-1.0285
2.5417,35.98,-1.0912
2.5417,36.815,-1.1649
2.5417,37.65,-1.2265
2.5417,38.485,-1.2848
2.5417,39.32,-1.3439
2.5417,40.155,-1.4054
2.5417,40.99,-1.4698
2.5417,41.825,-1.5363
2.5417,42.66,-1.604
2.5417,43.495,-1.6723
2.5417,44.33,-1.7407
2.5417,45.165,-1.8088
2.5417,46,-1.8762
2.7121,4.25,7.7622
2.7121,5.085,7.2865
2.7121,5.92,6.813
2.7121,6.755,6.3424
2.7121,7.59,5.8754
2.7121,8.425,5.4125
2.7121,9.26,4.9529
2.7121,10.095,4.494
2.7121,10.93,4.0326
2.7121,11.765,3.5707
2.7121,12.6,3.1439
2.7121,13.435,2.7481
2.7121,14.27,2.3635
2.7121,15.105,1.9728
2.7121,15.94,1.5899
2.7121,16.775,1.2373
2.7121,17.61,0.93981
2.7121,18.445,0.76072
2.7121,19.28,0.63126
2.7121,20.115,0.49892
2.7121,20.95,0.37817
2.7121,21.785,0.26326
2.7121,22.62,0.12327
2.7121,23.455,0.018538
2.7121,24.29,-0.089433
2.7121,25.125,-0.18661
2.7121,25.96,-0.29616
2.7121,26.795,-0.38694
2.7121,27.63,-0.46439
2.7121,28.465,-0.50222
2.7121,29.3,-0.5693
2.7121,30.135,-0.67549
2.7121,30.97,-0.72982
2.7121,31.805,-0.76734
2.7121,32.64,-0.81963
2.7121,33.475,-0.86879
2.7121,34.31,-0.9281
2.7121,35.145,-0.97955
2.7121,35.98,-1.0462
2.7121,36.815,-1.1212
2.7121,37.65,-1.1845
2.7121,38.485,-1.2438
2.7121,39.32,-1.3039
2.7121,40.155,-1.3669
2.7121,40.99,-1.4326
2.7121,41.825,-1.5001
2.7121,42.66,-1.5688
2.7121,43.495,-1.638
2.7121,44.33,-1.7071
2.7121,45.165,-1.7758
2.7121,46,-1.8438
2.8825,4.25,8.0239
2.8825,5.085,7.5476
2.8825,5.92,7.0735
2.8825,6.755,6.6022
2.8825,7.59,6.1344
2.8825,8.425,5.6707
2.8825,9.26,5.2102
2.8825,10.095,4.7504
2.8825,10.93,4.2875
2.8825,11.765,3.8229
2.8825,12.6,3.3901
2.8825,13.435,2.9903
2.8825,14.27,2.5995
2.8825,15.105,2.2057
2.8825,15.94,1.8175
2.8825,16.775,1.4589
2.8825,17.61,1.1497
2.8825,18.445,0.94606
2.8825,19.28,0.80638
2.8825,20.115,0.66974
2.8825,20.95,0.54238
2.8825,21.785,0.41535
2.8825,22.62,0.2668
2.8825,23.455,0.15686
2.8825,24.29,0.037755
2.8825,25.125,-0.067713
2.8825,25.96,-0.18248
2.8825,26.795,-0.28143
2.8825,27.63,-0.36473
2.8825,28.465,-0.41487
2.8825,29.3,-0.48532
2.8825,30.135,-0.59681
2.8825,30.97,-0.65656
2.8825,31.805,-0.70112
2.8825,32.64,-0.75921
2.8825,33.475,-0.81423
2.8825,34.31,-0.87705
2.8825,35.145,-0.93118
2.8825,35.98,-1.0017
2.8825,36.815,-1.0779
2.8825,37.65,-1.1423
2.8825,38.485,-1.2024
2.8825,39.32,-1.2641
2.8825,40.155,-1.3285
2.8825,40.99,-1.3955
2.8825,41.825,-1.4641
2.8825,42.66,-1.5337
2.8825,43.495,-1.6037
2.8825,44.33,-1.6735
2.8825,45.165,-1.7428
2.8825,46,-1.8114
3.0528,4.25,8.2863
3.0528,5.085,7.8097
3.0528,5.92,7.3351
3.0528,6.755,6.8632
3.0528,7.59,6.3947
3.0528,8.425,5.9302
3.0528,9.26,5.4689
3.0528,10.095,5.0082
3.0528,10.93,4.544
3.0528,11.765,4.0751
3.0528,12.6,3.6362
3.0528,13.435,3.2312
3.0528,14.27,2.8338
3.0528,15.105,2.4367
3.0528,15.94,2.0424
3.0528,16.775,1.6777
3.0528,17.61,1.356
3.0528,18.445,1.1294
3.0528,19.28,0.97914
3.0528,20.115,0.83931
3.0528,20.95,0.70441
3.0528,21.785,0.56228
3.0528,22.62,0.40928
3.0528,23.455,0.29449
3.0528,24.29,0.16349
3.0528,25.125,0.049012
3.0528,25.96,-0.072932
3.0528,26.795,-0.17843
3.0528,27.63,-0.26729
3.0528,28.465,-0.32992
3.0528,29.3,-0.40463
3.0528,30.135,-0.51949
3.0528,30.97,-0.58506
3.0528,31.805,-0.63665
3.0528,32.64,-0.69997
3.0528,33.475,-0.76037
3.0528,34.31,-0.82651
3.0528,35.145,-0.88338
3.0528,35.98,-0.95751
3.0528,36.815,-1.0348
3.0528,37.65,-1.0996
3.0528,38.485,-1.1613
3.0528,39.32,-1.2246
3.0528,40.155,-1.2904
3.0528,40.99,-1.3586
3.0528,41.825,-1.4283
3.0528,42.66,-1.4988
3.0528,43.495,-1.5695
3.0528,44.33,-1.64
3.0528,45.165,-1.7099
3.0528,46,-1.7791
3.2232,4.25,8.5496
3.2232,5.085,8.0726
3.2232,5.92,7.5976
3.2232,6.755,7.1252
3.2232,7.59,6.6562
3.2232,8.425,6.191
3.2232,9.26,5.7291
3.2232,10.095,5.2677
3.2232,10.93,4.8021
3.2232,11.765,4.3273
3.2232,12.6,3.8823
3.2232,13.435,3.4725
3.2232,14.27,3.0708
3.2232,15.105,2.6659
3.2232,15.94,2.2645
3.2232,16.775,1.8932
3.2232,17.61,1.5613
3.2232,18.445,1.3124
3.2232,19.28,1.1506
3.2232,20.115,1.0058
3.2232,20.95,0.86448
3.2232,21.785,0.71108
3.2232,22.62,0.55093
3.2232,23.455,0.4313
3.2232,24.29,0.28701
3.2232,25.125,0.16411
3.2232,25.96,0.036537
3.2232,26.795,-0.076495
3.2232,27.63,-0.17319
3.2232,28.465,-0.24805
3.2232,29.3,-0.32821
3.2232,30.135,-0.4435
3.2232,30.97,-0.51519
3.2232,31.805,-0.57487
3.2232,32.64,-0.64181
3.2232,33.475,-0.70717
3.2232,34.31,-0.77647
3.2232,35.145,-0.83656
3.2232,35.98,-0.91369
3.2232,36.815,-0.99082
3.2232,37.65,-1.0571
3.2232,38.485,-1.1205
3.2232,39.32,-1.1853
3.2232,40.155,-1.2525
3.2232,40.99,-1.3218
3.2232,41.825,-1.3925
3.2232,42.66,-1.4639
3.2232,43.495,-1.5354
3.2232,44.33,-1.6065
3.2232,45.165,-1.6771
3.2232,46,-1.7468
3.3936,4.25,8.8137
3.3936,5.085,8.3365
3.3936,5.92,7.8612
3.3936,6.755,7.3884
3.3936,7.59,6.919
3.3936,8.425,6.4533
3.3936,9.26,5.9909
3.3936,10.095,5.5288
3.3936,10.93,5.0608
3.3936,11.765,4.5795
3.3936,12.6,4.1298
3.3936,13.435,3.7161
3.3936,14.27,3.309
3.3936,15.105,2.8939
3.3936,15.94,2.4839
3.3936,16.775,2.103
3.3936,17.61,1.7656
3.3936,18.445,1.4983
3.3936,19.28,1.3229
3.3936,20.115,1.1703
3.3936,20.95,1.0216
3.3936,21.785,0.85718
3.3936,22.62,0.69188
3.3936,23.455,0.56123
3.3936,24.29,0.41268
3.3936,25.125,0.27737
3.3936,25.96,0.14443
3.3936,26.795,0.023818
3.3936,27.63,-0.08211
3.3936,28.465,-0.16861
3.3936,29.3,-0.25393
3.3936,30.135,-0.36883
3.3936,30.97,-0.44656
3.3936,31.805,-0.51384
3.3936,32.64,-0.58462
3.3936,33.475,-0.65458
3.3936,34.31,-0.72691
3.3936,35.145,-0.78954
3.3936,35.98,-0.86905
3.3936,36.815,-0.94727
3.3936,37.65,-1.0151
3.3936,38.485,-1.08
3.3936,39.32,-1.1462
3.3936,40.155,-1.2148
3.3936,40.99,-1.2852
3.3936,41.825,-1.3569
3.3936,42.66,-1.4291
3.3936,43.495,-1.5013
3.3936,44.33,-1.5731
3.3936,45.165,-1.6443
3.3936,46,-1.7146
3.564,4.25,9.0787
3.564,5.085,8.6013
3.564,5.92,8.1258
3.564,6.755,7.6528
3.564,7.59,7.183
3.564,8.425,6.7171
3.564,9.26,6.2543
3.564,10.095,5.7917
3.564,10.93,5.319
3.564,11.765,4.8317
3.564,12.6,4.3773
3.564,13.435,3.961
3.564,14.27,3.5485
3.564,15.105,3.1203
3.564,15.94,2.7001
3.564,16.775,2.3082
3.564,17.61,1.9644
3.564,18.445,1.6842
3.564,19.28,1.4943
3.564,20.115,1.3311
3.564,20.95,1.1795
3.564,21.785,1.0023
3.564,22.62,0.83212
3.564,23.455,0.68994
3.564,24.29,0.53701
3.564,25.125,0.38909
3.564,25.96,0.25077
3.564,26.795,0.12213
3.564,27.63,0.006194
3.564,28.465,-0.09085
3.564,29.3,-0.18094
3.564,30.135,-0.29436
3.564,30.97,-0.3795
3.564,31.805,-0.45353
3.564,32.64,-0.5283
3.564,33.475,-0.60253
3.564,34.31,-0.67781
3.564,35.145,-0.74322
3.564,35.98,-0.82453
3.564,36.815,-0.9041
3.564,37.65,-0.97331
3.564,38.485,-1.0397
3.564,39.32,-1.1074
3.564,40.155,-1.1772
3.564,40.99,-1.2488
3.564,41.825,-1.3214
3.564,42.66,-1.3944
3.564,43.495,-1.4674
3.564,44.33,-1.5398
3.564,45.165,-1.6115
3.564,46,-1.6823
3.7344,4.25,9.3445
3.7344,5.085,8.8671
3.7344,5.92,8.3915
3.7344,6.755,7.9183
3.7344,7.59,7.4484
3.7344,8.425,6.9823
3.7344,9.26,6.5193
3.7344,10.095,6.0565
3.7344,10.93,5.5774
3.7344,11.765,5.0857
3.7344,12.6,4.6253
3.7344,13.435,4.2076
3.7344,14.27,3.7897
3.7344,15.105,3.3446
3.7344,15.94,2.912
3.7344,16.775,2.5083
3.7344,17.61,2.1568
3.7344,18.445,1.8676
3.7344,19.28,1.6633
3.7344,20.115,1.4928
3.7344,20.95,1.3351
3.7344,21.785,1.1462
3.7344,22.62,0.97164
3.7344,23.455,0.81794
3.7344,24.29,0.65946
3.7344,25.125,0.49941
3.7344,25.96,0.35613
3.7344,26.795,0.21842
3.7344,27.63,0.092034
3.7344,28.465,-0.011071
3.7344,29.3,-0.10949
3.7344,30.135,-0.22154
3.7344,30.97,-0.31386
3.7344,31.805,-0.39392
3.7344,32.64,-0.47279
3.7344,33.475,-0.551
3.7344,34.31,-0.62914
3.7344,35.145,-0.69755
3.7344,35.98,-0.78048
3.7344,36.815,-0.86131
3.7344,37.65,-0.93186
3.7344,38.485,-0.99973
3.7344,39.32,-1.0688
3.7344,40.155,-1.1398
3.7344,40.99,-1.2125
3.7344,41.825,-1.286
3.7344,42.66,-1.3598
3.7344,43.495,-1.4335
3.7344,44.33,-1.5066
3.7344,45.165,-1.5789
3.7344,46,-1.6502
3.9047,4.25,9.6112
3.9047,5.085,9.1338
3.9047,5.92,8.6582
3.9047,6.755,8.185
3.9047,7.59,7.7151
3.9047,8.425,7.249
3.9047,9.26,6.786
3.9047,10.095,6.3232
3.9047,10.93,5.8389
3.9047,11.765,5.3422
3.9047,12.6,4.8735
3.9047,13.435,4.4487
3.9047,14.27,4.0306
3.9047,15.105,3.5602
3.9047,15.94,3.1188
3.9047,16.775,2.7055
3.9047,17.61,2.3448
3.9047,18.445,2.0494
3.9047,19.28,1.8281
3.9047,20.115,1.6527
3.9047,20.95,1.4879
3.9047,21.785,1.2936
3.9047,22.62,1.1103
3.9047,23.455,0.94487
3.9047,24.29,0.77822
3.9047,25.125,0.61344
3.9047,25.96,0.46184
3.9047,26.795,0.31269
3.9047,27.63,0.17575
3.9047,28.465,0.065439
3.9047,29.3,-0.038828
3.9047,30.135,-0.15099
3.9047,30.97,-0.24953
3.9047,31.805,-0.33498
3.9047,32.64,-0.418
3.9047,33.475,-0.49995
3.9047,34.31,-0.58026
3.9047,35.145,-0.65239
3.9047,35.98,-0.73691
3.9047,36.815,-0.81889
3.9047,37.65,-0.89073
3.9047,38.485,-0.96001
3.9047,39.32,-1.0304
3.9047,40.155,-1.1027
3.9047,40.99,-1.1763
3.9047,41.825,-1.2508
3.9047,42.66,-1.3253
3.9047,43.495,-1.3996
3.9047,44.33,-1.4734
3.9047,45.165,-1.5467
3.9047,46,-1.6198
4.0751,4.25,9.8788
4.0751,5.085,9.4015
4.0751,5.92,8.926
4.0751,6.755,8.453
4.0751,7.59,7.9832
4.0751,8.425,7.5172
4.0751,9.26,7.0545
4.0751,10.095,6.5919
4.0751,10.93,6.1041
4.0751,11.765,5.601
4.0751,12.6,5.1214
4.0751,13.435,4.6938
4.0751,14.27,4.2599
4.0751,15.105,3.7662
4.0751,15.94,3.3196
4.0751,16.775,2.8971
4.0751,17.61,2.528
4.0751,18.445,2.2292
4.0751,19.28,1.9937
4.0751,20.115,1.8111
4.0751,20.95,1.6389
4.0751,21.785,1.438
4.0751,22.62,1.2481
4.0751,23.455,1.0705
4.0751,24.29,0.8954
4.0751,25.125,0.72527
4.0751,25.96,0.56534
4.0751,26.795,0.40498
4.0751,27.63,0.25768
4.0751,28.465,0.14174
4.0751,29.3,0.031199
4.0751,30.135,-0.082481
4.0751,30.97,-0.18636
4.0751,31.805,-0.27668
4.0751,32.64,-0.36387
4.0751,33.475,-0.44935
4.0751,34.31,-0.53183
4.0751,35.145,-0.60773
4.0751,35.98,-0.69381
4.0751,36.815,-0.77684
4.0751,37.65,-0.8499
4.0751,38.485,-0.92054
4.0751,39.32,-0.99225
4.0751,40.155,-1.0657
4.0751,40.99,-1.1403
4.0751,41.825,-1.2156
4.0751,42.66,-1.2909
4.0751,43.495,-1.3663
4.0751,44.33,-1.4417
4.0751,45.165,-1.5163
4.0751,46,-1.5899
4.2455,4.25,10.147
4.2455,5.085,9.6701
4.2455,5.92,9.1948
4.2455,6.755,8.7221
4.2455,7.59,8.2526
4.2455,8.425,7.7871
4.2455,9.26,7.3248
4.2455,10.095,6.8627
4.2455,10.93,6.3715
4.2455,11.765,5.8638
4.2455,12.6,5.3696
4.2455,13.435,4.9295
4.2455,14.27,4.4807
4.2455,15.105,3.9636
4.2455,15.94,3.5057
4.2455,16.775,3.0849
4.2455,17.61,2.6984
4.2455,18.445,2.4065
4.2455,19.28,2.1544
4.2455,20.115,1.9664
4.2455,20.95,1.7883
4.2455,21.785,1.5832
4.2455,22.62,1.3849
4.2455,23.455,1.1945
4.2455,24.29,1.0116
4.2455,25.125,0.83088
4.2455,25.96,0.66606
4.2455,26.795,0.49537
4.2455,27.63,0.33817
4.2455,28.465,0.21572
4.2455,29.3,0.10064
4.2455,30.135,-0.015547
4.2455,30.97,-0.12427
4.2455,31.805,-0.21901
4.2455,32.64,-0.31035
4.2455,33.475,-0.39916
4.2455,34.31,-0.48391
4.2455,35.145,-0.56374
4.2455,35.98,-0.65117
4.2455,36.815,-0.73515
4.2455,37.65,-0.80936
4.2455,38.485,-0.88132
4.2455,39.32,-0.9543
4.2455,40.155,-1.0288
4.2455,40.99,-1.1045
4.2455,41.825,-1.1809
4.2455,42.66,-1.2579
4.2455,43.495,-1.3345
4.2455,44.33,-1.4106
4.2455,45.165,-1.4858
4.2455,46,-1.5599
4.4159,4.25,10.416
4.4159,5.085,9.9397
4.4159,5.92,9.4648
4.4159,6.755,8.9924
4.4159,7.59,8.5235
4.4159,8.425,8.0585
4.4159,9.26,7.5969
4.4159,10.095,7.1355
4.4159,10.93,6.6412
4.4159,11.765,6.1327
4.4159,12.6,5.6233
4.4159,13.435,5.1718
4.4159,14.27,4.6894
4.4159,15.105,4.1508
4.4159,15.94,3.6892
4.4159,16.775,3.265
4.4159,17.61,2.8692
4.4159,18.445,2.576
4.4159,19.28,2.3129
4.4159,20.115,2.1205
4.4159,20.95,1.9359
4.4159,21.785,1.724
4.4159,22.62,1.5186
4.4159,23.455,1.3169
4.4159,24.29,1.1265
4.4159,25.125,0.93892
4.4159,25.96,0.76321
4.4159,26.795,0.58399
4.4159,27.63,0.41753
4.4159,28.465,0.28847
4.4159,29.3,0.16916
4.4159,30.135,0.050725
4.4159,30.97,-0.063144
4.4159,31.805,-0.16194
4.4159,32.64,-0.2574
4.4159,33.475,-0.34927
4.4159,34.31,-0.4365
4.4159,35.145,-0.52067
4.4159,35.98,-0.60899
4.4159,36.815,-0.69382
4.4159,37.65,-0.76912
4.4159,38.485,-0.84235
4.4159,39.32,-0.91656
4.4159,40.155,-0.99243
4.4159,40.99,-1.0697
4.4159,41.825,-1.1475
4.4159,42.66,-1.2252
4.4159,43.495,-1.3026
4.4159,44.33,-1.3793
4.4159,45.165,-1.4551
4.4159,46,-1.5298
4.5862,4.25,10.687
4.5862,5.085,10.21
4.5862,5.92,9.7358
4.5862,6.755,9.264
4.5862,7.59,8.7956
4.5862,8.425,8.3315
4.5862,9.26,7.8709
4.5862,10.095,7.4105
4.5862,10.93,6.9133
4.5862,11.765,6.4069
4.5862,12.6,5.8805
4.5862,13.435,5.3942
4.5862,14.27,4.8839
4.5862,15.105,4.3406
4.5862,15.94,3.8578
4.5862,16.775,3.4352
4.5862,17.61,3.0333
4.5862,18.445,2.736
4.5862,19.28,2.466
4.5862,20.115,2.2737
4.5862,20.95,2.0811
4.5862,21.785,1.8635
4.5862,22.62,1.6509
4.5862,23.455,1.4376
4.5862,24.29,1.2374
4.5862,25.125,1.0439
4.5862,25.96,0.85816
4.5862,26.795,0.6713
4.5862,27.63,0.49604
4.5862,28.465,0.36048
4.5862,29.3,0.23703
4.5862,30.135,0.11572
4.5862,30.97,-0.0026765
4.5862,31.805,-0.10547
4.5862,32.64,-0.2048
4.5862,33.475,-0.29954
4.5862,34.31,-0.38961
4.5862,35.145,-0.47786
4.5862,35.98,-0.56727
4.5862,36.815,-0.65282
4.5862,37.65,-0.72917
4.5862,38.485,-0.80374
4.5862,39.32,-0.87961
4.5862,40.155,-0.95701
4.5862,40.99,-1.0353
4.5862,41.825,-1.114
4.5862,42.66,-1.1925
4.5862,43.495,-1.2706
4.5862,44.33,-1.3479
4.5862,45.165,-1.4243
4.5862,46,-1.4996
4.7566,4.25,10.958
4.7566,5.085,10.482
4.7566,5.92,10.008
4.7566,6.755,9.5367
4.7566,7.59,9.0692
4.7566,8.425,8.606
4.7566,9.26,8.1467
4.7566,10.095,7.6877
4.7566,10.93,7.1879
4.7566,11.765,6.6753
4.7566,12.6,6.1403
4.7566,13.435,5.5991
4.7566,14.27,5.0636
4.7566,15.105,4.5368
4.7566,15.94,4.0121
4.7566,16.775,3.5865
4.7566,17.61,3.189
4.7566,18.445,2.8853
4.7566,19.28,2.6131
4.7566,20.115,2.4241
4.7566,20.95,2.2251
4.7566,21.785,2.0014
4.7566,22.62,1.7814
4.7566,23.455,1.5566
4.7566,24.29,1.3482
4.7566,25.125,1.1476
4.7566,25.96,0.95187
4.7566,26.795,0.75773
4.7566,27.63,0.57428
4.7566,28.465,0.43206
4.7566,29.3,0.30438
4.7566,30.135,0.17943
4.7566,30.97,0.057016
4.7566,31.805,-0.04981
4.7566,32.64,-0.15257
4.7566,33.475,-0.25027
4.7566,34.31,-0.34325
4.7566,35.145,-0.43527
4.7566,35.98,-0.52599
4.7566,36.815,-0.61219
4.7566,37.65,-0.68966
4.7566,38.485,-0.76574
4.7566,39.32,-0.84297
4.7566,40.155,-0.92155
4.7566,40.99,-1.0009
4.7566,41.825,-1.0804
4.7566,42.66,-1.1597
4.7566,43.495,-1.2384
4.7566,44.33,-1.3164
4.7566,45.165,-1.3934
4.7566,46,-1.4692
4.927,4.25,11.229
4.927,5.085,10.754
4.927,5.92,10.281
4.927,6.755,9.8107
4.927,7.59,9.3442
4.927,8.425,8.8822
4.927,9.26,8.4243
4.927,10.095,7.9669
4.927,10.93,7.4648
4.927,11.765,6.9352
4.927,12.6,6.4025
4.927,13.435,5.7772
4.927,14.27,5.2399
4.927,15.105,4.7066
4.927,15.94,4.1501
4.927,16.775,3.7219
4.927,17.61,3.3322
4.927,18.445,3.0184
4.927,19.28,2.7568
4.927,20.115,2.5723
4.927,20.95,2.3678
4.927,21.785,2.1388
4.927,22.62,1.91
4.927,23.455,1.6738
4.927,24.29,1.4576
4.927,25.125,1.2501
4.927,25.96,1.0438
4.927,26.795,0.84344
4.927,27.63,0.65198
4.927,28.465,0.50346
4.927,29.3,0.37119
4.927,30.135,0.24215
4.927,30.97,0.11597
4.927,31.805,0.0051575
4.927,32.64,-0.10085
4.927,33.475,-0.20144
4.927,34.31,-0.29744
4.927,35.145,-0.39287
4.927,35.98,-0.48535
4.927,36.815,-0.57186
4.927,37.65,-0.65034
4.927,38.485,-0.72778
4.927,39.32,-0.80633
4.927,40.155,-0.88607
4.927,40.99,-0.96639
4.927,41.825,-1.0468
4.927,42.66,-1.1268
4.927,43.495,-1.2062
4.927,44.33,-1.2848
4.927,45.165,-1.3623
4.927,46,-1.4387
5.0974,4.25,11.502
5.0974,5.085,11.028
5.0974,5.92,10.555
5.0974,6.755,10.086
5.0974,7.59,9.6205
5.0974,8.425,9.1599
5.0974,9.26,8.7037
5.0974,10.095,8.2481
5.0974,10.93,7.7457
5.0974,11.765,7.213
5.0974,12.6,6.6665
5.0974,13.435,5.9505
5.0974,14.27,5.4485
5.0974,15.105,4.8411
5.0974,15.94,4.2872
5.0974,16.775,3.8418
5.0974,17.61,3.4556
5.0974,18.445,3.1467
5.0974,19.28,2.8939
5.0974,20.115,2.7171
5.0974,20.95,2.5087
5.0974,21.785,2.2733
5.0974,22.62,2.0366
5.0974,23.455,1.7895
5.0974,24.29,1.5661
5.0974,25.125,1.3528
5.0974,25.96,1.1366
5.0974,26.795,0.92846
5.0974,27.63,0.72901
5.0974,28.465,0.57485
5.0974,29.3,0.4375
5.0974,30.135,0.30398
5.0974,30.97,0.17425
5.0974,31.805,0.059516
5.0974,32.64,-0.04963
5.0974,33.475,-0.15307
5.0974,34.31,-0.25227
5.0974,35.145,-0.35065
5.0974,35.98,-0.44495
5.0974,36.815,-0.53158
5.0974,37.65,-0.61106
5.0974,38.485,-0.68985
5.0974,39.32,-0.76968
5.0974,40.155,-0.85054
5.0974,40.99,-0.93182
5.0974,41.825,-1.013
5.0974,42.66,-1.0938
5.0974,43.495,-1.1738
5.0974,44.33,-1.253
5.0974,45.165,-1.3311
5.0974,46,-1.4081
5.2678,4.25,11.776
5.2678,5.085,11.302
5.2678,5.92,10.83
5.2678,6.755,10.362
5.2678,7.59,9.8981
5.2678,8.425,9.4391
5.2678,9.26,8.9848
5.2678,10.095,8.5313
5.2678,10.93,8.0411
5.2678,11.765,7.4906
5.2678,12.6,6.9029
5.2678,13.435,6.1238
5.2678,14.27,5.6279
5.2678,15.105,4.9508
5.2678,15.94,4.4075
5.2678,16.775,3.9483
5.2678,17.61,3.5698
5.2678,18.445,3.2733
5.2678,19.28,3.025
5.2678,20.115,2.8531
5.2678,20.95,2.6471
5.2678,21.785,2.4092
5.2678,22.62,2.161
5.2678,23.455,1.9057
5.2678,24.29,1.6734
5.2678,25.125,1.4536
5.2678,25.96,1.2295
5.2678,26.795,1.0126
5.2678,27.63,0.8058
5.2678,28.465,0.64577
5.2678,29.3,0.5033
5.2678,30.135,0.36505
5.2678,30.97,0.23188
5.2678,31.805,0.11369
5.2678,32.64,0.0010753
5.2678,33.475,-0.10516
5.2678,34.31,-0.20765
5.2678,35.145,-0.30858
5.2678,35.98,-0.4046
5.2678,36.815,-0.49134
5.2678,37.65,-0.57182
5.2678,38.485,-0.65193
5.2678,39.32,-0.73302
5.2678,40.155,-0.81497
5.2678,40.99,-0.89718
5.2678,41.825,-0.97916
5.2678,42.66,-1.0606
5.2678,43.495,-1.1414
5.2678,44.33,-1.2212
5.2678,45.165,-1.2999
5.2678,46,-1.3774
5.4381,4.25,12.05
5.4381,5.085,11.577
5.4381,5.92,11.107
5.4381,6.755,10.64
5.4381,7.59,10.177
5.4381,8.425,9.7198
5.4381,9.26,9.2677
5.4381,10.095,8.8164
5.4381,10.93,8.3408
5.4381,11.765,7.7667
5.4381,12.6,7.0962
5.4381,13.435,6.2566
5.4381,14.27,5.7379
5.4381,15.105,5.0367
5.4381,15.94,4.4995
5.4381,16.775,4.0434
5.4381,17.61,3.6735
5.4381,18.445,3.3927
5.4381,19.28,3.1515
5.4381,20.115,2.9818
5.4381,20.95,2.7811
5.4381,21.785,2.5472
5.4381,22.62,2.2833
5.4381,23.455,2.0201
5.4381,24.29,1.7781
5.4381,25.125,1.5519
5.4381,25.96,1.3218
5.4381,26.795,1.0967
5.4381,27.63,0.8831
5.4381,28.465,0.7157
5.4381,29.3,0.56766
5.4381,30.135,0.42544
5.4381,30.97,0.28892
5.4381,31.805,0.16734
5.4381,32.64,0.051255
5.4381,33.475,-0.057735
5.4381,34.31,-0.1635
5.4381,35.145,-0.26664
5.4381,35.98,-0.36426
5.4381,36.815,-0.45112
5.4381,37.65,-0.53261
5.4381,38.485,-0.61402
5.4381,39.32,-0.69634
5.4381,40.155,-0.77934
5.4381,40.99,-0.86246
5.4381,41.825,-0.94523
5.4381,42.66,-1.0274
5.4381,43.495,-1.1088
5.4381,44.33,-1.1892
5.4381,45.165,-1.2685
5.4381,46,-1.3465
5.6085,4.25,12.325
5.6085,5.085,11.853
5.6085,5.92,11.384
5.6085,6.755,10.918
5.6085,7.59,10.457
5.6085,8.425,10.002
5.6085,9.26,9.5524
5.6085,10.095,9.1061
5.6085,10.93,8.6377
5.6085,11.765,8.0427
5.6085,12.6,7.2603
5.6085,13.435,6.3606
5.6085,14.27,5.8178
5.6085,15.105,5.0987
5.6085,15.94,4.58
5.6085,16.775,4.132
5.6085,17.61,3.7743
5.6085,18.445,3.5057
5.6085,19.28,3.2742
5.6085,20.115,3.1036
5.6085,20.95,2.9068
5.6085,21.785,2.6827
5.6085,22.62,2.4064
5.6085,23.455,2.132
5.6085,24.29,1.8811
5.6085,25.125,1.6477
5.6085,25.96,1.4131
5.6085,26.795,1.1802
5.6085,27.63,0.96029
5.6085,28.465,0.78534
5.6085,29.3,0.63239
5.6085,30.135,0.48525
5.6085,30.97,0.3454
5.6085,31.805,0.22044
5.6085,32.64,0.10089
5.6085,33.475,-0.010796
5.6085,34.31,-0.11984
5.6085,35.145,-0.22481
5.6085,35.98,-0.32393
5.6085,36.815,-0.41091
5.6085,37.65,-0.49343
5.6085,38.485,-0.57612
5.6085,39.32,-0.65964
5.6085,40.155,-0.74367
5.6085,40.99,-0.82767
5.6085,41.825,-0.91122
5.6085,42.66,-0.99408
5.6085,43.495,-1.0761
5.6085,44.33,-1.1571
5.6085,45.165,-1.2369
5.6085,46,-1.3155
5.7789,4.25,12.601
5.7789,5.085,12.131
5.7789,5.92,11.665
5.7789,6.755,11.203
5.7789,7.59,10.746
5.7789,8.425,10.296
5.7789,9.26,9.8524
5.7789,10.095,9.4103
5.7789,10.93,8.9258
5.7789,11.765,8.3123
5.7789,12.6,7.4724
5.7789,13.435,6.4367
5.7789,14.27,5.869
5.7789,15.105,5.1529
5.7789,15.94,4.6442
5.7789,16.775,4.2138
5.7789,17.61,3.8736
5.7789,18.445,3.6128
5.7789,19.28,3.391
5.7789,20.115,3.222
5.7789,20.95,3.0263
5.7789,21.785,2.8101
5.7789,22.62,2.5271
5.7789,23.455,2.2425
5.7789,24.29,1.984
5.7789,25.125,1.7436
5.7789,25.96,1.5031
5.7789,26.795,1.2631
5.7789,27.63,1.0366
5.7789,28.465,0.85469
5.7789,29.3,0.69662
5.7789,30.135,0.54457
5.7789,30.97,0.40134
5.7789,31.805,0.27294
5.7789,32.64,0.14997
5.7789,33.475,0.035639
5.7789,34.31,-0.076656
5.7789,35.145,-0.18309
5.7789,35.98,-0.2836
5.7789,36.815,-0.37073
5.7789,37.65,-0.45426
5.7789,38.485,-0.53822
5.7789,39.32,-0.62291
5.7789,40.155,-0.70795
5.7789,40.99,-0.79281
5.7789,41.825,-0.87711
5.7789,42.66,-0.96066
5.7789,43.495,-1.0433
5.7789,44.33,-1.1249
5.7789,45.165,-1.2053
5.7789,46,-1.2845
5.9493,4.25,12.886
5.9493,5.085,12.419
5.9493,5.92,11.954
5.9493,6.755,11.494
5.9493,7.59,11.041
5.9493,8.425,10.594
5.9493,9.26,10.155
5.9493,10.095,9.7072
5.9493,10.93,9.2136
5.9493,11.765,8.5708
5.9493,12.6,7.747
5.9493,13.435,6.4894
5.9493,14.27,5.899
5.9493,15.105,5.2058
5.9493,15.94,4.6994
5.9493,16.775,4.291
5.9493,17.61,3.9663
5.9493,18.445,3.7143
5.9493,19.28,3.5007
5.9493,20.115,3.3296
5.9493,20.95,3.1398
5.9493,21.785,2.9315
5.9493,22.62,2.6417
5.9493,23.455,2.3513
5.9493,24.29,2.0859
5.9493,25.125,1.8394
5.9493,25.96,1.5919
5.9493,26.795,1.3455
5.9493,27.63,1.1128
5.9493,28.465,0.92372
5.9493,29.3,0.75988
5.9493,30.135,0.60344
5.9493,30.97,0.45676
5.9493,31.805,0.32482
5.9493,32.64,0.19848
5.9493,33.475,0.081552
5.9493,34.31,-0.033966
5.9493,35.145,-0.14146
5.9493,35.98,-0.24327
5.9493,36.815,-0.33055
5.9493,37.65,-0.41511
5.9493,38.485,-0.50031
5.9493,39.32,-0.58615
5.9493,40.155,-0.67217
5.9493,40.99,-0.75788
5.9493,41.825,-0.84293
5.9493,42.66,-0.92714
5.9493,43.495,-1.0104
5.9493,44.33,-1.0926
5.9493,45.165,-1.1736
5.9493,46,-1.2533
6.1196,4.25,13.176
6.1196,5.085,12.708
6.1196,5.92,12.245
6.1196,6.755,11.788
6.1196,7.59,11.337
6.1196,8.425,10.894
6.1196,9.26,10.453
6.1196,10.095,10.009
6.1196,10.93,9.4894
6.1196,11.765,8.8123
6.1196,12.6,7.9932
6.1196,13.435,6.5601
6.1196,14.27,5.9162
6.1196,15.105,5.2566
6.1196,15.94,4.7528
6.1196,16.775,4.3591
6.1196,17.61,4.0526
6.1196,18.445,3.8106
6.1196,19.28,3.609
6.1196,20.115,3.4352
6.1196,20.95,3.2477
6.1196,21.785,3.0482
6.1196,22.62,2.7536
6.1196,23.455,2.4576
6.1196,24.29,2.1865
6.1196,25.125,1.9324
6.1196,25.96,1.6801
6.1196,26.795,1.4276
6.1196,27.63,1.1887
6.1196,28.465,0.9924
6.1196,29.3,0.82277
6.1196,30.135,0.66193
6.1196,30.97,0.51169
6.1196,31.805,0.37603
6.1196,32.64,0.24637
6.1196,33.475,0.12692
6.1196,34.31,0.0082226
6.1196,35.145,-0.099925
6.1196,35.98,-0.20293
6.1196,36.815,-0.29038
6.1196,37.65,-0.37598
6.1196,38.485,-0.4624
6.1196,39.32,-0.54936
6.1196,40.155,-0.63635
6.1196,40.99,-0.72288
6.1196,41.825,-0.80866
6.1196,42.66,-0.89354
6.1196,43.495,-0.97741
6.1196,44.33,-1.0602
6.1196,45.165,-1.1417
6.1196,46,-1.222
6.29,4.25,13.468
6.29,5.085,13.002
6.29,5.92,12.541
6.29,6.755,12.084
6.29,7.59,11.635
6.29,8.425,11.193
6.29,9.26,10.759
6.29,10.095,10.322
6.29,10.93,9.731
6.29,11.765,9.0307
6.29,12.6,7.9945
6.29,13.435,6.6137
6.29,14.27,5.9321
6.29,15.105,5.2969
6.29,15.94,4.8057
6.29,16.775,4.4352
6.29,17.61,4.1372
6.29,18.445,3.902
6.29,19.28,3.7103
6.29,20.115,3.5359
6.29,20.95,3.353
6.29,21.785,3.1556
6.29,22.62,2.8662
6.29,23.455,2.562
6.29,24.29,2.286
6.29,25.125,2.0245
6.29,25.96,1.7677
6.29,26.795,1.5092
6.29,27.63,1.2643
6.29,28.465,1.0607
6.29,29.3,0.88543
6.29,30.135,0.72028
6.29,30.97,0.56613
6.29,31.805,0.42651
6.29,32.64,0.29364
6.29,33.475,0.1716
6.29,34.31,0.0499
6.29,35.145,-0.058471
6.29,35.98,-0.16326
6.29,36.815,-0.25055
6.29,37.65,-0.33689
6.29,38.485,-0.42448
6.29,39.32,-0.51255
6.29,40.155,-0.60047
6.29,40.99,-0.68781
6.29,41.825,-0.77431
6.29,42.66,-0.85984
6.29,43.495,-0.94432
6.29,44.33,-1.0277
6.29,45.165,-1.1098
6.29,46,-1.1906
6.4604,4.25,13.761
6.4604,5.085,13.297
6.4604,5.92,12.838
6.4604,6.755,12.385
6.4604,7.59,11.934
6.4604,8.425,11.498
6.4604,9.26,11.069
6.4604,10.095,10.625
6.4604,10.93,9.9357
6.4604,11.765,9.1917
6.4604,12.6,7.9304
6.4604,13.435,6.6469
6.4604,14.27,5.9502
6.4604,15.105,5.3288
6.4604,15.94,4.8588
6.4604,16.775,4.5034
6.4604,17.61,4.2191
6.4604,18.445,3.9905
6.4604,19.28,3.8084
6.4604,20.115,3.6331
6.4604,20.95,3.4554
6.4604,21.785,3.2511
6.4604,22.62,2.9743
6.4604,23.455,2.6667
6.4604,24.29,2.3846
6.4604,25.125,2.119
6.4604,25.96,1.8546
6.4604,26.795,1.5903
6.4604,27.63,1.3395
6.4604,28.465,1.1284
6.4604,29.3,0.94792
6.4604,30.135,0.77823
6.4604,30.97,0.62009
6.4604,31.805,0.47621
6.4604,32.64,0.34019
6.4604,33.475,0.21558
6.4604,34.31,0.091056
6.4604,35.145,-0.0171
6.4604,35.98,-0.12397
6.4604,36.815,-0.21125
6.4604,37.65,-0.29832
6.4604,38.485,-0.38678
6.4604,39.32,-0.47574
6.4604,40.155,-0.56454
6.4604,40.99,-0.65268
6.4604,41.825,-0.73989
6.4604,42.66,-0.82606
6.4604,43.495,-0.91113
6.4604,44.33,-0.99505
6.4604,45.165,-1.0777
6.4604,46,-1.1591
6.6308,4.25,14.054
6.6308,5.085,13.593
6.6308,5.92,13.136
6.6308,6.755,12.676
6.6308,7.59,12.233
6.6308,8.425,11.8
6.6308,9.26,11.374
6.6308,10.095,10.895
6.6308,10.93,10.147
6.6308,11.765,9.2418
6.6308,12.6,7.9468
6.6308,13.435,6.6631
6.6308,14.27,5.9548
6.6308,15.105,5.3541
6.6308,15.94,4.9123
6.6308,16.775,4.5693
6.6308,17.61,4.2981
6.6308,18.445,4.0726
6.6308,19.28,3.9021
6.6308,20.115,3.7262
6.6308,20.95,3.5466
6.6308,21.785,3.3523
6.6308,22.62,3.0774
6.6308,23.455,2.7706
6.6308,24.29,2.4827
6.6308,25.125,2.2126
6.6308,25.96,1.9409
6.6308,26.795,1.671
6.6308,27.63,1.4143
6.6308,28.465,1.1957
6.6308,29.3,1.0101
6.6308,30.135,0.83541
6.6308,30.97,0.67355
6.6308,31.805,0.52504
6.6308,32.64,0.38596
6.6308,33.475,0.25884
6.6308,34.31,0.13168
6.6308,35.145,0.024185
6.6308,35.98,-0.08492
6.6308,36.815,-0.17213
6.6308,37.65,-0.25991
6.6308,38.485,-0.34927
6.6308,39.32,-0.43907
6.6308,40.155,-0.52859
6.6308,40.99,-0.61741
6.6308,41.825,-0.70533
6.6308,42.66,-0.7922
6.6308,43.495,-0.87786
6.6308,44.33,-0.96235
6.6308,45.165,-1.0456
6.6308,46,-1.1275
6.8012,4.25,14.349
6.8012,5.085,13.889
6.8012,5.92,13.422
6.8012,6.755,12.972
6.8012,7.59,12.533
6.8012,8.425,12.103
6.8012,9.26,11.679
6.8012,10.095,11.142
6.8012,10.93,10.433
6.8012,11.765,9.3252
6.8012,12.6,7.9163
6.8012,13.435,6.667
6.8012,14.27,5.9571
6.8012,15.105,5.3805
6.8012,15.94,4.961
6.8012,16.775,4.6333
6.8012,17.61,4.3744
6.8012,18.445,4.1499
6.8012,19.28,3.9915
6.8012,20.115,3.817
6.8012,20.95,3.6339
6.8012,21.785,3.4484
6.8012,22.62,3.1763
6.8012,23.455,2.8734
6.8012,24.29,2.5803
6.8012,25.125,2.305
6.8012,25.96,2.0267
6.8012,26.795,1.7517
6.8012,27.63,1.4886
6.8012,28.465,1.2637
6.8012,29.3,1.0716
6.8012,30.135,0.89173
6.8012,30.97,0.72658
6.8012,31.805,0.57301
6.8012,32.64,0.43108
6.8012,33.475,0.30187
6.8012,34.31,0.17169
6.8012,35.145,0.065381
6.8012,35.98,-0.046115
6.8012,36.815,-0.1332
6.8012,37.65,-0.22165
6.8012,38.485,-0.31189
6.8012,39.32,-0.40251
6.8012,40.155,-0.49272
6.8012,40.99,-0.58213
6.8012,41.825,-0.67057
6.8012,42.66,-0.75797
6.8012,43.495,-0.8443
6.8012,44.33,-0.92951
6.8012,45.165,-1.0133
6.8012,46,-1.0958
6.9715,4.25,14.644
6.9715,5.085,14.17
6.9715,5.92,13.715
6.9715,6.755,13.27
6.9715,7.59,12.833
6.9715,8.425,12.405
6.9715,9.26,11.966
6.9715,10.095,11.354
6.9715,10.93,10.604
6.9715,11.765,9.3202
6.9715,12.6,7.7705
6.9715,13.435,6.6637
6.9715,14.27,5.9679
6.9715,15.105,5.4017
6.9715,15.94,5.0084
6.9715,16.775,4.6954
6.9715,17.61,4.4482
6.9715,18.445,4.2239
6.9715,19.28,4.0766
6.9715,20.115,3.9058
6.9715,20.95,3.7206
6.9715,21.785,3.5307
6.9715,22.62,3.2741
6.9715,23.455,2.9748
6.9715,24.29,2.6776
6.9715,25.125,2.3963
6.9715,25.96,2.112
6.9715,26.795,1.8322
6.9715,27.63,1.5622
6.9715,28.465,1.3297
6.9715,29.3,1.1326
6.9715,30.135,0.9472
6.9715,30.97,0.77933
6.9715,31.805,0.62011
6.9715,32.64,0.47579
6.9715,33.475,0.34465
6.9715,34.31,0.21147
6.9715,35.145,0.10639
6.9715,35.98,-0.0075537
6.9715,36.815,-0.094455
6.9715,37.65,-0.18354
6.9715,38.485,-0.27464
6.9715,39.32,-0.36605
6.9715,40.155,-0.45694
6.9715,40.99,-0.54692
6.9715,41.825,-0.63587
6.9715,42.66,-0.72373
6.9715,43.495,-0.81049
6.9715,44.33,-0.89613
6.9715,45.165,-0.98057
6.9715,46,-1.0637
7.1419,4.25,14.92
7.1419,5.085,14.459
7.1419,5.92,14.01
7.1419,6.755,13.567
7.1419,7.59,13.133
7.1419,8.425,12.707
7.1419,9.26,12.23
7.1419,10.095,11.614
7.1419,10.93,10.611
7.1419,11.765,9.1172
7.1419,12.6,7.6354
7.1419,13.435,6.6446
7.1419,14.27,5.9858
7.1419,15.105,5.4234
7.1419,15.94,5.0668
7.1419,16.775,4.7599
7.1419,17.61,4.5197
7.1419,18.445,4.2949
7.1419,19.28,4.1576
7.1419,20.115,3.9903
7.1419,20.95,3.804
7.1419,21.785,3.6097
7.1419,22.62,3.3669
7.1419,23.455,3.0743
7.1419,24.29,2.7751
7.1419,25.125,2.4865
7.1419,25.96,2.1965
7.1419,26.795,1.9121
7.1419,27.63,1.6368
7.1419,28.465,1.3971
7.1419,29.3,1.1928
7.1419,30.135,1.0025
7.1419,30.97,0.83115
7.1419,31.805,0.66649
7.1419,32.64,0.51953
7.1419,33.475,0.38652
7.1419,34.31,0.25132
7.1419,35.145,0.14564
7.1419,35.98,0.030764
7.1419,36.815,-0.055896
7.1419,37.65,-0.14558
7.1419,38.485,-0.23751
7.1419,39.32,-0.3297
7.1419,40.155,-0.42124
7.1419,40.99,-0.51179
7.1419,41.825,-0.60122
7.1419,42.66,-0.68953
7.1419,43.495,-0.77673
7.1419,44.33,-0.86278
7.1419,45.165,-0.94764
7.1419,46,-1.0312
7.3123,4.25,15.206
7.3123,5.085,14.753
7.3123,5.92,14.306
7.3123,6.755,13.865
7.3123,7.59,13.432
7.3123,8.425,12.99
7.3123,9.26,12.471
7.3123,10.095,11.747
7.3123,10.93,10.593
7.3123,11.765,8.8874
7.3123,12.6,7.5204
7.3123,13.435,6.6281
7.3123,14.27,5.9936
7.3123,15.105,5.4632
7.3123,15.94,5.1013
7.3123,16.775,4.8147
7.3123,17.61,4.5889
7.3123,18.445,4.3627
7.3123,19.28,4.2338
7.3123,20.115,4.0713
7.3123,20.95,3.8844
7.3123,21.785,3.6865
7.3123,22.62,3.455
7.3123,23.455,3.1712
7.3123,24.29,2.8727
7.3123,25.125,2.5759
7.3123,25.96,2.2802
7.3123,26.795,1.9912
7.3123,27.63,1.7112
7.3123,28.465,1.4646
7.3123,29.3,1.2523
7.3123,30.135,1.0575
7.3123,30.97,0.88234
7.3123,31.805,0.71212
7.3123,32.64,0.56242
7.3123,33.475,0.42746
7.3123,34.31,0.29007
7.3123,35.145,0.18438
7.3123,35.98,0.068839
7.3123,36.815,-0.017525
7.3123,37.65,-0.10778
7.3123,38.485,-0.20051
7.3123,39.32,-0.29345
7.3123,40.155,-0.38564
7.3123,40.99,-0.47673
7.3123,41.825,-0.56664
7.3123,42.66,-0.65539
7.3123,43.495,-0.743
7.3123,44.33,-0.82947
7.3123,45.165,-0.91474
7.3123,46,-0.99874
7.4827,4.25,15.499
7.4827,5.085,15.047
7.4827,5.92,14.601
7.4827,6.755,14.161
7.4827,7.59,13.73
7.4827,8.425,13.255
7.4827,9.26,12.754
7.4827,10.095,11.802
7.4827,10.93,10.546
7.4827,11.765,8.6681
7.4827,12.6,7.4274
7.4827,13.435,6.6164
7.4827,14.27,5.9953
7.4827,15.105,5.5066
7.4827,15.94,5.1469
7.4827,16.775,4.872
7.4827,17.61,4.6404
7.4827,18.445,4.4304
7.4827,19.28,4.3054
7.4827,20.115,4.1465
7.4827,20.95,3.9621
7.4827,21.785,3.7616
7.4827,22.62,3.5455
7.4827,23.455,3.2654
7.4827,24.29,2.9706
7.4827,25.125,2.6655
7.4827,25.96,2.3632
7.4827,26.795,2.0692
7.4827,27.63,1.7851
7.4827,28.465,1.5316
7.4827,29.3,1.3109
7.4827,30.135,1.1123
7.4827,30.97,0.93318
7.4827,31.805,0.757
7.4827,32.64,0.60448
7.4827,33.475,0.46768
7.4827,34.31,0.327
7.4827,35.145,0.22266
7.4827,35.98,0.10667
7.4827,36.815,0.020655
7.4827,37.65,-0.070135
7.4827,38.485,-0.16364
7.4827,39.32,-0.25732
7.4827,40.155,-0.35013
7.4827,40.99,-0.44175
7.4827,41.825,-0.53213
7.4827,42.66,-0.62131
7.4827,43.495,-0.70933
7.4827,44.33,-0.7962
7.4827,45.165,-0.88188
7.4827,46,-0.96629
7.653,4.25,15.791
7.653,5.085,15.341
7.653,5.92,14.896
7.653,6.755,14.457
7.653,7.59,14.01
7.653,8.425,13.512
7.653,9.26,13.071
7.653,10.095,11.866
7.653,10.93,10.437
7.653,11.765,8.537
7.653,12.6,7.3541
7.653,13.435,6.6092
7.653,14.27,6.0117
7.653,15.105,5.5528
7.653,15.94,5.2056
7.653,16.775,4.928
7.653,17.61,4.6768
7.653,18.445,4.4899
7.653,19.28,4.373
7.653,20.115,4.2161
7.653,20.95,4.0365
7.653,21.785,3.8357
7.653,22.62,3.629
7.653,23.455,3.3598
7.653,24.29,3.0693
7.653,25.125,2.7551
7.653,25.96,2.4455
7.653,26.795,2.1466
7.653,27.63,1.8585
7.653,28.465,1.598
7.653,29.3,1.3686
7.653,30.135,1.1669
7.653,30.97,0.98344
7.653,31.805,0.80113
7.653,32.64,0.64569
7.653,33.475,0.50715
7.653,34.31,0.36352
7.653,35.145,0.26046
7.653,35.98,0.14425
7.653,36.815,0.058642
7.653,37.65,-0.032647
7.653,38.485,-0.1269
7.653,39.32,-0.22129
7.653,40.155,-0.31471
7.653,40.99,-0.40685
7.653,41.825,-0.49769
7.653,42.66,-0.58729
7.653,43.495,-0.67571
7.653,44.33,-0.76298
7.653,45.165,-0.84906
7.653,46,-0.93389
7.8234,4.25,16.083
7.8234,5.085,15.634
7.8234,5.92,15.19
7.8234,6.755,14.753
7.8234,7.59,14.274
7.8234,8.425,13.827
7.8234,9.26,13.38
7.8234,10.095,11.864
7.8234,10.93,10.279
7.8234,11.765,8.4414
7.8234,12.6,7.295
7.8234,13.435,6.6049
7.8234,14.27,6.0307
7.8234,15.105,5.6015
7.8234,15.94,5.2367
7.8234,16.775,4.9827
7.8234,17.61,4.7362
7.8234,18.445,4.5499
7.8234,19.28,4.4368
7.8234,20.115,4.2836
7.8234,20.95,4.1034
7.8234,21.785,3.9088
7.8234,22.62,3.7095
7.8234,23.455,3.4573
7.8234,24.29,3.1677
7.8234,25.125,2.8445
7.8234,25.96,2.5272
7.8234,26.795,2.2234
7.8234,27.63,1.9314
7.8234,28.465,1.6639
7.8234,29.3,1.4253
7.8234,30.135,1.2213
7.8234,30.97,1.0331
7.8234,31.805,0.8445
7.8234,32.64,0.68605
7.8234,33.475,0.54585
7.8234,34.31,0.40006
7.8234,35.145,0.29779
7.8234,35.98,0.18159
7.8234,36.815,0.096431
7.8234,37.65,0.0046813
7.8234,38.485,-0.090287
7.8234,39.32,-0.18537
7.8234,40.155,-0.27939
7.8234,40.99,-0.37204
7.8234,41.825,-0.46333
7.8234,42.66,-0.55333
7.8234,43.495,-0.64214
7.8234,44.33,-0.7298
7.8234,45.165,-0.81629
7.8234,46,-0.90152
7.9938,4.25,16.374
7.9938,5.085,15.926
7.9938,5.92,15.483
7.9938,6.755,15.03
7.9938,7.59,14.565
7.9938,8.425,14.141
7.9938,9.26,13.577
7.9938,10.095,11.798
7.9938,10.93,10.086
7.9938,11.765,8.3397
7.9938,12.6,7.2541
7.9938,13.435,6.6042
7.9938,14.27,6.0515
7.9938,15.105,5.6424
7.9938,15.94,5.2807
7.9938,16.775,5.0238
7.9938,17.61,4.7942
7.9938,18.445,4.6123
7.9938,19.28,4.4972
7.9938,20.115,4.3509
7.9938,20.95,4.171
7.9938,21.785,3.9793
7.9938,22.62,3.7874
7.9938,23.455,3.5545
7.9938,24.29,3.2656
7.9938,25.125,2.9339
7.9938,25.96,2.6083
7.9938,26.795,2.2994
7.9938,27.63,2.0037
7.9938,28.465,1.7292
7.9938,29.3,1.4809
7.9938,30.135,1.2754
7.9938,30.97,1.0821
7.9938,31.805,0.88712
7.9938,32.64,0.72552
7.9938,33.475,0.58378
7.9938,34.31,0.43597
7.9938,35.145,0.33463
7.9938,35.98,0.21867
7.9938,36.815,0.13402
7.9938,37.65,0.041845
7.9938,38.485,-0.053814
7.9938,39.32,-0.14957
7.9938,40.155,-0.24418
7.9938,40.99,-0.33732
7.9938,41.825,-0.42904
7.9938,42.66,-0.51945
7.9938,43.495,-0.60864
7.9938,44.33,-0.69669
7.9938,45.165,-0.78357
7.9938,46,-0.86921
8.1642,4.25,16.665
8.1642,5.085,16.218
8.1642,5.92,15.777
8.1642,6.755,15.301
8.1642,7.59,14.875
8.1642,8.425,14.397
8.1642,9.26,13.704
8.1642,10.095,11.675
8.1642,10.93,9.8854
8.1642,11.765,8.2069
8.1642,12.6,7.2288
8.1642,13.435,6.605
8.1642,14.27,6.081
8.1642,15.105,5.6815
8.1642,15.94,5.3243
8.1642,16.775,5.0528
8.1642,17.61,4.8154
8.1642,18.445,4.6832
8.1642,19.28,4.5661
8.1642,20.115,4.4157
8.1642,20.95,4.2376
8.1642,21.785,4.0475
8.1642,22.62,3.8643
8.1642,23.455,3.6519
8.1642,24.29,3.3667
8.1642,25.125,3.0234
8.1642,25.96,2.6888
8.1642,26.795,2.3749
8.1642,27.63,2.0754
8.1642,28.465,1.7937
8.1642,29.3,1.5354
8.1642,30.135,1.3293
8.1642,30.97,1.1305
8.1642,31.805,0.92899
8.1642,32.64,0.76412
8.1642,33.475,0.62092
8.1642,34.31,0.47124
8.1642,35.145,0.37097
8.1642,35.98,0.2555
8.1642,36.815,0.1714
8.1642,37.65,0.07884
8.1642,38.485,-0.01748
8.1642,39.32,-0.11389
8.1642,40.155,-0.20906
8.1642,40.99,-0.3027
8.1642,41.825,-0.39485
8.1642,42.66,-0.48564
8.1642,43.495,-0.57521
8.1642,44.33,-0.66363
8.1642,45.165,-0.75091
8.1642,46,-0.83695
8.3345,4.25,16.956
8.3345,5.085,16.509
8.3345,5.92,16.05
8.3345,6.755,15.606
8.3345,7.59,15.161
8.3345,8.425,14.6
8.3345,9.26,13.734
8.3345,10.095,11.506
8.3345,10.93,9.5984
8.3345,11.765,8.0824
8.3345,12.6,7.2087
8.3345,13.435,6.612
8.3345,14.27,6.1125
8.3345,15.105,5.721
8.3345,15.94,5.3501
8.3345,16.775,5.1019
8.3345,17.61,4.8332
8.3345,18.445,4.7534
8.3345,19.28,4.625
8.3345,20.115,4.4784
8.3345,20.95,4.3026
8.3345,21.785,4.1146
8.3345,22.62,3.9364
8.3345,23.455,3.7415
8.3345,24.29,3.4667
8.3345,25.125,3.1127
8.3345,25.96,2.7689
8.3345,26.795,2.4496
8.3345,27.63,2.1449
8.3345,28.465,1.8575
8.3345,29.3,1.5886
8.3345,30.135,1.3828
8.3345,30.97,1.1782
8.3345,31.805,0.97013
8.3345,32.64,0.804
8.3345,33.475,0.65726
8.3345,34.31,0.50587
8.3345,35.145,0.40681
8.3345,35.98,0.29206
8.3345,36.815,0.20857
8.3345,37.65,0.11566
8.3345,38.485,0.01871
8.3345,39.32,-0.078336
8.3345,40.155,-0.17406
8.3345,40.99,-0.26817
8.3345,41.825,-0.36074
8.3345,42.66,-0.45192
8.3345,43.495,-0.54185
8.3345,44.33,-0.63065
8.3345,45.165,-0.71831
8.3345,46,-0.80475
8.5049,4.25,17.246
8.5049,5.085,16.8
8.5049,5.92,16.34
8.5049,6.755,15.906
8.5049,7.59,15.402
8.5049,8.425,14.741
8.5049,9.26,13.66
8.5049,10.095,11.304
8.5049,10.93,9.3445
8.5049,11.765,7.9905
8.5049,12.6,7.1958
8.5049,13.435,6.623
8.5049,14.27,6.1223
8.5049,15.105,5.7608
8.5049,15.94,5.3948
8.5049,16.775,5.1537
8.5049,17.61,4.8948
8.5049,18.445,4.8138
8.5049,19.28,4.6822
8.5049,20.115,4.5391
8.5049,20.95,4.366
8.5049,21.785,4.1825
8.5049,22.62,4.0081
8.5049,23.455,3.827
8.5049,24.29,3.5651
8.5049,25.125,3.1989
8.5049,25.96,2.8485
8.5049,26.795,2.5233
8.5049,27.63,2.2148
8.5049,28.465,1.9206
8.5049,29.3,1.6435
8.5049,30.135,1.436
8.5049,30.97,1.2253
8.5049,31.805,1.0105
8.5049,32.64,0.84347
8.5049,33.475,0.69424
8.5049,34.31,0.54092
8.5049,35.145,0.44494
8.5049,35.98,0.32835
8.5049,36.815,0.24552
8.5049,37.65,0.15231
8.5049,38.485,0.054752
8.5049,39.32,-0.042907
8.5049,40.155,-0.13917
8.5049,40.99,-0.23375
8.5049,41.825,-0.32673
8.5049,42.66,-0.41828
8.5049,43.495,-0.50858
8.5049,44.33,-0.59774
8.5049,45.165,-0.68579
8.5049,46,-0.77262
8.6753,4.25,17.535
8.6753,5.085,17.076
8.6753,5.92,16.641
8.6753,6.755,16.166
8.6753,7.59,15.605
8.6753,8.425,14.806
8.6753,9.26,13.427
8.6753,10.095,11.083
8.6753,10.93,9.1458
8.6753,11.765,7.9234
8.6753,12.6,7.1887
8.6753,13.435,6.6376
8.6753,14.27,6.1482
8.6753,15.105,5.8009
8.6753,15.94,5.439
8.6753,16.775,5.2048
8.6753,17.61,4.9583
8.6753,18.445,4.8711
8.6753,19.28,4.7345
8.6753,20.115,4.5982
8.6753,20.95,4.4282
8.6753,21.785,4.2492
8.6753,22.62,4.0783
8.6753,23.455,3.9101
8.6753,24.29,3.6616
8.6753,25.125,3.2846
8.6753,25.96,2.9278
8.6753,26.795,2.5956
8.6753,27.63,2.2794
8.6753,28.465,1.9829
8.6753,29.3,1.6994
8.6753,30.135,1.4889
8.6753,30.97,1.2716
8.6753,31.805,1.0502
8.6753,32.64,0.88252
8.6753,33.475,0.73194
8.6753,34.31,0.57716
8.6753,35.145,0.48361
8.6753,35.98,0.36436
8.6753,36.815,0.28225
8.6753,37.65,0.18877
8.6753,38.485,0.090641
8.6753,39.32,-0.0076094
8.6753,40.155,-0.10441
8.6753,40.99,-0.19944
8.6753,41.825,-0.29282
8.6753,42.66,-0.38474
8.6753,43.495,-0.47539
8.6753,44.33,-0.56492
8.6753,45.165,-0.65334
8.6753,46,-0.74056
8.8457,4.25,17.823
8.8457,5.085,17.375
8.8457,5.92,16.915
8.8457,6.755,16.403
8.8457,7.59,15.757
8.8457,8.425,14.787
8.8457,9.26,13.102
8.8457,10.095,10.854
8.8457,10.93,8.988
8.8457,11.765,7.8751
8.8457,12.6,7.1863
8.8457,13.435,6.6295
8.8457,14.27,6.1752
8.8457,15.105,5.8409
8.8457,15.94,5.4829
8.8457,16.775,5.2275
8.8457,17.61,5.0212
8.8457,18.445,4.9261
8.8457,19.28,4.7867
8.8457,20.115,4.6557
8.8457,20.95,4.4892
8.8457,21.785,4.3057
8.8457,22.62,4.1472
8.8457,23.455,3.9932
8.8457,24.29,3.7646
8.8457,25.125,3.3776
8.8457,25.96,3.0075
8.8457,26.795,2.6671
8.8457,27.63,2.3416
8.8457,28.465,2.0401
8.8457,29.3,1.755
8.8457,30.135,1.5398
8.8457,30.97,1.3173
8.8457,31.805,1.0892
8.8457,32.64,0.92117
8.8457,33.475,0.76922
8.8457,34.31,0.61317
8.8457,35.145,0.51968
8.8457,35.98,0.4001
8.8457,36.815,0.31874
8.8457,37.65,0.22504
8.8457,38.485,0.12637
8.8457,39.32,0.027551
8.8457,40.155,-0.069759
8.8457,40.99,-0.16524
8.8457,41.825,-0.25901
8.8457,42.66,-0.3513
8.8457,43.495,-0.4423
8.8457,44.33,-0.53218
8.8457,45.165,-0.62097
8.8457,46,-0.70857
9.0161,4.25,18.111
9.0161,5.085,17.659
9.0161,5.92,17.17
9.0161,6.755,16.605
9.0161,7.59,15.847
9.0161,8.425,14.687
9.0161,9.26,12.743
9.0161,10.095,10.626
9.0161,10.93,8.8727
9.0161,11.765,7.8413
9.0161,12.6,7.1781
9.0161,13.435,6.6261
9.0161,14.27,6.2032
9.0161,15.105,5.8803
9.0161,15.94,5.5282
9.0161,16.775,5.2407
9.0161,17.61,5.08
9.0161,18.445,4.9793
9.0161,19.28,4.8375
9.0161,20.115,4.712
9.0161,20.95,4.5492
9.0161,21.785,4.3606
9.0161,22.62,4.2148
9.0161,23.455,4.0825
9.0161,24.29,3.8639
9.0161,25.125,3.473
9.0161,25.96,3.0872
9.0161,26.795,2.7379
9.0161,27.63,2.4021
9.0161,28.465,2.0945
9.0161,29.3,1.8102
9.0161,30.135,1.5871
9.0161,30.97,1.3622
9.0161,31.805,1.1281
9.0161,32.64,0.95944
9.0161,33.475,0.80609
9.0161,34.31,0.64647
9.0161,35.145,0.55463
9.0161,35.98,0.43554
9.0161,36.815,0.35501
9.0161,37.65,0.26113
9.0161,38.485,0.16195
9.0161,39.32,0.062571
9.0161,40.155,-0.03524
9.0161,40.99,-0.13116
9.0161,41.825,-0.22532
9.0161,42.66,-0.31797
9.0161,43.495,-0.40932
9.0161,44.33,-0.49955
9.0161,45.165,-0.5887
9.0161,46,-0.67667
