0.38021,0.86765,-1.1378
0.38021,0.98301,-0.81048
0.38021,1.0984,-0.4668
0.38021,1.2137,-0.14474
0.38021,1.3291,0.15047
0.38021,1.4444,0.42553
0.38021,1.5598,0.69184
0.38021,1.6752,0.94258
0.38021,1.7905,1.1834
0.38021,1.9059,1.4103
0.38021,2.0212,1.614
0.38021,2.1366,1.8162
0.38021,2.252,2.005
0.38021,2.3673,2.1771
0.38021,2.4827,2.3313
0.38021,2.598,2.4823
0.38021,2.7134,2.6299
0.38021,2.8288,2.7512
0.38021,2.9441,2.8391
0.38021,3.0595,2.9137
0.38021,3.1748,2.9708
0.38021,3.2902,3.0257
0.38021,3.4056,3.0896
0.38021,3.5209,3.1732
0.38021,3.6363,3.2606
0.38021,3.7516,3.3539
0.38021,3.867,3.4415
0.38021,3.9824,3.5387
0.38021,4.0977,3.6456
0.38021,4.2131,3.7372
0.38021,4.3284,3.8359
0.38021,4.4438,3.9375
0.38021,4.5592,4.038
0.38021,4.6745,4.1456
0.38021,4.7899,4.2468
0.38021,4.9052,4.3455
0.38021,5.0206,4.4372
0.38021,5.136,4.5254
0.38021,5.2513,4.6086
0.38021,5.3667,4.6895
0.38021,5.482,4.766
0.38021,5.5974,4.8443
0.38021,5.7128,4.9199
0.38021,5.8281,4.991
0.38021,5.9435,5.0592
0.38021,6.0588,5.1261
0.38021,6.1742,5.1928
0.38021,6.2895,5.2589
0.38021,6.4049,5.3236
0.38021,6.5203,5.3876
0.38021,6.6356,5.4511
0.55694,0.86765,-1.1733
0.55694,0.98301,-0.8519
0.55694,1.0984,-0.5148
0.55694,1.2137,-0.18575
0.55694,1.3291,0.11535
0.55694,1.4444,0.39558
0.55694,1.5598,0.65503
0.55694,1.6752,0.9177
0.55694,1.7905,1.1585
0.55694,1.9059,1.3939
0.55694,2.0212,1.6023
0.55694,2.1366,1.7939
0.55694,2.252,2.0021
0.55694,2.3673,2.1728
0.55694,2.4827,2.3253
0.55694,2.598,2.4881
0.55694,2.7134,2.6245
0.55694,2.8288,2.7584
0.55694,2.9441,2.8491
0.55694,3.0595,2.9317
0.55694,3.1748,2.9997
0.55694,3.2902,3.059
0.55694,3.4056,3.1249
0.55694,3.5209,3.2112
0.55694,3.6363,3.3021
0.55694,3.7516,3.3881
0.55694,3.867,3.4766
0.55694,3.9824,3.5745
0.55694,4.0977,3.6795
0.55694,4.2131,3.769
0.55694,4.3284,3.8639
0.55694,4.4438,3.9617
0.55694,4.5592,4.0656
0.55694,4.6745,4.1621
0.55694,4.7899,4.2641
0.55694,4.9052,4.3532
0.55694,5.0206,4.4413
0.55694,5.136,4.5264
0.55694,5.2513,4.6094
0.55694,5.3667,4.6868
0.55694,5.482,4.7651
0.55694,5.5974,4.8405
0.55694,5.7128,4.9108
0.55694,5.8281,4.9795
0.55694,5.9435,5.0492
0.55694,6.0588,5.1165
0.55694,6.1742,5.1821
0.55694,6.2895,5.2469
0.55694,6.4049,5.311
0.55694,6.5203,5.3746
0.55694,6.6356,5.4378
0.73368,0.86765,-1.2063
0.73368,0.98301,-0.88701
0.73368,1.0984,-0.56223
0.73368,1.2137,-0.22766
0.73368,1.3291,0.079517
0.73368,1.4444,0.36543
0.73368,1.5598,0.62861
0.73368,1.6752,0.88544
0.73368,1.7905,1.138
0.73368,1.9059,1.3772
0.73368,2.0212,1.5896
0.73368,2.1366,1.7902
0.73368,2.252,1.9939
0.73368,2.3673,2.1706
0.73368,2.4827,2.3317
0.73368,2.598,2.4864
0.73368,2.7134,2.6322
0.73368,2.8288,2.7636
0.73368,2.9441,2.8594
0.73368,3.0595,2.9434
0.73368,3.1748,3.0278
0.73368,3.2902,3.0925
0.73368,3.4056,3.1632
0.73368,3.5209,3.2484
0.73368,3.6363,3.333
0.73368,3.7516,3.4147
0.73368,3.867,3.5017
0.73368,3.9824,3.6136
0.73368,4.0977,3.7113
0.73368,4.2131,3.7973
0.73368,4.3284,3.8894
0.73368,4.4438,3.9836
0.73368,4.5592,4.0839
0.73368,4.6745,4.1809
0.73368,4.7899,4.2706
0.73368,4.9052,4.3575
0.73368,5.0206,4.4474
0.73368,5.136,4.5303
0.73368,5.2513,4.6086
0.73368,5.3667,4.687
0.73368,5.482,4.7611
0.73368,5.5974,4.8335
0.73368,5.7128,4.9051
0.73368,5.8281,4.974
0.73368,5.9435,5.0408
0.73368,6.0588,5.1066
0.73368,6.1742,5.1716
0.73368,6.2895,5.2358
0.73368,6.4049,5.2995
0.73368,6.5203,5.3627
0.73368,6.6356,5.4259
0.91041,0.86765,-1.234
0.91041,0.98301,-0.9179
0.91041,1.0984,-0.60352
0.91041,1.2137,-0.26982
0.91041,1.3291,0.043038
0.91041,1.4444,0.33493
0.91041,1.5598,0.60378
0.91041,1.6752,0.86087
0.91041,1.7905,1.1117
0.91041,1.9059,1.3553
0.91041,2.0212,1.5787
0.91041,2.1366,1.7871
0.91041,2.252,1.9793
0.91041,2.3673,2.1728
0.91041,2.4827,2.3405
0.91041,2.598,2.4972
0.91041,2.7134,2.6399
0.91041,2.8288,2.7727
0.91041,2.9441,2.8744
0.91041,3.0595,2.971
0.91041,3.1748,3.056
0.91041,3.2902,3.1254
0.91041,3.4056,3.204
0.91041,3.5209,3.2848
0.91041,3.6363,3.3655
0.91041,3.7516,3.4504
0.91041,3.867,3.5382
0.91041,3.9824,3.6428
0.91041,4.0977,3.7386
0.91041,4.2131,3.8235
0.91041,4.3284,3.9129
0.91041,4.4438,4.0037
0.91041,4.5592,4.1006
0.91041,4.6745,4.1893
0.91041,4.7899,4.2789
0.91041,4.9052,4.3697
0.91041,5.0206,4.4525
0.91041,5.136,4.5316
0.91041,5.2513,4.61
0.91041,5.3667,4.6861
0.91041,5.482,4.76
0.91041,5.5974,4.8308
0.91041,5.7128,4.8993
0.91041,5.8281,4.9664
0.91041,5.9435,5.0325
0.91041,6.0588,5.0976
0.91041,6.1742,5.162
0.91041,6.2895,5.2258
0.91041,6.4049,5.2891
0.91041,6.5203,5.3535
0.91041,6.6356,5.4177
1.0871,0.86765,-1.2518
1.0871,0.98301,-0.94427
1.0871,1.0984,-0.63432
1.0871,1.2137,-0.31093
1.0871,1.3291,0.0063078
1.0871,1.4444,0.30399
1.0871,1.5598,0.57914
1.0871,1.6752,0.83971
1.0871,1.7905,1.0926
1.0871,1.9059,1.3362
1.0871,2.0212,1.5678
1.0871,2.1366,1.7835
1.0871,2.252,1.9818
1.0871,2.3673,2.1729
1.0871,2.4827,2.3509
1.0871,2.598,2.5105
1.0871,2.7134,2.6542
1.0871,2.8288,2.7773
1.0871,2.9441,2.8927
1.0871,3.0595,2.9968
1.0871,3.1748,3.0744
1.0871,3.2902,3.1566
1.0871,3.4056,3.24
1.0871,3.5209,3.3122
1.0871,3.6363,3.392
1.0871,3.7516,3.4759
1.0871,3.867,3.5758
1.0871,3.9824,3.669
1.0871,4.0977,3.7644
1.0871,4.2131,3.8484
1.0871,4.3284,3.9351
1.0871,4.4438,4.0261
1.0871,4.5592,4.1154
1.0871,4.6745,4.2036
1.0871,4.7899,4.2935
1.0871,4.9052,4.376
1.0871,5.0206,4.4561
1.0871,5.136,4.5348
1.0871,5.2513,4.6133
1.0871,5.3667,4.6866
1.0871,5.482,4.7571
1.0871,5.5974,4.826
1.0871,5.7128,4.8935
1.0871,5.8281,4.9598
1.0871,5.9435,5.0252
1.0871,6.0588,5.0898
1.0871,6.1742,5.1537
1.0871,6.2895,5.2178
1.0871,6.4049,5.2822
1.0871,6.5203,5.3449
1.0871,6.6356,5.4087
1.2639,0.86765,-1.2675
1.2639,0.98301,-0.96575
1.2639,1.0984,-0.66091
1.2639,1.2137,-0.34721
1.2639,1.3291,-0.029753
1.2639,1.4444,0.27276
1.2639,1.5598,0.55454
1.2639,1.6752,0.8193
1.2639,1.7905,1.0755
1.2639,1.9059,1.3217
1.2639,2.0212,1.5554
1.2639,2.1366,1.7783
1.2639,2.252,1.984
1.2639,2.3673,2.1725
1.2639,2.4827,2.3619
1.2639,2.598,2.5254
1.2639,2.7134,2.669
1.2639,2.8288,2.7919
1.2639,2.9441,2.9037
1.2639,3.0595,3.0106
1.2639,3.1748,3.1024
1.2639,3.2902,3.1874
1.2639,3.4056,3.2645
1.2639,3.5209,3.3374
1.2639,3.6363,3.4165
1.2639,3.7516,3.5063
1.2639,3.867,3.6057
1.2639,3.9824,3.6975
1.2639,4.0977,3.7882
1.2639,4.2131,3.8724
1.2639,4.3284,3.959
1.2639,4.4438,4.0463
1.2639,4.5592,4.1326
1.2639,4.6745,4.2186
1.2639,4.7899,4.3021
1.2639,4.9052,4.3823
1.2639,5.0206,4.461
1.2639,5.136,4.5408
1.2639,5.2513,4.6138
1.2639,5.3667,4.6848
1.2639,5.482,4.7541
1.2639,5.5974,4.822
1.2639,5.7128,4.8886
1.2639,5.8281,4.9543
1.2639,5.9435,5.019
1.2639,6.0588,5.0832
1.2639,6.1742,5.1481
1.2639,6.2895,5.2108
1.2639,6.4049,5.2741
1.2639,6.5203,5.3377
1.2639,6.6356,5.3989
1.4406,0.86765,-1.2771
1.4406,0.98301,-0.98137
1.4406,1.0984,-0.68244
1.4406,1.2137,-0.37646
1.4406,1.3291,-0.063956
1.4406,1.4444,0.24176
1.4406,1.5598,0.52988
1.4406,1.6752,0.7994
1.4406,1.7905,1.0594
1.4406,1.9059,1.3089
1.4406,2.0212,1.5419
1.4406,2.1366,1.7713
1.4406,2.252,1.9841
1.4406,2.3673,2.1775
1.4406,2.4827,2.3628
1.4406,2.598,2.5404
1.4406,2.7134,2.6871
1.4406,2.8288,2.8056
1.4406,2.9441,2.906
1.4406,3.0595,3.0289
1.4406,3.1748,3.1235
1.4406,3.2902,3.2068
1.4406,3.4056,3.2829
1.4406,3.5209,3.3576
1.4406,3.6363,3.4423
1.4406,3.7516,3.5401
1.4406,3.867,3.6349
1.4406,3.9824,3.726
1.4406,4.0977,3.8145
1.4406,4.2131,3.8979
1.4406,4.3284,3.9834
1.4406,4.4438,4.0654
1.4406,4.5592,4.1499
1.4406,4.6745,4.231
1.4406,4.7899,4.3109
1.4406,4.9052,4.3893
1.4406,5.0206,4.4694
1.4406,5.136,4.5428
1.4406,5.2513,4.6142
1.4406,5.3667,4.6839
1.4406,5.482,4.7521
1.4406,5.5974,4.819
1.4406,5.7128,4.8849
1.4406,5.8281,4.9499
1.4406,5.9435,5.0148
1.4406,6.0588,5.0782
1.4406,6.1742,5.1415
1.4406,6.2895,5.205
1.4406,6.4049,5.2676
1.4406,6.5203,5.3285
1.4406,6.6356,5.3891
1.6173,0.86765,-1.2911
1.6173,0.98301,-0.99048
1.6173,1.0984,-0.69793
1.6173,1.2137,-0.40174
1.6173,1.3291,-0.092943
1.6173,1.4444,0.21183
1.6173,1.5598,0.50523
1.6173,1.6752,0.77976
1.6173,1.7905,1.044
1.6173,1.9059,1.2974
1.6173,2.0212,1.5294
1.6173,2.1366,1.7578
1.6173,2.252,1.9814
1.6173,2.3673,2.1825
1.6173,2.4827,2.363
1.6173,2.598,2.5486
1.6173,2.7134,2.7025
1.6173,2.8288,2.8189
1.6173,2.9441,2.9192
1.6173,3.0595,3.0357
1.6173,3.1748,3.1389
1.6173,3.2902,3.2221
1.6173,3.4056,3.3033
1.6173,3.5209,3.3863
1.6173,3.6363,3.4767
1.6173,3.7516,3.5762
1.6173,3.867,3.6674
1.6173,3.9824,3.7539
1.6173,4.0977,3.8414
1.6173,4.2131,3.9249
1.6173,4.3284,4.0056
1.6173,4.4438,4.0861
1.6173,4.5592,4.1642
1.6173,4.6745,4.2425
1.6173,4.7899,4.32
1.6173,4.9052,4.3997
1.6173,5.0206,4.4733
1.6173,5.136,4.545
1.6173,5.2513,4.615
1.6173,5.3667,4.6835
1.6173,5.482,4.7507
1.6173,5.5974,4.8169
1.6173,5.7128,4.8823
1.6173,5.8281,4.9467
1.6173,5.9435,5.0106
1.6173,6.0588,5.0743
1.6173,6.1742,5.1373
1.6173,6.2895,5.1986
1.6173,6.4049,5.2595
1.6173,6.5203,5.32
1.6173,6.6356,5.3802
1.7941,0.86765,-1.2847
1.7941,0.98301,-0.99299
1.7941,1.0984,-0.70684
1.7941,1.2137,-0.41728
1.7941,1.3291,-0.12134
1.7941,1.4444,0.18868
1.7941,1.5598,0.48086
1.7941,1.6752,0.76007
1.7941,1.7905,1.0287
1.7941,1.9059,1.2866
1.7941,2.0212,1.5194
1.7941,2.1366,1.7528
1.7941,2.252,1.9738
1.7941,2.3673,2.1837
1.7941,2.4827,2.3723
1.7941,2.598,2.5481
1.7941,2.7134,2.7134
1.7941,2.8288,2.8315
1.7941,2.9441,2.9324
1.7941,3.0595,3.0409
1.7941,3.1748,3.1484
1.7941,3.2902,3.2383
1.7941,3.4056,3.3293
1.7941,3.5209,3.4173
1.7941,3.6363,3.5102
1.7941,3.7516,3.6031
1.7941,3.867,3.6936
1.7941,3.9824,3.785
1.7941,4.0977,3.8723
1.7941,4.2131,3.955
1.7941,4.3284,4.0281
1.7941,4.4438,4.1036
1.7941,4.5592,4.1787
1.7941,4.6745,4.2542
1.7941,4.7899,4.3313
1.7941,4.9052,4.4046
1.7941,5.0206,4.4764
1.7941,5.136,4.5466
1.7941,5.2513,4.6155
1.7941,5.3667,4.6837
1.7941,5.482,4.7508
1.7941,5.5974,4.8165
1.7941,5.7128,4.8813
1.7941,5.8281,4.9451
1.7941,5.9435,5.0084
1.7941,6.0588,5.0705
1.7941,6.1742,5.1318
1.7941,6.2895,5.1927
1.7941,6.4049,5.2532
1.7941,6.5203,5.3132
1.7941,6.6356,5.3728
1.9708,0.86765,-1.2677
1.9708,0.98301,-0.98958
1.9708,1.0984,-0.70825
1.9708,1.2137,-0.42656
1.9708,1.3291,-0.1395
1.9708,1.4444,0.16328
1.9708,1.5598,0.45991
1.9708,1.6752,0.74009
1.9708,1.7905,1.0125
1.9708,1.9059,1.2748
1.9708,2.0212,1.5132
1.9708,2.1366,1.7481
1.9708,2.252,1.9716
1.9708,2.3673,2.1819
1.9708,2.4827,2.3764
1.9708,2.598,2.5511
1.9708,2.7134,2.7133
1.9708,2.8288,2.8399
1.9708,2.9441,2.9457
1.9708,3.0595,3.051
1.9708,3.1748,3.1632
1.9708,3.2902,3.2604
1.9708,3.4056,3.3551
1.9708,3.5209,3.4484
1.9708,3.6363,3.5414
1.9708,3.7516,3.6351
1.9708,3.867,3.7299
1.9708,3.9824,3.8169
1.9708,4.0977,3.9029
1.9708,4.2131,3.9814
1.9708,4.3284,4.0507
1.9708,4.4438,4.1209
1.9708,4.5592,4.193
1.9708,4.6745,4.2659
1.9708,4.7899,4.3388
1.9708,4.9052,4.4113
1.9708,5.0206,4.4824
1.9708,5.136,4.552
1.9708,5.2513,4.6199
1.9708,5.3667,4.687
1.9708,5.482,4.7527
1.9708,5.5974,4.8173
1.9708,5.7128,4.881
1.9708,5.8281,4.9438
1.9708,5.9435,5.0058
1.9708,6.0588,5.067
1.9708,6.1742,5.1277
1.9708,6.2895,5.1879
1.9708,6.4049,5.2477
1.9708,6.5203,5.3071
1.9708,6.6356,5.3662
2.1475,0.86765,-1.254
2.1475,0.98301,-0.98123
2.1475,1.0984,-0.70379
2.1475,1.2137,-0.41873
2.1475,1.3291,-0.14235
2.1475,1.4444,0.1411
2.1475,1.5598,0.43829
2.1475,1.6752,0.72079
2.1475,1.7905,0.99471
2.1475,1.9059,1.2601
2.1475,2.0212,1.5071
2.1475,2.1366,1.7443
2.1475,2.252,1.9675
2.1475,2.3673,2.1822
2.1475,2.4827,2.3745
2.1475,2.598,2.5539
2.1475,2.7134,2.7093
2.1475,2.8288,2.8432
2.1475,2.9441,2.9605
2.1475,3.0595,3.0648
2.1475,3.1748,3.1771
2.1475,3.2902,3.2817
2.1475,3.4056,3.3844
2.1475,3.5209,3.481
2.1475,3.6363,3.5736
2.1475,3.7516,3.6701
2.1475,3.867,3.7653
2.1475,3.9824,3.8512
2.1475,4.0977,3.9314
2.1475,4.2131,4.0008
2.1475,4.3284,4.072
2.1475,4.4438,4.1383
2.1475,4.5592,4.2091
2.1475,4.6745,4.2806
2.1475,4.7899,4.3516
2.1475,4.9052,4.4216
2.1475,5.0206,4.4903
2.1475,5.136,4.558
2.1475,5.2513,4.625
2.1475,5.3667,4.6901
2.1475,5.482,4.7545
2.1475,5.5974,4.818
2.1475,5.7128,4.8807
2.1475,5.8281,4.9426
2.1475,5.9435,5.0038
2.1475,6.0588,5.0643
2.1475,6.1742,5.1242
2.1475,6.2895,5.1836
2.1475,6.4049,5.2425
2.1475,6.5203,5.3011
2.1475,6.6356,5.3584
2.3243,0.86765,-1.239
2.3243,0.98301,-0.96876
2.3243,1.0984,-0.69645
2.3243,1.2137,-0.41731
2.3243,1.3291,-0.13951
2.3243,1.4444,0.13682
2.3243,1.5598,0.41761
2.3243,1.6752,0.70153
2.3243,1.7905,0.97532
2.3243,1.9059,1.2418
2.3243,2.0212,1.4971
2.3243,2.1366,1.7383
2.3243,2.252,1.9635
2.3243,2.3673,2.1801
2.3243,2.4827,2.3733
2.3243,2.598,2.5492
2.3243,2.7134,2.7119
2.3243,2.8288,2.8579
2.3243,2.9441,2.9733
2.3243,3.0595,3.085
2.3243,3.1748,3.1971
2.3243,3.2902,3.315
2.3243,3.4056,3.4123
2.3243,3.5209,3.513
2.3243,3.6363,3.6075
2.3243,3.7516,3.706
2.3243,3.867,3.8017
2.3243,3.9824,3.8827
2.3243,4.0977,3.9622
2.3243,4.2131,4.0309
2.3243,4.3284,4.0966
2.3243,4.4438,4.1615
2.3243,4.5592,4.2278
2.3243,4.6745,4.2948
2.3243,4.7899,4.3621
2.3243,4.9052,4.4296
2.3243,5.0206,4.4971
2.3243,5.136,4.563
2.3243,5.2513,4.6282
2.3243,5.3667,4.6928
2.3243,5.482,4.7566
2.3243,5.5974,4.8191
2.3243,5.7128,4.8807
2.3243,5.8281,4.9416
2.3243,5.9435,5.0018
2.3243,6.0588,5.0614
2.3243,6.1742,5.1205
2.3243,6.2895,5.1791
2.3243,6.4049,5.2368
2.3243,6.5203,5.2949
2.3243,6.6356,5.3521
2.501,0.86765,-1.2193
2.501,0.98301,-0.95369
2.501,1.0984,-0.689
2.501,1.2137,-0.41977
2.501,1.3291,-0.1476
2.501,1.4444,0.12578
2.501,1.5598,0.40166
2.501,1.6752,0.68121
2.501,1.7905,0.95548
2.501,1.9059,1.2224
2.501,2.0212,1.479
2.501,2.1366,1.725
2.501,2.252,1.9565
2.501,2.3673,2.1722
2.501,2.4827,2.3702
2.501,2.598,2.5476
2.501,2.7134,2.7185
2.501,2.8288,2.8757
2.501,2.9441,3.003
2.501,3.0595,3.1155
2.501,3.1748,3.2287
2.501,3.2902,3.3411
2.501,3.4056,3.4465
2.501,3.5209,3.5426
2.501,3.6363,3.6456
2.501,3.7516,3.7415
2.501,3.867,3.8326
2.501,3.9824,3.9086
2.501,4.0977,3.9904
2.501,4.2131,4.0553
2.501,4.3284,4.1192
2.501,4.4438,4.1782
2.501,4.5592,4.2405
2.501,4.6745,4.3051
2.501,4.7899,4.3713
2.501,4.9052,4.4381
2.501,5.0206,4.5042
2.501,5.136,4.5693
2.501,5.2513,4.6335
2.501,5.3667,4.6968
2.501,5.482,4.7589
2.501,5.5974,4.8202
2.501,5.7128,4.8807
2.501,5.8281,4.9406
2.501,5.9435,4.9998
2.501,6.0588,5.0586
2.501,6.1742,5.1169
2.501,6.2895,5.1744
2.501,6.4049,5.2315
2.501,6.5203,5.2882
2.501,6.6356,5.3446
2.6777,0.86765,-1.2013
2.6777,0.98301,-0.93951
2.6777,1.0984,-0.67701
2.6777,1.2137,-0.41615
2.6777,1.3291,-0.15186
2.6777,1.4444,0.11486
2.6777,1.5598,0.38433
2.6777,1.6752,0.66023
2.6777,1.7905,0.93725
2.6777,1.9059,1.2018
2.6777,2.0212,1.4608
2.6777,2.1366,1.7089
2.6777,2.252,1.9481
2.6777,2.3673,2.1714
2.6777,2.4827,2.3804
2.6777,2.598,2.5621
2.6777,2.7134,2.7312
2.6777,2.8288,2.8994
2.6777,2.9441,3.0292
2.6777,3.0595,3.1525
2.6777,3.1748,3.2633
2.6777,3.2902,3.378
2.6777,3.4056,3.4868
2.6777,3.5209,3.5868
2.6777,3.6363,3.6832
2.6777,3.7516,3.7787
2.6777,3.867,3.8674
2.6777,3.9824,3.9433
2.6777,4.0977,4.0152
2.6777,4.2131,4.083
2.6777,4.3284,4.1374
2.6777,4.4438,4.1949
2.6777,4.5592,4.2544
2.6777,4.6745,4.32
2.6777,4.7899,4.3844
2.6777,4.9052,4.4488
2.6777,5.0206,4.5128
2.6777,5.136,4.5761
2.6777,5.2513,4.6386
2.6777,5.3667,4.7003
2.6777,5.482,4.761
2.6777,5.5974,4.8211
2.6777,5.7128,4.8806
2.6777,5.8281,4.9397
2.6777,5.9435,4.9979
2.6777,6.0588,5.0555
2.6777,6.1742,5.1126
2.6777,6.2895,5.1693
2.6777,6.4049,5.2255
2.6777,6.5203,5.2815
2.6777,6.6356,5.3378
2.8545,0.86765,-1.1793
2.8545,0.98301,-0.92443
2.8545,1.0984,-0.66837
2.8545,1.2137,-0.40887
2.8545,1.3291,-0.14694
2.8545,1.4444,0.11079
2.8545,1.5598,0.37806
2.8545,1.6752,0.64992
2.8545,1.7905,0.92412
2.8545,1.9059,1.1918
2.8545,2.0212,1.4517
2.8545,2.1366,1.7045
2.8545,2.252,1.9503
2.8545,2.3673,2.1808
2.8545,2.4827,2.4027
2.8545,2.598,2.5894
2.8545,2.7134,2.7553
2.8545,2.8288,2.9227
2.8545,2.9441,3.0695
2.8545,3.0595,3.1948
2.8545,3.1748,3.3114
2.8545,3.2902,3.4237
2.8545,3.4056,3.5271
2.8545,3.5209,3.6266
2.8545,3.6363,3.7182
2.8545,3.7516,3.8154
2.8545,3.867,3.9024
2.8545,3.9824,3.9757
2.8545,4.0977,4.0415
2.8545,4.2131,4.1075
2.8545,4.3284,4.1598
2.8545,4.4438,4.2146
2.8545,4.5592,4.2758
2.8545,4.6745,4.3357
2.8545,4.7899,4.3972
2.8545,4.9052,4.4591
2.8545,5.0206,4.521
2.8545,5.136,4.5824
2.8545,5.2513,4.6434
2.8545,5.3667,4.7034
2.8545,5.482,4.763
2.8545,5.5974,4.8219
2.8545,5.7128,4.8802
2.8545,5.8281,4.9382
2.8545,5.9435,4.9952
2.8545,6.0588,5.0525
2.8545,6.1742,5.1093
2.8545,6.2895,5.1655
2.8545,6.4049,5.2213
2.8545,6.5203,5.2768
2.8545,6.6356,5.3321
3.0312,0.86765,-1.1553
3.0312,0.98301,-0.90639
3.0312,1.0984,-0.65566
3.0312,1.2137,-0.39987
3.0312,1.3291,-0.14169
3.0312,1.4444,0.12089
3.0312,1.5598,0.38793
3.0312,1.6752,0.64811
3.0312,1.7905,0.92295
3.0312,1.9059,1.1919
3.0312,2.0212,1.4537
3.0312,2.1366,1.709
3.0312,2.252,1.9585
3.0312,2.3673,2.1986
3.0312,2.4827,2.4159
3.0312,2.598,2.607
3.0312,2.7134,2.7832
3.0312,2.8288,2.9502
3.0312,2.9441,3.1066
3.0312,3.0595,3.2439
3.0312,3.1748,3.3648
3.0312,3.2902,3.4706
3.0312,3.4056,3.5695
3.0312,3.5209,3.6655
3.0312,3.6363,3.7536
3.0312,3.7516,3.8464
3.0312,3.867,3.9322
3.0312,3.9824,4.0022
3.0312,4.0977,4.0728
3.0312,4.2131,4.1328
3.0312,4.3284,4.1862
3.0312,4.4438,4.2385
3.0312,4.5592,4.2948
3.0312,4.6745,4.3509
3.0312,4.7899,4.4093
3.0312,4.9052,4.4689
3.0312,5.0206,4.5286
3.0312,5.136,4.5882
3.0312,5.2513,4.6474
3.0312,5.3667,4.7061
3.0312,5.482,4.7646
3.0312,5.5974,4.8228
3.0312,5.7128,4.8797
3.0312,5.8281,4.9368
3.0312,5.9435,4.9937
3.0312,6.0588,5.0502
3.0312,6.1742,5.1064
3.0312,6.2895,5.162
3.0312,6.4049,5.2168
3.0312,6.5203,5.2712
3.0312,6.6356,5.3254
3.208,0.86765,-1.1325
3.208,0.98301,-0.88649
3.208,1.0984,-0.63856
3.208,1.2137,-0.38813
3.208,1.3291,-0.13361
3.208,1.4444,0.12729
3.208,1.5598,0.39279
3.208,1.6752,0.66245
3.208,1.7905,0.93147
3.208,1.9059,1.1984
3.208,2.0212,1.4618
3.208,2.1366,1.7201
3.208,2.252,1.9728
3.208,2.3673,2.2182
3.208,2.4827,2.4491
3.208,2.598,2.6512
3.208,2.7134,2.8197
3.208,2.8288,2.9854
3.208,2.9441,3.1493
3.208,3.0595,3.2843
3.208,3.1748,3.396
3.208,3.2902,3.5024
3.208,3.4056,3.6007
3.208,3.5209,3.6958
3.208,3.6363,3.7863
3.208,3.7516,3.8752
3.208,3.867,3.9614
3.208,3.9824,4.0315
3.208,4.0977,4.0946
3.208,4.2131,4.158
3.208,4.3284,4.215
3.208,4.4438,4.2599
3.208,4.5592,4.3134
3.208,4.6745,4.3655
3.208,4.7899,4.42
3.208,4.9052,4.4766
3.208,5.0206,4.5349
3.208,5.136,4.5929
3.208,5.2513,4.6511
3.208,5.3667,4.7089
3.208,5.482,4.7664
3.208,5.5974,4.8234
3.208,5.7128,4.88
3.208,5.8281,4.9361
3.208,5.9435,4.9917
3.208,6.0588,5.0468
3.208,6.1742,5.1015
3.208,6.2895,5.1558
3.208,6.4049,5.2097
3.208,6.5203,5.2637
3.208,6.6356,5.3174
3.3847,0.86765,-1.1092
3.3847,0.98301,-0.86502
3.3847,1.0984,-0.61904
3.3847,1.2137,-0.36923
3.3847,1.3291,-0.1158
3.3847,1.4444,0.14358
3.3847,1.5598,0.40488
3.3847,1.6752,0.67183
3.3847,1.7905,0.94032
3.3847,1.9059,1.2093
3.3847,2.0212,1.4752
3.3847,2.1366,1.7346
3.3847,2.252,1.9917
3.3847,2.3673,2.2406
3.3847,2.4827,2.4701
3.3847,2.598,2.6712
3.3847,2.7134,2.845
3.3847,2.8288,3.0123
3.3847,2.9441,3.1801
3.3847,3.0595,3.3225
3.3847,3.1748,3.4368
3.3847,3.2902,3.5423
3.3847,3.4056,3.6387
3.3847,3.5209,3.7298
3.3847,3.6363,3.8191
3.3847,3.7516,3.9104
3.3847,3.867,3.9898
3.3847,3.9824,4.0496
3.3847,4.0977,4.1164
3.3847,4.2131,4.179
3.3847,4.3284,4.239
3.3847,4.4438,4.2817
3.3847,4.5592,4.3252
3.3847,4.6745,4.3744
3.3847,4.7899,4.4273
3.3847,4.9052,4.484
3.3847,5.0206,4.5405
3.3847,5.136,4.5973
3.3847,5.2513,4.654
3.3847,5.3667,4.7104
3.3847,5.482,4.7666
3.3847,5.5974,4.8225
3.3847,5.7128,4.8779
3.3847,5.8281,4.9329
3.3847,5.9435,4.9874
3.3847,6.0588,5.0416
3.3847,6.1742,5.0957
3.3847,6.2895,5.1495
3.3847,6.4049,5.2027
3.3847,6.5203,5.2556
3.3847,6.6356,5.3083
3.5614,0.86765,-1.0883
3.5614,0.98301,-0.84599
3.5614,1.0984,-0.60012
3.5614,1.2137,-0.35015
3.5614,1.3291,-0.095987
3.5614,1.4444,0.16243
3.5614,1.5598,0.42371
3.5614,1.6752,0.68537
3.5614,1.7905,0.95314
3.5614,1.9059,1.2201
3.5614,2.0212,1.4889
3.5614,2.1366,1.7496
3.5614,2.252,2.0093
3.5614,2.3673,2.256
3.5614,2.4827,2.4796
3.5614,2.598,2.6838
3.5614,2.7134,2.8726
3.5614,2.8288,3.0369
3.5614,2.9441,3.1965
3.5614,3.0595,3.348
3.5614,3.1748,3.4796
3.5614,3.2902,3.5673
3.5614,3.4056,3.6566
3.5614,3.5209,3.7567
3.5614,3.6363,3.8497
3.5614,3.7516,3.9356
3.5614,3.867,4.0126
3.5614,3.9824,4.0728
3.5614,4.0977,4.1305
3.5614,4.2131,4.1974
3.5614,4.3284,4.2459
3.5614,4.4438,4.2899
3.5614,4.5592,4.3315
3.5614,4.6745,4.3839
3.5614,4.7899,4.438
3.5614,4.9052,4.4912
3.5614,5.0206,4.5457
3.5614,5.136,4.6006
3.5614,5.2513,4.6558
3.5614,5.3667,4.7108
3.5614,5.482,4.7657
3.5614,5.5974,4.8205
3.5614,5.7128,4.8749
3.5614,5.8281,4.929
3.5614,5.9435,4.9829
3.5614,6.0588,5.0367
3.5614,6.1742,5.0901
3.5614,6.2895,5.1432
3.5614,6.4049,5.1961
3.5614,6.5203,5.2487
3.5614,6.6356,5.3011
3.7382,0.86765,-1.0682
3.7382,0.98301,-0.82596
3.7382,1.0984,-0.58299
3.7382,1.2137,-0.33351
3.7382,1.3291,-0.078757
3.7382,1.4444,0.17891
3.7382,1.5598,0.43879
3.7382,1.6752,0.70014
3.7382,1.7905,0.96496
3.7382,1.9059,1.2321
3.7382,2.0212,1.4994
3.7382,2.1366,1.7651
3.7382,2.252,2.0266
3.7382,2.3673,2.2715
3.7382,2.4827,2.4916
3.7382,2.598,2.7009
3.7382,2.7134,2.8867
3.7382,2.8288,3.0531
3.7382,2.9441,3.2202
3.7382,3.0595,3.373
3.7382,3.1748,3.5018
3.7382,3.2902,3.5973
3.7382,3.4056,3.6812
3.7382,3.5209,3.7841
3.7382,3.6363,3.8726
3.7382,3.7516,3.9577
3.7382,3.867,4.034
3.7382,3.9824,4.0908
3.7382,4.0977,4.1513
3.7382,4.2131,4.2134
3.7382,4.3284,4.2492
3.7382,4.4438,4.2956
3.7382,4.5592,4.3419
3.7382,4.6745,4.3928
3.7382,4.7899,4.4437
3.7382,4.9052,4.496
3.7382,5.0206,4.5494
3.7382,5.136,4.6026
3.7382,5.2513,4.6563
3.7382,5.3667,4.71
3.7382,5.482,4.7638
3.7382,5.5974,4.8176
3.7382,5.7128,4.8713
3.7382,5.8281,4.9248
3.7382,5.9435,4.9781
3.7382,6.0588,5.0311
3.7382,6.1742,5.0838
3.7382,6.2895,5.1362
3.7382,6.4049,5.1884
3.7382,6.5203,5.2403
3.7382,6.6356,5.2921
3.9149,0.86765,-1.0467
3.9149,0.98301,-0.80594
3.9149,1.0984,-0.5629
3.9149,1.2137,-0.3132
3.9149,1.3291,-0.060548
3.9149,1.4444,0.19482
3.9149,1.5598,0.45294
3.9149,1.6752,0.7138
3.9149,1.7905,0.97709
3.9149,1.9059,1.2417
3.9149,2.0212,1.5066
3.9149,2.1366,1.7746
3.9149,2.252,2.0385
3.9149,2.3673,2.2945
3.9149,2.4827,2.5026
3.9149,2.598,2.7085
3.9149,2.7134,2.9013
3.9149,2.8288,3.0725
3.9149,2.9441,3.2398
3.9149,3.0595,3.3945
3.9149,3.1748,3.5169
3.9149,3.2902,3.6151
3.9149,3.4056,3.7123
3.9149,3.5209,3.8056
3.9149,3.6363,3.8884
3.9149,3.7516,3.9657
3.9149,3.867,4.0453
3.9149,3.9824,4.1019
3.9149,4.0977,4.1678
3.9149,4.2131,4.2211
3.9149,4.3284,4.2622
3.9149,4.4438,4.3102
3.9149,4.5592,4.3535
3.9149,4.6745,4.3975
3.9149,4.7899,4.4516
3.9149,4.9052,4.5012
3.9149,5.0206,4.5515
3.9149,5.136,4.6031
3.9149,5.2513,4.6555
3.9149,5.3667,4.7083
3.9149,5.482,4.7612
3.9149,5.5974,4.8142
3.9149,5.7128,4.8671
3.9149,5.8281,4.9199
3.9149,5.9435,4.9724
3.9149,6.0588,5.0246
3.9149,6.1742,5.0766
3.9149,6.2895,5.1284
3.9149,6.4049,5.1799
3.9149,6.5203,5.2312
3.9149,6.6356,5.2824
4.0916,0.86765,-1.0165
4.0916,0.98301,-0.78161
4.0916,1.0984,-0.54136
4.0916,1.2137,-0.29598
4.0916,1.3291,-0.04695
4.0916,1.4444,0.20791
4.0916,1.5598,0.4655
4.0916,1.6752,0.72638
4.0916,1.7905,0.98951
4.0916,1.9059,1.2513
4.0916,2.0212,1.5142
4.0916,2.1366,1.7774
4.0916,2.252,2.0472
4.0916,2.3673,2.3071
4.0916,2.4827,2.5197
4.0916,2.598,2.7085
4.0916,2.7134,2.8919
4.0916,2.8288,3.0682
4.0916,2.9441,3.2516
4.0916,3.0595,3.4057
4.0916,3.1748,3.5389
4.0916,3.2902,3.6433
4.0916,3.4056,3.7379
4.0916,3.5209,3.8256
4.0916,3.6363,3.9172
4.0916,3.7516,3.9992
4.0916,3.867,4.0691
4.0916,3.9824,4.1305
4.0916,4.0977,4.1863
4.0916,4.2131,4.2389
4.0916,4.3284,4.2765
4.0916,4.4438,4.3166
4.0916,4.5592,4.3546
4.0916,4.6745,4.399
4.0916,4.7899,4.4531
4.0916,4.9052,4.5035
4.0916,5.0206,4.552
4.0916,5.136,4.6023
4.0916,5.2513,4.6536
4.0916,5.3667,4.7055
4.0916,5.482,4.7576
4.0916,5.5974,4.8097
4.0916,5.7128,4.8619
4.0916,5.8281,4.9139
4.0916,5.9435,4.9657
4.0916,6.0588,5.0173
4.0916,6.1742,5.0688
4.0916,6.2895,5.12
4.0916,6.4049,5.1711
4.0916,6.5203,5.222
4.0916,6.6356,5.2727
4.2684,0.86765,-0.99697
4.2684,0.98301,-0.76
4.2684,1.0984,-0.52075
4.2684,1.2137,-0.27979
4.2684,1.3291,-0.034239
4.2684,1.4444,0.2179
4.2684,1.5598,0.47367
4.2684,1.6752,0.73278
4.2684,1.7905,0.99412
4.2684,1.9059,1.2559
4.2684,2.0212,1.5205
4.2684,2.1366,1.7834
4.2684,2.252,2.0528
4.2684,2.3673,2.3006
4.2684,2.4827,2.5099
4.2684,2.598,2.6996
4.2684,2.7134,2.9006
4.2684,2.8288,3.0893
4.2684,2.9441,3.2643
4.2684,3.0595,3.418
4.2684,3.1748,3.5636
4.2684,3.2902,3.6686
4.2684,3.4056,3.7685
4.2684,3.5209,3.8406
4.2684,3.6363,3.9323
4.2684,3.7516,4.022
4.2684,3.867,4.0808
4.2684,3.9824,4.1487
4.2684,4.0977,4.2064
4.2684,4.2131,4.249
4.2684,4.3284,4.2914
4.2684,4.4438,4.3249
4.2684,4.5592,4.3658
4.2684,4.6745,4.4077
4.2684,4.7899,4.4542
4.2684,4.9052,4.5041
4.2684,5.0206,4.5513
4.2684,5.136,4.6006
4.2684,5.2513,4.6511
4.2684,5.3667,4.7023
4.2684,5.482,4.7538
4.2684,5.5974,4.8055
4.2684,5.7128,4.8572
4.2684,5.8281,4.9088
4.2684,5.9435,4.9602
4.2684,6.0588,5.0114
4.2684,6.1742,5.0617
4.2684,6.2895,5.1108
4.2684,6.4049,5.1608
4.2684,6.5203,5.2109
4.2684,6.6356,5.2609
4.4451,0.86765,-0.97428
4.4451,0.98301,-0.74138
4.4451,1.0984,-0.5085
4.4451,1.2137,-0.26784
4.4451,1.3291,-0.021688
4.4451,1.4444,0.22784
4.4451,1.5598,0.48343
4.4451,1.6752,0.74058
4.4451,1.7905,0.99911
4.4451,1.9059,1.2586
4.4451,2.0212,1.5213
4.4451,2.1366,1.788
4.4451,2.252,2.0493
4.4451,2.3673,2.2914
4.4451,2.4827,2.5068
4.4451,2.598,2.7114
4.4451,2.7134,2.9069
4.4451,2.8288,3.0941
4.4451,2.9441,3.2668
4.4451,3.0595,3.4208
4.4451,3.1748,3.56
4.4451,3.2902,3.6828
4.4451,3.4056,3.7773
4.4451,3.5209,3.8546
4.4451,3.6363,3.9412
4.4451,3.7516,4.0253
4.4451,3.867,4.0924
4.4451,3.9824,4.1554
4.4451,4.0977,4.2181
4.4451,4.2131,4.2514
4.4451,4.3284,4.3007
4.4451,4.4438,4.3377
4.4451,4.5592,4.3774
4.4451,4.6745,4.4163
4.4451,4.7899,4.4583
4.4451,4.9052,4.5041
4.4451,5.0206,4.5501
4.4451,5.136,4.5985
4.4451,5.2513,4.6483
4.4451,5.3667,4.6989
4.4451,5.482,4.7499
4.4451,5.5974,4.8007
4.4451,5.7128,4.8504
4.4451,5.8281,4.9002
4.4451,5.9435,4.9506
4.4451,6.0588,5.0008
4.4451,6.1742,5.0507
4.4451,6.2895,5.1005
4.4451,6.4049,5.15
4.4451,6.5203,5.1994
4.4451,6.6356,5.2485
4.6218,0.86765,-0.96825
4.6218,0.98301,-0.7415
4.6218,1.0984,-0.50981
4.6218,1.2137,-0.26946
4.6218,1.3291,-0.023023
4.6218,1.4444,0.23111
4.6218,1.5598,0.48603
4.6218,1.6752,0.74335
4.6218,1.7905,1.0024
4.6218,1.9059,1.2611
4.6218,2.0212,1.5232
4.6218,2.1366,1.7894
4.6218,2.252,2.0521
4.6218,2.3673,2.2863
4.6218,2.4827,2.4928
4.6218,2.598,2.7006
4.6218,2.7134,2.8955
4.6218,2.8288,3.0969
4.6218,2.9441,3.2628
4.6218,3.0595,3.4112
4.6218,3.1748,3.5628
4.6218,3.2902,3.6894
4.6218,3.4056,3.7815
4.6218,3.5209,3.8668
4.6218,3.6363,3.95
4.6218,3.7516,4.038
4.6218,3.867,4.1064
4.6218,3.9824,4.1704
4.6218,4.0977,4.2189
4.6218,4.2131,4.2602
4.6218,4.3284,4.296
4.6218,4.4438,4.3484
4.6218,4.5592,4.3818
4.6218,4.6745,4.4239
4.6218,4.7899,4.4612
4.6218,4.9052,4.5032
4.6218,5.0206,4.5483
4.6218,5.136,4.5958
4.6218,5.2513,4.6449
4.6218,5.3667,4.6939
4.6218,5.482,4.7431
4.6218,5.5974,4.7923
4.6218,5.7128,4.8415
4.6218,5.8281,4.8905
4.6218,5.9435,4.9402
4.6218,6.0588,4.9901
4.6218,6.1742,5.0398
4.6218,6.2895,5.0892
4.6218,6.4049,5.1385
4.6218,6.5203,5.1876
4.6218,6.6356,5.2366
4.7986,0.86765,-0.96872
4.7986,0.98301,-0.73918
4.7986,1.0984,-0.50674
4.7986,1.2137,-0.27045
4.7986,1.3291,-0.024658
4.7986,1.4444,0.22623
4.7986,1.5598,0.48131
4.7986,1.6752,0.73865
4.7986,1.7905,0.99866
4.7986,1.9059,1.2594
4.7986,2.0212,1.5214
4.7986,2.1366,1.79
4.7986,2.252,2.0528
4.7986,2.3673,2.2814
4.7986,2.4827,2.4859
4.7986,2.598,2.6833
4.7986,2.7134,2.8825
4.7986,2.8288,3.0711
4.7986,2.9441,3.2446
4.7986,3.0595,3.4028
4.7986,3.1748,3.5488
4.7986,3.2902,3.6705
4.7986,3.4056,3.7701
4.7986,3.5209,3.8656
4.7986,3.6363,3.9589
4.7986,3.7516,4.0354
4.7986,3.867,4.1079
4.7986,3.9824,4.1828
4.7986,4.0977,4.238
4.7986,4.2131,4.2706
4.7986,4.3284,4.3041
4.7986,4.4438,4.3495
4.7986,4.5592,4.3873
4.7986,4.6745,4.4248
4.7986,4.7899,4.4621
4.7986,4.9052,4.5023
4.7986,5.0206,4.5463
4.7986,5.136,4.592
4.7986,5.2513,4.6394
4.7986,5.3667,4.6878
4.7986,5.482,4.7367
4.7986,5.5974,4.7858
4.7986,5.7128,4.8349
4.7986,5.8281,4.884
4.7986,5.9435,4.9329
4.7986,6.0588,4.9816
4.7986,6.1742,5.03
4.7986,6.2895,5.0783
4.7986,6.4049,5.1264
4.7986,6.5203,5.175
4.7986,6.6356,5.2236
4.9753,0.86765,-0.95807
4.9753,0.98301,-0.7337
4.9753,1.0984,-0.50872
4.9753,1.2137,-0.27083
4.9753,1.3291,-0.027493
4.9753,1.4444,0.2197
4.9753,1.5598,0.47293
4.9753,1.6752,0.73076
4.9753,1.7905,0.99009
4.9753,1.9059,1.2509
4.9753,2.0212,1.5143
4.9753,2.1366,1.7812
4.9753,2.252,2.039
4.9753,2.3673,2.2619
4.9753,2.4827,2.4579
4.9753,2.598,2.6541
4.9753,2.7134,2.8603
4.9753,2.8288,3.0503
4.9753,2.9441,3.2304
4.9753,3.0595,3.3875
4.9753,3.1748,3.5365
4.9753,3.2902,3.661
4.9753,3.4056,3.7762
4.9753,3.5209,3.8613
4.9753,3.6363,3.9633
4.9753,3.7516,4.0383
4.9753,3.867,4.1136
4.9753,3.9824,4.1844
4.9753,4.0977,4.2321
4.9753,4.2131,4.2744
4.9753,4.3284,4.3124
4.9753,4.4438,4.3497
4.9753,4.5592,4.3867
4.9753,4.6745,4.4258
4.9753,4.7899,4.4626
4.9753,4.9052,4.5025
4.9753,5.0206,4.545
4.9753,5.136,4.5901
4.9753,5.2513,4.6373
4.9753,5.3667,4.6852
4.9753,5.482,4.7336
4.9753,5.5974,4.7823
4.9753,5.7128,4.831
4.9753,5.8281,4.8797
4.9753,5.9435,4.9282
4.9753,6.0588,4.9766
4.9753,6.1742,5.0247
4.9753,6.2895,5.0725
4.9753,6.4049,5.1201
4.9753,6.5203,5.1676
4.9753,6.6356,5.2149
5.152,0.86765,-0.95038
5.152,0.98301,-0.73276
5.152,1.0984,-0.50856
5.152,1.2137,-0.27556
5.152,1.3291,-0.032954
5.152,1.4444,0.21291
5.152,1.5598,0.46341
5.152,1.6752,0.7172
5.152,1.7905,0.97446
5.152,1.9059,1.237
5.152,2.0212,1.5006
5.152,2.1366,1.7678
5.152,2.252,2.0225
5.152,2.3673,2.2344
5.152,2.4827,2.4382
5.152,2.598,2.6414
5.152,2.7134,2.8409
5.152,2.8288,3.0251
5.152,2.9441,3.2086
5.152,3.0595,3.3704
5.152,3.1748,3.5198
5.152,3.2902,3.6567
5.152,3.4056,3.7648
5.152,3.5209,3.8657
5.152,3.6363,3.9778
5.152,3.7516,4.0495
5.152,3.867,4.1176
5.152,3.9824,4.189
5.152,4.0977,4.2371
5.152,4.2131,4.2669
5.152,4.3284,4.3107
5.152,4.4438,4.3483
5.152,4.5592,4.3934
5.152,4.6745,4.4284
5.152,4.7899,4.4645
5.152,4.9052,4.5029
5.152,5.0206,4.5461
5.152,5.136,4.5896
5.152,5.2513,4.6341
5.152,5.3667,4.6818
5.152,5.482,4.7303
5.152,5.5974,4.7793
5.152,5.7128,4.8276
5.152,5.8281,4.8759
5.152,5.9435,4.924
5.152,6.0588,4.9719
5.152,6.1742,5.0196
5.152,6.2895,5.0671
5.152,6.4049,5.1143
5.152,6.5203,5.1614
5.152,6.6356,5.2083
5.3288,0.86765,-0.96782
5.3288,0.98301,-0.7463
5.3288,1.0984,-0.51586
5.3288,1.2137,-0.27879
5.3288,1.3291,-0.041518
5.3288,1.4444,0.20054
5.3288,1.5598,0.44822
5.3288,1.6752,0.70172
5.3288,1.7905,0.95932
5.3288,1.9059,1.2198
5.3288,2.0212,1.4833
5.3288,2.1366,1.745
5.3288,2.252,1.9953
5.3288,2.3673,2.2114
5.3288,2.4827,2.4173
5.3288,2.598,2.6276
5.3288,2.7134,2.8286
5.3288,2.8288,3.0102
5.3288,2.9441,3.1936
5.3288,3.0595,3.3554
5.3288,3.1748,3.5006
5.3288,3.2902,3.6422
5.3288,3.4056,3.7677
5.3288,3.5209,3.8846
5.3288,3.6363,3.9842
5.3288,3.7516,4.064
5.3288,3.867,4.1299
5.3288,3.9824,4.2015
5.3288,4.0977,4.2475
5.3288,4.2131,4.2804
5.3288,4.3284,4.3159
5.3288,4.4438,4.3537
5.3288,4.5592,4.3945
5.3288,4.6745,4.4313
5.3288,4.7899,4.467
5.3288,4.9052,4.5037
5.3288,5.0206,4.5442
5.3288,5.136,4.5883
5.3288,5.2513,4.6328
5.3288,5.3667,4.6796
5.3288,5.482,4.7262
5.3288,5.5974,4.7744
5.3288,5.7128,4.823
5.3288,5.8281,4.8717
5.3288,5.9435,4.9203
5.3288,6.0588,4.9679
5.3288,6.1742,5.0152
5.3288,6.2895,5.0622
5.3288,6.4049,5.1091
5.3288,6.5203,5.1557
5.3288,6.6356,5.2023
5.5055,0.86765,-0.97725
5.5055,0.98301,-0.75192
5.5055,1.0984,-0.52427
5.5055,1.2137,-0.29246
5.5055,1.3291,-0.055949
5.5055,1.4444,0.18567
5.5055,1.5598,0.4327
5.5055,1.6752,0.68603
5.5055,1.7905,0.94145
5.5055,1.9059,1.2001
5.5055,2.0212,1.4649
5.5055,2.1366,1.7318
5.5055,2.252,1.9754
5.5055,2.3673,2.1973
5.5055,2.4827,2.4089
5.5055,2.598,2.6099
5.5055,2.7134,2.8092
5.5055,2.8288,2.9975
5.5055,2.9441,3.1712
5.5055,3.0595,3.3289
5.5055,3.1748,3.4782
5.5055,3.2902,3.6162
5.5055,3.4056,3.7543
5.5055,3.5209,3.8748
5.5055,3.6363,3.9842
5.5055,3.7516,4.0789
5.5055,3.867,4.1468
5.5055,3.9824,4.217
5.5055,4.0977,4.2633
5.5055,4.2131,4.2942
5.5055,4.3284,4.3214
5.5055,4.4438,4.3618
5.5055,4.5592,4.3972
5.5055,4.6745,4.4344
5.5055,4.7899,4.4704
5.5055,4.9052,4.5059
5.5055,5.0206,4.5438
5.5055,5.136,4.5857
5.5055,5.2513,4.6287
5.5055,5.3667,4.674
5.5055,5.482,4.7204
5.5055,5.5974,4.7675
5.5055,5.7128,4.8143
5.5055,5.8281,4.8569
5.5055,5.9435,4.9042
5.5055,6.0588,4.9515
5.5055,6.1742,4.9988
5.5055,6.2895,5.046
5.5055,6.4049,5.0931
5.5055,6.5203,5.1401
5.5055,6.6356,5.187
5.6822,0.86765,-0.99963
5.6822,0.98301,-0.77308
5.6822,1.0984,-0.54754
5.6822,1.2137,-0.31322
5.6822,1.3291,-0.073517
5.6822,1.4444,0.16937
5.6822,1.5598,0.41895
5.6822,1.6752,0.66861
5.6822,1.7905,0.92132
5.6822,1.9059,1.1807
5.6822,2.0212,1.4457
5.6822,2.1366,1.7127
5.6822,2.252,1.9634
5.6822,2.3673,2.1776
5.6822,2.4827,2.3789
5.6822,2.598,2.5849
5.6822,2.7134,2.7842
5.6822,2.8288,2.9716
5.6822,2.9441,3.1447
5.6822,3.0595,3.3052
5.6822,3.1748,3.4531
5.6822,3.2902,3.5928
5.6822,3.4056,3.7319
5.6822,3.5209,3.8652
5.6822,3.6363,3.9815
5.6822,3.7516,4.0828
5.6822,3.867,4.1605
5.6822,3.9824,4.2234
5.6822,4.0977,4.2737
5.6822,4.2131,4.3015
5.6822,4.3284,4.3282
5.6822,4.4438,4.3689
5.6822,4.5592,4.4028
5.6822,4.6745,4.4396
5.6822,4.7899,4.4753
5.6822,4.9052,4.5105
5.6822,5.0206,4.5474
5.6822,5.136,4.5871
5.6822,5.2513,4.6273
5.6822,5.3667,4.6671
5.6822,5.482,4.7109
5.6822,5.5974,4.7561
5.6822,5.7128,4.8019
5.6822,5.8281,4.8481
5.6822,5.9435,4.8945
5.6822,6.0588,4.9411
5.6822,6.1742,4.9841
5.6822,6.2895,5.0269
5.6822,6.4049,5.073
5.6822,6.5203,5.1192
5.6822,6.6356,5.1654
5.859,0.86765,-1.014
5.859,0.98301,-0.79712
5.859,1.0984,-0.56766
5.859,1.2137,-0.3308
5.859,1.3291,-0.090733
5.859,1.4444,0.15441
5.859,1.5598,0.39844
5.859,1.6752,0.64669
5.859,1.7905,0.89579
5.859,1.9059,1.1569
5.859,2.0212,1.4287
5.859,2.1366,1.6964
5.859,2.252,1.9399
5.859,2.3673,2.1614
5.859,2.4827,2.365
5.859,2.598,2.5676
5.859,2.7134,2.7634
5.859,2.8288,2.9488
5.859,2.9441,3.1168
5.859,3.0595,3.2717
5.859,3.1748,3.4188
5.859,3.2902,3.5634
5.859,3.4056,3.7068
5.859,3.5209,3.8466
5.859,3.6363,3.9754
5.859,3.7516,4.0877
5.859,3.867,4.1739
5.859,3.9824,4.2377
5.859,4.0977,4.2877
5.859,4.2131,4.3158
5.859,4.3284,4.3398
5.859,4.4438,4.3763
5.859,4.5592,4.4098
5.859,4.6745,4.4454
5.859,4.7899,4.4813
5.859,4.9052,4.5156
5.859,5.0206,4.552
5.859,5.136,4.5919
5.859,5.2513,4.6325
5.859,5.3667,4.6714
5.859,5.482,4.713
5.859,5.5974,4.7537
5.859,5.7128,4.7949
5.859,5.8281,4.8389
5.859,5.9435,4.8832
5.859,6.0588,4.9277
5.859,6.1742,4.9723
5.859,6.2895,5.0169
5.859,6.4049,5.0617
5.859,6.5203,5.1068
5.859,6.6356,5.1511
6.0357,0.86765,-1.0392
6.0357,0.98301,-0.8137
6.0357,1.0984,-0.58404
6.0357,1.2137,-0.34975
6.0357,1.3291,-0.1075
6.0357,1.4444,0.13862
6.0357,1.5598,0.38643
6.0357,1.6752,0.63623
6.0357,1.7905,0.88816
6.0357,1.9059,1.1491
6.0357,2.0212,1.4141
6.0357,2.1366,1.6841
6.0357,2.252,1.9314
6.0357,2.3673,2.1482
6.0357,2.4827,2.3556
6.0357,2.598,2.5567
6.0357,2.7134,2.7513
6.0357,2.8288,2.9327
6.0357,2.9441,3.0962
6.0357,3.0595,3.2453
6.0357,3.1748,3.3913
6.0357,3.2902,3.5366
6.0357,3.4056,3.6803
6.0357,3.5209,3.8223
6.0357,3.6363,3.957
6.0357,3.7516,4.0794
6.0357,3.867,4.1737
6.0357,3.9824,4.2457
6.0357,4.0977,4.2885
6.0357,4.2131,4.3254
6.0357,4.3284,4.3513
6.0357,4.4438,4.3811
6.0357,4.5592,4.4153
6.0357,4.6745,4.4514
6.0357,4.7899,4.4892
6.0357,4.9052,4.5242
6.0357,5.0206,4.5563
6.0357,5.136,4.5928
6.0357,5.2513,4.6313
6.0357,5.3667,4.6727
6.0357,5.482,4.7113
6.0357,5.5974,4.7543
6.0357,5.7128,4.795
6.0357,5.8281,4.838
6.0357,5.9435,4.881
6.0357,6.0588,4.9247
6.0357,6.1742,4.9683
6.0357,6.2895,5.0121
6.0357,6.4049,5.0559
6.0357,6.5203,5.0999
6.0357,6.6356,5.144
6.2124,0.86765,-1.0642
6.2124,0.98301,-0.83959
6.2124,1.0984,-0.60472
6.2124,1.2137,-0.36894
6.2124,1.3291,-0.12732
6.2124,1.4444,0.11782
6.2124,1.5598,0.3684
6.2124,1.6752,0.62036
6.2124,1.7905,0.88362
6.2124,1.9059,1.1483
6.2124,2.0212,1.4132
6.2124,2.1366,1.679
6.2124,2.252,1.9273
6.2124,2.3673,2.1449
6.2124,2.4827,2.3525
6.2124,2.598,2.5524
6.2124,2.7134,2.7454
6.2124,2.8288,2.9225
6.2124,2.9441,3.0793
6.2124,3.0595,3.2256
6.2124,3.1748,3.3703
6.2124,3.2902,3.5156
6.2124,3.4056,3.6592
6.2124,3.5209,3.7997
6.2124,3.6363,3.9373
6.2124,3.7516,4.0661
6.2124,3.867,4.1683
6.2124,3.9824,4.2524
6.2124,4.0977,4.2935
6.2124,4.2131,4.3256
6.2124,4.3284,4.3535
6.2124,4.4438,4.3863
6.2124,4.5592,4.4225
6.2124,4.6745,4.458
6.2124,4.7899,4.4966
6.2124,4.9052,4.5342
6.2124,5.0206,4.5669
6.2124,5.136,4.6013
6.2124,5.2513,4.6372
6.2124,5.3667,4.6744
6.2124,5.482,4.7144
6.2124,5.5974,4.7539
6.2124,5.7128,4.796
6.2124,5.8281,4.8385
6.2124,5.9435,4.879
6.2124,6.0588,4.9194
6.2124,6.1742,4.9625
6.2124,6.2895,5.0016
6.2124,6.4049,5.0409
6.2124,6.5203,5.0817
6.2124,6.6356,5.1227
6.3892,0.86765,-1.0889
6.3892,0.98301,-0.86356
6.3892,1.0984,-0.63117
6.3892,1.2137,-0.39273
6.3892,1.3291,-0.14836
6.3892,1.4444,0.10102
6.3892,1.5598,0.35445
6.3892,1.6752,0.61218
6.3892,1.7905,0.87445
6.3892,1.9059,1.1379
6.3892,2.0212,1.4103
6.3892,2.1366,1.6786
6.3892,2.252,1.925
6.3892,2.3673,2.1463
6.3892,2.4827,2.3531
6.3892,2.598,2.5517
6.3892,2.7134,2.7426
6.3892,2.8288,2.9161
6.3892,2.9441,3.0673
6.3892,3.0595,3.2094
6.3892,3.1748,3.3512
6.3892,3.2902,3.4939
6.3892,3.4056,3.6368
6.3892,3.5209,3.7793
6.3892,3.6363,3.919
6.3892,3.7516,4.05
6.3892,3.867,4.1628
6.3892,3.9824,4.2506
6.3892,4.0977,4.3089
6.3892,4.2131,4.3457
6.3892,4.3284,4.368
6.3892,4.4438,4.3968
6.3892,4.5592,4.43
6.3892,4.6745,4.4663
6.3892,4.7899,4.5045
6.3892,4.9052,4.542
6.3892,5.0206,4.5786
6.3892,5.136,4.6146
6.3892,5.2513,4.6502
6.3892,5.3667,4.6829
6.3892,5.482,4.7225
6.3892,5.5974,4.7571
6.3892,5.7128,4.7944
6.3892,5.8281,4.8361
6.3892,5.9435,4.8785
6.3892,6.0588,4.9186
6.3892,6.1742,4.9518
6.3892,6.2895,4.9927
6.3892,6.4049,5.0349
6.3892,6.5203,5.0774
6.3892,6.6356,5.1199
6.5659,0.86765,-1.1305
6.5659,0.98301,-0.90414
6.5659,1.0984,-0.6679
6.5659,1.2137,-0.42093
6.5659,1.3291,-0.17026
6.5659,1.4444,0.082173
6.5659,1.5598,0.33537
6.5659,1.6752,0.60312
6.5659,1.7905,0.86943
6.5659,1.9059,1.1343
6.5659,2.0212,1.4084
6.5659,2.1366,1.6784
6.5659,2.252,1.9263
6.5659,2.3673,2.1484
6.5659,2.4827,2.3558
6.5659,2.598,2.5552
6.5659,2.7134,2.7431
6.5659,2.8288,2.9131
6.5659,2.9441,3.0599
6.5659,3.0595,3.197
6.5659,3.1748,3.3358
6.5659,3.2902,3.4748
6.5659,3.4056,3.6168
6.5659,3.5209,3.7592
6.5659,3.6363,3.9007
6.5659,3.7516,4.0329
6.5659,3.867,4.1566
6.5659,3.9824,4.2556
6.5659,4.0977,4.3147
6.5659,4.2131,4.3519
6.5659,4.3284,4.3746
6.5659,4.4438,4.4044
6.5659,4.5592,4.4379
6.5659,4.6745,4.4737
6.5659,4.7899,4.5127
6.5659,4.9052,4.5518
6.5659,5.0206,4.5887
6.5659,5.136,4.6268
6.5659,5.2513,4.6606
6.5659,5.3667,4.6994
6.5659,5.482,4.7329
6.5659,5.5974,4.7653
6.5659,5.7128,4.7957
6.5659,5.8281,4.8361
6.5659,5.9435,4.8769
6.5659,6.0588,4.9113
6.5659,6.1742,4.9484
6.5659,6.2895,4.989
6.5659,6.4049,5.0281
6.5659,6.5203,5.0616
6.5659,6.6356,5.1029
6.7426,0.86765,-1.1911
6.7426,0.98301,-0.94988
6.7426,1.0984,-0.70422
6.7426,1.2137,-0.45317
6.7426,1.3291,-0.19284
6.7426,1.4444,0.067697
6.7426,1.5598,0.32864
6.7426,1.6752,0.59934
6.7426,1.7905,0.85904
6.7426,1.9059,1.1325
6.7426,2.0212,1.4095
6.7426,2.1366,1.6801
6.7426,2.252,1.9258
6.7426,2.3673,2.1514
6.7426,2.4827,2.3592
6.7426,2.598,2.5605
6.7426,2.7134,2.7474
6.7426,2.8288,2.9119
6.7426,2.9441,3.0503
6.7426,3.0595,3.1868
6.7426,3.1748,3.3243
6.7426,3.2902,3.4622
6.7426,3.4056,3.6018
6.7426,3.5209,3.7426
6.7426,3.6363,3.8818
6.7426,3.7516,4.0173
6.7426,3.867,4.1443
6.7426,3.9824,4.2556
6.7426,4.0977,4.3268
6.7426,4.2131,4.3622
6.7426,4.3284,4.3925
6.7426,4.4438,4.4208
6.7426,4.5592,4.45
6.7426,4.6745,4.4846
6.7426,4.7899,4.5227
6.7426,4.9052,4.5629
6.7426,5.0206,4.6006
6.7426,5.136,4.6399
6.7426,5.2513,4.6735
6.7426,5.3667,4.708
6.7426,5.482,4.7464
6.7426,5.5974,4.7841
6.7426,5.7128,4.8022
6.7426,5.8281,4.8389
6.7426,5.9435,4.8781
6.7426,6.0588,4.9176
6.7426,6.1742,4.9577
6.7426,6.2895,4.9906
6.7426,6.4049,5.0235
6.7426,6.5203,5.0574
6.7426,6.6356,5.0974
6.9194,0.86765,-1.2542
6.9194,0.98301,-1.0036
6.9194,1.0984,-0.74776
6.9194,1.2137,-0.48288
6.9194,1.3291,-0.21352
6.9194,1.4444,0.051372
6.9194,1.5598,0.31868
6.9194,1.6752,0.58644
6.9194,1.7905,0.85045
6.9194,1.9059,1.1312
6.9194,2.0212,1.4075
6.9194,2.1366,1.677
6.9194,2.252,1.9178
6.9194,2.3673,2.1487
6.9194,2.4827,2.3633
6.9194,2.598,2.5655
6.9194,2.7134,2.7517
6.9194,2.8288,2.9092
6.9194,2.9441,3.0444
6.9194,3.0595,3.1782
6.9194,3.1748,3.3148
6.9194,3.2902,3.4531
6.9194,3.4056,3.5904
6.9194,3.5209,3.7273
6.9194,3.6363,3.8655
6.9194,3.7516,3.9978
6.9194,3.867,4.1307
6.9194,3.9824,4.2483
6.9194,4.0977,4.3339
6.9194,4.2131,4.3745
6.9194,4.3284,4.4069
6.9194,4.4438,4.4316
6.9194,4.5592,4.4583
6.9194,4.6745,4.4974
6.9194,4.7899,4.5357
6.9194,4.9052,4.5743
6.9194,5.0206,4.6135
6.9194,5.136,4.6541
6.9194,5.2513,4.6864
6.9194,5.3667,4.7203
6.9194,5.482,4.7483
6.9194,5.5974,4.7864
6.9194,5.7128,4.8241
6.9194,5.8281,4.8503
6.9194,5.9435,4.8825
6.9194,6.0588,4.9203
6.9194,6.1742,4.9586
6.9194,6.2895,4.9974
6.9194,6.4049,5.0369
6.9194,6.5203,5.0682
6.9194,6.6356,5.0999
7.0961,0.86765,-1.312
7.0961,0.98301,-1.0517
7.0961,1.0984,-0.78416
7.0961,1.2137,-0.50879
7.0961,1.3291,-0.23301
7.0961,1.4444,0.03502
7.0961,1.5598,0.30769
7.0961,1.6752,0.57344
7.0961,1.7905,0.84761
7.0961,1.9059,1.1286
7.0961,2.0212,1.4039
7.0961,2.1366,1.672
7.0961,2.252,1.9243
7.0961,2.3673,2.1471
7.0961,2.4827,2.3687
7.0961,2.598,2.569
7.0961,2.7134,2.7499
7.0961,2.8288,2.9063
7.0961,2.9441,3.0464
7.0961,3.0595,3.1734
7.0961,3.1748,3.3064
7.0961,3.2902,3.4433
7.0961,3.4056,3.5809
7.0961,3.5209,3.7186
7.0961,3.6363,3.8544
7.0961,3.7516,3.9865
7.0961,3.867,4.1162
7.0961,3.9824,4.2394
7.0961,4.0977,4.3314
7.0961,4.2131,4.3884
7.0961,4.3284,4.4138
7.0961,4.4438,4.4415
7.0961,4.5592,4.4726
7.0961,4.6745,4.5061
7.0961,4.7899,4.5464
7.0961,4.9052,4.5866
7.0961,5.0206,4.6276
7.0961,5.136,4.6657
7.0961,5.2513,4.7044
7.0961,5.3667,4.743
7.0961,5.482,4.7715
7.0961,5.5974,4.8039
7.0961,5.7128,4.8353
7.0961,5.8281,4.8639
7.0961,5.9435,4.8955
7.0961,6.0588,4.9266
7.0961,6.1742,4.963
7.0961,6.2895,4.9998
7.0961,6.4049,5.0374
7.0961,6.5203,5.0756
7.0961,6.6356,5.1146
7.2728,0.86765,-1.3609
7.2728,0.98301,-1.0924
7.2728,1.0984,-0.81319
7.2728,1.2137,-0.53101
7.2728,1.3291,-0.25219
7.2728,1.4444,0.019791
7.2728,1.5598,0.29122
7.2728,1.6752,0.56279
7.2728,1.7905,0.84509
7.2728,1.9059,1.1241
7.2728,2.0212,1.3998
7.2728,2.1366,1.6671
7.2728,2.252,1.9203
7.2728,2.3673,2.1524
7.2728,2.4827,2.3729
7.2728,2.598,2.5702
7.2728,2.7134,2.7407
7.2728,2.8288,2.8931
7.2728,2.9441,3.0395
7.2728,3.0595,3.1686
7.2728,3.1748,3.3008
7.2728,3.2902,3.4344
7.2728,3.4056,3.5707
7.2728,3.5209,3.7073
7.2728,3.6363,3.8445
7.2728,3.7516,3.9793
7.2728,3.867,4.1058
7.2728,3.9824,4.2298
7.2728,4.0977,4.3315
7.2728,4.2131,4.3972
7.2728,4.3284,4.433
7.2728,4.4438,4.4585
7.2728,4.5592,4.4895
7.2728,4.6745,4.5205
7.2728,4.7899,4.5585
7.2728,4.9052,4.5979
7.2728,5.0206,4.6413
7.2728,5.136,4.6832
7.2728,5.2513,4.7233
7.2728,5.3667,4.7546
7.2728,5.482,4.7929
7.2728,5.5974,4.8233
7.2728,5.7128,4.851
7.2728,5.8281,4.8882
7.2728,5.9435,4.9037
7.2728,6.0588,4.939
7.2728,6.1742,4.9713
7.2728,6.2895,5.0028
7.2728,6.4049,5.0298
7.2728,6.5203,5.0654
7.2728,6.6356,5.1018
7.4496,0.86765,-1.402
7.4496,0.98301,-1.1252
7.4496,1.0984,-0.83712
7.4496,1.2137,-0.55027
7.4496,1.3291,-0.27243
7.4496,1.4444,0.0032998
7.4496,1.5598,0.27658
7.4496,1.6752,0.55667
7.4496,1.7905,0.84148
7.4496,1.9059,1.1192
7.4496,2.0212,1.3961
7.4496,2.1366,1.663
7.4496,2.252,1.9141
7.4496,2.3673,2.1522
7.4496,2.4827,2.3729
7.4496,2.598,2.5743
7.4496,2.7134,2.7453
7.4496,2.8288,2.8798
7.4496,2.9441,3.0284
7.4496,3.0595,3.1587
7.4496,3.1748,3.2916
7.4496,3.2902,3.4264
7.4496,3.4056,3.5617
7.4496,3.5209,3.6972
7.4496,3.6363,3.8335
7.4496,3.7516,3.9699
7.4496,3.867,4.097
7.4496,3.9824,4.2212
7.4496,4.0977,4.33
7.4496,4.2131,4.3937
7.4496,4.3284,4.4502
7.4496,4.4438,4.4811
7.4496,4.5592,4.5051
7.4496,4.6745,4.5432
7.4496,4.7899,4.5768
7.4496,4.9052,4.6149
7.4496,5.0206,4.6575
7.4496,5.136,4.7
7.4496,5.2513,4.742
7.4496,5.3667,4.7813
7.4496,5.482,4.805
7.4496,5.5974,4.8412
7.4496,5.7128,4.8741
7.4496,5.8281,4.897
7.4496,5.9435,4.9282
7.4496,6.0588,4.9522
7.4496,6.1742,4.984
7.4496,6.2895,5.0158
7.4496,6.4049,5.0437
7.4496,6.5203,5.0786
7.4496,6.6356,5.1054
7.6263,0.86765,-1.4374
7.6263,0.98301,-1.1505
7.6263,1.0984,-0.85765
7.6263,1.2137,-0.57237
7.6263,1.3291,-0.2952
7.6263,1.4444,-0.014821
7.6263,1.5598,0.26387
7.6263,1.6752,0.55211
7.6263,1.7905,0.83761
7.6263,1.9059,1.1158
7.6263,2.0212,1.3932
7.6263,2.1366,1.6578
7.6263,2.252,1.9096
7.6263,2.3673,2.1493
7.6263,2.4827,2.3687
7.6263,2.598,2.5766
7.6263,2.7134,2.7445
7.6263,2.8288,2.8873
7.6263,2.9441,3.0178
7.6263,3.0595,3.1508
7.6263,3.1748,3.2842
7.6263,3.2902,3.419
7.6263,3.4056,3.5544
7.6263,3.5209,3.6896
7.6263,3.6363,3.824
7.6263,3.7516,3.9576
7.6263,3.867,4.0879
7.6263,3.9824,4.2135
7.6263,4.0977,4.3272
7.6263,4.2131,4.4004
7.6263,4.3284,4.4405
7.6263,4.4438,4.4966
7.6263,4.5592,4.5326
7.6263,4.6745,4.5583
7.6263,4.7899,4.5986
7.6263,4.9052,4.6385
7.6263,5.0206,4.6794
7.6263,5.136,4.7193
7.6263,5.2513,4.7615
7.6263,5.3667,4.8028
7.6263,5.482,4.8362
7.6263,5.5974,4.8624
7.6263,5.7128,4.8933
7.6263,5.8281,4.923
7.6263,5.9435,4.9516
7.6263,6.0588,4.9757
7.6263,6.1742,5.0065
7.6263,6.2895,5.0332
7.6263,6.4049,5.0627
7.6263,6.5203,5.0871
7.6263,6.6356,5.1174
7.803,0.86765,-1.4686
7.803,0.98301,-1.1722
7.803,1.0984,-0.87869
7.803,1.2137,-0.60193
7.803,1.3291,-0.31173
7.803,1.4444,-0.031491
7.803,1.5598,0.25545
7.803,1.6752,0.54818
7.803,1.7905,0.83409
7.803,1.9059,1.113
7.803,2.0212,1.3888
7.803,2.1366,1.6532
7.803,2.252,1.9057
7.803,2.3673,2.1433
7.803,2.4827,2.3631
7.803,2.598,2.5693
7.803,2.7134,2.7369
7.803,2.8288,2.8776
7.803,2.9441,3.0124
7.803,3.0595,3.1507
7.803,3.1748,3.2803
7.803,3.2902,3.4146
7.803,3.4056,3.5496
7.803,3.5209,3.6842
7.803,3.6363,3.8182
7.803,3.7516,3.9508
7.803,3.867,4.0815
7.803,3.9824,4.207
7.803,4.0977,4.3237
7.803,4.2131,4.409
7.803,4.3284,4.4527
7.803,4.4438,4.4979
7.803,4.5592,4.5547
7.803,4.6745,4.5919
7.803,4.7899,4.6202
7.803,4.9052,4.6683
7.803,5.0206,4.7034
7.803,5.136,4.7446
7.803,5.2513,4.7841
7.803,5.3667,4.826
7.803,5.482,4.8649
7.803,5.5974,4.8947
7.803,5.7128,4.9263
7.803,5.8281,4.956
7.803,5.9435,4.9714
7.803,6.0588,4.9986
7.803,6.1742,5.0247
7.803,6.2895,5.0524
7.803,6.4049,5.0804
7.803,6.5203,5.1109
7.803,6.6356,5.1371
7.9798,0.86765,-1.4928
7.9798,0.98301,-1.1914
7.9798,1.0984,-0.91223
7.9798,1.2137,-0.61829
7.9798,1.3291,-0.33208
7.9798,1.4444,-0.04488
7.9798,1.5598,0.25031
7.9798,1.6752,0.54496
7.9798,1.7905,0.83122
7.9798,1.9059,1.1108
7.9798,2.0212,1.3858
7.9798,2.1366,1.6547
7.9798,2.252,1.9022
7.9798,2.3673,2.1351
7.9798,2.4827,2.3687
7.9798,2.598,2.5651
7.9798,2.7134,2.7402
7.9798,2.8288,2.8721
7.9798,2.9441,3.0076
7.9798,3.0595,3.1467
7.9798,3.1748,3.2803
7.9798,3.2902,3.4118
7.9798,3.4056,3.5457
7.9798,3.5209,3.6814
7.9798,3.6363,3.8154
7.9798,3.7516,3.9478
7.9798,3.867,4.0779
7.9798,3.9824,4.2016
7.9798,4.0977,4.3199
7.9798,4.2131,4.4096
7.9798,4.3284,4.4737
7.9798,4.4438,4.5169
7.9798,4.5592,4.5588
7.9798,4.6745,4.6034
7.9798,4.7899,4.645
7.9798,4.9052,4.6859
7.9798,5.0206,4.7314
7.9798,5.136,4.7723
7.9798,5.2513,4.8114
7.9798,5.3667,4.8553
7.9798,5.482,4.8929
7.9798,5.5974,4.929
7.9798,5.7128,4.9612
7.9798,5.8281,4.9918
7.9798,5.9435,5.0142
7.9798,6.0588,5.0317
7.9798,6.1742,5.0517
7.9798,6.2895,5.0708
7.9798,6.4049,5.0982
7.9798,6.5203,5.1263
7.9798,6.6356,5.1554
8.1565,0.86765,-1.513
8.1565,0.98301,-1.228
8.1565,1.0984,-0.93677
8.1565,1.2137,-0.63782
8.1565,1.3291,-0.3488
8.1565,1.4444,-0.052224
8.1565,1.5598,0.24641
8.1565,1.6752,0.54239
8.1565,1.7905,0.82915
8.1565,1.9059,1.1089
8.1565,2.0212,1.3847
8.1565,2.1366,1.6522
8.1565,2.252,1.9006
8.1565,2.3673,2.1283
8.1565,2.4827,2.3591
8.1565,2.598,2.556
8.1565,2.7134,2.7354
8.1565,2.8288,2.8765
8.1565,2.9441,3.0065
8.1565,3.0595,3.1457
8.1565,3.1748,3.28
8.1565,3.2902,3.4113
8.1565,3.4056,3.5442
8.1565,3.5209,3.6775
8.1565,3.6363,3.8109
8.1565,3.7516,3.9443
8.1565,3.867,4.0776
8.1565,3.9824,4.1984
8.1565,4.0977,4.3179
8.1565,4.2131,4.4144
8.1565,4.3284,4.4735
8.1565,4.4438,4.5241
8.1565,4.5592,4.5681
8.1565,4.6745,4.6111
8.1565,4.7899,4.6647
8.1565,4.9052,4.7013
8.1565,5.0206,4.7512
8.1565,5.136,4.795
8.1565,5.2513,4.8397
8.1565,5.3667,4.8823
8.1565,5.482,4.9237
8.1565,5.5974,4.9623
8.1565,5.7128,4.9956
8.1565,5.8281,5.0288
8.1565,5.9435,5.059
8.1565,6.0588,5.0712
8.1565,6.1742,5.0934
8.1565,6.2895,5.0954
8.1565,6.4049,5.1101
8.1565,6.5203,5.134
8.1565,6.6356,5.1589
8.3332,0.86765,-1.5463
8.3332,0.98301,-1.2516
8.3332,1.0984,-0.95086
8.3332,1.2137,-0.65758
8.3332,1.3291,-0.35882
8.3332,1.4444,-0.057661
8.3332,1.5598,0.24346
8.3332,1.6752,0.54037
8.3332,1.7905,0.82827
8.3332,1.9059,1.1106
8.3332,2.0212,1.3833
8.3332,2.1366,1.6487
8.3332,2.252,1.8944
8.3332,2.3673,2.1272
8.3332,2.4827,2.3494
8.3332,2.598,2.552
8.3332,2.7134,2.726
8.3332,2.8288,2.8801
8.3332,2.9441,3.0119
8.3332,3.0595,3.1467
8.3332,3.1748,3.2826
8.3332,3.2902,3.413
8.3332,3.4056,3.5456
8.3332,3.5209,3.6784
8.3332,3.6363,3.8111
8.3332,3.7516,3.9436
8.3332,3.867,4.0759
8.3332,3.9824,4.197
8.3332,4.0977,4.316
8.3332,4.2131,4.4191
8.3332,4.3284,4.4871
8.3332,4.4438,4.5309
8.3332,4.5592,4.5743
8.3332,4.6745,4.6276
8.3332,4.7899,4.6776
8.3332,4.9052,4.7289
8.3332,5.0206,4.7807
8.3332,5.136,4.8255
8.3332,5.2513,4.8718
8.3332,5.3667,4.9158
8.3332,5.482,4.9577
8.3332,5.5974,4.9999
8.3332,5.7128,5.0346
8.3332,5.8281,5.0641
8.3332,5.9435,5.0933
8.3332,6.0588,5.1223
8.3332,6.1742,5.1351
8.3332,6.2895,5.1525
8.3332,6.4049,5.1519
8.3332,6.5203,5.1639
8.3332,6.6356,5.1791
8.51,0.86765,-1.5685
8.51,0.98301,-1.2705
8.51,1.0984,-0.97071
8.51,1.2137,-0.66947
8.51,1.3291,-0.3672
8.51,1.4444,-0.061876
8.51,1.5598,0.2411
8.51,1.6752,0.53873
8.51,1.7905,0.82758
8.51,1.9059,1.11
8.51,2.0212,1.3812
8.51,2.1366,1.6445
8.51,2.252,1.8882
8.51,2.3673,2.1188
8.51,2.4827,2.3409
8.51,2.598,2.5421
8.51,2.7134,2.7178
8.51,2.8288,2.8756
8.51,2.9441,3.0179
8.51,3.0595,3.1515
8.51,3.1748,3.2877
8.51,3.2902,3.4167
8.51,3.4056,3.5491
8.51,3.5209,3.6816
8.51,3.6363,3.8137
8.51,3.7516,3.9454
8.51,3.867,4.0768
8.51,3.9824,4.1925
8.51,4.0977,4.3175
8.51,4.2131,4.4265
8.51,4.3284,4.5044
8.51,4.4438,4.5504
8.51,4.5592,4.5854
8.51,4.6745,4.634
8.51,4.7899,4.6887
8.51,4.9052,4.7386
8.51,5.0206,4.801
8.51,5.136,4.8477
8.51,5.2513,4.9008
8.51,5.3667,4.9512
8.51,5.482,4.9934
8.51,5.5974,5.0363
8.51,5.7128,5.0765
8.51,5.8281,5.1085
8.51,5.9435,5.1354
8.51,6.0588,5.1595
8.51,6.1742,5.1837
8.51,6.2895,5.2017
8.51,6.4049,5.2086
8.51,6.5203,5.2143
8.51,6.6356,5.2236
8.6867,0.86765,-1.5887
8.6867,0.98301,-1.2916
8.6867,1.0984,-0.98423
8.6867,1.2137,-0.67962
8.6867,1.3291,-0.37417
8.6867,1.4444,-0.065307
8.6867,1.5598,0.23905
8.6867,1.6752,0.5374
8.6867,1.7905,0.82703
8.6867,1.9059,1.1091
8.6867,2.0212,1.3785
8.6867,2.1366,1.6398
8.6867,2.252,1.8877
8.6867,2.3673,2.1109
8.6867,2.4827,2.3319
8.6867,2.598,2.5329
8.6867,2.7134,2.7109
8.6867,2.8288,2.8723
8.6867,2.9441,3.0207
8.6867,3.0595,3.1581
8.6867,3.1748,3.2945
8.6867,3.2902,3.4231
8.6867,3.4056,3.5546
8.6867,3.5209,3.6869
8.6867,3.6363,3.8185
8.6867,3.7516,3.9495
8.6867,3.867,4.0801
8.6867,3.9824,4.1979
8.6867,4.0977,4.3157
8.6867,4.2131,4.4282
8.6867,4.3284,4.5233
8.6867,4.4438,4.5807
8.6867,4.5592,4.6176
8.6867,4.6745,4.664
8.6867,4.7899,4.6988
8.6867,4.9052,4.7523
8.6867,5.0206,4.8091
8.6867,5.136,4.8806
8.6867,5.2513,4.9192
8.6867,5.3667,4.9742
8.6867,5.482,5.026
8.6867,5.5974,5.0734
8.6867,5.7128,5.1167
8.6867,5.8281,5.1526
8.6867,5.9435,5.1846
8.6867,6.0588,5.2096
8.6867,6.1742,5.2309
8.6867,6.2895,5.2485
8.6867,6.4049,5.2662
8.6867,6.5203,5.2718
8.6867,6.6356,5.2783
8.8634,0.86765,-1.6116
8.8634,0.98301,-1.3026
8.8634,1.0984,-0.99592
8.8634,1.2137,-0.68829
8.8634,1.3291,-0.37884
8.8634,1.4444,-0.068272
8.8634,1.5598,0.23711
8.8634,1.6752,0.53592
8.8634,1.7905,0.8267
8.8634,1.9059,1.1076
8.8634,2.0212,1.3754
8.8634,2.1366,1.635
8.8634,2.252,1.8814
8.8634,2.3673,2.1057
8.8634,2.4827,2.324
8.8634,2.598,2.526
8.8634,2.7134,2.7082
8.8634,2.8288,2.8703
8.8634,2.9441,3.0225
8.8634,3.0595,3.1647
8.8634,3.1748,3.3018
8.8634,3.2902,3.4332
8.8634,3.4056,3.5615
8.8634,3.5209,3.6938
8.8634,3.6363,3.8253
8.8634,3.7516,3.9558
8.8634,3.867,4.0857
8.8634,3.9824,4.2071
8.8634,4.0977,4.3178
8.8634,4.2131,4.4337
8.8634,4.3284,4.5281
8.8634,4.4438,4.6098
8.8634,4.5592,4.6542
8.8634,4.6745,4.6876
8.8634,4.7899,4.741
8.8634,4.9052,4.7755
8.8634,5.0206,4.8215
8.8634,5.136,4.9194
8.8634,5.2513,4.9627
8.8634,5.3667,5.0085
8.8634,5.482,5.0561
8.8634,5.5974,5.1079
8.8634,5.7128,5.1588
8.8634,5.8281,5.2017
8.8634,5.9435,5.2343
8.8634,6.0588,5.262
8.8634,6.1742,5.2852
8.8634,6.2895,5.3049
8.8634,6.4049,5.3169
8.8634,6.5203,5.3238
8.8634,6.6356,5.3363
