0.38021,3.703,-0.51537
0.38021,5.1032,-0.27741
0.38021,6.5034,-0.03759
0.38021,7.9036,0.20896
0.38021,9.3038,0.47073
0.38021,10.704,0.74066
0.38021,12.104,0.95972
0.38021,13.504,1.2221
0.38021,14.905,1.5308
0.38021,16.305,1.8632
0.38021,17.705,2.2014
0.38021,19.105,2.3677
0.38021,20.505,2.3079
0.38021,21.905,2.1571
0.38021,23.306,2.1388
0.38021,24.706,2.1846
0.38021,26.106,2.2366
0.38021,27.506,2.3113
0.38021,28.906,2.3781
0.38021,30.307,2.454
0.38021,31.707,2.5354
0.38021,33.107,2.6193
0.38021,34.507,2.6996
0.38021,35.907,2.7578
0.38021,37.308,2.8016
0.38021,38.708,2.8515
0.38021,40.108,2.9181
0.38021,41.508,2.9998
0.38021,42.908,3.0866
0.38021,44.309,3.1703
0.38021,45.709,3.2568
0.38021,47.109,3.3438
0.38021,48.509,3.4284
0.38021,49.909,3.5109
0.38021,51.309,3.5923
0.38021,52.71,3.6732
0.38021,54.11,3.7539
0.38021,55.51,3.8349
0.38021,56.91,3.9162
0.38021,58.31,3.998
0.38021,59.711,4.0806
0.38021,61.111,4.1637
0.38021,62.511,4.2474
0.38021,63.911,4.3317
0.38021,65.311,4.4164
0.38021,66.712,4.5015
0.38021,68.112,4.5869
0.38021,69.512,4.6726
0.38021,70.912,4.7586
0.38021,72.312,4.8448
0.38021,73.712,4.9311
0.49302,3.703,-0.54215
0.49302,5.1032,-0.30426
0.49302,6.5034,-0.064976
0.49302,7.9036,0.18038
0.49302,9.3038,0.44019
0.49302,10.704,0.70595
0.49302,12.104,0.92429
0.49302,13.504,1.1927
0.49302,14.905,1.5025
0.49302,16.305,1.8355
0.49302,17.705,2.1671
0.49302,19.105,2.3383
0.49302,20.505,2.2875
0.49302,21.905,2.1475
0.49302,23.306,2.1366
0.49302,24.706,2.1857
0.49302,26.106,2.2406
0.49302,27.506,2.3194
0.49302,28.906,2.39
0.49302,30.307,2.4673
0.49302,31.707,2.5488
0.49302,33.107,2.6325
0.49302,34.507,2.7131
0.49302,35.907,2.7721
0.49302,37.308,2.8169
0.49302,38.708,2.8677
0.49302,40.108,2.935
0.49302,41.508,3.017
0.49302,42.908,3.104
0.49302,44.309,3.1878
0.49302,45.709,3.2745
0.49302,47.109,3.3617
0.49302,48.509,3.4464
0.49302,49.909,3.5291
0.49302,51.309,3.6107
0.49302,52.71,3.6918
0.49302,54.11,3.7728
0.49302,55.51,3.8538
0.49302,56.91,3.9353
0.49302,58.31,4.0174
0.49302,59.711,4.1
0.49302,61.111,4.1833
0.49302,62.511,4.2672
0.49302,63.911,4.3516
0.49302,65.311,4.4364
0.49302,66.712,4.5216
0.49302,68.112,4.6071
0.49302,69.512,4.6929
0.49302,70.912,4.779
0.49302,72.312,4.8653
0.49302,73.712,4.9517
0.60583,3.703,-0.56882
0.60583,5.1032,-0.33075
0.60583,6.5034,-0.092187
0.60583,7.9036,0.15203
0.60583,9.3038,0.40995
0.60583,10.704,0.67159
0.60583,12.104,0.88998
0.60583,13.504,1.1638
0.60583,14.905,1.4745
0.60583,16.305,1.8081
0.60583,17.705,2.1333
0.60583,19.105,2.309
0.60583,20.505,2.267
0.60583,21.905,2.1379
0.60583,23.306,2.1343
0.60583,24.706,2.1869
0.60583,26.106,2.2452
0.60583,27.506,2.3276
0.60583,28.906,2.402
0.60583,30.307,2.4805
0.60583,31.707,2.5622
0.60583,33.107,2.6458
0.60583,34.507,2.7266
0.60583,35.907,2.7864
0.60583,37.308,2.8323
0.60583,38.708,2.884
0.60583,40.108,2.9519
0.60583,41.508,3.0342
0.60583,42.908,3.1213
0.60583,44.309,3.2054
0.60583,45.709,3.2922
0.60583,47.109,3.3795
0.60583,48.509,3.4644
0.60583,49.909,3.5473
0.60583,51.309,3.6292
0.60583,52.71,3.7104
0.60583,54.11,3.7916
0.60583,55.51,3.8728
0.60583,56.91,3.9545
0.60583,58.31,4.0367
0.60583,59.711,4.1195
0.60583,61.111,4.2029
0.60583,62.511,4.2869
0.60583,63.911,4.3714
0.60583,65.311,4.4564
0.60583,66.712,4.5416
0.60583,68.112,4.6272
0.60583,69.512,4.7132
0.60583,70.912,4.7994
0.60583,72.312,4.8858
0.60583,73.712,4.9723
0.71864,3.703,-0.59539
0.71864,5.1032,-0.35715
0.71864,6.5034,-0.11943
0.71864,7.9036,0.12389
0.71864,9.3038,0.38
0.71864,10.704,0.63758
0.71864,12.104,0.85674
0.71864,13.504,1.1354
0.71864,14.905,1.4468
0.71864,16.305,1.7809
0.71864,17.705,2.1
0.71864,19.105,2.28
0.71864,20.505,2.2465
0.71864,21.905,2.1284
0.71864,23.306,2.1319
0.71864,24.706,2.1881
0.71864,26.106,2.2513
0.71864,27.506,2.3359
0.71864,28.906,2.414
0.71864,30.307,2.4938
0.71864,31.707,2.5756
0.71864,33.107,2.6591
0.71864,34.507,2.7401
0.71864,35.907,2.8008
0.71864,37.308,2.8478
0.71864,38.708,2.9003
0.71864,40.108,2.9689
0.71864,41.508,3.0515
0.71864,42.908,3.1387
0.71864,44.309,3.223
0.71864,45.709,3.31
0.71864,47.109,3.3974
0.71864,48.509,3.4824
0.71864,49.909,3.5656
0.71864,51.309,3.6476
0.71864,52.71,3.7291
0.71864,54.11,3.8104
0.71864,55.51,3.8918
0.71864,56.91,3.9737
0.71864,58.31,4.056
0.71864,59.711,4.139
0.71864,61.111,4.2225
0.71864,62.511,4.3067
0.71864,63.911,4.3913
0.71864,65.311,4.4763
0.71864,66.712,4.5617
0.71864,68.112,4.6474
0.71864,69.512,4.7335
0.71864,70.912,4.8198
0.71864,72.312,4.9063
0.71864,73.712,4.9929
0.83145,3.703,-0.62186
0.83145,5.1032,-0.38393
0.83145,6.5034,-0.1466
0.83145,7.9036,0.095986
0.83145,9.3038,0.35036
0.83145,10.704,0.60393
0.83145,12.104,0.8245
0.83145,13.504,1.1075
0.83145,14.905,1.4194
0.83145,16.305,1.7539
0.83145,17.705,2.0672
0.83145,19.105,2.2512
0.83145,20.505,2.226
0.83145,21.905,2.1188
0.83145,23.306,2.1294
0.83145,24.706,2.1892
0.83145,26.106,2.2574
0.83145,27.506,2.3443
0.83145,28.906,2.4257
0.83145,30.307,2.5071
0.83145,31.707,2.5891
0.83145,33.107,2.6723
0.83145,34.507,2.7537
0.83145,35.907,2.8151
0.83145,37.308,2.8633
0.83145,38.708,2.9166
0.83145,40.108,2.9859
0.83145,41.508,3.0687
0.83145,42.908,3.1561
0.83145,44.309,3.2407
0.83145,45.709,3.3278
0.83145,47.109,3.4153
0.83145,48.509,3.5005
0.83145,49.909,3.5838
0.83145,51.309,3.666
0.83145,52.71,3.7477
0.83145,54.11,3.8292
0.83145,55.51,3.9108
0.83145,56.91,3.9928
0.83145,58.31,4.0754
0.83145,59.711,4.1585
0.83145,61.111,4.2422
0.83145,62.511,4.3264
0.83145,63.911,4.4112
0.83145,65.311,4.4963
0.83145,66.712,4.5818
0.83145,68.112,4.6676
0.83145,69.512,4.7538
0.83145,70.912,4.8402
0.83145,72.312,4.9268
0.83145,73.712,5.0136
0.94425,3.703,-0.64823
0.94425,5.1032,-0.41056
0.94425,6.5034,-0.17352
0.94425,7.9036,0.068302
0.94425,9.3038,0.32101
0.94425,10.704,0.57065
0.94425,12.104,0.79321
0.94425,13.504,1.08
0.94425,14.905,1.3924
0.94425,16.305,1.7273
0.94425,17.705,2.0349
0.94425,19.105,2.2226
0.94425,20.505,2.2054
0.94425,21.905,2.1092
0.94425,23.306,2.1267
0.94425,24.706,2.1904
0.94425,26.106,2.2635
0.94425,27.506,2.3528
0.94425,28.906,2.4372
0.94425,30.307,2.5204
0.94425,31.707,2.6025
0.94425,33.107,2.6856
0.94425,34.507,2.7673
0.94425,35.907,2.8295
0.94425,37.308,2.8788
0.94425,38.708,2.9329
0.94425,40.108,3.0028
0.94425,41.508,3.086
0.94425,42.908,3.1735
0.94425,44.309,3.2583
0.94425,45.709,3.3455
0.94425,47.109,3.4331
0.94425,48.509,3.5185
0.94425,49.909,3.6021
0.94425,51.309,3.6845
0.94425,52.71,3.7664
0.94425,54.11,3.848
0.94425,55.51,3.9299
0.94425,56.91,4.012
0.94425,58.31,4.0947
0.94425,59.711,4.178
0.94425,61.111,4.2618
0.94425,62.511,4.3462
0.94425,63.911,4.4311
0.94425,65.311,4.5163
0.94425,66.712,4.6019
0.94425,68.112,4.6879
0.94425,69.512,4.7741
0.94425,70.912,4.8606
0.94425,72.312,4.9473
0.94425,73.712,5.0342
1.0571,3.703,-0.67449
1.0571,5.1032,-0.43706
1.0571,6.5034,-0.20002
1.0571,7.9036,0.04084
1.0571,9.3038,0.29195
1.0571,10.704,0.53772
1.0571,12.104,0.7628
1.0571,13.504,1.0529
1.0571,14.905,1.3656
1.0571,16.305,1.7008
1.0571,17.705,2.003
1.0571,19.105,2.1942
1.0571,20.505,2.1837
1.0571,21.905,2.0996
1.0571,23.306,2.124
1.0571,24.706,2.1916
1.0571,26.106,2.2696
1.0571,27.506,2.3613
1.0571,28.906,2.4487
1.0571,30.307,2.5338
1.0571,31.707,2.616
1.0571,33.107,2.6989
1.0571,34.507,2.7809
1.0571,35.907,2.8438
1.0571,37.308,2.8942
1.0571,38.708,2.9492
1.0571,40.108,3.0198
1.0571,41.508,3.1033
1.0571,42.908,3.1909
1.0571,44.309,3.276
1.0571,45.709,3.3633
1.0571,47.109,3.451
1.0571,48.509,3.5366
1.0571,49.909,3.6203
1.0571,51.309,3.7029
1.0571,52.71,3.785
1.0571,54.11,3.8669
1.0571,55.51,3.9489
1.0571,56.91,4.0312
1.0571,58.31,4.1141
1.0571,59.711,4.1975
1.0571,61.111,4.2814
1.0571,62.511,4.3659
1.0571,63.911,4.4509
1.0571,65.311,4.5363
1.0571,66.712,4.622
1.0571,68.112,4.7081
1.0571,69.512,4.7944
1.0571,70.912,4.881
1.0571,72.312,4.9678
1.0571,73.712,5.0548
1.1699,3.703,-0.70066
1.1699,5.1032,-0.46342
1.1699,6.5034,-0.22662
1.1699,7.9036,0.013598
1.1699,9.3038,0.26319
1.1699,10.704,0.50516
1.1699,12.104,0.73323
1.1699,13.504,1.0262
1.1699,14.905,1.3391
1.1699,16.305,1.6746
1.1699,17.705,1.9715
1.1699,19.105,2.166
1.1699,20.505,2.1618
1.1699,21.905,2.09
1.1699,23.306,2.1212
1.1699,24.706,2.1929
1.1699,26.106,2.2757
1.1699,27.506,2.3705
1.1699,28.906,2.4603
1.1699,30.307,2.5471
1.1699,31.707,2.6295
1.1699,33.107,2.7123
1.1699,34.507,2.7944
1.1699,35.907,2.8582
1.1699,37.308,2.9097
1.1699,38.708,2.9655
1.1699,40.108,3.0368
1.1699,41.508,3.1206
1.1699,42.908,3.2083
1.1699,44.309,3.2936
1.1699,45.709,3.3811
1.1699,47.109,3.469
1.1699,48.509,3.5547
1.1699,49.909,3.6386
1.1699,51.309,3.7214
1.1699,52.71,3.8037
1.1699,54.11,3.8857
1.1699,55.51,3.9679
1.1699,56.91,4.0504
1.1699,58.31,4.1334
1.1699,59.711,4.217
1.1699,61.111,4.3011
1.1699,62.511,4.3857
1.1699,63.911,4.4708
1.1699,65.311,4.5563
1.1699,66.712,4.6421
1.1699,68.112,4.7283
1.1699,69.512,4.8147
1.1699,70.912,4.9014
1.1699,72.312,4.9884
1.1699,73.712,5.0754
1.2827,3.703,-0.72658
1.2827,5.1032,-0.48964
1.2827,6.5034,-0.25317
1.2827,7.9036,-0.013572
1.2827,9.3038,0.23472
1.2827,10.704,0.47298
1.2827,12.104,0.70441
1.2827,13.504,0.99979
1.2827,14.905,1.3129
1.2827,16.305,1.6486
1.2827,17.705,1.9405
1.2827,19.105,2.1381
1.2827,20.505,2.1423
1.2827,21.905,2.0804
1.2827,23.306,2.1183
1.2827,24.706,2.1941
1.2827,26.106,2.2819
1.2827,27.506,2.38
1.2827,28.906,2.472
1.2827,30.307,2.5604
1.2827,31.707,2.643
1.2827,33.107,2.7256
1.2827,34.507,2.808
1.2827,35.907,2.8725
1.2827,37.308,2.9253
1.2827,38.708,2.9819
1.2827,40.108,3.0538
1.2827,41.508,3.1379
1.2827,42.908,3.2258
1.2827,44.309,3.3113
1.2827,45.709,3.399
1.2827,47.109,3.4869
1.2827,48.509,3.5728
1.2827,49.909,3.6569
1.2827,51.309,3.7399
1.2827,52.71,3.8223
1.2827,54.11,3.9046
1.2827,55.51,3.9869
1.2827,56.91,4.0696
1.2827,58.31,4.1528
1.2827,59.711,4.2365
1.2827,61.111,4.3207
1.2827,62.511,4.4055
1.2827,63.911,4.4907
1.2827,65.311,4.5763
1.2827,66.712,4.6623
1.2827,68.112,4.7485
1.2827,69.512,4.8351
1.2827,70.912,4.9219
1.2827,72.312,5.0089
1.2827,73.712,5.096
1.3955,3.703,-0.75237
1.3955,5.1032,-0.51564
1.3955,6.5034,-0.27953
1.3955,7.9036,-0.040487
1.3955,9.3038,0.20653
1.3955,10.704,0.44118
1.3955,12.104,0.67631
1.3955,13.504,0.97375
1.3955,14.905,1.2869
1.3955,16.305,1.6229
1.3955,17.705,1.9099
1.3955,19.105,2.1103
1.3955,20.505,2.1226
1.3955,21.905,2.0708
1.3955,23.306,2.1145
1.3955,24.706,2.1953
1.3955,26.106,2.288
1.3955,27.506,2.3895
1.3955,28.906,2.4838
1.3955,30.307,2.5738
1.3955,31.707,2.6565
1.3955,33.107,2.7389
1.3955,34.507,2.8216
1.3955,35.907,2.8869
1.3955,37.308,2.9408
1.3955,38.708,2.9982
1.3955,40.108,3.0709
1.3955,41.508,3.1553
1.3955,42.908,3.2432
1.3955,44.309,3.329
1.3955,45.709,3.4168
1.3955,47.109,3.5048
1.3955,48.509,3.5909
1.3955,49.909,3.6752
1.3955,51.309,3.7584
1.3955,52.71,3.841
1.3955,54.11,3.9235
1.3955,55.51,4.006
1.3955,56.91,4.0888
1.3955,58.31,4.1721
1.3955,59.711,4.256
1.3955,61.111,4.3404
1.3955,62.511,4.4253
1.3955,63.911,4.5106
1.3955,65.311,4.5963
1.3955,66.712,4.6824
1.3955,68.112,4.7687
1.3955,69.512,4.8554
1.3955,70.912,4.9423
1.3955,72.312,5.0294
1.3955,73.712,5.1167
1.5083,3.703,-0.77806
1.5083,5.1032,-0.54143
1.5083,6.5034,-0.30569
1.5083,7.9036,-0.06709
1.5083,9.3038,0.17863
1.5083,10.704,0.41023
1.5083,12.104,0.64885
1.5083,13.504,0.94802
1.5083,14.905,1.2612
1.5083,16.305,1.5974
1.5083,17.705,1.8797
1.5083,19.105,2.0817
1.5083,20.505,2.1023
1.5083,21.905,2.0612
1.5083,23.306,2.1103
1.5083,24.706,2.1966
1.5083,26.106,2.2941
1.5083,27.506,2.399
1.5083,28.906,2.4956
1.5083,30.307,2.5872
1.5083,31.707,2.6701
1.5083,33.107,2.7522
1.5083,34.507,2.8351
1.5083,35.907,2.9012
1.5083,37.308,2.9563
1.5083,38.708,3.0146
1.5083,40.108,3.0879
1.5083,41.508,3.1726
1.5083,42.908,3.2607
1.5083,44.309,3.3468
1.5083,45.709,3.4346
1.5083,47.109,3.5228
1.5083,48.509,3.609
1.5083,49.909,3.6935
1.5083,51.309,3.7769
1.5083,52.71,3.8597
1.5083,54.11,3.9423
1.5083,55.51,4.025
1.5083,56.91,4.1081
1.5083,58.31,4.1915
1.5083,59.711,4.2755
1.5083,61.111,4.3601
1.5083,62.511,4.4451
1.5083,63.911,4.5305
1.5083,65.311,4.6164
1.5083,66.712,4.7025
1.5083,68.112,4.789
1.5083,69.512,4.8757
1.5083,70.912,4.9627
1.5083,72.312,5.05
1.5083,73.712,5.1373
1.6211,3.703,-0.80366
1.6211,5.1032,-0.56709
1.6211,6.5034,-0.33158
1.6211,7.9036,-0.093563
1.6211,9.3038,0.15101
1.6211,10.704,0.37934
1.6211,12.104,0.62199
1.6211,13.504,0.92257
1.6211,14.905,1.2357
1.6211,16.305,1.5721
1.6211,17.705,1.8499
1.6211,19.105,2.0515
1.6211,20.505,2.0817
1.6211,21.905,2.0516
1.6211,23.306,2.1061
1.6211,24.706,2.1978
1.6211,26.106,2.3002
1.6211,27.506,2.4085
1.6211,28.906,2.5075
1.6211,30.307,2.6005
1.6211,31.707,2.6836
1.6211,33.107,2.7656
1.6211,34.507,2.8486
1.6211,35.907,2.9156
1.6211,37.308,2.9718
1.6211,38.708,3.031
1.6211,40.108,3.105
1.6211,41.508,3.19
1.6211,42.908,3.2782
1.6211,44.309,3.3645
1.6211,45.709,3.4525
1.6211,47.109,3.5408
1.6211,48.509,3.6271
1.6211,49.909,3.7118
1.6211,51.309,3.7954
1.6211,52.71,3.8784
1.6211,54.11,3.9612
1.6211,55.51,4.0441
1.6211,56.91,4.1273
1.6211,58.31,4.2109
1.6211,59.711,4.2951
1.6211,61.111,4.3797
1.6211,62.511,4.4649
1.6211,63.911,4.5504
1.6211,65.311,4.6364
1.6211,66.712,4.7226
1.6211,68.112,4.8092
1.6211,69.512,4.8961
1.6211,70.912,4.9832
1.6211,72.312,5.0705
1.6211,73.712,5.158
1.7339,3.703,-0.82916
1.7339,5.1032,-0.59263
1.7339,6.5034,-0.35729
1.7339,7.9036,-0.11975
1.7339,9.3038,0.12365
1.7339,10.704,0.34883
1.7339,12.104,0.59567
1.7339,13.504,0.89739
1.7339,14.905,1.2104
1.7339,16.305,1.5471
1.7339,17.705,1.8205
1.7339,19.105,2.0217
1.7339,20.505,2.0611
1.7339,21.905,2.0419
1.7339,23.306,2.1019
1.7339,24.706,2.1991
1.7339,26.106,2.3063
1.7339,27.506,2.418
1.7339,28.906,2.5195
1.7339,30.307,2.6139
1.7339,31.707,2.6972
1.7339,33.107,2.7789
1.7339,34.507,2.8621
1.7339,35.907,2.9299
1.7339,37.308,2.9873
1.7339,38.708,3.0474
1.7339,40.108,3.122
1.7339,41.508,3.2073
1.7339,42.908,3.2957
1.7339,44.309,3.3823
1.7339,45.709,3.4704
1.7339,47.109,3.5588
1.7339,48.509,3.6453
1.7339,49.909,3.7301
1.7339,51.309,3.8139
1.7339,52.71,3.8971
1.7339,54.11,3.9801
1.7339,55.51,4.0632
1.7339,56.91,4.1465
1.7339,58.31,4.2303
1.7339,59.711,4.3146
1.7339,61.111,4.3994
1.7339,62.511,4.4847
1.7339,63.911,4.5704
1.7339,65.311,4.6564
1.7339,66.712,4.7428
1.7339,68.112,4.8294
1.7339,69.512,4.9164
1.7339,70.912,5.0036
1.7339,72.312,5.0911
1.7339,73.712,5.1786
1.8467,3.703,-0.85456
1.8467,5.1032,-0.61803
1.8467,6.5034,-0.38282
1.8467,7.9036,-0.14569
1.8467,9.3038,0.096592
1.8467,10.704,0.31869
1.8467,12.104,0.56985
1.8467,13.504,0.87245
1.8467,14.905,1.1853
1.8467,16.305,1.5222
1.8467,17.705,1.7915
1.8467,19.105,1.9924
1.8467,20.505,2.0405
1.8467,21.905,2.0323
1.8467,23.306,2.0978
1.8467,24.706,2.2004
1.8467,26.106,2.3123
1.8467,27.506,2.4275
1.8467,28.906,2.5315
1.8467,30.307,2.6272
1.8467,31.707,2.7107
1.8467,33.107,2.7922
1.8467,34.507,2.8756
1.8467,35.907,2.9442
1.8467,37.308,3.0029
1.8467,38.708,3.0638
1.8467,40.108,3.1391
1.8467,41.508,3.2247
1.8467,42.908,3.3132
1.8467,44.309,3.4
1.8467,45.709,3.4883
1.8467,47.109,3.5768
1.8467,48.509,3.6634
1.8467,49.909,3.7484
1.8467,51.309,3.8324
1.8467,52.71,3.9158
1.8467,54.11,3.999
1.8467,55.51,4.0822
1.8467,56.91,4.1658
1.8467,58.31,4.2497
1.8467,59.711,4.3342
1.8467,61.111,4.4191
1.8467,62.511,4.5045
1.8467,63.911,4.5903
1.8467,65.311,4.6765
1.8467,66.712,4.7629
1.8467,68.112,4.8497
1.8467,69.512,4.9368
1.8467,70.912,5.0241
1.8467,72.312,5.1116
1.8467,73.712,5.1992
1.9595,3.703,-0.87986
1.9595,5.1032,-0.64332
1.9595,6.5034,-0.40819
1.9595,7.9036,-0.17139
1.9595,9.3038,0.069862
1.9595,10.704,0.28893
1.9595,12.104,0.54448
1.9595,13.504,0.84773
1.9595,14.905,1.1604
1.9595,16.305,1.4976
1.9595,17.705,1.7628
1.9595,19.105,1.9634
1.9595,20.505,2.0199
1.9595,21.905,2.0226
1.9595,23.306,2.0937
1.9595,24.706,2.2017
1.9595,26.106,2.3184
1.9595,27.506,2.437
1.9595,28.906,2.5437
1.9595,30.307,2.6406
1.9595,31.707,2.7243
1.9595,33.107,2.8055
1.9595,34.507,2.8891
1.9595,35.907,2.9586
1.9595,37.308,3.0184
1.9595,38.708,3.0802
1.9595,40.108,3.1562
1.9595,41.508,3.2422
1.9595,42.908,3.3308
1.9595,44.309,3.4178
1.9595,45.709,3.5062
1.9595,47.109,3.5948
1.9595,48.509,3.6816
1.9595,49.909,3.7668
1.9595,51.309,3.8509
1.9595,52.71,3.9345
1.9595,54.11,4.0179
1.9595,55.51,4.1013
1.9595,56.91,4.185
1.9595,58.31,4.2691
1.9595,59.711,4.3537
1.9595,61.111,4.4388
1.9595,62.511,4.5243
1.9595,63.911,4.6102
1.9595,65.311,4.6965
1.9595,66.712,4.7831
1.9595,68.112,4.8699
1.9595,69.512,4.9571
1.9595,70.912,5.0445
1.9595,72.312,5.1322
1.9595,73.712,5.2199
2.0723,3.703,-0.90506
2.0723,5.1032,-0.66848
2.0723,6.5034,-0.43338
2.0723,7.9036,-0.19686
2.0723,9.3038,0.043454
2.0723,10.704,0.25955
2.0723,12.104,0.51952
2.0723,13.504,0.82323
2.0723,14.905,1.1357
2.0723,16.305,1.4731
2.0723,17.705,1.7344
2.0723,19.105,1.9347
2.0723,20.505,1.9994
2.0723,21.905,2.0129
2.0723,23.306,2.0897
2.0723,24.706,2.203
2.0723,26.106,2.3244
2.0723,27.506,2.4466
2.0723,28.906,2.5558
2.0723,30.307,2.6539
2.0723,31.707,2.7379
2.0723,33.107,2.8188
2.0723,34.507,2.9026
2.0723,35.907,2.9729
2.0723,37.308,3.0337
2.0723,38.708,3.0967
2.0723,40.108,3.1733
2.0723,41.508,3.2596
2.0723,42.908,3.3483
2.0723,44.309,3.4357
2.0723,45.709,3.5241
2.0723,47.109,3.6128
2.0723,48.509,3.6998
2.0723,49.909,3.7851
2.0723,51.309,3.8695
2.0723,52.71,3.9533
2.0723,54.11,4.0368
2.0723,55.51,4.1204
2.0723,56.91,4.2043
2.0723,58.31,4.2885
2.0723,59.711,4.3733
2.0723,61.111,4.4585
2.0723,62.511,4.5441
2.0723,63.911,4.6302
2.0723,65.311,4.7165
2.0723,66.712,4.8032
2.0723,68.112,4.8902
2.0723,69.512,4.9775
2.0723,70.912,5.065
2.0723,72.312,5.1527
2.0723,73.712,5.2405
2.1851,3.703,-0.93017
2.1851,5.1032,-0.69352
2.1851,6.5034,-0.45841
2.1851,7.9036,-0.22209
2.1851,9.3038,0.017363
2.1851,10.704,0.23056
2.1851,12.104,0.49492
2.1851,13.504,0.79891
2.1851,14.905,1.1111
2.1851,16.305,1.4489
2.1851,17.705,1.7064
2.1851,19.105,1.9065
2.1851,20.505,1.9788
2.1851,21.905,2.0032
2.1851,23.306,2.0857
2.1851,24.706,2.2043
2.1851,26.106,2.3304
2.1851,27.506,2.4561
2.1851,28.906,2.5681
2.1851,30.307,2.6673
2.1851,31.707,2.7515
2.1851,33.107,2.832
2.1851,34.507,2.9161
2.1851,35.907,2.9873
2.1851,37.308,3.0491
2.1851,38.708,3.1131
2.1851,40.108,3.1904
2.1851,41.508,3.277
2.1851,42.908,3.3659
2.1851,44.309,3.4535
2.1851,45.709,3.5421
2.1851,47.109,3.6308
2.1851,48.509,3.718
2.1851,49.909,3.8035
2.1851,51.309,3.888
2.1851,52.71,3.972
2.1851,54.11,4.0557
2.1851,55.51,4.1395
2.1851,56.91,4.2235
2.1851,58.31,4.308
2.1851,59.711,4.3929
2.1851,61.111,4.4782
2.1851,62.511,4.564
2.1851,63.911,4.6501
2.1851,65.311,4.7366
2.1851,66.712,4.8234
2.1851,68.112,4.9105
2.1851,69.512,4.9978
2.1851,70.912,5.0855
2.1851,72.312,5.1733
2.1851,73.712,5.2612
2.298,3.703,-0.95519
2.298,5.1032,-0.71843
2.298,6.5034,-0.48328
2.298,7.9036,-0.2471
2.298,9.3038,-0.0084177
2.298,10.704,0.20251
2.298,12.104,0.47066
2.298,13.504,0.77478
2.298,14.905,1.0867
2.298,16.305,1.4249
2.298,17.705,1.6787
2.298,19.105,1.8786
2.298,20.505,1.958
2.298,21.905,1.9935
2.298,23.306,2.0818
2.298,24.706,2.2056
2.298,26.106,2.3363
2.298,27.506,2.4656
2.298,28.906,2.5804
2.298,30.307,2.6806
2.298,31.707,2.7651
2.298,33.107,2.8453
2.298,34.507,2.9296
2.298,35.907,3.0016
2.298,37.308,3.0644
2.298,38.708,3.1296
2.298,40.108,3.2075
2.298,41.508,3.2945
2.298,42.908,3.3835
2.298,44.309,3.4713
2.298,45.709,3.56
2.298,47.109,3.6489
2.298,48.509,3.7362
2.298,49.909,3.8219
2.298,51.309,3.9066
2.298,52.71,3.9907
2.298,54.11,4.0747
2.298,55.51,4.1586
2.298,56.91,4.2428
2.298,58.31,4.3274
2.298,59.711,4.4124
2.298,61.111,4.4979
2.298,62.511,4.5838
2.298,63.911,4.6701
2.298,65.311,4.7567
2.298,66.712,4.8436
2.298,68.112,4.9307
2.298,69.512,5.0182
2.298,70.912,5.1059
2.298,72.312,5.1939
2.298,73.712,5.2819
2.4108,3.703,-0.9801
2.4108,5.1032,-0.74323
2.4108,6.5034,-0.50797
2.4108,7.9036,-0.27189
2.4108,9.3038,-0.033891
2.4108,10.704,0.17554
2.4108,12.104,0.44671
2.4108,13.504,0.75082
2.4108,14.905,1.0624
2.4108,16.305,1.4007
2.4108,17.705,1.6513
2.4108,19.105,1.851
2.4108,20.505,1.9375
2.4108,21.905,1.9838
2.4108,23.306,2.0779
2.4108,24.706,2.207
2.4108,26.106,2.3422
2.4108,27.506,2.4751
2.4108,28.906,2.5928
2.4108,30.307,2.6939
2.4108,31.707,2.7787
2.4108,33.107,2.8585
2.4108,34.507,2.943
2.4108,35.907,3.016
2.4108,37.308,3.0798
2.4108,38.708,3.146
2.4108,40.108,3.2247
2.4108,41.508,3.3119
2.4108,42.908,3.4011
2.4108,44.309,3.4892
2.4108,45.709,3.578
2.4108,47.109,3.667
2.4108,48.509,3.7544
2.4108,49.909,3.8403
2.4108,51.309,3.9252
2.4108,52.71,4.0095
2.4108,54.11,4.0936
2.4108,55.51,4.1777
2.4108,56.91,4.2621
2.4108,58.31,4.3469
2.4108,59.711,4.432
2.4108,61.111,4.5176
2.4108,62.511,4.6036
2.4108,63.911,4.69
2.4108,65.311,4.7767
2.4108,66.712,4.8637
2.4108,68.112,4.951
2.4108,69.512,5.0386
2.4108,70.912,5.1264
2.4108,72.312,5.2144
2.4108,73.712,5.3025
2.5236,3.703,-1.0049
2.5236,5.1032,-0.7679
2.5236,6.5034,-0.53251
2.5236,7.9036,-0.29645
2.5236,9.3038,-0.05906
2.5236,10.704,0.14909
2.5236,12.104,0.42305
2.5236,13.504,0.72701
2.5236,14.905,1.0383
2.5236,16.305,1.3768
2.5236,17.705,1.6242
2.5236,19.105,1.8238
2.5236,20.505,1.9171
2.5236,21.905,1.9741
2.5236,23.306,2.0741
2.5236,24.706,2.2083
2.5236,26.106,2.3481
2.5236,27.506,2.4847
2.5236,28.906,2.6052
2.5236,30.307,2.7072
2.5236,31.707,2.7921
2.5236,33.107,2.8718
2.5236,34.507,2.9565
2.5236,35.907,3.0303
2.5236,37.308,3.0952
2.5236,38.708,3.1625
2.5236,40.108,3.2418
2.5236,41.508,3.3294
2.5236,42.908,3.4187
2.5236,44.309,3.5071
2.5236,45.709,3.596
2.5236,47.109,3.685
2.5236,48.509,3.7726
2.5236,49.909,3.8587
2.5236,51.309,3.9438
2.5236,52.71,4.0283
2.5236,54.11,4.1126
2.5236,55.51,4.1969
2.5236,56.91,4.2814
2.5236,58.31,4.3663
2.5236,59.711,4.4516
2.5236,61.111,4.5374
2.5236,62.511,4.6235
2.5236,63.911,4.71
2.5236,65.311,4.7968
2.5236,66.712,4.8839
2.5236,68.112,4.9713
2.5236,69.512,5.059
2.5236,70.912,5.1469
2.5236,72.312,5.235
2.5236,73.712,5.3232
2.6364,3.703,-1.0297
2.6364,5.1032,-0.79245
2.6364,6.5034,-0.55688
2.6364,7.9036,-0.32079
2.6364,9.3038,-0.083926
2.6364,10.704,0.12317
2.6364,12.104,0.39965
2.6364,13.504,0.70335
2.6364,14.905,1.0143
2.6364,16.305,1.353
2.6364,17.705,1.5975
2.6364,19.105,1.797
2.6364,20.505,1.8968
2.6364,21.905,1.9644
2.6364,23.306,2.0703
2.6364,24.706,2.2097
2.6364,26.106,2.354
2.6364,27.506,2.4942
2.6364,28.906,2.6176
2.6364,30.307,2.7205
2.6364,31.707,2.8054
2.6364,33.107,2.8851
2.6364,34.507,2.97
2.6364,35.907,3.0447
2.6364,37.308,3.1105
2.6364,38.708,3.179
2.6364,40.108,3.259
2.6364,41.508,3.3469
2.6364,42.908,3.4363
2.6364,44.309,3.525
2.6364,45.709,3.614
2.6364,47.109,3.7031
2.6364,48.509,3.7909
2.6364,49.909,3.8771
2.6364,51.309,3.9624
2.6364,52.71,4.0471
2.6364,54.11,4.1315
2.6364,55.51,4.216
2.6364,56.91,4.3007
2.6364,58.31,4.3858
2.6364,59.711,4.4712
2.6364,61.111,4.5571
2.6364,62.511,4.6433
2.6364,63.911,4.73
2.6364,65.311,4.8169
2.6364,66.712,4.9041
2.6364,68.112,4.9916
2.6364,69.512,5.0794
2.6364,70.912,5.1674
2.6364,72.312,5.2556
2.6364,73.712,5.3439
2.7492,3.703,-1.0543
2.7492,5.1032,-0.81687
2.7492,6.5034,-0.58109
2.7492,7.9036,-0.3449
2.7492,9.3038,-0.10849
2.7492,10.704,0.097785
2.7492,12.104,0.3765
2.7492,13.504,0.67984
2.7492,14.905,0.99039
2.7492,16.305,1.3294
2.7492,17.705,1.5731
2.7492,19.105,1.7704
2.7492,20.505,1.8768
2.7492,21.905,1.9547
2.7492,23.306,2.0666
2.7492,24.706,2.2111
2.7492,26.106,2.3598
2.7492,27.506,2.5035
2.7492,28.906,2.6301
2.7492,30.307,2.7339
2.7492,31.707,2.8187
2.7492,33.107,2.8984
2.7492,34.507,2.9835
2.7492,35.907,3.059
2.7492,37.308,3.1259
2.7492,38.708,3.1956
2.7492,40.108,3.2761
2.7492,41.508,3.3644
2.7492,42.908,3.4539
2.7492,44.309,3.5429
2.7492,45.709,3.632
2.7492,47.109,3.7213
2.7492,48.509,3.8091
2.7492,49.909,3.8955
2.7492,51.309,3.981
2.7492,52.71,4.0659
2.7492,54.11,4.1505
2.7492,55.51,4.2352
2.7492,56.91,4.32
2.7492,58.31,4.4052
2.7492,59.711,4.4908
2.7492,61.111,4.5768
2.7492,62.511,4.6632
2.7492,63.911,4.7499
2.7492,65.311,4.837
2.7492,66.712,4.9243
2.7492,68.112,5.0119
2.7492,69.512,5.0998
2.7492,70.912,5.1879
2.7492,72.312,5.2762
2.7492,73.712,5.3646
2.862,3.703,-1.0788
2.862,5.1032,-0.84118
2.862,6.5034,-0.60514
2.862,7.9036,-0.3688
2.862,9.3038,-0.13275
2.862,10.704,0.072948
2.862,12.104,0.35359
2.862,13.504,0.65647
2.862,14.905,0.96665
2.862,16.305,1.306
2.862,17.705,1.5502
2.862,19.105,1.7442
2.862,20.505,1.8569
2.862,21.905,1.945
2.862,23.306,2.063
2.862,24.706,2.2125
2.862,26.106,2.3656
2.862,27.506,2.5128
2.862,28.906,2.6425
2.862,30.307,2.7472
2.862,31.707,2.832
2.862,33.107,2.9117
2.862,34.507,2.9969
2.862,35.907,3.0733
2.862,37.308,3.1413
2.862,38.708,3.2121
2.862,40.108,3.2933
2.862,41.508,3.3819
2.862,42.908,3.4716
2.862,44.309,3.5609
2.862,45.709,3.65
2.862,47.109,3.7394
2.862,48.509,3.8274
2.862,49.909,3.914
2.862,51.309,3.9996
2.862,52.71,4.0847
2.862,54.11,4.1695
2.862,55.51,4.2543
2.862,56.91,4.3394
2.862,58.31,4.4247
2.862,59.711,4.5105
2.862,61.111,4.5966
2.862,62.511,4.6831
2.862,63.911,4.7699
2.862,65.311,4.8571
2.862,66.712,4.9445
2.862,68.112,5.0322
2.862,69.512,5.1202
2.862,70.912,5.2084
2.862,72.312,5.2968
2.862,73.712,5.3853
2.9748,3.703,-1.1033
2.9748,5.1032,-0.86537
2.9748,6.5034,-0.62903
2.9748,7.9036,-0.39248
2.9748,9.3038,-0.15671
2.9748,10.704,0.048668
2.9748,12.104,0.33091
2.9748,13.504,0.63323
2.9748,14.905,0.94302
2.9748,16.305,1.2828
2.9748,17.705,1.5274
2.9748,19.105,1.7183
2.9748,20.505,1.8373
2.9748,21.905,1.9353
2.9748,23.306,2.0594
2.9748,24.706,2.2139
2.9748,26.106,2.3714
2.9748,27.506,2.5222
2.9748,28.906,2.655
2.9748,30.307,2.7605
2.9748,31.707,2.8456
2.9748,33.107,2.9249
2.9748,34.507,3.0104
2.9748,35.907,3.0877
2.9748,37.308,3.1566
2.9748,38.708,3.2286
2.9748,40.108,3.3105
2.9748,41.508,3.3995
2.9748,42.908,3.4893
2.9748,44.309,3.5788
2.9748,45.709,3.6681
2.9748,47.109,3.7575
2.9748,48.509,3.8457
2.9748,49.909,3.9324
2.9748,51.309,4.0182
2.9748,52.71,4.1035
2.9748,54.11,4.1885
2.9748,55.51,4.2735
2.9748,56.91,4.3587
2.9748,58.31,4.4442
2.9748,59.711,4.5301
2.9748,61.111,4.6163
2.9748,62.511,4.703
2.9748,63.911,4.7899
2.9748,65.311,4.8772
2.9748,66.712,4.9647
2.9748,68.112,5.0525
2.9748,69.512,5.1406
2.9748,70.912,5.2289
2.9748,72.312,5.3174
2.9748,73.712,5.406
3.0876,3.703,-1.1276
3.0876,5.1032,-0.88943
3.0876,6.5034,-0.65277
3.0876,7.9036,-0.41594
3.0876,9.3038,-0.18036
3.0876,10.704,0.024957
3.0876,12.104,0.30845
3.0876,13.504,0.61013
3.0876,14.905,0.91951
3.0876,16.305,1.2597
3.0876,17.705,1.5048
3.0876,19.105,1.6928
3.0876,20.505,1.8178
3.0876,21.905,1.9257
3.0876,23.306,2.0559
3.0876,24.706,2.2153
3.0876,26.106,2.3771
3.0876,27.506,2.5316
3.0876,28.906,2.6675
3.0876,30.307,2.7738
3.0876,31.707,2.8592
3.0876,33.107,2.9381
3.0876,34.507,3.0238
3.0876,35.907,3.102
3.0876,37.308,3.172
3.0876,38.708,3.2452
3.0876,40.108,3.3277
3.0876,41.508,3.417
3.0876,42.908,3.507
3.0876,44.309,3.5968
3.0876,45.709,3.6861
3.0876,47.109,3.7757
3.0876,48.509,3.864
3.0876,49.909,3.9509
3.0876,51.309,4.0369
3.0876,52.71,4.1223
3.0876,54.11,4.2075
3.0876,55.51,4.2927
3.0876,56.91,4.378
3.0876,58.31,4.4637
3.0876,59.711,4.5497
3.0876,61.111,4.6361
3.0876,62.511,4.7229
3.0876,63.911,4.8099
3.0876,65.311,4.8973
3.0876,66.712,4.9849
3.0876,68.112,5.0728
3.0876,69.512,5.161
3.0876,70.912,5.2494
3.0876,72.312,5.338
3.0876,73.712,5.4267
3.2004,3.703,-1.1519
3.2004,5.1032,-0.91338
3.2004,6.5034,-0.67634
3.2004,7.9036,-0.43918
3.2004,9.3038,-0.20371
3.2004,10.704,0.0018275
3.2004,12.104,0.28622
3.2004,13.504,0.58715
3.2004,14.905,0.89614
3.2004,16.305,1.2368
3.2004,17.705,1.4822
3.2004,19.105,1.6675
3.2004,20.505,1.7986
3.2004,21.905,1.9159
3.2004,23.306,2.0525
3.2004,24.706,2.2167
3.2004,26.106,2.3828
3.2004,27.506,2.5411
3.2004,28.906,2.68
3.2004,30.307,2.7871
3.2004,31.707,2.8727
3.2004,33.107,2.9513
3.2004,34.507,3.0373
3.2004,35.907,3.1164
3.2004,37.308,3.1874
3.2004,38.708,3.2617
3.2004,40.108,3.3449
3.2004,41.508,3.4346
3.2004,42.908,3.5247
3.2004,44.309,3.6148
3.2004,45.709,3.7042
3.2004,47.109,3.7939
3.2004,48.509,3.8823
3.2004,49.909,3.9694
3.2004,51.309,4.0555
3.2004,52.71,4.1411
3.2004,54.11,4.2265
3.2004,55.51,4.3119
3.2004,56.91,4.3974
3.2004,58.31,4.4832
3.2004,59.711,4.5694
3.2004,61.111,4.6559
3.2004,62.511,4.7428
3.2004,63.911,4.8299
3.2004,65.311,4.9174
3.2004,66.712,5.0051
3.2004,68.112,5.0932
3.2004,69.512,5.1814
3.2004,70.912,5.2699
3.2004,72.312,5.3586
3.2004,73.712,5.4474
3.3132,3.703,-1.176
3.3132,5.1032,-0.93721
3.3132,6.5034,-0.69975
3.3132,7.9036,-0.46221
3.3132,9.3038,-0.22674
3.3132,10.704,-0.020708
3.3132,12.104,0.26421
3.3132,13.504,0.56431
3.3132,14.905,0.87292
3.3132,16.305,1.2141
3.3132,17.705,1.4597
3.3132,19.105,1.6426
3.3132,20.505,1.7795
3.3132,21.905,1.9061
3.3132,23.306,2.0491
3.3132,24.706,2.2181
3.3132,26.106,2.3885
3.3132,27.506,2.5505
3.3132,28.906,2.6924
3.3132,30.307,2.8004
3.3132,31.707,2.8863
3.3132,33.107,2.9644
3.3132,34.507,3.0507
3.3132,35.907,3.1307
3.3132,37.308,3.2028
3.3132,38.708,3.2783
3.3132,40.108,3.3621
3.3132,41.508,3.4522
3.3132,42.908,3.5424
3.3132,44.309,3.6328
3.3132,45.709,3.7223
3.3132,47.109,3.812
3.3132,48.509,3.9006
3.3132,49.909,3.9879
3.3132,51.309,4.0742
3.3132,52.71,4.16
3.3132,54.11,4.2455
3.3132,55.51,4.3311
3.3132,56.91,4.4167
3.3132,58.31,4.5027
3.3132,59.711,4.589
3.3132,61.111,4.6757
3.3132,62.511,4.7627
3.3132,63.911,4.85
3.3132,65.311,4.9375
3.3132,66.712,5.0254
3.3132,68.112,5.1135
3.3132,69.512,5.2019
3.3132,70.912,5.2904
3.3132,72.312,5.3792
3.3132,73.712,5.4681
3.426,3.703,-1.2001
3.426,5.1032,-0.96091
3.426,6.5034,-0.72301
3.426,7.9036,-0.48501
3.426,9.3038,-0.24946
3.426,10.704,-0.042638
3.426,12.104,0.24242
3.426,13.504,0.5416
3.426,14.905,0.84982
3.426,16.305,1.1915
3.426,17.705,1.4374
3.426,19.105,1.618
3.426,20.505,1.7608
3.426,21.905,1.8963
3.426,23.306,2.0459
3.426,24.706,2.2195
3.426,26.106,2.3941
3.426,27.506,2.5601
3.426,28.906,2.7049
3.426,30.307,2.8137
3.426,31.707,2.8995
3.426,33.107,2.9777
3.426,34.507,3.0642
3.426,35.907,3.1451
3.426,37.308,3.2182
3.426,38.708,3.2949
3.426,40.108,3.3794
3.426,41.508,3.4698
3.426,42.908,3.5601
3.426,44.309,3.6508
3.426,45.709,3.7404
3.426,47.109,3.8302
3.426,48.509,3.919
3.426,49.909,4.0064
3.426,51.309,4.0929
3.426,52.71,4.1789
3.426,54.11,4.2646
3.426,55.51,4.3503
3.426,56.91,4.4361
3.426,58.31,4.5222
3.426,59.711,4.6087
3.426,61.111,4.6955
3.426,62.511,4.7826
3.426,63.911,4.87
3.426,65.311,4.9577
3.426,66.712,5.0456
3.426,68.112,5.1338
3.426,69.512,5.2223
3.426,70.912,5.311
3.426,72.312,5.3998
3.426,73.712,5.4888
3.5389,3.703,-1.2241
3.5389,5.1032,-0.9845
3.5389,6.5034,-0.74612
3.5389,7.9036,-0.50761
3.5389,9.3038,-0.27185
3.5389,10.704,-0.06395
3.5389,12.104,0.22086
3.5389,13.504,0.51901
3.5389,14.905,0.82685
3.5389,16.305,1.169
3.5389,17.705,1.4151
3.5389,19.105,1.5937
3.5389,20.505,1.7422
3.5389,21.905,1.8868
3.5389,23.306,2.0427
3.5389,24.706,2.221
3.5389,26.106,2.3996
3.5389,27.506,2.5696
3.5389,28.906,2.7174
3.5389,30.307,2.827
3.5389,31.707,2.9127
3.5389,33.107,2.9909
3.5389,34.507,3.0776
3.5389,35.907,3.1594
3.5389,37.308,3.2336
3.5389,38.708,3.3115
3.5389,40.108,3.3966
3.5389,41.508,3.4874
3.5389,42.908,3.5779
3.5389,44.309,3.6689
3.5389,45.709,3.7586
3.5389,47.109,3.8485
3.5389,48.509,3.9373
3.5389,49.909,4.0249
3.5389,51.309,4.1116
3.5389,52.71,4.1977
3.5389,54.11,4.2836
3.5389,55.51,4.3695
3.5389,56.91,4.4555
3.5389,58.31,4.5418
3.5389,59.711,4.6284
3.5389,61.111,4.7153
3.5389,62.511,4.8025
3.5389,63.911,4.89
3.5389,65.311,4.9778
3.5389,66.712,5.0659
3.5389,68.112,5.1542
3.5389,69.512,5.2427
3.5389,70.912,5.3315
3.5389,72.312,5.4205
3.5389,73.712,5.5095
3.6517,3.703,-1.2479
3.6517,5.1032,-1.008
3.6517,6.5034,-0.76906
3.6517,7.9036,-0.52998
3.6517,9.3038,-0.29392
3.6517,10.704,-0.084634
3.6517,12.104,0.19954
3.6517,13.504,0.49656
3.6517,14.905,0.80402
3.6517,16.305,1.1468
3.6517,17.705,1.3929
3.6517,19.105,1.5697
3.6517,20.505,1.7239
3.6517,21.905,1.8773
3.6517,23.306,2.0395
3.6517,24.706,2.2226
3.6517,26.106,2.4051
3.6517,27.506,2.5792
3.6517,28.906,2.7299
3.6517,30.307,2.8403
3.6517,31.707,2.9259
3.6517,33.107,3.0042
3.6517,34.507,3.0911
3.6517,35.907,3.1738
3.6517,37.308,3.249
3.6517,38.708,3.3281
3.6517,40.108,3.4139
3.6517,41.508,3.505
3.6517,42.908,3.5956
3.6517,44.309,3.6869
3.6517,45.709,3.7767
3.6517,47.109,3.8667
3.6517,48.509,3.9557
3.6517,49.909,4.0435
3.6517,51.309,4.1303
3.6517,52.71,4.2166
3.6517,54.11,4.3027
3.6517,55.51,4.3887
3.6517,56.91,4.4749
3.6517,58.31,4.5613
3.6517,59.711,4.648
3.6517,61.111,4.7351
3.6517,62.511,4.8224
3.6517,63.911,4.9101
3.6517,65.311,4.998
3.6517,66.712,5.0861
3.6517,68.112,5.1745
3.6517,69.512,5.2632
3.6517,70.912,5.3521
3.6517,72.312,5.4411
3.6517,73.712,5.5302
3.7645,3.703,-1.2717
3.7645,5.1032,-1.0313
3.7645,6.5034,-0.79186
3.7645,7.9036,-0.55214
3.7645,9.3038,-0.31566
3.7645,10.704,-0.10443
3.7645,12.104,0.17845
3.7645,13.504,0.47425
3.7645,14.905,0.78135
3.7645,16.305,1.1247
3.7645,17.705,1.3666
3.7645,19.105,1.546
3.7645,20.505,1.7058
3.7645,21.905,1.8679
3.7645,23.306,2.0363
3.7645,24.706,2.2243
3.7645,26.106,2.4106
3.7645,27.506,2.5889
3.7645,28.906,2.7424
3.7645,30.307,2.8536
3.7645,31.707,2.9391
3.7645,33.107,3.0175
3.7645,34.507,3.1045
3.7645,35.907,3.1881
3.7645,37.308,3.2644
3.7645,38.708,3.3448
3.7645,40.108,3.4311
3.7645,41.508,3.5226
3.7645,42.908,3.6134
3.7645,44.309,3.705
3.7645,45.709,3.7948
3.7645,47.109,3.8849
3.7645,48.509,3.9741
3.7645,49.909,4.062
3.7645,51.309,4.149
3.7645,52.71,4.2355
3.7645,54.11,4.3217
3.7645,55.51,4.408
3.7645,56.91,4.4943
3.7645,58.31,4.5809
3.7645,59.711,4.6677
3.7645,61.111,4.7549
3.7645,62.511,4.8424
3.7645,63.911,4.9301
3.7645,65.311,5.0181
3.7645,66.712,5.1064
3.7645,68.112,5.1949
3.7645,69.512,5.2836
3.7645,70.912,5.3726
3.7645,72.312,5.4617
3.7645,73.712,5.551
3.8773,3.703,-1.2954
3.8773,5.1032,-1.0546
3.8773,6.5034,-0.81449
3.8773,7.9036,-0.57409
3.8773,9.3038,-0.33705
3.8773,10.704,-0.1235
3.8773,12.104,0.1576
3.8773,13.504,0.45208
3.8773,14.905,0.75883
3.8773,16.305,1.1027
3.8773,17.705,1.3403
3.8773,19.105,1.5226
3.8773,20.505,1.6876
3.8773,21.905,1.8586
3.8773,23.306,2.0331
3.8773,24.706,2.226
3.8773,26.106,2.4162
3.8773,27.506,2.5986
3.8773,28.906,2.7549
3.8773,30.307,2.8668
3.8773,31.707,2.9522
3.8773,33.107,3.0309
3.8773,34.507,3.118
3.8773,35.907,3.2025
3.8773,37.308,3.2799
3.8773,38.708,3.3614
3.8773,40.108,3.4484
3.8773,41.508,3.5403
3.8773,42.908,3.6312
3.8773,44.309,3.7231
3.8773,45.709,3.813
3.8773,47.109,3.9032
3.8773,48.509,3.9925
3.8773,49.909,4.0806
3.8773,51.309,4.1678
3.8773,52.71,4.2544
3.8773,54.11,4.3408
3.8773,55.51,4.4272
3.8773,56.91,4.5137
3.8773,58.31,4.6004
3.8773,59.711,4.6874
3.8773,61.111,4.7747
3.8773,62.511,4.8623
3.8773,63.911,4.9502
3.8773,65.311,5.0383
3.8773,66.712,5.1266
3.8773,68.112,5.2152
3.8773,69.512,5.3041
3.8773,70.912,5.3932
3.8773,72.312,5.4824
3.8773,73.712,5.5717
3.9901,3.703,-1.319
3.9901,5.1032,-1.0777
3.9901,6.5034,-0.83698
3.9901,7.9036,-0.59582
3.9901,9.3038,-0.3581
3.9901,10.704,-0.14197
3.9901,12.104,0.137
3.9901,13.504,0.43005
3.9901,14.905,0.73649
3.9901,16.305,1.0809
3.9901,17.705,1.3143
3.9901,19.105,1.4995
3.9901,20.505,1.6697
3.9901,21.905,1.8493
3.9901,23.306,2.0299
3.9901,24.706,2.2279
3.9901,26.106,2.4219
3.9901,27.506,2.6083
3.9901,28.906,2.7674
3.9901,30.307,2.8801
3.9901,31.707,2.9653
3.9901,33.107,3.0442
3.9901,34.507,3.1315
3.9901,35.907,3.2168
3.9901,37.308,3.2953
3.9901,38.708,3.3781
3.9901,40.108,3.4657
3.9901,41.508,3.5579
3.9901,42.908,3.649
3.9901,44.309,3.7412
3.9901,45.709,3.8312
3.9901,47.109,3.9215
3.9901,48.509,4.0109
3.9901,49.909,4.0992
3.9901,51.309,4.1865
3.9901,52.71,4.2734
3.9901,54.11,4.3599
3.9901,55.51,4.4465
3.9901,56.91,4.5331
3.9901,58.31,4.62
3.9901,59.711,4.7071
3.9901,61.111,4.7946
3.9901,62.511,4.8823
3.9901,63.911,4.9702
3.9901,65.311,5.0584
3.9901,66.712,5.1469
3.9901,68.112,5.2356
3.9901,69.512,5.3246
3.9901,70.912,5.4137
3.9901,72.312,5.5031
3.9901,73.712,5.5925
4.1029,3.703,-1.3425
4.1029,5.1032,-1.1007
4.1029,6.5034,-0.85932
4.1029,7.9036,-0.61733
4.1029,9.3038,-0.3788
4.1029,10.704,-0.15984
4.1029,12.104,0.11665
4.1029,13.504,0.40791
4.1029,14.905,0.71432
4.1029,16.305,1.0593
4.1029,17.705,1.2888
4.1029,19.105,1.4767
4.1029,20.505,1.6519
4.1029,21.905,1.8402
4.1029,23.306,2.0267
4.1029,24.706,2.2299
4.1029,26.106,2.4277
4.1029,27.506,2.618
4.1029,28.906,2.7798
4.1029,30.307,2.8934
4.1029,31.707,2.9784
4.1029,33.107,3.0575
4.1029,34.507,3.1451
4.1029,35.907,3.2312
4.1029,37.308,3.3107
4.1029,38.708,3.3948
4.1029,40.108,3.483
4.1029,41.508,3.5756
4.1029,42.908,3.6668
4.1029,44.309,3.7594
4.1029,45.709,3.8494
4.1029,47.109,3.9398
4.1029,48.509,4.0293
4.1029,49.909,4.1178
4.1029,51.309,4.2053
4.1029,52.71,4.2923
4.1029,54.11,4.379
4.1029,55.51,4.4658
4.1029,56.91,4.5526
4.1029,58.31,4.6396
4.1029,59.711,4.7269
4.1029,61.111,4.8144
4.1029,62.511,4.9022
4.1029,63.911,4.9903
4.1029,65.311,5.0786
4.1029,66.712,5.1672
4.1029,68.112,5.256
4.1029,69.512,5.345
4.1029,70.912,5.4343
4.1029,72.312,5.5237
4.1029,73.712,5.6132
4.2157,3.703,-1.366
4.2157,5.1032,-1.1236
4.2157,6.5034,-0.8815
4.2157,7.9036,-0.63863
4.2157,9.3038,-0.39913
4.2157,10.704,-0.17712
4.2157,12.104,0.096549
4.2157,13.504,0.38588
4.2157,14.905,0.69234
4.2157,16.305,1.0379
4.2157,17.705,1.2635
4.2157,19.105,1.4542
4.2157,20.505,1.6345
4.2157,21.905,1.8312
4.2157,23.306,2.0236
4.2157,24.706,2.232
4.2157,26.106,2.4336
4.2157,27.506,2.6278
4.2157,28.906,2.7923
4.2157,30.307,2.9067
4.2157,31.707,2.9915
4.2157,33.107,3.0709
4.2157,34.507,3.1587
4.2157,35.907,3.2456
4.2157,37.308,3.3262
4.2157,38.708,3.4114
4.2157,40.108,3.5003
4.2157,41.508,3.5933
4.2157,42.908,3.6846
4.2157,44.309,3.7775
4.2157,45.709,3.8676
4.2157,47.109,3.9581
4.2157,48.509,4.0478
4.2157,49.909,4.1364
4.2157,51.309,4.2241
4.2157,52.71,4.3113
4.2157,54.11,4.3982
4.2157,55.51,4.485
4.2157,56.91,4.572
4.2157,58.31,4.6592
4.2157,59.711,4.7466
4.2157,61.111,4.8343
4.2157,62.511,4.9222
4.2157,63.911,5.0104
4.2157,65.311,5.0988
4.2157,66.712,5.1875
4.2157,68.112,5.2764
4.2157,69.512,5.3655
4.2157,70.912,5.4549
4.2157,72.312,5.5444
4.2157,73.712,5.634
4.3285,3.703,-1.3893
4.3285,5.1032,-1.1464
4.3285,6.5034,-0.90354
4.3285,7.9036,-0.65972
4.3285,9.3038,-0.4191
4.3285,10.704,-0.19383
4.3285,12.104,0.076709
4.3285,13.504,0.36407
4.3285,14.905,0.67057
4.3285,16.305,1.0166
4.3285,17.705,1.2386
4.3285,19.105,1.432
4.3285,20.505,1.6178
4.3285,21.905,1.8223
4.3285,23.306,2.0206
4.3285,24.706,2.2342
4.3285,26.106,2.4395
4.3285,27.506,2.6376
4.3285,28.906,2.8048
4.3285,30.307,2.9204
4.3285,31.707,3.0046
4.3285,33.107,3.0842
4.3285,34.507,3.1723
4.3285,35.907,3.26
4.3285,37.308,3.3416
4.3285,38.708,3.4281
4.3285,40.108,3.5176
4.3285,41.508,3.611
4.3285,42.908,3.7025
4.3285,44.309,3.7957
4.3285,45.709,3.8859
4.3285,47.109,3.9764
4.3285,48.509,4.0662
4.3285,49.909,4.155
4.3285,51.309,4.2429
4.3285,52.71,4.3302
4.3285,54.11,4.4173
4.3285,55.51,4.5043
4.3285,56.91,4.5915
4.3285,58.31,4.6788
4.3285,59.711,4.7663
4.3285,61.111,4.8541
4.3285,62.511,4.9422
4.3285,63.911,5.0305
4.3285,65.311,5.119
4.3285,66.712,5.2078
4.3285,68.112,5.2968
4.3285,69.512,5.386
4.3285,70.912,5.4755
4.3285,72.312,5.5651
4.3285,73.712,5.6547
4.4413,3.703,-1.4125
4.4413,5.1032,-1.1691
4.4413,6.5034,-0.92543
4.4413,7.9036,-0.68059
4.4413,9.3038,-0.43868
4.4413,10.704,-0.20998
4.4413,12.104,0.057134
4.4413,13.504,0.34249
4.4413,14.905,0.649
4.4413,16.305,0.99553
4.4413,17.705,1.2141
4.4413,19.105,1.4101
4.4413,20.505,1.6014
4.4413,21.905,1.8136
4.4413,23.306,2.0176
4.4413,24.706,2.2366
4.4413,26.106,2.4456
4.4413,27.506,2.6475
4.4413,28.906,2.8173
4.4413,30.307,2.934
4.4413,31.707,3.0176
4.4413,33.107,3.0976
4.4413,34.507,3.1859
4.4413,35.907,3.2744
4.4413,37.308,3.3571
4.4413,38.708,3.4449
4.4413,40.108,3.535
4.4413,41.508,3.6287
4.4413,42.908,3.7203
4.4413,44.309,3.8139
4.4413,45.709,3.9041
4.4413,47.109,3.9948
4.4413,48.509,4.0847
4.4413,49.909,4.1736
4.4413,51.309,4.2617
4.4413,52.71,4.3492
4.4413,54.11,4.4365
4.4413,55.51,4.5237
4.4413,56.91,4.6109
4.4413,58.31,4.6984
4.4413,59.711,4.7861
4.4413,61.111,4.874
4.4413,62.511,4.9622
4.4413,63.911,5.0506
4.4413,65.311,5.1392
4.4413,66.712,5.2281
4.4413,68.112,5.3172
4.4413,69.512,5.4065
4.4413,70.912,5.4961
4.4413,72.312,5.5857
4.4413,73.712,5.6755
4.5541,3.703,-1.4357
4.5541,5.1032,-1.1916
4.5541,6.5034,-0.94717
4.5541,7.9036,-0.70126
4.5541,9.3038,-0.45788
4.5541,10.704,-0.22557
4.5541,12.104,0.037829
4.5541,13.504,0.32116
4.5541,14.905,0.62765
4.5541,16.305,0.97461
4.5541,17.705,1.1899
4.5541,19.105,1.3884
4.5541,20.505,1.5852
4.5541,21.905,1.8049
4.5541,23.306,2.0146
4.5541,24.706,2.239
4.5541,26.106,2.4517
4.5541,27.506,2.6574
4.5541,28.906,2.8298
4.5541,30.307,2.9478
4.5541,31.707,3.0306
4.5541,33.107,3.111
4.5541,34.507,3.1995
4.5541,35.907,3.2888
4.5541,37.308,3.3725
4.5541,38.708,3.4616
4.5541,40.108,3.5523
4.5541,41.508,3.6464
4.5541,42.908,3.7382
4.5541,44.309,3.8321
4.5541,45.709,3.9224
4.5541,47.109,4.0131
4.5541,48.509,4.1032
4.5541,49.909,4.1923
4.5541,51.309,4.2805
4.5541,52.71,4.3682
4.5541,54.11,4.4556
4.5541,55.51,4.543
4.5541,56.91,4.6304
4.5541,58.31,4.718
4.5541,59.711,4.8058
4.5541,61.111,4.8939
4.5541,62.511,4.9822
4.5541,63.911,5.0707
4.5541,65.311,5.1594
4.5541,66.712,5.2484
4.5541,68.112,5.3376
4.5541,69.512,5.427
4.5541,70.912,5.5167
4.5541,72.312,5.6064
4.5541,73.712,5.6963
4.6669,3.703,-1.4588
4.6669,5.1032,-1.2141
4.6669,6.5034,-0.96877
4.6669,7.9036,-0.72171
4.6669,9.3038,-0.47669
4.6669,10.704,-0.24063
4.6669,12.104,0.018802
4.6669,13.504,0.30009
4.6669,14.905,0.60654
4.6669,16.305,0.95387
4.6669,17.705,1.1661
4.6669,19.105,1.3671
4.6669,20.505,1.5693
4.6669,21.905,1.7963
4.6669,23.306,2.0117
4.6669,24.706,2.2416
4.6669,26.106,2.458
4.6669,27.506,2.6673
4.6669,28.906,2.8423
4.6669,30.307,2.9615
4.6669,31.707,3.0436
4.6669,33.107,3.1245
4.6669,34.507,3.2132
4.6669,35.907,3.3032
4.6669,37.308,3.388
4.6669,38.708,3.4783
4.6669,40.108,3.5697
4.6669,41.508,3.6641
4.6669,42.908,3.7561
4.6669,44.309,3.8503
4.6669,45.709,3.9406
4.6669,47.109,4.0315
4.6669,48.509,4.1217
4.6669,49.909,4.211
4.6669,51.309,4.2994
4.6669,52.71,4.3872
4.6669,54.11,4.4748
4.6669,55.51,4.5623
4.6669,56.91,4.6499
4.6669,58.31,4.7377
4.6669,59.711,4.8256
4.6669,61.111,4.9138
4.6669,62.511,5.0022
4.6669,63.911,5.0908
4.6669,65.311,5.1797
4.6669,66.712,5.2687
4.6669,68.112,5.358
4.6669,69.512,5.4475
4.6669,70.912,5.5373
4.6669,72.312,5.6271
4.6669,73.712,5.7171
4.7797,3.703,-1.4818
4.7797,5.1032,-1.2364
4.7797,6.5034,-0.99022
4.7797,7.9036,-0.74196
4.7797,9.3038,-0.49509
4.7797,10.704,-0.25516
4.7797,12.104,5.5274e-05
4.7797,13.504,0.2793
4.7797,14.905,0.58568
4.7797,16.305,0.93332
4.7797,17.705,1.1426
4.7797,19.105,1.3461
4.7797,20.505,1.5536
4.7797,21.905,1.7879
4.7797,23.306,2.0089
4.7797,24.706,2.2443
4.7797,26.106,2.4643
4.7797,27.506,2.6773
4.7797,28.906,2.8547
4.7797,30.307,2.9753
4.7797,31.707,3.0566
4.7797,33.107,3.1379
4.7797,34.507,3.2268
4.7797,35.907,3.3178
4.7797,37.308,3.4035
4.7797,38.708,3.4949
4.7797,40.108,3.5871
4.7797,41.508,3.6819
4.7797,42.908,3.774
4.7797,44.309,3.8686
4.7797,45.709,3.9589
4.7797,47.109,4.0499
4.7797,48.509,4.1402
4.7797,49.909,4.2296
4.7797,51.309,4.3182
4.7797,52.71,4.4062
4.7797,54.11,4.494
4.7797,55.51,4.5817
4.7797,56.91,4.6694
4.7797,58.31,4.7573
4.7797,59.711,4.8454
4.7797,61.111,4.9337
4.7797,62.511,5.0222
4.7797,63.911,5.1109
4.7797,65.311,5.1999
4.7797,66.712,5.2891
4.7797,68.112,5.3785
4.7797,69.512,5.4681
4.7797,70.912,5.5579
4.7797,72.312,5.6478
4.7797,73.712,5.7378
4.8926,3.703,-1.5047
4.8926,5.1032,-1.2587
4.8926,6.5034,-1.0115
4.8926,7.9036,-0.76199
4.8926,9.3038,-0.51307
4.8926,10.704,-0.26918
4.8926,12.104,-0.018406
4.8926,13.504,0.2588
4.8926,14.905,0.56508
4.8926,16.305,0.91294
4.8926,17.705,1.1194
4.8926,19.105,1.3253
4.8926,20.505,1.5381
4.8926,21.905,1.7796
4.8926,23.306,2.0062
4.8926,24.706,2.2471
4.8926,26.106,2.4707
4.8926,27.506,2.6873
4.8926,28.906,2.8672
4.8926,30.307,2.9891
4.8926,31.707,3.0696
4.8926,33.107,3.1514
4.8926,34.507,3.2405
4.8926,35.907,3.3323
4.8926,37.308,3.419
4.8926,38.708,3.5116
4.8926,40.108,3.6046
4.8926,41.508,3.6996
4.8926,42.908,3.7919
4.8926,44.309,3.8868
4.8926,45.709,3.9772
4.8926,47.109,4.0683
4.8926,48.509,4.1588
4.8926,49.909,4.2483
4.8926,51.309,4.3371
4.8926,52.71,4.4253
4.8926,54.11,4.5132
4.8926,55.51,4.6011
4.8926,56.91,4.6889
4.8926,58.31,4.777
4.8926,59.711,4.8652
4.8926,61.111,4.9536
4.8926,62.511,5.0422
4.8926,63.911,5.1311
4.8926,65.311,5.2201
4.8926,66.712,5.3094
4.8926,68.112,5.3989
4.8926,69.512,5.4886
4.8926,70.912,5.5785
4.8926,72.312,5.6685
4.8926,73.712,5.7586
5.0054,3.703,-1.5275
5.0054,5.1032,-1.2808
5.0054,6.5034,-1.0327
5.0054,7.9036,-0.78182
5.0054,9.3038,-0.53063
5.0054,10.704,-0.2827
5.0054,12.104,-0.036578
5.0054,13.504,0.2386
5.0054,14.905,0.54475
5.0054,16.305,0.89275
5.0054,17.705,1.0965
5.0054,19.105,1.3049
5.0054,20.505,1.523
5.0054,21.905,1.7716
5.0054,23.306,2.0036
5.0054,24.706,2.25
5.0054,26.106,2.4772
5.0054,27.506,2.6973
5.0054,28.906,2.8797
5.0054,30.307,3.003
5.0054,31.707,3.0826
5.0054,33.107,3.1649
5.0054,34.507,3.2542
5.0054,35.907,3.3469
5.0054,37.308,3.4345
5.0054,38.708,3.5282
5.0054,40.108,3.6221
5.0054,41.508,3.7174
5.0054,42.908,3.8098
5.0054,44.309,3.9051
5.0054,45.709,3.9956
5.0054,47.109,4.0867
5.0054,48.509,4.1773
5.0054,49.909,4.2671
5.0054,51.309,4.356
5.0054,52.71,4.4443
5.0054,54.11,4.5324
5.0054,55.51,4.6204
5.0054,56.91,4.7085
5.0054,58.31,4.7966
5.0054,59.711,4.885
5.0054,61.111,4.9735
5.0054,62.511,5.0623
5.0054,63.911,5.1512
5.0054,65.311,5.2404
5.0054,66.712,5.3297
5.0054,68.112,5.4193
5.0054,69.512,5.5091
5.0054,70.912,5.5991
5.0054,72.312,5.6892
5.0054,73.712,5.7794
5.1182,3.703,-1.5502
5.1182,5.1032,-1.3028
5.1182,6.5034,-1.0538
5.1182,7.9036,-0.80145
5.1182,9.3038,-0.54776
5.1182,10.704,-0.29573
5.1182,12.104,-0.05446
5.1182,13.504,0.21873
5.1182,14.905,0.52471
5.1182,16.305,0.87274
5.1182,17.705,1.0739
5.1182,19.105,1.2847
5.1182,20.505,1.5081
5.1182,21.905,1.7637
5.1182,23.306,2.001
5.1182,24.706,2.2531
5.1182,26.106,2.4838
5.1182,27.506,2.7074
5.1182,28.906,2.8922
5.1182,30.307,3.0169
5.1182,31.707,3.0955
5.1182,33.107,3.1784
5.1182,34.507,3.268
5.1182,35.907,3.3615
5.1182,37.308,3.4501
5.1182,38.708,3.5449
5.1182,40.108,3.6396
5.1182,41.508,3.7352
5.1182,42.908,3.8278
5.1182,44.309,3.9234
5.1182,45.709,4.0139
5.1182,47.109,4.1051
5.1182,48.509,4.1959
5.1182,49.909,4.2858
5.1182,51.309,4.3749
5.1182,52.71,4.4634
5.1182,54.11,4.5517
5.1182,55.51,4.6398
5.1182,56.91,4.728
5.1182,58.31,4.8163
5.1182,59.711,4.9048
5.1182,61.111,4.9935
5.1182,62.511,5.0823
5.1182,63.911,5.1714
5.1182,65.311,5.2606
5.1182,66.712,5.3501
5.1182,68.112,5.4398
5.1182,69.512,5.5297
5.1182,70.912,5.6198
5.1182,72.312,5.71
5.1182,73.712,5.8003
5.231,3.703,-1.5729
5.231,5.1032,-1.3248
5.231,6.5034,-1.0747
5.231,7.9036,-0.82088
5.231,9.3038,-0.56444
5.231,10.704,-0.3083
5.231,12.104,-0.07205
5.231,13.504,0.1992
5.231,14.905,0.50497
5.231,16.305,0.85292
5.231,17.705,1.0517
5.231,19.105,1.2648
5.231,20.505,1.4934
5.231,21.905,1.7561
5.231,23.306,1.9986
5.231,24.706,2.2563
5.231,26.106,2.4905
5.231,27.506,2.7175
5.231,28.906,2.9047
5.231,30.307,3.0308
5.231,31.707,3.1085
5.231,33.107,3.192
5.231,34.507,3.2817
5.231,35.907,3.3761
5.231,37.308,3.4657
5.231,38.708,3.5618
5.231,40.108,3.6572
5.231,41.508,3.753
5.231,42.908,3.8457
5.231,44.309,3.9417
5.231,45.709,4.0323
5.231,47.109,4.1236
5.231,48.509,4.2145
5.231,49.909,4.3045
5.231,51.309,4.3938
5.231,52.71,4.4825
5.231,54.11,4.5709
5.231,55.51,4.6592
5.231,56.91,4.7476
5.231,58.31,4.836
5.231,59.711,4.9246
5.231,61.111,5.0134
5.231,62.511,5.1024
5.231,63.911,5.1915
5.231,65.311,5.2809
5.231,66.712,5.3705
5.231,68.112,5.4603
5.231,69.512,5.5502
5.231,70.912,5.6404
5.231,72.312,5.7307
5.231,73.712,5.8211
5.3438,3.703,-1.5955
5.3438,5.1032,-1.3466
5.3438,6.5034,-1.0954
5.3438,7.9036,-0.8401
5.3438,9.3038,-0.58067
5.3438,10.704,-0.32041
5.3438,12.104,-0.089348
5.3438,13.504,0.18003
5.3438,14.905,0.48554
5.3438,16.305,0.83329
5.3438,17.705,1.0298
5.3438,19.105,1.2452
5.3438,20.505,1.479
5.3438,21.905,1.7486
5.3438,23.306,1.9967
5.3438,24.706,2.259
5.3438,26.106,2.4973
5.3438,27.506,2.7277
5.3438,28.906,2.9172
5.3438,30.307,3.0448
5.3438,31.707,3.1214
5.3438,33.107,3.2056
5.3438,34.507,3.2955
5.3438,35.907,3.3907
5.3438,37.308,3.4813
5.3438,38.708,3.5786
5.3438,40.108,3.6747
5.3438,41.508,3.7708
5.3438,42.908,3.8637
5.3438,44.309,3.96
5.3438,45.709,4.0506
5.3438,47.109,4.142
5.3438,48.509,4.2331
5.3438,49.909,4.3233
5.3438,51.309,4.4127
5.3438,52.71,4.5016
5.3438,54.11,4.5902
5.3438,55.51,4.6786
5.3438,56.91,4.7671
5.3438,58.31,4.8557
5.3438,59.711,4.9445
5.3438,61.111,5.0334
5.3438,62.511,5.1225
5.3438,63.911,5.2117
5.3438,65.311,5.3012
5.3438,66.712,5.3908
5.3438,68.112,5.4807
5.3438,69.512,5.5708
5.3438,70.912,5.6611
5.3438,72.312,5.7514
5.3438,73.712,5.8419
5.4566,3.703,-1.618
5.4566,5.1032,-1.3683
5.4566,6.5034,-1.1161
5.4566,7.9036,-0.85913
5.4566,9.3038,-0.59643
5.4566,10.704,-0.33207
5.4566,12.104,-0.10635
5.4566,13.504,0.16122
5.4566,14.905,0.46643
5.4566,16.305,0.81385
5.4566,17.705,1.0081
5.4566,19.105,1.2256
5.4566,20.505,1.4648
5.4566,21.905,1.7411
5.4566,23.306,1.9954
5.4566,24.706,2.2618
5.4566,26.106,2.5041
5.4566,27.506,2.7379
5.4566,28.906,2.9297
5.4566,30.307,3.0589
5.4566,31.707,3.1343
5.4566,33.107,3.2193
5.4566,34.507,3.3094
5.4566,35.907,3.4053
5.4566,37.308,3.4969
5.4566,38.708,3.5954
5.4566,40.108,3.6923
5.4566,41.508,3.7886
5.4566,42.908,3.8817
5.4566,44.309,3.9784
5.4566,45.709,4.069
5.4566,47.109,4.1605
5.4566,48.509,4.2517
5.4566,49.909,4.3421
5.4566,51.309,4.4317
5.4566,52.71,4.5207
5.4566,54.11,4.6095
5.4566,55.51,4.6981
5.4566,56.91,4.7867
5.4566,58.31,4.8754
5.4566,59.711,4.9643
5.4566,61.111,5.0533
5.4566,62.511,5.1425
5.4566,63.911,5.2319
5.4566,65.311,5.3215
5.4566,66.712,5.4112
5.4566,68.112,5.5012
5.4566,69.512,5.5914
5.4566,70.912,5.6817
5.4566,72.312,5.7722
5.4566,73.712,5.8627
5.5694,3.703,-1.6404
5.5694,5.1032,-1.3899
5.5694,6.5034,-1.1366
5.5694,7.9036,-0.87796
5.5694,9.3038,-0.61172
5.5694,10.704,-0.34331
5.5694,12.104,-0.12306
5.5694,13.504,0.14281
5.5694,14.905,0.44766
5.5694,16.305,0.79459
5.5694,17.705,0.9868
5.5694,19.105,1.2064
5.5694,20.505,1.4509
5.5694,21.905,1.7335
5.5694,23.306,1.9942
5.5694,24.706,2.2647
5.5694,26.106,2.5105
5.5694,27.506,2.7482
5.5694,28.906,2.9422
5.5694,30.307,3.073
5.5694,31.707,3.1473
5.5694,33.107,3.233
5.5694,34.507,3.3232
5.5694,35.907,3.4199
5.5694,37.308,3.5125
5.5694,38.708,3.6123
5.5694,40.108,3.7099
5.5694,41.508,3.8065
5.5694,42.908,3.8997
5.5694,44.309,3.9967
5.5694,45.709,4.0874
5.5694,47.109,4.179
5.5694,48.509,4.2704
5.5694,49.909,4.3609
5.5694,51.309,4.4506
5.5694,52.71,4.5399
5.5694,54.11,4.6287
5.5694,55.51,4.7175
5.5694,56.91,4.8063
5.5694,58.31,4.8952
5.5694,59.711,4.9842
5.5694,61.111,5.0733
5.5694,62.511,5.1626
5.5694,63.911,5.2521
5.5694,65.311,5.3418
5.5694,66.712,5.4316
5.5694,68.112,5.5217
5.5694,69.512,5.6119
5.5694,70.912,5.7024
5.5694,72.312,5.7929
5.5694,73.712,5.8836
5.6822,3.703,-1.6627
5.6822,5.1032,-1.4115
5.6822,6.5034,-1.157
5.6822,7.9036,-0.8966
5.6822,9.3038,-0.62652
5.6822,10.704,-0.35414
5.6822,12.104,-0.13948
5.6822,13.504,0.12481
5.6822,14.905,0.42923
5.6822,16.305,0.77551
5.6822,17.705,0.96635
5.6822,19.105,1.1874
5.6822,20.505,1.4371
5.6822,21.905,1.7262
5.6822,23.306,1.9933
5.6822,24.706,2.2676
5.6822,26.106,2.517
5.6822,27.506,2.7585
5.6822,28.906,2.9547
5.6822,30.307,3.087
5.6822,31.707,3.1602
5.6822,33.107,3.2467
5.6822,34.507,3.3372
5.6822,35.907,3.4345
5.6822,37.308,3.5282
5.6822,38.708,3.6292
5.6822,40.108,3.7275
5.6822,41.508,3.8243
5.6822,42.908,3.9177
5.6822,44.309,4.0151
5.6822,45.709,4.1059
5.6822,47.109,4.1975
5.6822,48.509,4.289
5.6822,49.909,4.3797
5.6822,51.309,4.4696
5.6822,52.71,4.559
5.6822,54.11,4.6481
5.6822,55.51,4.737
5.6822,56.91,4.8259
5.6822,58.31,4.9149
5.6822,59.711,5.004
5.6822,61.111,5.0933
5.6822,62.511,5.1827
5.6822,63.911,5.2723
5.6822,65.311,5.3621
5.6822,66.712,5.452
5.6822,68.112,5.5422
5.6822,69.512,5.6325
5.6822,70.912,5.7231
5.6822,72.312,5.8137
5.6822,73.712,5.9044
5.795,3.703,-1.685
5.795,5.1032,-1.4329
5.795,6.5034,-1.1773
5.795,7.9036,-0.91504
5.795,9.3038,-0.64082
5.795,10.704,-0.36457
5.795,12.104,-0.1556
5.795,13.504,0.10723
5.795,14.905,0.41116
5.795,16.305,0.7566
5.795,17.705,0.94611
5.795,19.105,1.1687
5.795,20.505,1.4236
5.795,21.905,1.719
5.795,23.306,1.9926
5.795,24.706,2.2706
5.795,26.106,2.5234
5.795,27.506,2.7688
5.795,28.906,2.9673
5.795,30.307,3.0997
5.795,31.707,3.1731
5.795,33.107,3.2605
5.795,34.507,3.3511
5.795,35.907,3.4492
5.795,37.308,3.5438
5.795,38.708,3.6461
5.795,40.108,3.7452
5.795,41.508,3.8422
5.795,42.908,3.9358
5.795,44.309,4.0334
5.795,45.709,4.1243
5.795,47.109,4.2161
5.795,48.509,4.3077
5.795,49.909,4.3985
5.795,51.309,4.4886
5.795,52.71,4.5782
5.795,54.11,4.6674
5.795,55.51,4.7565
5.795,56.91,4.8455
5.795,58.31,4.9347
5.795,59.711,5.0239
5.795,61.111,5.1133
5.795,62.511,5.2028
5.795,63.911,5.2925
5.795,65.311,5.3824
5.795,66.712,5.4724
5.795,68.112,5.5627
5.795,69.512,5.6531
5.795,70.912,5.7437
5.795,72.312,5.8345
5.795,73.712,5.9253
