2.7816,0.0069064,-1.8297
2.7816,0.0074451,-1.7913
2.7816,0.0079838,-1.7522
2.7816,0.0085226,-1.7103
2.7816,0.0090613,-1.6738
2.7816,0.0096,-1.6335
2.7816,0.010139,-1.5918
2.7816,0.010677,-1.5481
2.7816,0.011216,-1.5046
2.7816,0.011755,-1.4603
2.7816,0.012294,-1.4083
2.7816,0.012832,-1.3461
2.7816,0.013371,-1.2797
2.7816,0.01391,-1.208
2.7816,0.014449,-1.1291
2.7816,0.014987,-1.0515
2.7816,0.015526,-0.9692
2.7816,0.016065,-0.89511
2.7816,0.016604,-0.80682
2.7816,0.017142,-0.70012
2.7816,0.017681,-0.60861
2.7816,0.01822,-0.51512
2.7816,0.018758,-0.39864
2.7816,0.019297,-0.28069
2.7816,0.019836,-0.15236
2.7816,0.020375,0.0043237
2.7816,0.020913,0.14484
2.7816,0.021452,0.2983
2.7816,0.021991,0.45245
2.7816,0.02253,0.60622
2.7816,0.023068,0.75984
2.7816,0.023607,0.91096
2.7816,0.024146,1.0588
2.7816,0.024684,1.2075
2.7816,0.025223,1.356
2.7816,0.025762,1.5064
2.7816,0.026301,1.6553
2.7816,0.026839,1.8045
2.7816,0.027378,1.9541
2.7816,0.027917,2.1041
2.7816,0.028456,2.2546
2.7816,0.028994,2.4052
2.7816,0.029533,2.5557
2.7816,0.030072,2.7059
2.7816,0.030611,2.8555
2.7816,0.031149,3.0043
2.7816,0.031688,3.1523
2.7816,0.032227,3.2994
2.7816,0.032765,3.4451
2.7816,0.033304,3.5894
2.7816,0.033843,3.7325
2.9083,0.0069064,-1.7485
2.9083,0.0074451,-1.7067
2.9083,0.0079838,-1.663
2.9083,0.0085226,-1.6211
2.9083,0.0090613,-1.5784
2.9083,0.0096,-1.5355
2.9083,0.010139,-1.4915
2.9083,0.010677,-1.4456
2.9083,0.011216,-1.3969
2.9083,0.011755,-1.346
2.9083,0.012294,-1.295
2.9083,0.012832,-1.2356
2.9083,0.013371,-1.1674
2.9083,0.01391,-1.0956
2.9083,0.014449,-1.0169
2.9083,0.014987,-0.93605
2.9083,0.015526,-0.8502
2.9083,0.016065,-0.77279
2.9083,0.016604,-0.68679
2.9083,0.017142,-0.57839
2.9083,0.017681,-0.49033
2.9083,0.01822,-0.39509
2.9083,0.018758,-0.28135
2.9083,0.019297,-0.16531
2.9083,0.019836,-0.032868
2.9083,0.020375,0.12044
2.9083,0.020913,0.27207
2.9083,0.021452,0.41549
2.9083,0.021991,0.56999
2.9083,0.02253,0.72344
2.9083,0.023068,0.87539
2.9083,0.023607,1.023
2.9083,0.024146,1.1714
2.9083,0.024684,1.3191
2.9083,0.025223,1.4687
2.9083,0.025762,1.6179
2.9083,0.026301,1.7667
2.9083,0.026839,1.9159
2.9083,0.027378,2.0655
2.9083,0.027917,2.2155
2.9083,0.028456,2.3658
2.9083,0.028994,2.5163
2.9083,0.029533,2.6667
2.9083,0.030072,2.8166
2.9083,0.030611,2.9658
2.9083,0.031149,3.1144
2.9083,0.031688,3.2618
2.9083,0.032227,3.4077
2.9083,0.032765,3.5521
2.9083,0.033304,3.6952
2.9083,0.033843,3.837
3.035,0.0069064,-1.6708
3.035,0.0074451,-1.6236
3.035,0.0079838,-1.5789
3.035,0.0085226,-1.5322
3.035,0.0090613,-1.4868
3.035,0.0096,-1.4409
3.035,0.010139,-1.3942
3.035,0.010677,-1.3459
3.035,0.011216,-1.2952
3.035,0.011755,-1.2412
3.035,0.012294,-1.1832
3.035,0.012832,-1.1248
3.035,0.013371,-1.0578
3.035,0.01391,-0.98418
3.035,0.014449,-0.90593
3.035,0.014987,-0.82235
3.035,0.015526,-0.73793
3.035,0.016065,-0.65353
3.035,0.016604,-0.56875
3.035,0.017142,-0.46247
3.035,0.017681,-0.37011
3.035,0.01822,-0.2727
3.035,0.018758,-0.14666
3.035,0.019297,-0.042119
3.035,0.019836,0.095671
3.035,0.020375,0.23619
3.035,0.020913,0.39076
3.035,0.021452,0.53461
3.035,0.021991,0.68865
3.035,0.02253,0.84014
3.035,0.023068,0.98851
3.035,0.023607,1.1353
3.035,0.024146,1.2841
3.035,0.024684,1.4316
3.035,0.025223,1.5811
3.035,0.025762,1.7294
3.035,0.026301,1.8782
3.035,0.026839,2.0274
3.035,0.027378,2.177
3.035,0.027917,2.327
3.035,0.028456,2.4772
3.035,0.028994,2.6275
3.035,0.029533,2.7776
3.035,0.030072,2.9271
3.035,0.030611,3.0762
3.035,0.031149,3.2241
3.035,0.031688,3.3704
3.035,0.032227,3.5151
3.035,0.032765,3.6583
3.035,0.033304,3.8001
3.035,0.033843,3.9407
3.1617,0.0069064,-1.6024
3.1617,0.0074451,-1.5501
3.1617,0.0079838,-1.4978
3.1617,0.0085226,-1.4485
3.1617,0.0090613,-1.3994
3.1617,0.0096,-1.3502
3.1617,0.010139,-1.3002
3.1617,0.010677,-1.2493
3.1617,0.011216,-1.1963
3.1617,0.011755,-1.1403
3.1617,0.012294,-1.0803
3.1617,0.012832,-1.0155
3.1617,0.013371,-0.94934
3.1617,0.01391,-0.8748
3.1617,0.014449,-0.79657
3.1617,0.014987,-0.71115
3.1617,0.015526,-0.62528
3.1617,0.016065,-0.53725
3.1617,0.016604,-0.4527
3.1617,0.017142,-0.34945
3.1617,0.017681,-0.25705
3.1617,0.01822,-0.15246
3.1617,0.018758,-0.01994
3.1617,0.019297,0.08847
3.1617,0.019836,0.2173
3.1617,0.020375,0.35158
3.1617,0.020913,0.50618
3.1617,0.021452,0.65643
3.1617,0.021991,0.80646
3.1617,0.02253,0.95563
3.1617,0.023068,1.1015
3.1617,0.023607,1.2483
3.1617,0.024146,1.3964
3.1617,0.024684,1.5449
3.1617,0.025223,1.6928
3.1617,0.025762,1.8411
3.1617,0.026301,1.9899
3.1617,0.026839,2.1391
3.1617,0.027378,2.2886
3.1617,0.027917,2.4385
3.1617,0.028456,2.5886
3.1617,0.028994,2.7385
3.1617,0.029533,2.8882
3.1617,0.030072,3.0376
3.1617,0.030611,3.186
3.1617,0.031149,3.3327
3.1617,0.031688,3.4779
3.1617,0.032227,3.6215
3.1617,0.032765,3.7635
3.1617,0.033304,3.9042
3.1617,0.033843,4.0441
3.2884,0.0069064,-1.5271
3.2884,0.0074451,-1.4802
3.2884,0.0079838,-1.4264
3.2884,0.0085226,-1.3715
3.2884,0.0090613,-1.3156
3.2884,0.0096,-1.2628
3.2884,0.010139,-1.2096
3.2884,0.010677,-1.1557
3.2884,0.011216,-1.1003
3.2884,0.011755,-1.0421
3.2884,0.012294,-0.98019
3.2884,0.012832,-0.91371
3.2884,0.013371,-0.84204
3.2884,0.01391,-0.7682
3.2884,0.014449,-0.68673
3.2884,0.014987,-0.6035
3.2884,0.015526,-0.51311
3.2884,0.016065,-0.42497
3.2884,0.016604,-0.33858
3.2884,0.017142,-0.23818
3.2884,0.017681,-0.14412
3.2884,0.01822,-0.03434
3.2884,0.018758,0.0958
3.2884,0.019297,0.21515
3.2884,0.019836,0.33719
3.2884,0.020375,0.47376
3.2884,0.020913,0.62109
3.2884,0.021452,0.77367
3.2884,0.021991,0.92303
3.2884,0.02253,1.0694
3.2884,0.023068,1.2151
3.2884,0.023607,1.362
3.2884,0.024146,1.5094
3.2884,0.024684,1.6571
3.2884,0.025223,1.8047
3.2884,0.025762,1.9529
3.2884,0.026301,2.1017
3.2884,0.026839,2.2508
3.2884,0.027378,2.4003
3.2884,0.027917,2.55
3.2884,0.028456,2.6997
3.2884,0.028994,2.8492
3.2884,0.029533,2.9987
3.2884,0.030072,3.1473
3.2884,0.030611,3.2943
3.2884,0.031149,3.4401
3.2884,0.031688,3.5842
3.2884,0.032227,3.7266
3.2884,0.032765,3.8677
3.2884,0.033304,4.0074
3.2884,0.033843,4.1458
3.4151,0.0069064,-1.4639
3.4151,0.0074451,-1.4055
3.4151,0.0079838,-1.3553
3.4151,0.0085226,-1.2996
3.4151,0.0090613,-1.239
3.4151,0.0096,-1.1793
3.4151,0.010139,-1.1236
3.4151,0.010677,-1.0655
3.4151,0.011216,-1.0071
3.4151,0.011755,-0.94642
3.4151,0.012294,-0.88277
3.4151,0.012832,-0.81448
3.4151,0.013371,-0.74123
3.4151,0.01391,-0.66281
3.4151,0.014449,-0.58128
3.4151,0.014987,-0.49459
3.4151,0.015526,-0.4058
3.4151,0.016065,-0.31394
3.4151,0.016604,-0.22497
3.4151,0.017142,-0.12797
3.4151,0.017681,-0.031285
3.4151,0.01822,0.081773
3.4151,0.018758,0.20993
3.4151,0.019297,0.33823
3.4151,0.019836,0.45775
3.4151,0.020375,0.5953
3.4151,0.020913,0.73535
3.4151,0.021452,0.88981
3.4151,0.021991,1.038
3.4151,0.02253,1.1838
3.4151,0.023068,1.3294
3.4151,0.023607,1.4761
3.4151,0.024146,1.6229
3.4151,0.024684,1.7697
3.4151,0.025223,1.9171
3.4151,0.025762,2.0651
3.4151,0.026301,2.2137
3.4151,0.026839,2.3628
3.4151,0.027378,2.512
3.4151,0.027917,2.6613
3.4151,0.028456,2.8105
3.4151,0.028994,2.9598
3.4151,0.029533,3.1082
3.4151,0.030072,3.2554
3.4151,0.030611,3.4014
3.4151,0.031149,3.546
3.4151,0.031688,3.6889
3.4151,0.032227,3.8304
3.4151,0.032765,3.9703
3.4151,0.033304,4.1088
3.4151,0.033843,4.2459
3.5418,0.0069064,-1.4007
3.5418,0.0074451,-1.3432
3.5418,0.0079838,-1.2866
3.5418,0.0085226,-1.2273
3.5418,0.0090613,-1.1671
3.5418,0.0096,-1.1039
3.5418,0.010139,-1.0406
3.5418,0.010677,-0.9797
3.5418,0.011216,-0.91724
3.5418,0.011755,-0.85406
3.5418,0.012294,-0.78776
3.5418,0.012832,-0.7176
3.5418,0.013371,-0.64285
3.5418,0.01391,-0.56286
3.5418,0.014449,-0.47816
3.5418,0.014987,-0.38979
3.5418,0.015526,-0.29841
3.5418,0.016065,-0.20536
3.5418,0.016604,-0.11297
3.5418,0.017142,-0.018775
3.5418,0.017681,0.080452
3.5418,0.01822,0.19607
3.5418,0.018758,0.32653
3.5418,0.019297,0.44955
3.5418,0.019836,0.57732
3.5418,0.020375,0.71475
3.5418,0.020913,0.85241
3.5418,0.021452,1.0054
3.5418,0.021991,1.1527
3.5418,0.02253,1.2985
3.5418,0.023068,1.4446
3.5418,0.023607,1.5907
3.5418,0.024146,1.7366
3.5418,0.024684,1.8829
3.5418,0.025223,2.03
3.5418,0.025762,2.1778
3.5418,0.026301,2.3262
3.5418,0.026839,2.4749
3.5418,0.027378,2.6237
3.5418,0.027917,2.7724
3.5418,0.028456,2.9212
3.5418,0.028994,3.0692
3.5418,0.029533,3.2163
3.5418,0.030072,3.3623
3.5418,0.030611,3.507
3.5418,0.031149,3.6503
3.5418,0.031688,3.7921
3.5418,0.032227,3.9324
3.5418,0.032765,4.0707
3.5418,0.033304,4.2078
3.5418,0.033843,4.3433
3.6685,0.0069064,-1.3434
3.6685,0.0074451,-1.2787
3.6685,0.0079838,-1.2197
3.6685,0.0085226,-1.1637
3.6685,0.0090613,-1.0961
3.6685,0.0096,-1.031
3.6685,0.010139,-0.96533
3.6685,0.010677,-0.8992
3.6685,0.011216,-0.83123
3.6685,0.011755,-0.76389
3.6685,0.012294,-0.69585
3.6685,0.012832,-0.62347
3.6685,0.013371,-0.54677
3.6685,0.01391,-0.46532
3.6685,0.014449,-0.3792
3.6685,0.014987,-0.28839
3.6685,0.015526,-0.1963
3.6685,0.016065,-0.10037
3.6685,0.016604,-0.0055192
3.6685,0.017142,0.092364
3.6685,0.017681,0.1911
3.6685,0.01822,0.30878
3.6685,0.018758,0.43443
3.6685,0.019297,0.55776
3.6685,0.019836,0.6876
3.6685,0.020375,0.82695
3.6685,0.020913,0.96959
3.6685,0.021452,1.1172
3.6685,0.021991,1.2667
3.6685,0.02253,1.414
3.6685,0.023068,1.5602
3.6685,0.023607,1.7057
3.6685,0.024146,1.8512
3.6685,0.024684,1.9972
3.6685,0.025223,2.1439
3.6685,0.025762,2.2913
3.6685,0.026301,2.4392
3.6685,0.026839,2.5873
3.6685,0.027378,2.7354
3.6685,0.027917,2.8834
3.6685,0.028456,3.0307
3.6685,0.028994,3.1773
3.6685,0.029533,3.323
3.6685,0.030072,3.4676
3.6685,0.030611,3.6108
3.6685,0.031149,3.7526
3.6685,0.031688,3.893
3.6685,0.032227,4.0315
3.6685,0.032765,4.1686
3.6685,0.033304,4.3039
3.6685,0.033843,4.4374
3.7952,0.0069064,-1.287
3.7952,0.0074451,-1.222
3.7952,0.0079838,-1.1542
3.7952,0.0085226,-1.0931
3.7952,0.0090613,-1.0328
3.7952,0.0096,-0.96385
3.7952,0.010139,-0.89212
3.7952,0.010677,-0.82229
3.7952,0.011216,-0.75168
3.7952,0.011755,-0.67786
3.7952,0.012294,-0.60524
3.7952,0.012832,-0.53194
3.7952,0.013371,-0.45316
3.7952,0.01391,-0.36997
3.7952,0.014449,-0.2822
3.7952,0.014987,-0.18862
3.7952,0.015526,-0.095424
3.7952,0.016065,0.00025171
3.7952,0.016604,0.099887
3.7952,0.017142,0.20039
3.7952,0.017681,0.30275
3.7952,0.01822,0.42007
3.7952,0.018758,0.54025
3.7952,0.019297,0.66557
3.7952,0.019836,0.79959
3.7952,0.020375,0.94153
3.7952,0.020913,1.0839
3.7952,0.021452,1.2282
3.7952,0.021991,1.3789
3.7952,0.02253,1.5279
3.7952,0.023068,1.6756
3.7952,0.023607,1.8217
3.7952,0.024146,1.9672
3.7952,0.024684,2.1129
3.7952,0.025223,2.2591
3.7952,0.025762,2.4059
3.7952,0.026301,2.5531
3.7952,0.026839,2.7003
3.7952,0.027378,2.847
3.7952,0.027917,2.9933
3.7952,0.028456,3.1391
3.7952,0.028994,3.2841
3.7952,0.029533,3.428
3.7952,0.030072,3.5707
3.7952,0.030611,3.7122
3.7952,0.031149,3.8524
3.7952,0.031688,3.991
3.7952,0.032227,4.1281
3.7952,0.032765,4.2632
3.7952,0.033304,4.3963
3.7952,0.033843,4.5276
3.9219,0.0069064,-1.2293
3.9219,0.0074451,-1.1667
3.9219,0.0079838,-1.0981
3.9219,0.0085226,-1.0267
3.9219,0.0090613,-0.96316
3.9219,0.0096,-0.89651
3.9219,0.010139,-0.82389
3.9219,0.010677,-0.75042
3.9219,0.011216,-0.67413
3.9219,0.011755,-0.59742
3.9219,0.012294,-0.5193
3.9219,0.012832,-0.44103
3.9219,0.013371,-0.36126
3.9219,0.01391,-0.27679
3.9219,0.014449,-0.18635
3.9219,0.014987,-0.092722
3.9219,0.015526,0.006415
3.9219,0.016065,0.10085
3.9219,0.016604,0.20028
3.9219,0.017142,0.30408
3.9219,0.017681,0.41352
3.9219,0.01822,0.52655
3.9219,0.018758,0.64726
3.9219,0.019297,0.77456
3.9219,0.019836,0.9108
3.9219,0.020375,1.0511
3.9219,0.020913,1.1983
3.9219,0.021452,1.3425
3.9219,0.021991,1.4898
3.9219,0.02253,1.6413
3.9219,0.023068,1.7905
3.9219,0.023607,1.9381
3.9219,0.024146,2.0846
3.9219,0.024684,2.2305
3.9219,0.025223,2.3764
3.9219,0.025762,2.5223
3.9219,0.026301,2.6682
3.9219,0.026839,2.8128
3.9219,0.027378,2.9579
3.9219,0.027917,3.1025
3.9219,0.028456,3.246
3.9219,0.028994,3.3885
3.9219,0.029533,3.5302
3.9219,0.030072,3.671
3.9219,0.030611,3.8109
3.9219,0.031149,3.9494
3.9219,0.031688,4.0862
3.9219,0.032227,4.2211
3.9219,0.032765,4.3538
3.9219,0.033304,4.4846
3.9219,0.033843,4.6134
4.0486,0.0069064,-1.1819
4.0486,0.0074451,-1.1102
4.0486,0.0079838,-1.0438
4.0486,0.0085226,-0.97131
4.0486,0.0090613,-0.89728
4.0486,0.0096,-0.82941
4.0486,0.010139,-0.75514
4.0486,0.010677,-0.67845
4.0486,0.011216,-0.60319
4.0486,0.011755,-0.52186
4.0486,0.012294,-0.43853
4.0486,0.012832,-0.35538
4.0486,0.013371,-0.27107
4.0486,0.01391,-0.18484
4.0486,0.014449,-0.093789
4.0486,0.014987,0.0037979
4.0486,0.015526,0.10131
4.0486,0.016065,0.20065
4.0486,0.016604,0.30019
4.0486,0.017142,0.40383
4.0486,0.017681,0.51586
4.0486,0.01822,0.63518
4.0486,0.018758,0.75651
4.0486,0.019297,0.88628
4.0486,0.019836,1.022
4.0486,0.020375,1.1631
4.0486,0.020913,1.308
4.0486,0.021452,1.4559
4.0486,0.021991,1.6039
4.0486,0.02253,1.7523
4.0486,0.023068,1.9045
4.0486,0.023607,2.0538
4.0486,0.024146,2.2025
4.0486,0.024684,2.3503
4.0486,0.025223,2.4962
4.0486,0.025762,2.6411
4.0486,0.026301,2.7826
4.0486,0.026839,2.926
4.0486,0.027378,3.0683
4.0486,0.027917,3.2092
4.0486,0.028456,3.3497
4.0486,0.028994,3.4898
4.0486,0.029533,3.6294
4.0486,0.030072,3.7688
4.0486,0.030611,3.9068
4.0486,0.031149,4.0431
4.0486,0.031688,4.1775
4.0486,0.032227,4.3098
4.0486,0.032765,4.44
4.0486,0.033304,4.5681
4.0486,0.033843,4.6943
4.1753,0.0069064,-1.1407
4.1753,0.0074451,-1.0636
4.1753,0.0079838,-0.9884
4.1753,0.0085226,-0.91786
4.1753,0.0090613,-0.84121
4.1753,0.0096,-0.76448
4.1753,0.010139,-0.69003
4.1753,0.010677,-0.60981
4.1753,0.011216,-0.53106
4.1753,0.011755,-0.44911
4.1753,0.012294,-0.3639
4.1753,0.012832,-0.27508
4.1753,0.013371,-0.18589
4.1753,0.01391,-0.095355
4.1753,0.014449,-0.0027824
4.1753,0.014987,0.094792
4.1753,0.015526,0.19409
4.1753,0.016065,0.29528
4.1753,0.016604,0.39804
4.1753,0.017142,0.50456
4.1753,0.017681,0.61809
4.1753,0.01822,0.74074
4.1753,0.018758,0.86747
4.1753,0.019297,0.99964
4.1753,0.019836,1.136
4.1753,0.020375,1.2757
4.1753,0.020913,1.4191
4.1753,0.021452,1.5656
4.1753,0.021991,1.7156
4.1753,0.02253,1.8662
4.1753,0.023068,2.0164
4.1753,0.023607,2.1678
4.1753,0.024146,2.3204
4.1753,0.024684,2.4702
4.1753,0.025223,2.6194
4.1753,0.025762,2.7591
4.1753,0.026301,2.9001
4.1753,0.026839,3.0371
4.1753,0.027378,3.1745
4.1753,0.027917,3.3122
4.1753,0.028456,3.45
4.1753,0.028994,3.5878
4.1753,0.029533,3.7264
4.1753,0.030072,3.8635
4.1753,0.030611,3.9989
4.1753,0.031149,4.1326
4.1753,0.031688,4.2641
4.1753,0.032227,4.3933
4.1753,0.032765,4.5205
4.1753,0.033304,4.646
4.1753,0.033843,4.77
4.302,0.0069064,-1.1041
4.302,0.0074451,-1.0232
4.302,0.0079838,-0.94254
4.302,0.0085226,-0.8636
4.302,0.0090613,-0.78867
4.302,0.0096,-0.7075
4.302,0.010139,-0.62761
4.302,0.010677,-0.54546
4.302,0.011216,-0.46169
4.302,0.011755,-0.3785
4.302,0.012294,-0.29181
4.302,0.012832,-0.20106
4.302,0.013371,-0.10637
4.302,0.01391,-0.011206
4.302,0.014449,0.085468
4.302,0.014987,0.18419
4.302,0.015526,0.28477
4.302,0.016065,0.38727
4.302,0.016604,0.49404
4.302,0.017142,0.60502
4.302,0.017681,0.72059
4.302,0.01822,0.84568
4.302,0.018758,0.97694
4.302,0.019297,1.1131
4.302,0.019836,1.251
4.302,0.020375,1.3904
4.302,0.020913,1.532
4.302,0.021452,1.6772
4.302,0.021991,1.8262
4.302,0.02253,1.978
4.302,0.023068,2.1291
4.302,0.023607,2.281
4.302,0.024146,2.437
4.302,0.024684,2.5918
4.302,0.025223,2.7389
4.302,0.025762,2.8786
4.302,0.026301,3.0108
4.302,0.026839,3.1433
4.302,0.027378,3.2769
4.302,0.027917,3.4119
4.302,0.028456,3.5486
4.302,0.028994,3.6845
4.302,0.029533,3.8202
4.302,0.030072,3.9544
4.302,0.030611,4.0867
4.302,0.031149,4.217
4.302,0.031688,4.3451
4.302,0.032227,4.4713
4.302,0.032765,4.5959
4.302,0.033304,4.7189
4.302,0.033843,4.8399
4.4287,0.0069064,-1.0711
4.4287,0.0074451,-0.98888
4.4287,0.0079838,-0.90573
4.4287,0.0085226,-0.82103
4.4287,0.0090613,-0.73595
4.4287,0.0096,-0.65593
4.4287,0.010139,-0.56999
4.4287,0.010677,-0.48515
4.4287,0.011216,-0.39702
4.4287,0.011755,-0.31257
4.4287,0.012294,-0.22137
4.4287,0.012832,-0.12927
4.4287,0.013371,-0.03343
4.4287,0.01391,0.067211
4.4287,0.014449,0.16858
4.4287,0.014987,0.27053
4.4287,0.015526,0.37418
4.4287,0.016065,0.48013
4.4287,0.016604,0.58783
4.4287,0.017142,0.7021
4.4287,0.017681,0.82382
4.4287,0.01822,0.95052
4.4287,0.018758,1.0855
4.4287,0.019297,1.2248
4.4287,0.019836,1.3643
4.4287,0.020375,1.5054
4.4287,0.020913,1.6471
4.4287,0.021452,1.7901
4.4287,0.021991,1.937
4.4287,0.02253,2.0867
4.4287,0.023068,2.2399
4.4287,0.023607,2.3942
4.4287,0.024146,2.5516
4.4287,0.024684,2.7111
4.4287,0.025223,2.8557
4.4287,0.025762,2.9894
4.4287,0.026301,3.1169
4.4287,0.026839,3.2473
4.4287,0.027378,3.3783
4.4287,0.027917,3.5097
4.4287,0.028456,3.644
4.4287,0.028994,3.7783
4.4287,0.029533,3.9099
4.4287,0.030072,4.0402
4.4287,0.030611,4.1688
4.4287,0.031149,4.2954
4.4287,0.031688,4.4203
4.4287,0.032227,4.5439
4.4287,0.032765,4.6655
4.4287,0.033304,4.785
4.4287,0.033843,4.9025
4.5554,0.0069064,-1.0448
4.5554,0.0074451,-0.95665
4.5554,0.0079838,-0.87029
4.5554,0.0085226,-0.78242
4.5554,0.0090613,-0.69505
4.5554,0.0096,-0.6075
4.5554,0.010139,-0.51947
4.5554,0.010677,-0.42905
4.5554,0.011216,-0.3377
4.5554,0.011755,-0.24842
4.5554,0.012294,-0.15679
4.5554,0.012832,-0.060177
4.5554,0.013371,0.037694
4.5554,0.01391,0.13886
4.5554,0.014449,0.24494
4.5554,0.014987,0.35191
4.5554,0.015526,0.45889
4.5554,0.016065,0.56763
4.5554,0.016604,0.67973
4.5554,0.017142,0.79682
4.5554,0.017681,0.92212
4.5554,0.01822,1.0541
4.5554,0.018758,1.1924
4.5554,0.019297,1.3336
4.5554,0.019836,1.4744
4.5554,0.020375,1.6176
4.5554,0.020913,1.7615
4.5554,0.021452,1.9036
4.5554,0.021991,2.0484
4.5554,0.02253,2.1964
4.5554,0.023068,2.3483
4.5554,0.023607,2.5031
4.5554,0.024146,2.6623
4.5554,0.024684,2.8209
4.5554,0.025223,2.9632
4.5554,0.025762,3.0974
4.5554,0.026301,3.2203
4.5554,0.026839,3.3444
4.5554,0.027378,3.4719
4.5554,0.027917,3.6066
4.5554,0.028456,3.7388
4.5554,0.028994,3.8666
4.5554,0.029533,3.994
4.5554,0.030072,4.12
4.5554,0.030611,4.2445
4.5554,0.031149,4.3682
4.5554,0.031688,4.4899
4.5554,0.032227,4.6096
4.5554,0.032765,4.7272
4.5554,0.033304,4.843
4.5554,0.033843,4.9569
4.6821,0.0069064,-1.0186
4.6821,0.0074451,-0.9306
4.6821,0.0079838,-0.83868
4.6821,0.0085226,-0.74854
4.6821,0.0090613,-0.6586
4.6821,0.0096,-0.56453
4.6821,0.010139,-0.47066
4.6821,0.010677,-0.37924
4.6821,0.011216,-0.28416
4.6821,0.011755,-0.19276
4.6821,0.012294,-0.094987
4.6821,0.012832,9.5852e-05
4.6821,0.013371,0.10513
4.6821,0.01391,0.20865
4.6821,0.014449,0.31595
4.6821,0.014987,0.42638
4.6821,0.015526,0.53725
4.6821,0.016065,0.64909
4.6821,0.016604,0.76549
4.6821,0.017142,0.88838
4.6821,0.017681,1.0159
4.6821,0.01822,1.1507
4.6821,0.018758,1.2949
4.6821,0.019297,1.4374
4.6821,0.019836,1.5802
4.6821,0.020375,1.7204
4.6821,0.020913,1.8712
4.6821,0.021452,2.0129
4.6821,0.021991,2.1586
4.6821,0.02253,2.3071
4.6821,0.023068,2.4566
4.6821,0.023607,2.6095
4.6821,0.024146,2.7675
4.6821,0.024684,2.9248
4.6821,0.025223,3.0671
4.6821,0.025762,3.1948
4.6821,0.026301,3.3223
4.6821,0.026839,3.4462
4.6821,0.027378,3.575
4.6821,0.027917,3.705
4.6821,0.028456,3.8267
4.6821,0.028994,3.9495
4.6821,0.029533,4.0718
4.6821,0.030072,4.1941
4.6821,0.030611,4.315
4.6821,0.031149,4.4341
4.6821,0.031688,4.5512
4.6821,0.032227,4.6666
4.6821,0.032765,4.7801
4.6821,0.033304,4.892
4.6821,0.033843,5.0024
4.8089,0.0069064,-1.0044
4.8089,0.0074451,-0.90939
4.8089,0.0079838,-0.81552
4.8089,0.0085226,-0.71927
4.8089,0.0090613,-0.6252
4.8089,0.0096,-0.52885
4.8089,0.010139,-0.43272
4.8089,0.010677,-0.33301
4.8089,0.011216,-0.23541
4.8089,0.011755,-0.13675
4.8089,0.012294,-0.039016
4.8089,0.012832,0.05979
4.8089,0.013371,0.16419
4.8089,0.01391,0.27397
4.8089,0.014449,0.38269
4.8089,0.014987,0.49606
4.8089,0.015526,0.60991
4.8089,0.016065,0.72512
4.8089,0.016604,0.84466
4.8089,0.017142,0.97541
4.8089,0.017681,1.1007
4.8089,0.01822,1.2399
4.8089,0.018758,1.3869
4.8089,0.019297,1.535
4.8089,0.019836,1.6794
4.8089,0.020375,1.8155
4.8089,0.020913,1.969
4.8089,0.021452,2.1217
4.8089,0.021991,2.2617
4.8089,0.02253,2.4106
4.8089,0.023068,2.5637
4.8089,0.023607,2.7106
4.8089,0.024146,2.867
4.8089,0.024684,3.0236
4.8089,0.025223,3.1758
4.8089,0.025762,3.3034
4.8089,0.026301,3.4354
4.8089,0.026839,3.5539
4.8089,0.027378,3.6807
4.8089,0.027917,3.7941
4.8089,0.028456,3.9094
4.8089,0.028994,4.0271
4.8089,0.029533,4.1452
4.8089,0.030072,4.262
4.8089,0.030611,4.3773
4.8089,0.031149,4.491
4.8089,0.031688,4.6033
4.8089,0.032227,4.7141
4.8089,0.032765,4.8234
4.8089,0.033304,4.9329
4.8089,0.033843,5.0423
4.9356,0.0069064,-0.98816
4.9356,0.0074451,-0.89295
4.9356,0.0079838,-0.79789
4.9356,0.0085226,-0.70111
4.9356,0.0090613,-0.60031
4.9356,0.0096,-0.49943
4.9356,0.010139,-0.39745
4.9356,0.010677,-0.29723
4.9356,0.011216,-0.19304
4.9356,0.011755,-0.088322
4.9356,0.012294,0.013859
4.9356,0.012832,0.11565
4.9356,0.013371,0.22096
4.9356,0.01391,0.33089
4.9356,0.014449,0.44497
4.9356,0.014987,0.55994
4.9356,0.015526,0.67656
4.9356,0.016065,0.79617
4.9356,0.016604,0.91566
4.9356,0.017142,1.0494
4.9356,0.017681,1.1821
4.9356,0.01822,1.3162
4.9356,0.018758,1.4679
4.9356,0.019297,1.6231
4.9356,0.019836,1.7685
4.9356,0.020375,1.9124
4.9356,0.020913,2.0682
4.9356,0.021452,2.2139
4.9356,0.021991,2.3615
4.9356,0.02253,2.4981
4.9356,0.023068,2.6585
4.9356,0.023607,2.8065
4.9356,0.024146,2.9558
4.9356,0.024684,3.1149
4.9356,0.025223,3.2699
4.9356,0.025762,3.4106
4.9356,0.026301,3.5351
4.9356,0.026839,3.6673
4.9356,0.027378,3.774
4.9356,0.027917,3.8804
4.9356,0.028456,3.9914
4.9356,0.028994,4.1021
4.9356,0.029533,4.2122
4.9356,0.030072,4.3218
4.9356,0.030611,4.4306
4.9356,0.031149,4.5386
4.9356,0.031688,4.6473
4.9356,0.032227,4.7558
4.9356,0.032765,4.8642
4.9356,0.033304,4.9724
4.9356,0.033843,5.0785
5.0623,0.0069064,-0.97168
5.0623,0.0074451,-0.87604
5.0623,0.0079838,-0.77757
5.0623,0.0085226,-0.67841
5.0623,0.0090613,-0.5785
5.0623,0.0096,-0.47549
5.0623,0.010139,-0.37097
5.0623,0.010677,-0.26543
5.0623,0.011216,-0.15872
5.0623,0.011755,-0.049944
5.0623,0.012294,0.060103
5.0623,0.012832,0.16703
5.0623,0.013371,0.27402
5.0623,0.01391,0.38468
5.0623,0.014449,0.49979
5.0623,0.014987,0.61777
5.0623,0.015526,0.7373
5.0623,0.016065,0.85723
5.0623,0.016604,0.98407
5.0623,0.017142,1.1162
5.0623,0.017681,1.2576
5.0623,0.01822,1.399
5.0623,0.018758,1.5421
5.0623,0.019297,1.6981
5.0623,0.019836,1.8551
5.0623,0.020375,1.996
5.0623,0.020913,2.1492
5.0623,0.021452,2.2983
5.0623,0.021991,2.4541
5.0623,0.02253,2.599
5.0623,0.023068,2.7414
5.0623,0.023607,2.9011
5.0623,0.024146,3.0448
5.0623,0.024684,3.201
5.0623,0.025223,3.3604
5.0623,0.025762,3.5079
5.0623,0.026301,3.6476
5.0623,0.026839,3.763
5.0623,0.027378,3.8742
5.0623,0.027917,3.9742
5.0623,0.028456,4.0719
5.0623,0.028994,4.171
5.0623,0.029533,4.2718
5.0623,0.030072,4.3741
5.0623,0.030611,4.4775
5.0623,0.031149,4.5825
5.0623,0.031688,4.6884
5.0623,0.032227,4.7934
5.0623,0.032765,4.895
5.0623,0.033304,4.9961
5.0623,0.033843,5.0993
5.189,0.0069064,-0.9655
5.189,0.0074451,-0.86403
5.189,0.0079838,-0.76469
5.189,0.0085226,-0.66261
5.189,0.0090613,-0.55933
5.189,0.0096,-0.45242
5.189,0.010139,-0.34645
5.189,0.010677,-0.24035
5.189,0.011216,-0.1292
5.189,0.011755,-0.016167
5.189,0.012294,0.096916
5.189,0.012832,0.21033
5.189,0.013371,0.31929
5.189,0.01391,0.43338
5.189,0.014449,0.54972
5.189,0.014987,0.66947
5.189,0.015526,0.79111
5.189,0.016065,0.91508
5.189,0.016604,1.0432
5.189,0.017142,1.1818
5.189,0.017681,1.3234
5.189,0.01822,1.4725
5.189,0.018758,1.6112
5.189,0.019297,1.7691
5.189,0.019836,1.9243
5.189,0.020375,2.0803
5.189,0.020913,2.2244
5.189,0.021452,2.3758
5.189,0.021991,2.5276
5.189,0.02253,2.6771
5.189,0.023068,2.8145
5.189,0.023607,2.9703
5.189,0.024146,3.1264
5.189,0.024684,3.286
5.189,0.025223,3.4425
5.189,0.025762,3.5943
5.189,0.026301,3.7355
5.189,0.026839,3.8583
5.189,0.027378,3.9593
5.189,0.027917,4.0643
5.189,0.028456,4.1484
5.189,0.028994,4.2339
5.189,0.029533,4.3252
5.189,0.030072,4.4213
5.189,0.030611,4.5203
5.189,0.031149,4.619
5.189,0.031688,4.7187
5.189,0.032227,4.8165
5.189,0.032765,4.9137
5.189,0.033304,5.0104
5.189,0.033843,5.1054
5.3157,0.0069064,-0.963
5.3157,0.0074451,-0.85792
5.3157,0.0079838,-0.75264
5.3157,0.0085226,-0.64944
5.3157,0.0090613,-0.54461
5.3157,0.0096,-0.43452
5.3157,0.010139,-0.32338
5.3157,0.010677,-0.21453
5.3157,0.011216,-0.10326
5.3157,0.011755,0.011494
5.3157,0.012294,0.12909
5.3157,0.012832,0.24736
5.3157,0.013371,0.36104
5.3157,0.01391,0.47669
5.3157,0.014449,0.59447
5.3157,0.014987,0.71531
5.3157,0.015526,0.83965
5.3157,0.016065,0.96886
5.3157,0.016604,1.1041
5.3157,0.017142,1.2436
5.3157,0.017681,1.3864
5.3157,0.01822,1.5357
5.3157,0.018758,1.6845
5.3157,0.019297,1.8375
5.3157,0.019836,1.9902
5.3157,0.020375,2.1461
5.3157,0.020913,2.296
5.3157,0.021452,2.4405
5.3157,0.021991,2.5928
5.3157,0.02253,2.7573
5.3157,0.023068,2.8962
5.3157,0.023607,3.0536
5.3157,0.024146,3.2012
5.3157,0.024684,3.3537
5.3157,0.025223,3.5102
5.3157,0.025762,3.6586
5.3157,0.026301,3.8086
5.3157,0.026839,3.9348
5.3157,0.027378,4.0477
5.3157,0.027917,4.1325
5.3157,0.028456,4.2154
5.3157,0.028994,4.2929
5.3157,0.029533,4.3762
5.3157,0.030072,4.4631
5.3157,0.030611,4.5517
5.3157,0.031149,4.6424
5.3157,0.031688,4.7329
5.3157,0.032227,4.824
5.3157,0.032765,4.9156
5.3157,0.033304,5.0062
5.3157,0.033843,5.0993
5.4424,0.0069064,-0.9691
5.4424,0.0074451,-0.85974
5.4424,0.0079838,-0.74958
5.4424,0.0085226,-0.63947
5.4424,0.0090613,-0.53182
5.4424,0.0096,-0.42244
5.4424,0.010139,-0.30764
5.4424,0.010677,-0.19227
5.4424,0.011216,-0.082339
5.4424,0.011755,0.033477
5.4424,0.012294,0.15377
5.4424,0.012832,0.27458
5.4424,0.013371,0.39313
5.4424,0.01391,0.51131
5.4424,0.014449,0.6312
5.4424,0.014987,0.75568
5.4424,0.015526,0.88764
5.4424,0.016065,1.0198
5.4424,0.016604,1.1619
5.4424,0.017142,1.3031
5.4424,0.017681,1.447
5.4424,0.01822,1.5942
5.4424,0.018758,1.746
5.4424,0.019297,1.8971
5.4424,0.019836,2.0497
5.4424,0.020375,2.203
5.4424,0.020913,2.3572
5.4424,0.021452,2.5072
5.4424,0.021991,2.6616
5.4424,0.02253,2.8186
5.4424,0.023068,2.9758
5.4424,0.023607,3.1282
5.4424,0.024146,3.2836
5.4424,0.024684,3.4281
5.4424,0.025223,3.5766
5.4424,0.025762,3.7287
5.4424,0.026301,3.8675
5.4424,0.026839,3.9942
5.4424,0.027378,4.1066
5.4424,0.027917,4.204
5.4424,0.028456,4.2948
5.4424,0.028994,4.363
5.4424,0.029533,4.4339
5.4424,0.030072,4.5048
5.4424,0.030611,4.5801
5.4424,0.031149,4.6584
5.4424,0.031688,4.7394
5.4424,0.032227,4.8226
5.4424,0.032765,4.9075
5.4424,0.033304,4.9938
5.4424,0.033843,5.0812
5.5691,0.0069064,-0.97727
5.5691,0.0074451,-0.86747
5.5691,0.0079838,-0.75523
5.5691,0.0085226,-0.64228
5.5691,0.0090613,-0.52785
5.5691,0.0096,-0.41371
5.5691,0.010139,-0.29883
5.5691,0.010677,-0.18043
5.5691,0.011216,-0.061567
5.5691,0.011755,0.051912
5.5691,0.012294,0.17278
5.5691,0.012832,0.29585
5.5691,0.013371,0.41785
5.5691,0.01391,0.53891
5.5691,0.014449,0.66178
5.5691,0.014987,0.78984
5.5691,0.015526,0.92583
5.5691,0.016065,1.0659
5.5691,0.016604,1.2114
5.5691,0.017142,1.3562
5.5691,0.017681,1.5004
5.5691,0.01822,1.6468
5.5691,0.018758,1.8027
5.5691,0.019297,1.9542
5.5691,0.019836,2.1096
5.5691,0.020375,2.2651
5.5691,0.020913,2.4225
5.5691,0.021452,2.5813
5.5691,0.021991,2.7361
5.5691,0.02253,2.8903
5.5691,0.023068,3.0457
5.5691,0.023607,3.1941
5.5691,0.024146,3.3536
5.5691,0.024684,3.4959
5.5691,0.025223,3.6342
5.5691,0.025762,3.7817
5.5691,0.026301,3.9258
5.5691,0.026839,4.0538
5.5691,0.027378,4.1751
5.5691,0.027917,4.2816
5.5691,0.028456,4.375
5.5691,0.028994,4.4392
5.5691,0.029533,4.5039
5.5691,0.030072,4.5554
5.5691,0.030611,4.6159
5.5691,0.031149,4.6794
5.5691,0.031688,4.7504
5.5691,0.032227,4.8251
5.5691,0.032765,4.9023
5.5691,0.033304,4.9881
5.5691,0.033843,5.0766
5.6958,0.0069064,-0.98764
5.6958,0.0074451,-0.87343
5.6958,0.0079838,-0.7588
5.6958,0.0085226,-0.64242
5.6958,0.0090613,-0.52588
5.6958,0.0096,-0.40868
5.6958,0.010139,-0.29074
5.6958,0.010677,-0.17326
5.6958,0.011216,-0.052351
5.6958,0.011755,0.068128
5.6958,0.012294,0.18863
5.6958,0.012832,0.31192
5.6958,0.013371,0.43566
5.6958,0.01391,0.56021
5.6958,0.014449,0.68646
5.6958,0.014987,0.82033
5.6958,0.015526,0.96357
5.6958,0.016065,1.1057
5.6958,0.016604,1.2513
5.6958,0.017142,1.4013
5.6958,0.017681,1.5484
5.6958,0.01822,1.6978
5.6958,0.018758,1.8534
5.6958,0.019297,2.0085
5.6958,0.019836,2.1655
5.6958,0.020375,2.3232
5.6958,0.020913,2.4857
5.6958,0.021452,2.6506
5.6958,0.021991,2.8059
5.6958,0.02253,2.9639
5.6958,0.023068,3.1131
5.6958,0.023607,3.2697
5.6958,0.024146,3.414
5.6958,0.024684,3.5539
5.6958,0.025223,3.6862
5.6958,0.025762,3.8182
5.6958,0.026301,3.9676
5.6958,0.026839,4.0952
5.6958,0.027378,4.2233
5.6958,0.027917,4.3401
5.6958,0.028456,4.4377
5.6958,0.028994,4.5173
5.6958,0.029533,4.5752
5.6958,0.030072,4.619
5.6958,0.030611,4.6624
5.6958,0.031149,4.7152
5.6958,0.031688,4.7775
5.6958,0.032227,4.8479
5.6958,0.032765,4.9281
5.6958,0.033304,5.0073
5.6958,0.033843,5.0906
5.8225,0.0069064,-0.99812
5.8225,0.0074451,-0.8816
5.8225,0.0079838,-0.7641
5.8225,0.0085226,-0.64702
5.8225,0.0090613,-0.5292
5.8225,0.0096,-0.40838
5.8225,0.010139,-0.28824
5.8225,0.010677,-0.16738
5.8225,0.011216,-0.045947
5.8225,0.011755,0.075832
5.8225,0.012294,0.19907
5.8225,0.012832,0.32417
5.8225,0.013371,0.45051
5.8225,0.01391,0.57799
5.8225,0.014449,0.70873
5.8225,0.014987,0.84958
5.8225,0.015526,0.99256
5.8225,0.016065,1.1345
5.8225,0.016604,1.2864
5.8225,0.017142,1.4432
5.8225,0.017681,1.5934
5.8225,0.01822,1.7474
5.8225,0.018758,1.904
5.8225,0.019297,2.0598
5.8225,0.019836,2.2186
5.8225,0.020375,2.3778
5.8225,0.020913,2.536
5.8225,0.021452,2.7015
5.8225,0.021991,2.8781
5.8225,0.02253,3.0337
5.8225,0.023068,3.1733
5.8225,0.023607,3.3151
5.8225,0.024146,3.4749
5.8225,0.024684,3.6098
5.8225,0.025223,3.7301
5.8225,0.025762,3.8685
5.8225,0.026301,3.9976
5.8225,0.026839,4.128
5.8225,0.027378,4.2544
5.8225,0.027917,4.3727
5.8225,0.028456,4.4733
5.8225,0.028994,4.5605
5.8225,0.029533,4.6306
5.8225,0.030072,4.6861
5.8225,0.030611,4.7226
5.8225,0.031149,4.7573
5.8225,0.031688,4.8057
5.8225,0.032227,4.8672
5.8225,0.032765,4.9389
5.8225,0.033304,5.0181
5.8225,0.033843,5.1027
5.9492,0.0069064,-1.0098
5.9492,0.0074451,-0.89299
5.9492,0.0079838,-0.77491
5.9492,0.0085226,-0.65572
5.9492,0.0090613,-0.53554
5.9492,0.0096,-0.41238
5.9492,0.010139,-0.2896
5.9492,0.010677,-0.16631
5.9492,0.011216,-0.042463
5.9492,0.011755,0.083732
5.9492,0.012294,0.20882
5.9492,0.012832,0.33537
5.9492,0.013371,0.46354
5.9492,0.01391,0.59272
5.9492,0.014449,0.72654
5.9492,0.014987,0.87035
5.9492,0.015526,1.0172
5.9492,0.016065,1.1629
5.9492,0.016604,1.3169
5.9492,0.017142,1.4755
5.9492,0.017681,1.6326
5.9492,0.01822,1.7904
5.9492,0.018758,1.9474
5.9492,0.019297,2.1053
5.9492,0.019836,2.2639
5.9492,0.020375,2.4227
5.9492,0.020913,2.5862
5.9492,0.021452,2.7599
5.9492,0.021991,2.9293
5.9492,0.02253,3.0949
5.9492,0.023068,3.2417
5.9492,0.023607,3.3798
5.9492,0.024146,3.5113
5.9492,0.024684,3.6399
5.9492,0.025223,3.7738
5.9492,0.025762,3.8929
5.9492,0.026301,4.0292
5.9492,0.026839,4.1624
5.9492,0.027378,4.2832
5.9492,0.027917,4.4011
5.9492,0.028456,4.505
5.9492,0.028994,4.5944
5.9492,0.029533,4.6684
5.9492,0.030072,4.7282
5.9492,0.030611,4.78
5.9492,0.031149,4.813
5.9492,0.031688,4.845
5.9492,0.032227,4.8909
5.9492,0.032765,4.9513
5.9492,0.033304,5.0228
5.9492,0.033843,5.1022
6.0759,0.0069064,-1.026
6.0759,0.0074451,-0.9064
6.0759,0.0079838,-0.78453
6.0759,0.0085226,-0.66219
6.0759,0.0090613,-0.54012
6.0759,0.0096,-0.41699
6.0759,0.010139,-0.29155
6.0759,0.010677,-0.16641
6.0759,0.011216,-0.04088
6.0759,0.011755,0.086842
6.0759,0.012294,0.21496
6.0759,0.012832,0.34331
6.0759,0.013371,0.47277
6.0759,0.01391,0.60354
6.0759,0.014449,0.74178
6.0759,0.014987,0.88655
6.0759,0.015526,1.0365
6.0759,0.016065,1.187
6.0759,0.016604,1.3461
6.0759,0.017142,1.5029
6.0759,0.017681,1.6649
6.0759,0.01822,1.825
6.0759,0.018758,1.9842
6.0759,0.019297,2.144
6.0759,0.019836,2.3053
6.0759,0.020375,2.4674
6.0759,0.020913,2.6287
6.0759,0.021452,2.7973
6.0759,0.021991,2.9706
6.0759,0.02253,3.1263
6.0759,0.023068,3.2861
6.0759,0.023607,3.4167
6.0759,0.024146,3.5435
6.0759,0.024684,3.6928
6.0759,0.025223,3.8142
6.0759,0.025762,3.9431
6.0759,0.026301,4.0647
6.0759,0.026839,4.1904
6.0759,0.027378,4.3135
6.0759,0.027917,4.4339
6.0759,0.028456,4.5397
6.0759,0.028994,4.6302
6.0759,0.029533,4.7131
6.0759,0.030072,4.7731
6.0759,0.030611,4.8367
6.0759,0.031149,4.8785
6.0759,0.031688,4.9004
6.0759,0.032227,4.932
6.0759,0.032765,4.9781
6.0759,0.033304,5.038
6.0759,0.033843,5.1086
6.2026,0.0069064,-1.043
6.2026,0.0074451,-0.92181
6.2026,0.0079838,-0.79922
6.2026,0.0085226,-0.67533
6.2026,0.0090613,-0.54988
6.2026,0.0096,-0.42423
6.2026,0.010139,-0.2969
6.2026,0.010677,-0.16925
6.2026,0.011216,-0.041291
6.2026,0.011755,0.087504
6.2026,0.012294,0.21722
6.2026,0.012832,0.34716
6.2026,0.013371,0.47713
6.2026,0.01391,0.61175
6.2026,0.014449,0.75343
6.2026,0.014987,0.90229
6.2026,0.015526,1.0544
6.2026,0.016065,1.2104
6.2026,0.016604,1.3719
6.2026,0.017142,1.5302
6.2026,0.017681,1.6905
6.2026,0.01822,1.8535
6.2026,0.018758,2.0168
6.2026,0.019297,2.1786
6.2026,0.019836,2.3411
6.2026,0.020375,2.5053
6.2026,0.020913,2.6692
6.2026,0.021452,2.8238
6.2026,0.021991,2.9963
6.2026,0.02253,3.1602
6.2026,0.023068,3.3047
6.2026,0.023607,3.4455
6.2026,0.024146,3.5831
6.2026,0.024684,3.7128
6.2026,0.025223,3.8445
6.2026,0.025762,3.9719
6.2026,0.026301,4.0967
6.2026,0.026839,4.2215
6.2026,0.027378,4.3492
6.2026,0.027917,4.4661
6.2026,0.028456,4.578
6.2026,0.028994,4.6762
6.2026,0.029533,4.7589
6.2026,0.030072,4.826
6.2026,0.030611,4.8861
6.2026,0.031149,4.9439
6.2026,0.031688,4.9706
6.2026,0.032227,4.99
6.2026,0.032765,5.021
6.2026,0.033304,5.0591
6.2026,0.033843,5.1146
6.3293,0.0069064,-1.0653
6.3293,0.0074451,-0.94213
6.3293,0.0079838,-0.81758
6.3293,0.0085226,-0.69106
6.3293,0.0090613,-0.56333
6.3293,0.0096,-0.43427
6.3293,0.010139,-0.30452
6.3293,0.010677,-0.17462
6.3293,0.011216,-0.044712
6.3293,0.011755,0.085582
6.3293,0.012294,0.21679
6.3293,0.012832,0.34835
6.3293,0.013371,0.48148
6.3293,0.01391,0.61956
6.3293,0.014449,0.76444
6.3293,0.014987,0.91593
6.3293,0.015526,1.0718
6.3293,0.016065,1.2305
6.3293,0.016604,1.3945
6.3293,0.017142,1.554
6.3293,0.017681,1.7161
6.3293,0.01822,1.8818
6.3293,0.018758,2.0452
6.3293,0.019297,2.2089
6.3293,0.019836,2.373
6.3293,0.020375,2.537
6.3293,0.020913,2.6956
6.3293,0.021452,2.8552
6.3293,0.021991,3.015
6.3293,0.02253,3.1748
6.3293,0.023068,3.3299
6.3293,0.023607,3.4792
6.3293,0.024146,3.6261
6.3293,0.024684,3.7544
6.3293,0.025223,3.8807
6.3293,0.025762,4.0048
6.3293,0.026301,4.1315
6.3293,0.026839,4.2561
6.3293,0.027378,4.3839
6.3293,0.027917,4.5038
6.3293,0.028456,4.6153
6.3293,0.028994,4.7162
6.3293,0.029533,4.8049
6.3293,0.030072,4.8821
6.3293,0.030611,4.9462
6.3293,0.031149,4.9979
6.3293,0.031688,5.0445
6.3293,0.032227,5.0632
6.3293,0.032765,5.0827
6.3293,0.033304,5.1146
6.3293,0.033843,5.1484
6.456,0.0069064,-1.086
6.456,0.0074451,-0.96104
6.456,0.0079838,-0.83429
6.456,0.0085226,-0.70567
6.456,0.0090613,-0.57603
6.456,0.0096,-0.4455
6.456,0.010139,-0.31445
6.456,0.010677,-0.18333
6.456,0.011216,-0.051357
6.456,0.011755,0.081275
6.456,0.012294,0.21391
6.456,0.012832,0.3472
6.456,0.013371,0.48375
6.456,0.01391,0.62555
6.456,0.014449,0.77393
6.456,0.014987,0.9285
6.456,0.015526,1.0876
6.456,0.016065,1.25
6.456,0.016604,1.414
6.456,0.017142,1.5779
6.456,0.017681,1.7432
6.456,0.01822,1.9067
6.456,0.018758,2.0714
6.456,0.019297,2.2364
6.456,0.019836,2.4036
6.456,0.020375,2.5645
6.456,0.020913,2.7305
6.456,0.021452,2.8866
6.456,0.021991,3.0376
6.456,0.02253,3.1937
6.456,0.023068,3.3452
6.456,0.023607,3.5069
6.456,0.024146,3.6497
6.456,0.024684,3.7911
6.456,0.025223,3.9228
6.456,0.025762,4.0513
6.456,0.026301,4.1738
6.456,0.026839,4.2982
6.456,0.027378,4.4205
6.456,0.027917,4.5414
6.456,0.028456,4.6516
6.456,0.028994,4.7585
6.456,0.029533,4.8532
6.456,0.030072,4.9334
6.456,0.030611,5.0022
6.456,0.031149,5.0581
6.456,0.031688,5.1052
6.456,0.032227,5.1437
6.456,0.032765,5.1599
6.456,0.033304,5.1798
6.456,0.033843,5.212
6.5827,0.0069064,-1.103
6.5827,0.0074451,-0.97712
6.5827,0.0079838,-0.84965
6.5827,0.0085226,-0.72066
6.5827,0.0090613,-0.59023
6.5827,0.0096,-0.45875
6.5827,0.010139,-0.32625
6.5827,0.010677,-0.19298
6.5827,0.011216,-0.0591
6.5827,0.011755,0.075091
6.5827,0.012294,0.20955
6.5827,0.012832,0.34606
6.5827,0.013371,0.4853
6.5827,0.01391,0.63022
6.5827,0.014449,0.78108
6.5827,0.014987,0.93742
6.5827,0.015526,1.0985
6.5827,0.016065,1.2647
6.5827,0.016604,1.433
6.5827,0.017142,1.6001
6.5827,0.017681,1.7668
6.5827,0.01822,1.9315
6.5827,0.018758,2.098
6.5827,0.019297,2.2653
6.5827,0.019836,2.4285
6.5827,0.020375,2.5877
6.5827,0.020913,2.754
6.5827,0.021452,2.9105
6.5827,0.021991,3.06
6.5827,0.02253,3.211
6.5827,0.023068,3.3639
6.5827,0.023607,3.5211
6.5827,0.024146,3.6728
6.5827,0.024684,3.8165
6.5827,0.025223,3.953
6.5827,0.025762,4.0807
6.5827,0.026301,4.2083
6.5827,0.026839,4.3327
6.5827,0.027378,4.4575
6.5827,0.027917,4.5785
6.5827,0.028456,4.6921
6.5827,0.028994,4.8013
6.5827,0.029533,4.8963
6.5827,0.030072,4.9881
6.5827,0.030611,5.0594
6.5827,0.031149,5.1196
6.5827,0.031688,5.1714
6.5827,0.032227,5.2164
6.5827,0.032765,5.2455
6.5827,0.033304,5.2604
6.5827,0.033843,5.281
6.7094,0.0069064,-1.1241
6.7094,0.0074451,-0.99706
6.7094,0.0079838,-0.86868
6.7094,0.0085226,-0.73799
6.7094,0.0090613,-0.60593
6.7094,0.0096,-0.47295
6.7094,0.010139,-0.33915
6.7094,0.010677,-0.20441
6.7094,0.011216,-0.069099
6.7094,0.011755,0.06672
6.7094,0.012294,0.20354
6.7094,0.012832,0.34272
6.7094,0.013371,0.48526
6.7094,0.01391,0.63261
6.7094,0.014449,0.78533
6.7094,0.014987,0.94238
6.7094,0.015526,1.1043
6.7094,0.016065,1.2722
6.7094,0.016604,1.4437
6.7094,0.017142,1.615
6.7094,0.017681,1.786
6.7094,0.01822,1.9525
6.7094,0.018758,2.1185
6.7094,0.019297,2.2903
6.7094,0.019836,2.4526
6.7094,0.020375,2.6122
6.7094,0.020913,2.7736
6.7094,0.021452,2.9362
6.7094,0.021991,3.0846
6.7094,0.02253,3.2407
6.7094,0.023068,3.39
6.7094,0.023607,3.5376
6.7094,0.024146,3.6941
6.7094,0.024684,3.8366
6.7094,0.025223,3.9763
6.7094,0.025762,4.1093
6.7094,0.026301,4.2387
6.7094,0.026839,4.3662
6.7094,0.027378,4.4919
6.7094,0.027917,4.6145
6.7094,0.028456,4.7327
6.7094,0.028994,4.8386
6.7094,0.029533,4.9309
6.7094,0.030072,5.0263
6.7094,0.030611,5.1172
6.7094,0.031149,5.1824
6.7094,0.031688,5.2363
6.7094,0.032227,5.287
6.7094,0.032765,5.3315
6.7094,0.033304,5.35
6.7094,0.033843,5.3657
6.8361,0.0069064,-1.1482
6.8361,0.0074451,-1.0192
6.8361,0.0079838,-0.88824
6.8361,0.0085226,-0.75616
6.8361,0.0090613,-0.62302
6.8361,0.0096,-0.48896
6.8361,0.010139,-0.35415
6.8361,0.010677,-0.21864
6.8361,0.011216,-0.081025
6.8361,0.011755,0.05611
6.8361,0.012294,0.19684
6.8361,0.012832,0.33822
6.8361,0.013371,0.48363
6.8361,0.01391,0.63298
6.8361,0.014449,0.78709
6.8361,0.014987,0.94435
6.8361,0.015526,1.1078
6.8361,0.016065,1.2767
6.8361,0.016604,1.4489
6.8361,0.017142,1.6233
6.8361,0.017681,1.7965
6.8361,0.01822,1.9684
6.8361,0.018758,2.137
6.8361,0.019297,2.3057
6.8361,0.019836,2.4636
6.8361,0.020375,2.6347
6.8361,0.020913,2.8004
6.8361,0.021452,2.9592
6.8361,0.021991,3.108
6.8361,0.02253,3.2587
6.8361,0.023068,3.4126
6.8361,0.023607,3.5599
6.8361,0.024146,3.7072
6.8361,0.024684,3.8586
6.8361,0.025223,3.9983
6.8361,0.025762,4.1363
6.8361,0.026301,4.2678
6.8361,0.026839,4.398
6.8361,0.027378,4.5255
6.8361,0.027917,4.6515
6.8361,0.028456,4.7703
6.8361,0.028994,4.8818
6.8361,0.029533,4.9787
6.8361,0.030072,5.0673
6.8361,0.030611,5.1509
6.8361,0.031149,5.2379
6.8361,0.031688,5.3038
6.8361,0.032227,5.3533
6.8361,0.032765,5.4053
6.8361,0.033304,5.4394
6.8361,0.033843,5.4572
6.9628,0.0069064,-1.1714
6.9628,0.0074451,-1.0405
6.9628,0.0079838,-0.90858
6.9628,0.0085226,-0.77547
6.9628,0.0090613,-0.64106
6.9628,0.0096,-0.50559
6.9628,0.010139,-0.36932
6.9628,0.010677,-0.23245
6.9628,0.011216,-0.094867
6.9628,0.011755,0.046798
6.9628,0.012294,0.18921
6.9628,0.012832,0.33224
6.9628,0.013371,0.48006
6.9628,0.01391,0.63114
6.9628,0.014449,0.78542
6.9628,0.014987,0.94548
6.9628,0.015526,1.1089
6.9628,0.016065,1.2772
6.9628,0.016604,1.4515
6.9628,0.017142,1.6268
6.9628,0.017681,1.8019
6.9628,0.01822,1.9765
6.9628,0.018758,2.15
6.9628,0.019297,2.317
6.9628,0.019836,2.4866
6.9628,0.020375,2.6441
6.9628,0.020913,2.8091
6.9628,0.021452,2.9655
6.9628,0.021991,3.1229
6.9628,0.02253,3.2735
6.9628,0.023068,3.4221
6.9628,0.023607,3.5768
6.9628,0.024146,3.7273
6.9628,0.024684,3.8739
6.9628,0.025223,4.0189
6.9628,0.025762,4.1582
6.9628,0.026301,4.2939
6.9628,0.026839,4.4262
6.9628,0.027378,4.555
6.9628,0.027917,4.6829
6.9628,0.028456,4.8091
6.9628,0.028994,4.9232
6.9628,0.029533,5.0282
6.9628,0.030072,5.1231
6.9628,0.030611,5.2077
6.9628,0.031149,5.275
6.9628,0.031688,5.3511
6.9628,0.032227,5.4224
6.9628,0.032765,5.4715
6.9628,0.033304,5.5226
6.9628,0.033843,5.5568
7.0896,0.0069064,-1.1946
7.0896,0.0074451,-1.0627
7.0896,0.0079838,-0.92951
7.0896,0.0085226,-0.79522
7.0896,0.0090613,-0.65987
7.0896,0.0096,-0.52368
7.0896,0.010139,-0.3865
7.0896,0.010677,-0.24635
7.0896,0.011216,-0.10702
7.0896,0.011755,0.037924
7.0896,0.012294,0.18004
7.0896,0.012832,0.32516
7.0896,0.013371,0.47499
7.0896,0.01391,0.62691
7.0896,0.014449,0.78372
7.0896,0.014987,0.94366
7.0896,0.015526,1.1079
7.0896,0.016065,1.2779
7.0896,0.016604,1.4513
7.0896,0.017142,1.6266
7.0896,0.017681,1.8034
7.0896,0.01822,1.9795
7.0896,0.018758,2.1538
7.0896,0.019297,2.3212
7.0896,0.019836,2.49
7.0896,0.020375,2.6602
7.0896,0.020913,2.8193
7.0896,0.021452,2.9748
7.0896,0.021991,3.133
7.0896,0.02253,3.2837
7.0896,0.023068,3.4328
7.0896,0.023607,3.5846
7.0896,0.024146,3.7387
7.0896,0.024684,3.8894
7.0896,0.025223,4.0342
7.0896,0.025762,4.1763
7.0896,0.026301,4.3144
7.0896,0.026839,4.4489
7.0896,0.027378,4.5793
7.0896,0.027917,4.7093
7.0896,0.028456,4.8385
7.0896,0.028994,4.958
7.0896,0.029533,5.0672
7.0896,0.030072,5.1685
7.0896,0.030611,5.2671
7.0896,0.031149,5.3407
7.0896,0.031688,5.3971
7.0896,0.032227,5.4817
7.0896,0.032765,5.5387
7.0896,0.033304,5.5912
7.0896,0.033843,5.6392
7.2163,0.0069064,-1.2184
7.2163,0.0074451,-1.0857
7.2163,0.0079838,-0.9517
7.2163,0.0085226,-0.8165
7.2163,0.0090613,-0.68026
7.2163,0.0096,-0.54306
7.2163,0.010139,-0.39998
7.2163,0.010677,-0.26025
7.2163,0.011216,-0.11753
7.2163,0.011755,0.025309
7.2163,0.012294,0.16941
7.2163,0.012832,0.31828
7.2163,0.013371,0.46849
7.2163,0.01391,0.62325
7.2163,0.014449,0.7802
7.2163,0.014987,0.94106
7.2163,0.015526,1.108
7.2163,0.016065,1.2775
7.2163,0.016604,1.4496
7.2163,0.017142,1.6247
7.2163,0.017681,1.8014
7.2163,0.01822,1.9791
7.2163,0.018758,2.1547
7.2163,0.019297,2.3245
7.2163,0.019836,2.4892
7.2163,0.020375,2.6576
7.2163,0.020913,2.8262
7.2163,0.021452,2.9837
7.2163,0.021991,3.1414
7.2163,0.02253,3.2941
7.2163,0.023068,3.4457
7.2163,0.023607,3.598
7.2163,0.024146,3.7491
7.2163,0.024684,3.8985
7.2163,0.025223,4.0459
7.2163,0.025762,4.1896
7.2163,0.026301,4.3271
7.2163,0.026839,4.4647
7.2163,0.027378,4.5978
7.2163,0.027917,4.7267
7.2163,0.028456,4.8537
7.2163,0.028994,4.9815
7.2163,0.029533,5.0995
7.2163,0.030072,5.1974
7.2163,0.030611,5.3039
7.2163,0.031149,5.405
7.2163,0.031688,5.4665
7.2163,0.032227,5.5189
7.2163,0.032765,5.6013
7.2163,0.033304,5.6659
7.2163,0.033843,5.7125
7.343,0.0069064,-1.2427
7.343,0.0074451,-1.1089
7.343,0.0079838,-0.97387
7.343,0.0085226,-0.83757
7.343,0.0090613,-0.70024
7.343,0.0096,-0.5579
7.343,0.010139,-0.41537
7.343,0.010677,-0.27407
7.343,0.011216,-0.13154
7.343,0.011755,0.012711
7.343,0.012294,0.16048
7.343,0.012832,0.31094
7.343,0.013371,0.46352
7.343,0.01391,0.61897
7.343,0.014449,0.77644
7.343,0.014987,0.93827
7.343,0.015526,1.1039
7.343,0.016065,1.2751
7.343,0.016604,1.4472
7.343,0.017142,1.6214
7.343,0.017681,1.7981
7.343,0.01822,1.9755
7.343,0.018758,2.1508
7.343,0.019297,2.324
7.343,0.019836,2.4938
7.343,0.020375,2.6531
7.343,0.020913,2.8214
7.343,0.021452,2.9834
7.343,0.021991,3.1431
7.343,0.02253,3.3032
7.343,0.023068,3.4561
7.343,0.023607,3.6077
7.343,0.024146,3.759
7.343,0.024684,3.9083
7.343,0.025223,4.0556
7.343,0.025762,4.2005
7.343,0.026301,4.341
7.343,0.026839,4.4746
7.343,0.027378,4.6108
7.343,0.027917,4.7457
7.343,0.028456,4.8691
7.343,0.028994,4.9881
7.343,0.029533,5.1157
7.343,0.030072,5.2345
7.343,0.030611,5.3193
7.343,0.031149,5.4361
7.343,0.031688,5.5343
7.343,0.032227,5.5912
7.343,0.032765,5.641
7.343,0.033304,5.7212
7.343,0.033843,5.7917
7.4697,0.0069064,-1.2671
7.4697,0.0074451,-1.1322
7.4697,0.0079838,-0.99604
7.4697,0.0085226,-0.8586
7.4697,0.0090613,-0.71745
7.4697,0.0096,-0.57357
7.4697,0.010139,-0.43264
7.4697,0.010677,-0.28771
7.4697,0.011216,-0.14339
7.4697,0.011755,0.0026703
7.4697,0.012294,0.15189
7.4697,0.012832,0.30353
7.4697,0.013371,0.45775
7.4697,0.01391,0.61483
7.4697,0.014449,0.77422
7.4697,0.014987,0.93655
7.4697,0.015526,1.1021
7.4697,0.016065,1.2709
7.4697,0.016604,1.4431
7.4697,0.017142,1.6174
7.4697,0.017681,1.7949
7.4697,0.01822,1.9699
7.4697,0.018758,2.146
7.4697,0.019297,2.3169
7.4697,0.019836,2.4893
7.4697,0.020375,2.6563
7.4697,0.020913,2.8162
7.4697,0.021452,2.9808
7.4697,0.021991,3.1392
7.4697,0.02253,3.3
7.4697,0.023068,3.4566
7.4697,0.023607,3.6102
7.4697,0.024146,3.7624
7.4697,0.024684,3.9126
7.4697,0.025223,4.0619
7.4697,0.025762,4.2101
7.4697,0.026301,4.3496
7.4697,0.026839,4.4895
7.4697,0.027378,4.6215
7.4697,0.027917,4.757
7.4697,0.028456,4.8893
7.4697,0.028994,5.0073
7.4697,0.029533,5.1143
7.4697,0.030072,5.2421
7.4697,0.030611,5.3641
7.4697,0.031149,5.436
7.4697,0.031688,5.5564
7.4697,0.032227,5.6618
7.4697,0.032765,5.7155
7.4697,0.033304,5.7637
7.4697,0.033843,5.8425
7.5964,0.0069064,-1.2913
7.5964,0.0074451,-1.1553
7.5964,0.0079838,-1.018
7.5964,0.0085226,-0.87802
7.5964,0.0090613,-0.73457
7.5964,0.0096,-0.59337
7.5964,0.010139,-0.44847
7.5964,0.010677,-0.30317
7.5964,0.011216,-0.15549
7.5964,0.011755,-0.007299
7.5964,0.012294,0.14365
7.5964,0.012832,0.29746
7.5964,0.013371,0.45303
7.5964,0.01391,0.61035
7.5964,0.014449,0.7714
7.5964,0.014987,0.93408
7.5964,0.015526,1.0993
7.5964,0.016065,1.2677
7.5964,0.016604,1.4383
7.5964,0.017142,1.6128
7.5964,0.017681,1.7904
7.5964,0.01822,1.9642
7.5964,0.018758,2.1387
7.5964,0.019297,2.3088
7.5964,0.019836,2.4825
7.5964,0.020375,2.6538
7.5964,0.020913,2.8141
7.5964,0.021452,2.9757
7.5964,0.021991,3.1352
7.5964,0.02253,3.2958
7.5964,0.023068,3.4529
7.5964,0.023607,3.6082
7.5964,0.024146,3.7624
7.5964,0.024684,3.9143
7.5964,0.025223,4.0595
7.5964,0.025762,4.2086
7.5964,0.026301,4.3565
7.5964,0.026839,4.4923
7.5964,0.027378,4.6334
7.5964,0.027917,4.7672
7.5964,0.028456,4.9021
7.5964,0.028994,5.0327
7.5964,0.029533,5.1439
7.5964,0.030072,5.2482
7.5964,0.030611,5.3622
7.5964,0.031149,5.4895
7.5964,0.031688,5.5589
7.5964,0.032227,5.6841
7.5964,0.032765,5.7847
7.5964,0.033304,5.84
7.5964,0.033843,5.9024
7.7231,0.0069064,-1.3152
7.7231,0.0074451,-1.178
7.7231,0.0079838,-1.0392
7.7231,0.0085226,-0.89648
7.7231,0.0090613,-0.75437
7.7231,0.0096,-0.60947
7.7231,0.010139,-0.46313
7.7231,0.010677,-0.31542
7.7231,0.011216,-0.16693
7.7231,0.011755,-0.017331
7.7231,0.012294,0.13532
7.7231,0.012832,0.29106
7.7231,0.013371,0.44787
7.7231,0.01391,0.60535
7.7231,0.014449,0.76781
7.7231,0.014987,0.93079
7.7231,0.015526,1.095
7.7231,0.016065,1.2629
7.7231,0.016604,1.4324
7.7231,0.017142,1.6078
7.7231,0.017681,1.7842
7.7231,0.01822,1.96
7.7231,0.018758,2.1303
7.7231,0.019297,2.3036
7.7231,0.019836,2.4747
7.7231,0.020375,2.6443
7.7231,0.020913,2.8092
7.7231,0.021452,2.97
7.7231,0.021991,3.1313
7.7231,0.02253,3.2909
7.7231,0.023068,3.4477
7.7231,0.023607,3.6044
7.7231,0.024146,3.7604
7.7231,0.024684,3.9153
7.7231,0.025223,4.0582
7.7231,0.025762,4.2021
7.7231,0.026301,4.3515
7.7231,0.026839,4.4997
7.7231,0.027378,4.6302
7.7231,0.027917,4.7673
7.7231,0.028456,4.9072
7.7231,0.028994,5.0465
7.7231,0.029533,5.1743
7.7231,0.030072,5.2844
7.7231,0.030611,5.3875
7.7231,0.031149,5.4865
7.7231,0.031688,5.6066
7.7231,0.032227,5.6908
7.7231,0.032765,5.8111
7.7231,0.033304,5.8962
7.7231,0.033843,5.9679
7.8498,0.0069064,-1.3386
7.8498,0.0074451,-1.1998
7.8498,0.0079838,-1.0585
7.8498,0.0085226,-0.91538
7.8498,0.0090613,-0.77106
7.8498,0.0096,-0.62454
7.8498,0.010139,-0.47687
7.8498,0.010677,-0.32962
7.8498,0.011216,-0.18083
7.8498,0.011755,-0.027494
7.8498,0.012294,0.12736
7.8498,0.012832,0.2842
7.8498,0.013371,0.44117
7.8498,0.01391,0.59974
7.8498,0.014449,0.76337
7.8498,0.014987,0.92666
7.8498,0.015526,1.0901
7.8498,0.016065,1.2561
7.8498,0.016604,1.4264
7.8498,0.017142,1.6015
7.8498,0.017681,1.7773
7.8498,0.01822,1.9532
7.8498,0.018758,2.1244
7.8498,0.019297,2.2944
7.8498,0.019836,2.4656
7.8498,0.020375,2.6346
7.8498,0.020913,2.8009
7.8498,0.021452,2.963
7.8498,0.021991,3.1247
7.8498,0.02253,3.2845
7.8498,0.023068,3.442
7.8498,0.023607,3.5991
7.8498,0.024146,3.7565
7.8498,0.024684,3.9132
7.8498,0.025223,4.0601
7.8498,0.025762,4.195
7.8498,0.026301,4.3465
7.8498,0.026839,4.4969
7.8498,0.027378,4.6395
7.8498,0.027917,4.7637
7.8498,0.028456,4.9051
7.8498,0.028994,5.0466
7.8498,0.029533,5.1798
7.8498,0.030072,5.3081
7.8498,0.030611,5.4248
7.8498,0.031149,5.5271
7.8498,0.031688,5.6323
7.8498,0.032227,5.7318
7.8498,0.032765,5.8391
7.8498,0.033304,5.9378
7.8498,0.033843,6.0295
7.9765,0.0069064,-1.3608
7.9765,0.0074451,-1.2202
7.9765,0.0079838,-1.0774
7.9765,0.0085226,-0.93334
7.9765,0.0090613,-0.78715
7.9765,0.0096,-0.6398
7.9765,0.010139,-0.49244
7.9765,0.010677,-0.3437
7.9765,0.011216,-0.1916
7.9765,0.011755,-0.037809
7.9765,0.012294,0.11894
7.9765,0.012832,0.27676
7.9765,0.013371,0.43381
7.9765,0.01391,0.59347
7.9765,0.014449,0.7581
7.9765,0.014987,0.92099
7.9765,0.015526,1.083
7.9765,0.016065,1.2505
7.9765,0.016604,1.4201
7.9765,0.017142,1.5939
7.9765,0.017681,1.7701
7.9765,0.01822,1.9443
7.9765,0.018758,2.1156
7.9765,0.019297,2.2851
7.9765,0.019836,2.4558
7.9765,0.020375,2.6248
7.9765,0.020913,2.7913
7.9765,0.021452,2.9548
7.9765,0.021991,3.1175
7.9765,0.02253,3.2779
7.9765,0.023068,3.4347
7.9765,0.023607,3.5922
7.9765,0.024146,3.7505
7.9765,0.024684,3.9091
7.9765,0.025223,4.0621
7.9765,0.025762,4.1964
7.9765,0.026301,4.338
7.9765,0.026839,4.4905
7.9765,0.027378,4.6419
7.9765,0.027917,4.7729
7.9765,0.028456,4.9007
7.9765,0.028994,5.0461
7.9765,0.029533,5.1808
7.9765,0.030072,5.3244
7.9765,0.030611,5.4399
7.9765,0.031149,5.5653
7.9765,0.031688,5.6705
7.9765,0.032227,5.7793
7.9765,0.032765,5.8564
7.9765,0.033304,5.9616
7.9765,0.033843,6.0774
8.1032,0.0069064,-1.3827
8.1032,0.0074451,-1.2404
8.1032,0.0079838,-1.0963
8.1032,0.0085226,-0.95066
8.1032,0.0090613,-0.80477
8.1032,0.0096,-0.65633
8.1032,0.010139,-0.50758
8.1032,0.010677,-0.35646
8.1032,0.011216,-0.20294
8.1032,0.011755,-0.048295
8.1032,0.012294,0.10997
8.1032,0.012832,0.268
8.1032,0.013371,0.42592
8.1032,0.01391,0.58655
8.1032,0.014449,0.75163
8.1032,0.014987,0.91222
8.1032,0.015526,1.0757
8.1032,0.016065,1.2442
8.1032,0.016604,1.4133
8.1032,0.017142,1.5858
8.1032,0.017681,1.7608
8.1032,0.01822,1.9359
8.1032,0.018758,2.108
8.1032,0.019297,2.2768
8.1032,0.019836,2.4465
8.1032,0.020375,2.6148
8.1032,0.020913,2.7815
8.1032,0.021452,2.9457
8.1032,0.021991,3.1093
8.1032,0.02253,3.2714
8.1032,0.023068,3.4281
8.1032,0.023607,3.5844
8.1032,0.024146,3.7396
8.1032,0.024684,3.9009
8.1032,0.025223,4.0623
8.1032,0.025762,4.1983
8.1032,0.026301,4.3306
8.1032,0.026839,4.4807
8.1032,0.027378,4.6343
8.1032,0.027917,4.7863
8.1032,0.028456,4.903
8.1032,0.028994,5.0316
8.1032,0.029533,5.1796
8.1032,0.030072,5.3135
8.1032,0.030611,5.4602
8.1032,0.031149,5.57
8.1032,0.031688,5.7048
8.1032,0.032227,5.8177
8.1032,0.032765,5.9048
8.1032,0.033304,5.9978
8.1032,0.033843,6.096
8.2299,0.0069064,-1.4031
8.2299,0.0074451,-1.2598
8.2299,0.0079838,-1.1153
8.2299,0.0085226,-0.97003
8.2299,0.0090613,-0.82117
8.2299,0.0096,-0.67251
8.2299,0.010139,-0.52215
8.2299,0.010677,-0.369
8.2299,0.011216,-0.21443
8.2299,0.011755,-0.058588
8.2299,0.012294,0.10062
8.2299,0.012832,0.25885
8.2299,0.013371,0.41753
8.2299,0.01391,0.579
8.2299,0.014449,0.74206
8.2299,0.014987,0.90294
8.2299,0.015526,1.0689
8.2299,0.016065,1.2372
8.2299,0.016604,1.4058
8.2299,0.017142,1.5773
8.2299,0.017681,1.7511
8.2299,0.01822,1.9253
8.2299,0.018758,2.0997
8.2299,0.019297,2.2686
8.2299,0.019836,2.4367
8.2299,0.020375,2.6047
8.2299,0.020913,2.7715
8.2299,0.021452,2.9359
8.2299,0.021991,3.1003
8.2299,0.02253,3.2646
8.2299,0.023068,3.4212
8.2299,0.023607,3.5758
8.2299,0.024146,3.7269
8.2299,0.024684,3.8886
8.2299,0.025223,4.0429
8.2299,0.025762,4.1999
8.2299,0.026301,4.3304
8.2299,0.026839,4.4727
8.2299,0.027378,4.6236
8.2299,0.027917,4.7783
8.2299,0.028456,4.9173
8.2299,0.028994,5.0315
8.2299,0.029533,5.1542
8.2299,0.030072,5.3031
8.2299,0.030611,5.4451
8.2299,0.031149,5.5936
8.2299,0.031688,5.699
8.2299,0.032227,5.8421
8.2299,0.032765,5.9535
8.2299,0.033304,6.0465
8.2299,0.033843,6.14
8.3566,0.0069064,-1.4234
8.3566,0.0074451,-1.2801
8.3566,0.0079838,-1.1351
8.3566,0.0085226,-0.98702
8.3566,0.0090613,-0.83823
8.3566,0.0096,-0.68824
8.3566,0.010139,-0.53592
8.3566,0.010677,-0.38214
8.3566,0.011216,-0.22612
8.3566,0.011755,-0.069146
8.3566,0.012294,0.090828
8.3566,0.012832,0.2493
8.3566,0.013371,0.40862
8.3566,0.01391,0.57084
8.3566,0.014449,0.732
8.3566,0.014987,0.89332
8.3566,0.015526,1.0614
8.3566,0.016065,1.2296
8.3566,0.016604,1.3974
8.3566,0.017142,1.5682
8.3566,0.017681,1.7412
8.3566,0.01822,1.9142
8.3566,0.018758,2.0885
8.3566,0.019297,2.258
8.3566,0.019836,2.4262
8.3566,0.020375,2.5942
8.3566,0.020913,2.7614
8.3566,0.021452,2.9261
8.3566,0.021991,3.0904
8.3566,0.02253,3.2555
8.3566,0.023068,3.4138
8.3566,0.023607,3.5661
8.3566,0.024146,3.7216
8.3566,0.024684,3.8742
8.3566,0.025223,4.0352
8.3566,0.025762,4.1837
8.3566,0.026301,4.3305
8.3566,0.026839,4.4735
8.3566,0.027378,4.615
8.3566,0.027917,4.7668
8.3566,0.028456,4.9225
8.3566,0.028994,5.0457
8.3566,0.029533,5.1638
8.3566,0.030072,5.2914
8.3566,0.030611,5.4261
8.3566,0.031149,5.5746
8.3566,0.031688,5.7249
8.3566,0.032227,5.828
8.3566,0.032765,5.9757
8.3566,0.033304,6.0825
8.3566,0.033843,6.1888
8.4833,0.0069064,-1.4445
8.4833,0.0074451,-1.3
8.4833,0.0079838,-1.153
8.4833,0.0085226,-1.0045
8.4833,0.0090613,-0.85478
8.4833,0.0096,-0.70328
8.4833,0.010139,-0.54981
8.4833,0.010677,-0.39533
8.4833,0.011216,-0.23823
8.4833,0.011755,-0.079996
8.4833,0.012294,0.080157
8.4833,0.012832,0.23934
8.4833,0.013371,0.39922
8.4833,0.01391,0.56114
8.4833,0.014449,0.72163
8.4833,0.014987,0.88512
8.4833,0.015526,1.0532
8.4833,0.016065,1.2207
8.4833,0.016604,1.3883
8.4833,0.017142,1.5586
8.4833,0.017681,1.7307
8.4833,0.01822,1.9029
8.4833,0.018758,2.0762
8.4833,0.019297,2.2461
8.4833,0.019836,2.4144
8.4833,0.020375,2.5827
8.4833,0.020913,2.7497
8.4833,0.021452,2.916
8.4833,0.021991,3.0797
8.4833,0.02253,3.2453
8.4833,0.023068,3.4059
8.4833,0.023607,3.5556
8.4833,0.024146,3.7128
8.4833,0.024684,3.8602
8.4833,0.025223,4.0217
8.4833,0.025762,4.1811
8.4833,0.026301,4.3285
8.4833,0.026839,4.4737
8.4833,0.027378,4.6166
8.4833,0.027917,4.7574
8.4833,0.028456,4.9103
8.4833,0.028994,5.061
8.4833,0.029533,5.1722
8.4833,0.030072,5.301
8.4833,0.030611,5.4327
8.4833,0.031149,5.5632
8.4833,0.031688,5.6988
8.4833,0.032227,5.8474
8.4833,0.032765,5.9596
8.4833,0.033304,6.1091
8.4833,0.033843,6.199
8.61,0.0069064,-1.4645
8.61,0.0074451,-1.3185
8.61,0.0079838,-1.1709
8.61,0.0085226,-1.0217
8.61,0.0090613,-0.87082
8.61,0.0096,-0.7182
8.61,0.010139,-0.5641
8.61,0.010677,-0.40817
8.61,0.011216,-0.25047
8.61,0.011755,-0.091135
8.61,0.012294,0.069178
8.61,0.012832,0.22897
8.61,0.013371,0.38934
8.61,0.01391,0.55042
8.61,0.014449,0.71259
8.61,0.014987,0.87653
8.61,0.015526,1.0443
8.61,0.016065,1.2112
8.61,0.016604,1.3788
8.61,0.017142,1.5488
8.61,0.017681,1.72
8.61,0.01822,1.8914
8.61,0.018758,2.0636
8.61,0.019297,2.2332
8.61,0.019836,2.4017
8.61,0.020375,2.57
8.61,0.020913,2.7383
8.61,0.021452,2.903
8.61,0.021991,3.0685
8.61,0.02253,3.2344
8.61,0.023068,3.3975
8.61,0.023607,3.5462
8.61,0.024146,3.7059
8.61,0.024684,3.8539
8.61,0.025223,4.0044
8.61,0.025762,4.1693
8.61,0.026301,4.3264
8.61,0.026839,4.4582
8.61,0.027378,4.6174
8.61,0.027917,4.7599
8.61,0.028456,4.9003
8.61,0.028994,5.0543
8.61,0.029533,5.1883
8.61,0.030072,5.3065
8.61,0.030611,5.4432
8.61,0.031149,5.5753
8.61,0.031688,5.7064
8.61,0.032227,5.8364
8.61,0.032765,5.9688
8.61,0.033304,6.0927
8.61,0.033843,6.2384
8.7367,0.0069064,-1.4833
8.7367,0.0074451,-1.3369
8.7367,0.0079838,-1.1886
8.7367,0.0085226,-1.0383
8.7367,0.0090613,-0.88659
8.7367,0.0096,-0.73307
8.7367,0.010139,-0.57824
8.7367,0.010677,-0.42107
8.7367,0.011216,-0.26282
8.7367,0.011755,-0.10254
8.7367,0.012294,0.057894
8.7367,0.012832,0.2182
8.7367,0.013371,0.37819
8.7367,0.01391,0.54049
8.7367,0.014449,0.70306
8.7367,0.014987,0.86736
8.7367,0.015526,1.0349
8.7367,0.016065,1.2012
8.7367,0.016604,1.3689
8.7367,0.017142,1.5386
8.7367,0.017681,1.7091
8.7367,0.01822,1.8797
8.7367,0.018758,2.0509
8.7367,0.019297,2.2202
8.7367,0.019836,2.3886
8.7367,0.020375,2.5568
8.7367,0.020913,2.7241
8.7367,0.021452,2.8902
8.7367,0.021991,3.0564
8.7367,0.02253,3.2228
8.7367,0.023068,3.3886
8.7367,0.023607,3.5377
8.7367,0.024146,3.6944
8.7367,0.024684,3.848
8.7367,0.025223,3.9925
8.7367,0.025762,4.1508
8.7367,0.026301,4.3173
8.7367,0.026839,4.4596
8.7367,0.027378,4.5828
8.7367,0.027917,4.7513
8.7367,0.028456,4.9034
8.7367,0.028994,5.0435
8.7367,0.029533,5.1988
8.7367,0.030072,5.3182
8.7367,0.030611,5.4372
8.7367,0.031149,5.5866
8.7367,0.031688,5.7192
8.7367,0.032227,5.851
8.7367,0.032765,5.9674
8.7367,0.033304,6.1119
8.7367,0.033843,6.2408
8.8634,0.0069064,-1.5021
8.8634,0.0074451,-1.3554
8.8634,0.0079838,-1.2057
8.8634,0.0085226,-1.0547
8.8634,0.0090613,-0.90221
8.8634,0.0096,-0.74782
8.8634,0.010139,-0.59199
8.8634,0.010677,-0.43402
8.8634,0.011216,-0.27526
8.8634,0.011755,-0.11419
8.8634,0.012294,0.046191
8.8634,0.012832,0.206
8.8634,0.013371,0.36756
8.8634,0.01391,0.53008
8.8634,0.014449,0.69304
8.8634,0.014987,0.85766
8.8634,0.015526,1.0251
8.8634,0.016065,1.191
8.8634,0.016604,1.3588
8.8634,0.017142,1.5281
8.8634,0.017681,1.698
8.8634,0.01822,1.8678
8.8634,0.018758,2.0381
8.8634,0.019297,2.207
8.8634,0.019836,2.3754
8.8634,0.020375,2.5432
8.8634,0.020913,2.7104
8.8634,0.021452,2.8779
8.8634,0.021991,3.0439
8.8634,0.02253,3.2087
8.8634,0.023068,3.3746
8.8634,0.023607,3.5288
8.8634,0.024146,3.6823
8.8634,0.024684,3.8418
8.8634,0.025223,3.9853
8.8634,0.025762,4.1315
8.8634,0.026301,4.2977
8.8634,0.026839,4.4604
8.8634,0.027378,4.5827
8.8634,0.027917,4.7132
8.8634,0.028456,4.8828
8.8634,0.028994,5.0472
8.8634,0.029533,5.1873
8.8634,0.030072,5.3305
8.8634,0.030611,5.4497
8.8634,0.031149,5.5777
8.8634,0.031688,5.7311
8.8634,0.032227,5.8643
8.8634,0.032765,5.9933
8.8634,0.033304,6.1011
8.8634,0.033843,6.2469
