0.38021,1.8182,-1.5581
0.38021,2.0615,-1.434
0.38021,2.3049,-1.3068
0.38021,2.5482,-1.1754
0.38021,2.7915,-1.0538
0.38021,3.0349,-0.93554
0.38021,3.2782,-0.81773
0.38021,3.5216,-0.69913
0.38021,3.7649,-0.57984
0.38021,4.0082,-0.462
0.38021,4.2516,-0.35129
0.38021,4.4949,-0.23653
0.38021,4.7383,-0.12504
0.38021,4.9816,-0.016023
0.38021,5.2249,0.092763
0.38021,5.4683,0.20254
0.38021,5.7116,0.31744
0.38021,5.955,0.43515
0.38021,6.1983,0.55467
0.38021,6.4416,0.67323
0.38021,6.685,0.79353
0.38021,6.9283,0.91339
0.38021,7.1717,1.0232
0.38021,7.415,1.1431
0.38021,7.6583,1.2635
0.38021,7.9017,1.3845
0.38021,8.145,1.5114
0.38021,8.3884,1.6431
0.38021,8.6317,1.7763
0.38021,8.875,1.9118
0.38021,9.1184,2.048
0.38021,9.3617,2.1793
0.38021,9.6051,2.3067
0.38021,9.8484,2.4357
0.38021,10.092,2.5668
0.38021,10.335,2.694
0.38021,10.578,2.8157
0.38021,10.822,2.9281
0.38021,11.065,3.0269
0.38021,11.308,3.116
0.38021,11.552,3.1993
0.38021,11.795,3.2817
0.38021,12.038,3.3644
0.38021,12.282,3.446
0.38021,12.525,3.5223
0.38021,12.768,3.5967
0.38021,13.012,3.6695
0.38021,13.255,3.7435
0.38021,13.499,3.8138
0.38021,13.742,3.8863
0.38021,13.985,3.9611
0.55694,1.8182,-1.5332
0.55694,2.0615,-1.408
0.55694,2.3049,-1.2795
0.55694,2.5482,-1.1497
0.55694,2.7915,-1.02
0.55694,3.0349,-0.89864
0.55694,3.2782,-0.77805
0.55694,3.5216,-0.65888
0.55694,3.7649,-0.53868
0.55694,4.0082,-0.41942
0.55694,4.2516,-0.30659
0.55694,4.4949,-0.19233
0.55694,4.7383,-0.078886
0.55694,4.9816,0.031804
0.55694,5.2249,0.14228
0.55694,5.4683,0.25434
0.55694,5.7116,0.37186
0.55694,5.955,0.49338
0.55694,6.1983,0.61477
0.55694,6.4416,0.73683
0.55694,6.685,0.85964
0.55694,6.9283,0.98121
0.55694,7.1717,1.0918
0.55694,7.415,1.2185
0.55694,7.6583,1.3378
0.55694,7.9017,1.4591
0.55694,8.145,1.5887
0.55694,8.3884,1.7223
0.55694,8.6317,1.8582
0.55694,8.875,1.9955
0.55694,9.1184,2.1316
0.55694,9.3617,2.2643
0.55694,9.6051,2.3934
0.55694,9.8484,2.5244
0.55694,10.092,2.6571
0.55694,10.335,2.7836
0.55694,10.578,2.9053
0.55694,10.822,3.0147
0.55694,11.065,3.1087
0.55694,11.308,3.1947
0.55694,11.552,3.2782
0.55694,11.795,3.3614
0.55694,12.038,3.4427
0.55694,12.282,3.5198
0.55694,12.525,3.595
0.55694,12.768,3.6685
0.55694,13.012,3.7423
0.55694,13.255,3.8145
0.55694,13.499,3.8895
0.55694,13.742,3.9648
0.55694,13.985,4.0373
0.73368,1.8182,-1.5095
0.73368,2.0615,-1.3823
0.73368,2.3049,-1.2522
0.73368,2.5482,-1.1216
0.73368,2.7915,-0.98878
0.73368,3.0349,-0.86227
0.73368,3.2782,-0.7386
0.73368,3.5216,-0.61728
0.73368,3.7649,-0.49717
0.73368,4.0082,-0.37638
0.73368,4.2516,-0.26283
0.73368,4.4949,-0.14656
0.73368,4.7383,-0.032214
0.73368,4.9816,0.080303
0.73368,5.2249,0.19243
0.73368,5.4683,0.30649
0.73368,5.7116,0.42668
0.73368,5.955,0.55161
0.73368,6.1983,0.6732
0.73368,6.4416,0.79855
0.73368,6.685,0.92419
0.73368,6.9283,1.0465
0.73368,7.1717,1.1626
0.73368,7.415,1.2876
0.73368,7.6583,1.4081
0.73368,7.9017,1.5329
0.73368,8.145,1.6649
0.73368,8.3884,1.801
0.73368,8.6317,1.9385
0.73368,8.875,2.0776
0.73368,9.1184,2.2149
0.73368,9.3617,2.3493
0.73368,9.6051,2.4806
0.73368,9.8484,2.6149
0.73368,10.092,2.7477
0.73368,10.335,2.8737
0.73368,10.578,2.9942
0.73368,10.822,3.0977
0.73368,11.065,3.1887
0.73368,11.308,3.2743
0.73368,11.552,3.3583
0.73368,11.795,3.4396
0.73368,12.038,3.5176
0.73368,12.282,3.5936
0.73368,12.525,3.6678
0.73368,12.768,3.7415
0.73368,13.012,3.8168
0.73368,13.255,3.8914
0.73368,13.499,3.9655
0.73368,13.742,4.038
0.73368,13.985,4.1102
0.91041,1.8182,-1.4951
0.91041,2.0615,-1.3562
0.91041,2.3049,-1.2261
0.91041,2.5482,-1.0924
0.91041,2.7915,-0.95894
0.91041,3.0349,-0.82651
0.91041,3.2782,-0.6995
0.91041,3.5216,-0.57548
0.91041,3.7649,-0.4553
0.91041,4.0082,-0.33285
0.91041,4.2516,-0.2171
0.91041,4.4949,-0.10059
0.91041,4.7383,0.015267
0.91041,4.9816,0.12961
0.91041,5.2249,0.24345
0.91041,5.4683,0.35936
0.91041,5.7116,0.48163
0.91041,5.955,0.6086
0.91041,6.1983,0.73224
0.91041,6.4416,0.85889
0.91041,6.685,0.98743
0.91041,6.9283,1.113
0.91041,7.1717,1.2327
0.91041,7.415,1.3529
0.91041,7.6583,1.4775
0.91041,7.9017,1.6063
0.91041,8.145,1.7411
0.91041,8.3884,1.8783
0.91041,8.6317,2.0185
0.91041,8.875,2.1588
0.91041,9.1184,2.2977
0.91041,9.3617,2.4344
0.91041,9.6051,2.5694
0.91041,9.8484,2.7045
0.91041,10.092,2.8373
0.91041,10.335,2.9641
0.91041,10.578,3.0799
0.91041,10.822,3.1797
0.91041,11.065,3.2692
0.91041,11.308,3.3547
0.91041,11.552,3.437
0.91041,11.795,3.516
0.91041,12.038,3.5927
0.91041,12.282,3.6677
0.91041,12.525,3.744
0.91041,12.768,3.8168
0.91041,13.012,3.8917
0.91041,13.255,3.968
0.91041,13.499,4.039
0.91041,13.742,4.1114
0.91041,13.985,4.1833
1.0871,1.8182,-1.4759
1.0871,2.0615,-1.3375
1.0871,2.3049,-1.1988
1.0871,2.5482,-1.0636
1.0871,2.7915,-0.92727
1.0871,3.0349,-0.79229
1.0871,3.2782,-0.66087
1.0871,3.5216,-0.53384
1.0871,3.7649,-0.41173
1.0871,4.0082,-0.28933
1.0871,4.2516,-0.17055
1.0871,4.4949,-0.053587
1.0871,4.7383,0.06311
1.0871,4.9816,0.17954
1.0871,5.2249,0.29596
1.0871,5.4683,0.41301
1.0871,5.7116,0.53617
1.0871,5.955,0.66361
1.0871,6.1983,0.79066
1.0871,6.4416,0.9198
1.0871,6.685,1.0496
1.0871,6.9283,1.1729
1.0871,7.1717,1.2965
1.0871,7.415,1.419
1.0871,7.6583,1.5462
1.0871,7.9017,1.6791
1.0871,8.145,1.8167
1.0871,8.3884,1.9547
1.0871,8.6317,2.0964
1.0871,8.875,2.2393
1.0871,9.1184,2.3805
1.0871,9.3617,2.5199
1.0871,9.6051,2.6582
1.0871,9.8484,2.7944
1.0871,10.092,2.9263
1.0871,10.335,3.0524
1.0871,10.578,3.1645
1.0871,10.822,3.2615
1.0871,11.065,3.3507
1.0871,11.308,3.4348
1.0871,11.552,3.5151
1.0871,11.795,3.5926
1.0871,12.038,3.6688
1.0871,12.282,3.7459
1.0871,12.525,3.818
1.0871,12.768,3.8939
1.0871,13.012,3.9705
1.0871,13.255,4.0424
1.0871,13.499,4.113
1.0871,13.742,4.185
1.0871,13.985,4.2566
1.2639,1.8182,-1.4506
1.2639,2.0615,-1.3144
1.2639,2.3049,-1.1748
1.2639,2.5482,-1.035
1.2639,2.7915,-0.89616
1.2639,3.0349,-0.75788
1.2639,3.2782,-0.62287
1.2639,3.5216,-0.49255
1.2639,3.7649,-0.3676
1.2639,4.0082,-0.24557
1.2639,4.2516,-0.12332
1.2639,4.4949,-0.005872
1.2639,4.7383,0.11275
1.2639,4.9816,0.23035
1.2639,5.2249,0.34856
1.2639,5.4683,0.46751
1.2639,5.7116,0.59212
1.2639,5.955,0.72147
1.2639,6.1983,0.84824
1.2639,6.4416,0.98025
1.2639,6.685,1.1094
1.2639,6.9283,1.2351
1.2639,7.1717,1.3565
1.2639,7.415,1.4847
1.2639,7.6583,1.6149
1.2639,7.9017,1.7506
1.2639,8.145,1.8898
1.2639,8.3884,2.0308
1.2639,8.6317,2.1725
1.2639,8.875,2.3188
1.2639,9.1184,2.4633
1.2639,9.3617,2.6063
1.2639,9.6051,2.7472
1.2639,9.8484,2.8843
1.2639,10.092,3.0158
1.2639,10.335,3.1397
1.2639,10.578,3.2491
1.2639,10.822,3.3455
1.2639,11.065,3.4327
1.2639,11.308,3.5149
1.2639,11.552,3.5936
1.2639,11.795,3.6717
1.2639,12.038,3.7472
1.2639,12.282,3.8201
1.2639,12.525,3.8964
1.2639,12.768,3.9733
1.2639,13.012,4.0461
1.2639,13.255,4.1148
1.2639,13.499,4.1871
1.2639,13.742,4.2588
1.2639,13.985,4.3301
1.4406,1.8182,-1.424
1.4406,2.0615,-1.2872
1.4406,2.3049,-1.148
1.4406,2.5482,-1.0065
1.4406,2.7915,-0.86509
1.4406,3.0349,-0.72427
1.4406,3.2782,-0.58565
1.4406,3.5216,-0.45199
1.4406,3.7649,-0.32363
1.4406,4.0082,-0.19962
1.4406,4.2516,-0.077112
1.4406,4.4949,0.042445
1.4406,4.7383,0.16344
1.4406,4.9816,0.28181
1.4406,5.2249,0.40156
1.4406,5.4683,0.52348
1.4406,5.7116,0.65009
1.4406,5.955,0.77735
1.4406,6.1983,0.9049
1.4406,6.4416,1.0382
1.4406,6.685,1.1684
1.4406,6.9283,1.2945
1.4406,7.1717,1.4193
1.4406,7.415,1.5476
1.4406,7.6583,1.6826
1.4406,7.9017,1.8207
1.4406,8.145,1.9617
1.4406,8.3884,2.1064
1.4406,8.6317,2.2462
1.4406,8.875,2.3972
1.4406,9.1184,2.547
1.4406,9.3617,2.6946
1.4406,9.6051,2.8374
1.4406,9.8484,2.9754
1.4406,10.092,3.1058
1.4406,10.335,3.2275
1.4406,10.578,3.3359
1.4406,10.822,3.43
1.4406,11.065,3.515
1.4406,11.308,3.5954
1.4406,11.552,3.6737
1.4406,11.795,3.7495
1.4406,12.038,3.823
1.4406,12.282,3.8994
1.4406,12.525,3.9762
1.4406,12.768,4.0499
1.4406,13.012,4.1171
1.4406,13.255,4.1894
1.4406,13.499,4.2612
1.4406,13.742,4.3325
1.4406,13.985,4.4033
1.6173,1.8182,-1.406
1.6173,2.0615,-1.2628
1.6173,2.3049,-1.1188
1.6173,2.5482,-0.97671
1.6173,2.7915,-0.8337
1.6173,3.0349,-0.69126
1.6173,3.2782,-0.54953
1.6173,3.5216,-0.41214
1.6173,3.7649,-0.28102
1.6173,4.0082,-0.15391
1.6173,4.2516,-0.029977
1.6173,4.4949,0.091832
1.6173,4.7383,0.21461
1.6173,4.9816,0.33434
1.6173,5.2249,0.45497
1.6173,5.4683,0.57987
1.6173,5.7116,0.70675
1.6173,5.955,0.83344
1.6173,6.1983,0.96051
1.6173,6.4416,1.0946
1.6173,6.685,1.227
1.6173,6.9283,1.3536
1.6173,7.1717,1.4771
1.6173,7.415,1.6113
1.6173,7.6583,1.7491
1.6173,7.9017,1.8895
1.6173,8.145,2.0314
1.6173,8.3884,2.1806
1.6173,8.6317,2.3217
1.6173,8.875,2.4751
1.6173,9.1184,2.633
1.6173,9.3617,2.7843
1.6173,9.6051,2.9278
1.6173,9.8484,3.0657
1.6173,10.092,3.1941
1.6173,10.335,3.316
1.6173,10.578,3.4229
1.6173,10.822,3.514
1.6173,11.065,3.5977
1.6173,11.308,3.6763
1.6173,11.552,3.7529
1.6173,11.795,3.8272
1.6173,12.038,3.9029
1.6173,12.282,3.9795
1.6173,12.525,4.0538
1.6173,12.768,4.1198
1.6173,13.012,4.1921
1.6173,13.255,4.2639
1.6173,13.499,4.3352
1.6173,13.742,4.4059
1.6173,13.985,4.4761
1.7941,1.8182,-1.3735
1.7941,2.0615,-1.2428
1.7941,2.3049,-1.0967
1.7941,2.5482,-0.94992
1.7941,2.7915,-0.80317
1.7941,3.0349,-0.65846
1.7941,3.2782,-0.51469
1.7941,3.5216,-0.37346
1.7941,3.7649,-0.23923
1.7941,4.0082,-0.10789
1.7941,4.2516,0.018356
1.7941,4.4949,0.14159
1.7941,4.7383,0.2664
1.7941,4.9816,0.38954
1.7941,5.2249,0.51208
1.7941,5.4683,0.63875
1.7941,5.7116,0.76255
1.7941,5.955,0.89035
1.7941,6.1983,1.0174
1.7941,6.4416,1.1514
1.7941,6.685,1.2831
1.7941,6.9283,1.4131
1.7941,7.1717,1.5382
1.7941,7.415,1.6733
1.7941,7.6583,1.8129
1.7941,7.9017,1.9563
1.7941,8.145,2.0993
1.7941,8.3884,2.253
1.7941,8.6317,2.3985
1.7941,8.875,2.5544
1.7941,9.1184,2.7223
1.7941,9.3617,2.8775
1.7941,9.6051,3.0189
1.7941,9.8484,3.1573
1.7941,10.092,3.2844
1.7941,10.335,3.4029
1.7941,10.578,3.5081
1.7941,10.822,3.6004
1.7941,11.065,3.6809
1.7941,11.308,3.7576
1.7941,11.552,3.8327
1.7941,11.795,3.9073
1.7941,12.038,3.9822
1.7941,12.282,4.056
1.7941,12.525,4.1241
1.7941,12.768,4.1952
1.7941,13.012,4.2668
1.7941,13.255,4.338
1.7941,13.499,4.4086
1.7941,13.742,4.4786
1.7941,13.985,4.547
1.9708,1.8182,-1.3403
1.9708,2.0615,-1.211
1.9708,2.3049,-1.0708
1.9708,2.5482,-0.92213
1.9708,2.7915,-0.77353
1.9708,3.0349,-0.6262
1.9708,3.2782,-0.48091
1.9708,3.5216,-0.33637
1.9708,3.7649,-0.19718
1.9708,4.0082,-0.064396
1.9708,4.2516,0.066162
1.9708,4.4949,0.19203
1.9708,4.7383,0.318
1.9708,4.9816,0.44458
1.9708,5.2249,0.56846
1.9708,5.4683,0.69918
1.9708,5.7116,0.82283
1.9708,5.955,0.94693
1.9708,6.1983,1.0755
1.9708,6.4416,1.2087
1.9708,6.685,1.3379
1.9708,6.9283,1.4673
1.9708,7.1717,1.6004
1.9708,7.415,1.7334
1.9708,7.6583,1.8748
1.9708,7.9017,2.0197
1.9708,8.145,2.1672
1.9708,8.3884,2.3231
1.9708,8.6317,2.4752
1.9708,8.875,2.639
1.9708,9.1184,2.8133
1.9708,9.3617,2.9703
1.9708,9.6051,3.1094
1.9708,9.8484,3.2496
1.9708,10.092,3.3737
1.9708,10.335,3.4912
1.9708,10.578,3.5971
1.9708,10.822,3.6864
1.9708,11.065,3.7646
1.9708,11.308,3.8396
1.9708,11.552,3.9127
1.9708,11.795,3.986
1.9708,12.038,4.059
1.9708,12.282,4.1296
1.9708,12.525,4.1989
1.9708,12.768,4.2701
1.9708,13.012,4.3409
1.9708,13.255,4.4113
1.9708,13.499,4.4806
1.9708,13.742,4.5476
1.9708,13.985,4.6136
2.1475,1.8182,-1.3122
2.1475,2.0615,-1.178
2.1475,2.3049,-1.0391
2.1475,2.5482,-0.89126
2.1475,2.7915,-0.74145
2.1475,3.0349,-0.59292
2.1475,3.2782,-0.44666
2.1475,3.5216,-0.30083
2.1475,3.7649,-0.15669
2.1475,4.0082,-0.019939
2.1475,4.2516,0.11277
2.1475,4.4949,0.24197
2.1475,4.7383,0.37061
2.1475,4.9816,0.49958
2.1475,5.2249,0.62525
2.1475,5.4683,0.75417
2.1475,5.7116,0.87822
2.1475,5.955,1.0021
2.1475,6.1983,1.1335
2.1475,6.4416,1.2651
2.1475,6.685,1.3962
2.1475,6.9283,1.5248
2.1475,7.1717,1.6623
2.1475,7.415,1.7933
2.1475,7.6583,1.9352
2.1475,7.9017,2.0784
2.1475,8.145,2.231
2.1475,8.3884,2.3893
2.1475,8.6317,2.5557
2.1475,8.875,2.7272
2.1475,9.1184,2.9052
2.1475,9.3617,3.0627
2.1475,9.6051,3.2011
2.1475,9.8484,3.3398
2.1475,10.092,3.4672
2.1475,10.335,3.5788
2.1475,10.578,3.6866
2.1475,10.822,3.7728
2.1475,11.065,3.8484
2.1475,11.308,3.9206
2.1475,11.552,3.9922
2.1475,11.795,4.0637
2.1475,12.038,4.1351
2.1475,12.282,4.2034
2.1475,12.525,4.2739
2.1475,12.768,4.3441
2.1475,13.012,4.4139
2.1475,13.255,4.4815
2.1475,13.499,4.548
2.1475,13.742,4.6136
2.1475,13.985,4.6782
2.3243,1.8182,-1.2904
2.3243,2.0615,-1.147
2.3243,2.3049,-1.0071
2.3243,2.5482,-0.85962
2.3243,2.7915,-0.70859
2.3243,3.0349,-0.55869
2.3243,3.2782,-0.41121
2.3243,3.5216,-0.26347
2.3243,3.7649,-0.11812
2.3243,4.0082,0.022602
2.3243,4.2516,0.15882
2.3243,4.4949,0.29032
2.3243,4.7383,0.42046
2.3243,4.9816,0.55362
2.3243,5.2249,0.68359
2.3243,5.4683,0.8111
2.3243,5.7116,0.93494
2.3243,5.955,1.0574
2.3243,6.1983,1.1921
2.3243,6.4416,1.3219
2.3243,6.685,1.455
2.3243,6.9283,1.5845
2.3243,7.1717,1.7244
2.3243,7.415,1.8539
2.3243,7.6583,1.9951
2.3243,7.9017,2.1391
2.3243,8.145,2.2874
2.3243,8.3884,2.4546
2.3243,8.6317,2.6335
2.3243,8.875,2.8158
2.3243,9.1184,2.9933
2.3243,9.3617,3.1509
2.3243,9.6051,3.2895
2.3243,9.8484,3.4366
2.3243,10.092,3.5606
2.3243,10.335,3.6682
2.3243,10.578,3.7746
2.3243,10.822,3.8578
2.3243,11.065,3.9322
2.3243,11.308,4.0017
2.3243,11.552,4.071
2.3243,11.795,4.1407
2.3243,12.038,4.2089
2.3243,12.282,4.2783
2.3243,12.525,4.3476
2.3243,12.768,4.4155
2.3243,13.012,4.4824
2.3243,13.255,4.5483
2.3243,13.499,4.6133
2.3243,13.742,4.6773
2.3243,13.985,4.7405
2.501,1.8182,-1.2667
2.501,2.0615,-1.1198
2.501,2.3049,-0.97637
2.501,2.5482,-0.82812
2.501,2.7915,-0.6758
2.501,3.0349,-0.524
2.501,3.2782,-0.37479
2.501,3.5216,-0.22827
2.501,3.7649,-0.079228
2.501,4.0082,0.062881
2.501,4.2516,0.20222
2.501,4.4949,0.33772
2.501,4.7383,0.47165
2.501,4.9816,0.6055
2.501,5.2249,0.73634
2.501,5.4683,0.86211
2.501,5.7116,0.9891
2.501,5.955,1.1123
2.501,6.1983,1.2512
2.501,6.4416,1.3826
2.501,6.685,1.5122
2.501,6.9283,1.6454
2.501,7.1717,1.7796
2.501,7.415,1.9107
2.501,7.6583,2.0562
2.501,7.9017,2.1959
2.501,8.145,2.344
2.501,8.3884,2.5246
2.501,8.6317,2.7164
2.501,8.875,2.9039
2.501,9.1184,3.0853
2.501,9.3617,3.245
2.501,9.6051,3.3782
2.501,9.8484,3.5322
2.501,10.092,3.654
2.501,10.335,3.7578
2.501,10.578,3.8586
2.501,10.822,3.9454
2.501,11.065,4.0156
2.501,11.308,4.0821
2.501,11.552,4.1489
2.501,11.795,4.216
2.501,12.038,4.2835
2.501,12.282,4.351
2.501,12.525,4.4175
2.501,12.768,4.4833
2.501,13.012,4.5483
2.501,13.255,4.6125
2.501,13.499,4.6758
2.501,13.742,4.7382
2.501,13.985,4.7999
2.6777,1.8182,-1.2404
2.6777,2.0615,-1.0943
2.6777,2.3049,-0.94549
2.6777,2.5482,-0.79732
2.6777,2.7915,-0.64404
2.6777,3.0349,-0.49087
2.6777,3.2782,-0.33873
2.6777,3.5216,-0.19017
2.6777,3.7649,-0.041412
2.6777,4.0082,0.10418
2.6777,4.2516,0.24475
2.6777,4.4949,0.38349
2.6777,4.7383,0.52057
2.6777,4.9816,0.6542
2.6777,5.2249,0.78295
2.6777,5.4683,0.91187
2.6777,5.7116,1.0361
2.6777,5.955,1.1656
2.6777,6.1983,1.3053
2.6777,6.4416,1.442
2.6777,6.685,1.572
2.6777,6.9283,1.7014
2.6777,7.1717,1.8257
2.6777,7.415,1.9616
2.6777,7.6583,2.1064
2.6777,7.9017,2.259
2.6777,8.145,2.4131
2.6777,8.3884,2.6086
2.6777,8.6317,2.8036
2.6777,8.875,2.9922
2.6777,9.1184,3.1722
2.6777,9.3617,3.3334
2.6777,9.6051,3.4771
2.6777,9.8484,3.6212
2.6777,10.092,3.7476
2.6777,10.335,3.8474
2.6777,10.578,3.9487
2.6777,10.822,4.0304
2.6777,11.065,4.0979
2.6777,11.308,4.1613
2.6777,11.552,4.2252
2.6777,11.795,4.29
2.6777,12.038,4.3552
2.6777,12.282,4.4201
2.6777,12.525,4.4846
2.6777,12.768,4.5485
2.6777,13.012,4.6118
2.6777,13.255,4.6743
2.6777,13.499,4.7361
2.6777,13.742,4.7973
2.6777,13.985,4.8579
2.8545,1.8182,-1.2092
2.8545,2.0615,-1.0674
2.8545,2.3049,-0.91801
2.8545,2.5482,-0.7674
2.8545,2.7915,-0.61271
2.8545,3.0349,-0.45797
2.8545,3.2782,-0.30522
2.8545,3.5216,-0.15331
2.8545,3.7649,-0.0035522
2.8545,4.0082,0.14531
2.8545,4.2516,0.28805
2.8545,4.4949,0.42865
2.8545,4.7383,0.56728
2.8545,4.9816,0.70231
2.8545,5.2249,0.83085
2.8545,5.4683,0.95584
2.8545,5.7116,1.0808
2.8545,5.955,1.2139
2.8545,6.1983,1.3516
2.8545,6.4416,1.4947
2.8545,6.685,1.6199
2.8545,6.9283,1.7403
2.8545,7.1717,1.8636
2.8545,7.415,2.014
2.8545,7.6583,2.157
2.8545,7.9017,2.3164
2.8545,8.145,2.5002
2.8545,8.3884,2.6929
2.8545,8.6317,2.8922
2.8545,8.875,3.0818
2.8545,9.1184,3.2565
2.8545,9.3617,3.4255
2.8545,9.6051,3.5781
2.8545,9.8484,3.7149
2.8545,10.092,3.8372
2.8545,10.335,3.9347
2.8545,10.578,4.0234
2.8545,10.822,4.1015
2.8545,11.065,4.1683
2.8545,11.308,4.2354
2.8545,11.552,4.2987
2.8545,11.795,4.3613
2.8545,12.038,4.4248
2.8545,12.282,4.4888
2.8545,12.525,4.5529
2.8545,12.768,4.6169
2.8545,13.012,4.6806
2.8545,13.255,4.744
2.8545,13.499,4.807
2.8545,13.742,4.8681
2.8545,13.985,4.9283
3.0312,1.8182,-1.1799
3.0312,2.0615,-1.0379
3.0312,2.3049,-0.89053
3.0312,2.5482,-0.73858
3.0312,2.7915,-0.58325
3.0312,3.0349,-0.42356
3.0312,3.2782,-0.26752
3.0312,3.5216,-0.11415
3.0312,3.7649,0.037543
3.0312,4.0082,0.18795
3.0312,4.2516,0.33335
3.0312,4.4949,0.47583
3.0312,4.7383,0.61701
3.0312,4.9816,0.74577
3.0312,5.2249,0.8749
3.0312,5.4683,0.99953
3.0312,5.7116,1.1266
3.0312,5.955,1.2573
3.0312,6.1983,1.4025
3.0312,6.4416,1.5377
3.0312,6.685,1.6661
3.0312,6.9283,1.7931
3.0312,7.1717,1.9099
3.0312,7.415,2.0608
3.0312,7.6583,2.2203
3.0312,7.9017,2.3936
3.0312,8.145,2.5797
3.0312,8.3884,2.777
3.0312,8.6317,2.9789
3.0312,8.875,3.1727
3.0312,9.1184,3.3511
3.0312,9.3617,3.5054
3.0312,9.6051,3.6691
3.0312,9.8484,3.7935
3.0312,10.092,3.91
3.0312,10.335,4.0024
3.0312,10.578,4.1048
3.0312,10.822,4.181
3.0312,11.065,4.2475
3.0312,11.308,4.3104
3.0312,11.552,4.3683
3.0312,11.795,4.4281
3.0312,12.038,4.4892
3.0312,12.282,4.5508
3.0312,12.525,4.6129
3.0312,12.768,4.675
3.0312,13.012,4.7371
3.0312,13.255,4.799
3.0312,13.499,4.8607
3.0312,13.742,4.9221
3.0312,13.985,4.9832
3.208,1.8182,-1.1549
3.208,2.0615,-1.0108
3.208,2.3049,-0.86301
3.208,2.5482,-0.71031
3.208,2.7915,-0.55491
3.208,3.0349,-0.39366
3.208,3.2782,-0.23382
3.208,3.5216,-0.076232
3.208,3.7649,0.07813
3.208,4.0082,0.23249
3.208,4.2516,0.38125
3.208,4.4949,0.52676
3.208,4.7383,0.66308
3.208,4.9816,0.7962
3.208,5.2249,0.92434
3.208,5.4683,1.0459
3.208,5.7116,1.1762
3.208,5.955,1.312
3.208,6.1983,1.4555
3.208,6.4416,1.5906
3.208,6.685,1.7084
3.208,6.9283,1.8407
3.208,7.1717,1.9684
3.208,7.415,2.1226
3.208,7.6583,2.2893
3.208,7.9017,2.4584
3.208,8.145,2.6579
3.208,8.3884,2.8643
3.208,8.6317,3.0679
3.208,8.875,3.2588
3.208,9.1184,3.4264
3.208,9.3617,3.5818
3.208,9.6051,3.7303
3.208,9.8484,3.8696
3.208,10.092,3.9837
3.208,10.335,4.0724
3.208,10.578,4.1779
3.208,10.822,4.2576
3.208,11.065,4.325
3.208,11.308,4.3781
3.208,11.552,4.4327
3.208,11.795,4.4894
3.208,12.038,4.5477
3.208,12.282,4.6071
3.208,12.525,4.6671
3.208,12.768,4.7275
3.208,13.012,4.7881
3.208,13.255,4.8487
3.208,13.499,4.9093
3.208,13.742,4.9698
3.208,13.985,5.0301
3.3847,1.8182,-1.1338
3.3847,2.0615,-0.98601
3.3847,2.3049,-0.83773
3.3847,2.5482,-0.68471
3.3847,2.7915,-0.5267
3.3847,3.0349,-0.36508
3.3847,3.2782,-0.20175
3.3847,3.5216,-0.039854
3.3847,3.7649,0.11798
3.3847,4.0082,0.27662
3.3847,4.2516,0.42765
3.3847,4.4949,0.57517
3.3847,4.7383,0.71511
3.3847,4.9816,0.84452
3.3847,5.2249,0.97191
3.3847,5.4683,1.0935
3.3847,5.7116,1.2278
3.3847,5.955,1.3674
3.3847,6.1983,1.5017
3.3847,6.4416,1.6313
3.3847,6.685,1.7689
3.3847,6.9283,1.8853
3.3847,7.1717,2.0292
3.3847,7.415,2.189
3.3847,7.6583,2.3576
3.3847,7.9017,2.5377
3.3847,8.145,2.7401
3.3847,8.3884,2.9465
3.3847,8.6317,3.1482
3.3847,8.875,3.3404
3.3847,9.1184,3.5017
3.3847,9.3617,3.659
3.3847,9.6051,3.8011
3.3847,9.8484,3.945
3.3847,10.092,4.0542
3.3847,10.335,4.1631
3.3847,10.578,4.2557
3.3847,10.822,4.3342
3.3847,11.065,4.3906
3.3847,11.308,4.4395
3.3847,11.552,4.4901
3.3847,11.795,4.5437
3.3847,12.038,4.5995
3.3847,12.282,4.6568
3.3847,12.525,4.7151
3.3847,12.768,4.7741
3.3847,13.012,4.8334
3.3847,13.255,4.893
3.3847,13.499,4.9527
3.3847,13.742,5.0124
3.3847,13.985,5.0721
3.5614,1.8182,-1.1117
3.5614,2.0615,-0.96436
3.5614,2.3049,-0.81459
3.5614,2.5482,-0.66093
3.5614,2.7915,-0.50103
3.5614,3.0349,-0.33604
3.5614,3.2782,-0.16833
3.5614,3.5216,-0.00026922
3.5614,3.7649,0.16306
3.5614,4.0082,0.31946
3.5614,4.2516,0.47856
3.5614,4.4949,0.62216
3.5614,4.7383,0.75809
3.5614,4.9816,0.89085
3.5614,5.2249,1.0138
3.5614,5.4683,1.1416
3.5614,5.7116,1.28
3.5614,5.955,1.4203
3.5614,6.1983,1.5511
3.5614,6.4416,1.6837
3.5614,6.685,1.819
3.5614,6.9283,1.9395
3.5614,7.1717,2.0842
3.5614,7.415,2.2564
3.5614,7.6583,2.4358
3.5614,7.9017,2.6191
3.5614,8.145,2.8226
3.5614,8.3884,3.0232
3.5614,8.6317,3.2209
3.5614,8.875,3.4128
3.5614,9.1184,3.5753
3.5614,9.3617,3.7363
3.5614,9.6051,3.8746
3.5614,9.8484,4.0162
3.5614,10.092,4.1466
3.5614,10.335,4.2541
3.5614,10.578,4.3364
3.5614,10.822,4.399
3.5614,11.065,4.4489
3.5614,11.308,4.4928
3.5614,11.552,4.5396
3.5614,11.795,4.5903
3.5614,12.038,4.644
3.5614,12.282,4.6996
3.5614,12.525,4.7565
3.5614,12.768,4.8143
3.5614,13.012,4.8728
3.5614,13.255,4.9316
3.5614,13.499,4.9907
3.5614,13.742,5.0495
3.5614,13.985,5.108
3.7382,1.8182,-1.09
3.7382,2.0615,-0.94199
3.7382,2.3049,-0.78999
3.7382,2.5482,-0.63571
3.7382,2.7915,-0.47324
3.7382,3.0349,-0.3028
3.7382,3.2782,-0.12807
3.7382,3.5216,0.047344
3.7382,3.7649,0.21617
3.7382,4.0082,0.37195
3.7382,4.2516,0.52017
3.7382,4.4949,0.6703
3.7382,4.7383,0.80167
3.7382,4.9816,0.93497
3.7382,5.2249,1.0587
3.7382,5.4683,1.1897
3.7382,5.7116,1.3284
3.7382,5.955,1.4723
3.7382,6.1983,1.6042
3.7382,6.4416,1.7281
3.7382,6.685,1.8669
3.7382,6.9283,1.9882
3.7382,7.1717,2.1448
3.7382,7.415,2.3239
3.7382,7.6583,2.5056
3.7382,7.9017,2.6939
3.7382,8.145,2.9036
3.7382,8.3884,3.0972
3.7382,8.6317,3.2821
3.7382,8.875,3.4748
3.7382,9.1184,3.6537
3.7382,9.3617,3.8097
3.7382,9.6051,3.9556
3.7382,9.8484,4.0853
3.7382,10.092,4.205
3.7382,10.335,4.309
3.7382,10.578,4.39
3.7382,10.822,4.4539
3.7382,11.065,4.4983
3.7382,11.308,4.5373
3.7382,11.552,4.5807
3.7382,11.795,4.6291
3.7382,12.038,4.681
3.7382,12.282,4.7351
3.7382,12.525,4.7904
3.7382,12.768,4.8467
3.7382,13.012,4.9037
3.7382,13.255,4.9612
3.7382,13.499,5.0191
3.7382,13.742,5.0771
3.7382,13.985,5.1354
3.9149,1.8182,-1.0686
3.9149,2.0615,-0.91761
3.9149,2.3049,-0.76251
3.9149,2.5482,-0.60314
3.9149,2.7915,-0.43427
3.9149,3.0349,-0.25926
3.9149,3.2782,-0.082387
3.9149,3.5216,0.095289
3.9149,3.7649,0.25625
3.9149,4.0082,0.4156
3.9149,4.2516,0.57016
3.9149,4.4949,0.71308
3.9149,4.7383,0.84467
3.9149,4.9816,0.96723
3.9149,5.2249,1.1035
3.9149,5.4683,1.2372
3.9149,5.7116,1.3728
3.9149,5.955,1.5192
3.9149,6.1983,1.6571
3.9149,6.4416,1.7778
3.9149,6.685,1.9024
3.9149,6.9283,2.038
3.9149,7.1717,2.2049
3.9149,7.415,2.3851
3.9149,7.6583,2.5735
3.9149,7.9017,2.768
3.9149,8.145,2.9682
3.9149,8.3884,3.1677
3.9149,8.6317,3.3425
3.9149,8.875,3.535
3.9149,9.1184,3.7045
3.9149,9.3617,3.8717
3.9149,9.6051,4.0327
3.9149,9.8484,4.1597
3.9149,10.092,4.2809
3.9149,10.335,4.3557
3.9149,10.578,4.4281
3.9149,10.822,4.4995
3.9149,11.065,4.5378
3.9149,11.308,4.5729
3.9149,11.552,4.613
3.9149,11.795,4.6587
3.9149,12.038,4.7083
3.9149,12.282,4.7606
3.9149,12.525,4.8147
3.9149,12.768,4.8701
3.9149,13.012,4.9264
3.9149,13.255,4.9835
3.9149,13.499,5.041
3.9149,13.742,5.099
3.9149,13.985,5.1572
4.0916,1.8182,-1.0453
4.0916,2.0615,-0.8916
4.0916,2.3049,-0.73178
4.0916,2.5482,-0.56587
4.0916,2.7915,-0.39083
4.0916,3.0349,-0.20986
4.0916,3.2782,-0.037042
4.0916,3.5216,0.13397
4.0916,3.7649,0.28706
4.0916,4.0082,0.45363
4.0916,4.2516,0.62361
4.0916,4.4949,0.76439
4.0916,4.7383,0.88826
4.0916,4.9816,1.0146
4.0916,5.2249,1.1454
4.0916,5.4683,1.2821
4.0916,5.7116,1.4156
4.0916,5.955,1.5645
4.0916,6.1983,1.6963
4.0916,6.4416,1.8112
4.0916,6.685,1.933
4.0916,6.9283,2.0878
4.0916,7.1717,2.2654
4.0916,7.415,2.4461
4.0916,7.6583,2.6378
4.0916,7.9017,2.8396
4.0916,8.145,3.0369
4.0916,8.3884,3.2243
4.0916,8.6317,3.4055
4.0916,8.875,3.5944
4.0916,9.1184,3.7703
4.0916,9.3617,3.9295
4.0916,9.6051,4.0943
4.0916,9.8484,4.2207
4.0916,10.092,4.3395
4.0916,10.335,4.423
4.0916,10.578,4.4733
4.0916,10.822,4.5319
4.0916,11.065,4.5681
4.0916,11.308,4.6003
4.0916,11.552,4.6357
4.0916,11.795,4.6794
4.0916,12.038,4.7274
4.0916,12.282,4.7785
4.0916,12.525,4.8317
4.0916,12.768,4.8866
4.0916,13.012,4.9426
4.0916,13.255,4.9995
4.0916,13.499,5.057
4.0916,13.742,5.1151
4.0916,13.985,5.1735
4.2684,1.8182,-1.0196
4.2684,2.0615,-0.86273
4.2684,2.3049,-0.69805
4.2684,2.5482,-0.52681
4.2684,2.7915,-0.34736
4.2684,3.0349,-0.17639
4.2684,3.2782,-0.010626
4.2684,3.5216,0.1663
4.2684,3.7649,0.33233
4.2684,4.0082,0.49022
4.2684,4.2516,0.65742
4.2684,4.4949,0.80861
4.2684,4.7383,0.9243
4.2684,4.9816,1.06
4.2684,5.2249,1.1918
4.2684,5.4683,1.3263
4.2684,5.7116,1.4633
4.2684,5.955,1.6053
4.2684,6.1983,1.7213
4.2684,6.4416,1.8258
4.2684,6.685,1.9723
4.2684,6.9283,2.145
4.2684,7.1717,2.3229
4.2684,7.415,2.5124
4.2684,7.6583,2.7041
4.2684,7.9017,2.9069
4.2684,8.145,3.1047
4.2684,8.3884,3.2917
4.2684,8.6317,3.4711
4.2684,8.875,3.6559
4.2684,9.1184,3.829
4.2684,9.3617,3.9933
4.2684,9.6051,4.1489
4.2684,9.8484,4.2764
4.2684,10.092,4.3869
4.2684,10.335,4.4634
4.2684,10.578,4.5188
4.2684,10.822,4.5638
4.2684,11.065,4.5986
4.2684,11.308,4.6275
4.2684,11.552,4.6588
4.2684,11.795,4.6921
4.2684,12.038,4.7394
4.2684,12.282,4.7898
4.2684,12.525,4.8425
4.2684,12.768,4.8969
4.2684,13.012,4.9528
4.2684,13.255,5.0098
4.2684,13.499,5.0675
4.2684,13.742,5.126
4.2684,13.985,5.1848
4.4451,1.8182,-0.99582
4.4451,2.0615,-0.83234
4.4451,2.3049,-0.66361
4.4451,2.5482,-0.4892
4.4451,2.7915,-0.32015
4.4451,3.0349,-0.15351
4.4451,3.2782,0.010775
4.4451,3.5216,0.18955
4.4451,3.7649,0.3687
4.4451,4.0082,0.52146
4.4451,4.2516,0.69416
4.4451,4.4949,0.84444
4.4451,4.7383,0.95816
4.4451,4.9816,1.0956
4.4451,5.2249,1.2322
4.4451,5.4683,1.3671
4.4451,5.7116,1.5056
4.4451,5.955,1.625
4.4451,6.1983,1.7506
4.4451,6.4416,1.8588
4.4451,6.685,2.0253
4.4451,6.9283,2.2077
4.4451,7.1717,2.3893
4.4451,7.415,2.5755
4.4451,7.6583,2.7725
4.4451,7.9017,2.9729
4.4451,8.145,3.1715
4.4451,8.3884,3.3593
4.4451,8.6317,3.5415
4.4451,8.875,3.7141
4.4451,9.1184,3.8793
4.4451,9.3617,4.0373
4.4451,9.6051,4.1893
4.4451,9.8484,4.3282
4.4451,10.092,4.4385
4.4451,10.335,4.501
4.4451,10.578,4.5571
4.4451,10.822,4.5901
4.4451,11.065,4.6258
4.4451,11.308,4.6609
4.4451,11.552,4.6898
4.4451,11.795,4.7191
4.4451,12.038,4.7563
4.4451,12.282,4.7954
4.4451,12.525,4.848
4.4451,12.768,4.9023
4.4451,13.012,4.9582
4.4451,13.255,5.0153
4.4451,13.499,5.0733
4.4451,13.742,5.1321
4.4451,13.985,5.1915
4.6218,1.8182,-0.97085
4.6218,2.0615,-0.80253
4.6218,2.3049,-0.63225
4.6218,2.5482,-0.46231
4.6218,2.7915,-0.2884
4.6218,3.0349,-0.12068
4.6218,3.2782,0.044504
4.6218,3.5216,0.20863
4.6218,3.7649,0.3847
4.6218,4.0082,0.55
4.6218,4.2516,0.71613
4.6218,4.4949,0.87022
4.6218,4.7383,0.98625
4.6218,4.9816,1.1285
4.6218,5.2249,1.2649
4.6218,5.4683,1.4036
4.6218,5.7116,1.535
4.6218,5.955,1.6604
4.6218,6.1983,1.7825
4.6218,6.4416,1.9069
4.6218,6.685,2.0825
4.6218,6.9283,2.2699
4.6218,7.1717,2.459
4.6218,7.415,2.6514
4.6218,7.6583,2.8455
4.6218,7.9017,3.0407
4.6218,8.145,3.2328
4.6218,8.3884,3.4206
4.6218,8.6317,3.604
4.6218,8.875,3.7722
4.6218,9.1184,3.9285
4.6218,9.3617,4.0796
4.6218,9.6051,4.2186
4.6218,9.8484,4.3576
4.6218,10.092,4.4736
4.6218,10.335,4.5443
4.6218,10.578,4.5865
4.6218,10.822,4.6027
4.6218,11.065,4.6323
4.6218,11.308,4.6681
4.6218,11.552,4.7104
4.6218,11.795,4.7556
4.6218,12.038,4.7779
4.6218,12.282,4.8226
4.6218,12.525,4.8598
4.6218,12.768,4.9037
4.6218,13.012,4.9598
4.6218,13.255,5.017
4.6218,13.499,5.0753
4.6218,13.742,5.1346
4.6218,13.985,5.1945
4.7986,1.8182,-0.94964
4.7986,2.0615,-0.77987
4.7986,2.3049,-0.60739
4.7986,2.5482,-0.43551
4.7986,2.7915,-0.2601
4.7986,3.0349,-0.089473
4.7986,3.2782,0.075936
4.7986,3.5216,0.2391
4.7986,3.7649,0.40489
4.7986,4.0082,0.57852
4.7986,4.2516,0.74376
4.7986,4.4949,0.89175
4.7986,4.7383,1.0076
4.7986,4.9816,1.1498
4.7986,5.2249,1.291
4.7986,5.4683,1.4283
4.7986,5.7116,1.5686
4.7986,5.955,1.7076
4.7986,6.1983,1.7983
4.7986,6.4416,1.955
4.7986,6.685,2.1373
4.7986,6.9283,2.3311
4.7986,7.1717,2.5257
4.7986,7.415,2.7197
4.7986,7.6583,2.9203
4.7986,7.9017,3.1094
4.7986,8.145,3.2991
4.7986,8.3884,3.4831
4.7986,8.6317,3.6589
4.7986,8.875,3.8277
4.7986,9.1184,3.9812
4.7986,9.3617,4.1234
4.7986,9.6051,4.2604
4.7986,9.8484,4.3827
4.7986,10.092,4.5025
4.7986,10.335,4.5755
4.7986,10.578,4.6165
4.7986,10.822,4.6308
4.7986,11.065,4.6221
4.7986,11.308,4.6571
4.7986,11.552,4.7012
4.7986,11.795,4.7505
4.7986,12.038,4.8026
4.7986,12.282,4.8366
4.7986,12.525,4.8901
4.7986,12.768,4.9273
4.7986,13.012,4.9671
4.7986,13.255,5.0179
4.7986,13.499,5.076
4.7986,13.742,5.1351
4.7986,13.985,5.1949
4.9753,1.8182,-0.93522
4.9753,2.0615,-0.76338
4.9753,2.3049,-0.59213
4.9753,2.5482,-0.41856
4.9753,2.7915,-0.2438
4.9753,3.0349,-0.061657
4.9753,3.2782,0.10187
4.9753,3.5216,0.26688
4.9753,3.7649,0.42713
4.9753,4.0082,0.59537
4.9753,4.2516,0.75019
4.9753,4.4949,0.89651
4.9753,4.7383,1.0226
4.9753,4.9816,1.1622
4.9753,5.2249,1.3084
4.9753,5.4683,1.4523
4.9753,5.7116,1.6004
4.9753,5.955,1.7388
4.9753,6.1983,1.848
4.9753,6.4416,1.9988
4.9753,6.685,2.1901
4.9753,6.9283,2.3892
4.9753,7.1717,2.5873
4.9753,7.415,2.7904
4.9753,7.6583,2.991
4.9753,7.9017,3.1797
4.9753,8.145,3.3652
4.9753,8.3884,3.5439
4.9753,8.6317,3.7095
4.9753,8.875,3.8641
4.9753,9.1184,4.0105
4.9753,9.3617,4.1624
4.9753,9.6051,4.2935
4.9753,9.8484,4.4164
4.9753,10.092,4.5275
4.9753,10.335,4.6047
4.9753,10.578,4.6457
4.9753,10.822,4.6631
4.9753,11.065,4.6614
4.9753,11.308,4.6549
4.9753,11.552,4.6779
4.9753,11.795,4.7312
4.9753,12.038,4.7836
4.9753,12.282,4.8405
4.9753,12.525,4.8951
4.9753,12.768,4.9523
4.9753,13.012,4.9957
4.9753,13.255,5.0356
4.9753,13.499,5.0787
4.9753,13.742,5.1381
4.9753,13.985,5.1983
5.152,1.8182,-0.92718
5.152,2.0615,-0.75797
5.152,2.3049,-0.58184
5.152,2.5482,-0.40534
5.152,2.7915,-0.2284
5.152,3.0349,-0.052099
5.152,3.2782,0.12412
5.152,3.5216,0.29306
5.152,3.7649,0.45112
5.152,4.0082,0.61138
5.152,4.2516,0.76691
5.152,4.4949,0.90286
5.152,4.7383,1.0329
5.152,4.9816,1.1742
5.152,5.2249,1.3239
5.152,5.4683,1.4684
5.152,5.7116,1.6268
5.152,5.955,1.7559
5.152,6.1983,1.891
5.152,6.4416,2.0409
5.152,6.685,2.2393
5.152,6.9283,2.4438
5.152,7.1717,2.6462
5.152,7.415,2.8517
5.152,7.6583,3.0564
5.152,7.9017,3.2511
5.152,8.145,3.4304
5.152,8.3884,3.5951
5.152,8.6317,3.7582
5.152,8.875,3.907
5.152,9.1184,4.0454
5.152,9.3617,4.183
5.152,9.6051,4.3183
5.152,9.8484,4.4394
5.152,10.092,4.5475
5.152,10.335,4.6306
5.152,10.578,4.6726
5.152,10.822,4.6872
5.152,11.065,4.6799
5.152,11.308,4.6637
5.152,11.552,4.6883
5.152,11.795,4.7237
5.152,12.038,4.7663
5.152,12.282,4.8223
5.152,12.525,4.8829
5.152,12.768,4.9371
5.152,13.012,4.977
5.152,13.255,5.0264
5.152,13.499,5.0792
5.152,13.742,5.1393
5.152,13.985,5.1923
5.3288,1.8182,-0.92601
5.3288,2.0615,-0.75619
5.3288,2.3049,-0.5821
5.3288,2.5482,-0.40633
5.3288,2.7915,-0.23074
5.3288,3.0349,-0.053606
5.3288,3.2782,0.13
5.3288,3.5216,0.30598
5.3288,3.7649,0.47293
5.3288,4.0082,0.63519
5.3288,4.2516,0.78509
5.3288,4.4949,0.91193
5.3288,4.7383,1.0407
5.3288,4.9816,1.1813
5.3288,5.2249,1.3314
5.3288,5.4683,1.4919
5.3288,5.7116,1.6511
5.3288,5.955,1.7672
5.3288,6.1983,1.8938
5.3288,6.4416,2.0787
5.3288,6.685,2.2872
5.3288,6.9283,2.4995
5.3288,7.1717,2.7099
5.3288,7.415,2.9139
5.3288,7.6583,3.1211
5.3288,7.9017,3.3102
5.3288,8.145,3.4863
5.3288,8.3884,3.6401
5.3288,8.6317,3.7922
5.3288,8.875,3.9408
5.3288,9.1184,4.0752
5.3288,9.3617,4.2048
5.3288,9.6051,4.3319
5.3288,9.8484,4.4523
5.3288,10.092,4.5578
5.3288,10.335,4.6441
5.3288,10.578,4.6939
5.3288,10.822,4.7191
5.3288,11.065,4.7223
5.3288,11.308,4.6531
5.3288,11.552,4.6688
5.3288,11.795,4.7189
5.3288,12.038,4.7556
5.3288,12.282,4.7937
5.3288,12.525,4.8581
5.3288,12.768,4.9224
5.3288,13.012,4.9862
5.3288,13.255,5.0391
5.3288,13.499,5.0928
5.3288,13.742,5.1443
5.3288,13.985,5.2
5.5055,1.8182,-0.93272
5.5055,2.0615,-0.7608
5.5055,2.3049,-0.58515
5.5055,2.5482,-0.40881
5.5055,2.7915,-0.22936
5.5055,3.0349,-0.046976
5.5055,3.2782,0.13248
5.5055,3.5216,0.31684
5.5055,3.7649,0.4744
5.5055,4.0082,0.63938
5.5055,4.2516,0.7826
5.5055,4.4949,0.91265
5.5055,4.7383,1.0433
5.5055,4.9816,1.185
5.5055,5.2249,1.3557
5.5055,5.4683,1.5161
5.5055,5.7116,1.642
5.5055,5.955,1.7658
5.5055,6.1983,1.9197
5.5055,6.4416,2.1168
5.5055,6.685,2.3327
5.5055,6.9283,2.5517
5.5055,7.1717,2.7701
5.5055,7.415,2.9811
5.5055,7.6583,3.1824
5.5055,7.9017,3.3757
5.5055,8.145,3.5366
5.5055,8.3884,3.6916
5.5055,8.6317,3.8372
5.5055,8.875,3.9773
5.5055,9.1184,4.1074
5.5055,9.3617,4.228
5.5055,9.6051,4.3445
5.5055,9.8484,4.4647
5.5055,10.092,4.5683
5.5055,10.335,4.6438
5.5055,10.578,4.6911
5.5055,10.822,4.713
5.5055,11.065,4.7189
5.5055,11.308,4.7145
5.5055,11.552,4.6691
5.5055,11.795,4.7153
5.5055,12.038,4.7695
5.5055,12.282,4.8077
5.5055,12.525,4.8368
5.5055,12.768,4.8961
5.5055,13.012,4.9625
5.5055,13.255,5.0285
5.5055,13.499,5.0938
5.5055,13.742,5.1459
5.5055,13.985,5.2104
5.6822,1.8182,-0.93725
5.6822,2.0615,-0.76479
5.6822,2.3049,-0.58911
5.6822,2.5482,-0.41104
5.6822,2.7915,-0.23203
5.6822,3.0349,-0.050856
5.6822,3.2782,0.12742
5.6822,3.5216,0.30111
5.6822,3.7649,0.46989
5.6822,4.0082,0.62694
5.6822,4.2516,0.7735
5.6822,4.4949,0.90739
5.6822,4.7383,1.0432
5.6822,4.9816,1.1939
5.6822,5.2249,1.3675
5.6822,5.4683,1.5369
5.6822,5.7116,1.6772
5.6822,5.955,1.7858
5.6822,6.1983,1.9355
5.6822,6.4416,2.1522
5.6822,6.685,2.3761
5.6822,6.9283,2.6023
5.6822,7.1717,2.8248
5.6822,7.415,3.0387
5.6822,7.6583,3.2452
5.6822,7.9017,3.4342
5.6822,8.145,3.5905
5.6822,8.3884,3.7385
5.6822,8.6317,3.8777
5.6822,8.875,4.0108
5.6822,9.1184,4.1389
5.6822,9.3617,4.2513
5.6822,9.6051,4.3662
5.6822,9.8484,4.4576
5.6822,10.092,4.5765
5.6822,10.335,4.6592
5.6822,10.578,4.7009
5.6822,10.822,4.6977
5.6822,11.065,4.7053
5.6822,11.308,4.7193
5.6822,11.552,4.6861
5.6822,11.795,4.7151
5.6822,12.038,4.7657
5.6822,12.282,4.8227
5.6822,12.525,4.8616
5.6822,12.768,4.8925
5.6822,13.012,4.9391
5.6822,13.255,5.0049
5.6822,13.499,5.0723
5.6822,13.742,5.1392
5.6822,13.985,5.1949
5.859,1.8182,-0.94473
5.859,2.0615,-0.77276
5.859,2.3049,-0.59772
5.859,2.5482,-0.41803
5.859,2.7915,-0.2385
5.859,3.0349,-0.057323
5.859,3.2782,0.11896
5.859,3.5216,0.28891
5.859,3.7649,0.45128
5.859,4.0082,0.60697
5.859,4.2516,0.7598
5.859,4.4949,0.90269
5.859,4.7383,1.0483
5.859,4.9816,1.2128
5.859,5.2249,1.3879
5.859,5.4683,1.5482
5.859,5.7116,1.6959
5.859,5.955,1.8001
5.859,6.1983,1.9716
5.859,6.4416,2.1843
5.859,6.685,2.4179
5.859,6.9283,2.6462
5.859,7.1717,2.8792
5.859,7.415,3.0742
5.859,7.6583,3.2998
5.859,7.9017,3.4787
5.859,8.145,3.6303
5.859,8.3884,3.7685
5.859,8.6317,3.9109
5.859,8.875,4.0401
5.859,9.1184,4.1582
5.859,9.3617,4.2741
5.859,9.6051,4.3734
5.859,9.8484,4.4765
5.859,10.092,4.5724
5.859,10.335,4.6608
5.859,10.578,4.7188
5.859,10.822,4.7204
5.859,11.065,4.6959
5.859,11.308,4.689
5.859,11.552,4.7104
5.859,11.795,4.7199
5.859,12.038,4.7651
5.859,12.282,4.8189
5.859,12.525,4.8778
5.859,12.768,4.9169
5.859,13.012,4.9494
5.859,13.255,4.9966
5.859,13.499,5.0599
5.859,13.742,5.1249
5.859,13.985,5.1897
6.0357,1.8182,-0.95666
6.0357,2.0615,-0.78449
6.0357,2.3049,-0.60968
6.0357,2.5482,-0.43233
6.0357,2.7915,-0.25016
6.0357,3.0349,-0.070861
6.0357,3.2782,0.10606
6.0357,3.5216,0.27496
6.0357,3.7649,0.43956
6.0357,4.0082,0.61026
6.0357,4.2516,0.76033
6.0357,4.4949,0.90477
6.0357,4.7383,1.0513
6.0357,4.9816,1.2072
6.0357,5.2249,1.389
6.0357,5.4683,1.559
6.0357,5.7116,1.7027
6.0357,5.955,1.8568
6.0357,6.1983,2.0028
6.0357,6.4416,2.216
6.0357,6.685,2.4565
6.0357,6.9283,2.6954
6.0357,7.1717,2.9385
6.0357,7.415,3.1406
6.0357,7.6583,3.3526
6.0357,7.9017,3.522
6.0357,8.145,3.6608
6.0357,8.3884,3.8024
6.0357,8.6317,3.9343
6.0357,8.875,4.0682
6.0357,9.1184,4.1897
6.0357,9.3617,4.2955
6.0357,9.6051,4.3867
6.0357,9.8484,4.4822
6.0357,10.092,4.5792
6.0357,10.335,4.6616
6.0357,10.578,4.7153
6.0357,10.822,4.7358
6.0357,11.065,4.7254
6.0357,11.308,4.7084
6.0357,11.552,4.7045
6.0357,11.795,4.7173
6.0357,12.038,4.749
6.0357,12.282,4.803
6.0357,12.525,4.8642
6.0357,12.768,4.9296
6.0357,13.012,4.9735
6.0357,13.255,5.0074
6.0357,13.499,5.0569
6.0357,13.742,5.1176
6.0357,13.985,5.183
6.2124,1.8182,-0.97045
6.2124,2.0615,-0.7992
6.2124,2.3049,-0.62479
6.2124,2.5482,-0.44751
6.2124,2.7915,-0.26712
6.2124,3.0349,-0.084924
6.2124,3.2782,0.084355
6.2124,3.5216,0.26077
6.2124,3.7649,0.4392
6.2124,4.0082,0.59736
6.2124,4.2516,0.75581
6.2124,4.4949,0.90588
6.2124,4.7383,1.0565
6.2124,4.9816,1.2214
6.2124,5.2249,1.4024
6.2124,5.4683,1.5645
6.2124,5.7116,1.6964
6.2124,5.955,1.8622
6.2124,6.1983,2.0244
6.2124,6.4416,2.2473
6.2124,6.685,2.4938
6.2124,6.9283,2.7323
6.2124,7.1717,2.9767
6.2124,7.415,3.193
6.2124,7.6583,3.3919
6.2124,7.9017,3.5532
6.2124,8.145,3.6963
6.2124,8.3884,3.8215
6.2124,8.6317,3.9573
6.2124,8.875,4.0884
6.2124,9.1184,4.2156
6.2124,9.3617,4.3265
6.2124,9.6051,4.4222
6.2124,9.8484,4.5039
6.2124,10.092,4.5682
6.2124,10.335,4.6554
6.2124,10.578,4.721
6.2124,10.822,4.7518
6.2124,11.065,4.7411
6.2124,11.308,4.7484
6.2124,11.552,4.7278
6.2124,11.795,4.7094
6.2124,12.038,4.7312
6.2124,12.282,4.7726
6.2124,12.525,4.823
6.2124,12.768,4.8809
6.2124,13.012,4.9422
6.2124,13.255,5.0084
6.2124,13.499,5.0662
6.2124,13.742,5.118
6.2124,13.985,5.1792
6.3892,1.8182,-0.98391
6.3892,2.0615,-0.81292
6.3892,2.3049,-0.63921
6.3892,2.5482,-0.46286
6.3892,2.7915,-0.28595
6.3892,3.0349,-0.1057
6.3892,3.2782,0.074136
6.3892,3.5216,0.25313
6.3892,3.7649,0.42235
6.3892,4.0082,0.58686
6.3892,4.2516,0.75386
6.3892,4.4949,0.90982
6.3892,4.7383,1.0614
6.3892,4.9816,1.2346
6.3892,5.2249,1.3943
6.3892,5.4683,1.5572
6.3892,5.7116,1.7199
6.3892,5.955,1.8704
6.3892,6.1983,2.0494
6.3892,6.4416,2.286
6.3892,6.685,2.5296
6.3892,6.9283,2.7767
6.3892,7.1717,3.011
6.3892,7.415,3.2311
6.3892,7.6583,3.4356
6.3892,7.9017,3.5767
6.3892,8.145,3.723
6.3892,8.3884,3.8399
6.3892,8.6317,3.9759
6.3892,8.875,4.1069
6.3892,9.1184,4.2218
6.3892,9.3617,4.3421
6.3892,9.6051,4.4514
6.3892,9.8484,4.5358
6.3892,10.092,4.5833
6.3892,10.335,4.6575
6.3892,10.578,4.7146
6.3892,10.822,4.7538
6.3892,11.065,4.7647
6.3892,11.308,4.7328
6.3892,11.552,4.747
6.3892,11.795,4.7591
6.3892,12.038,4.7474
6.3892,12.282,4.7589
6.3892,12.525,4.8105
6.3892,12.768,4.8586
6.3892,13.012,4.9101
6.3892,13.255,4.971
6.3892,13.499,5.0349
6.3892,13.742,5.1047
6.3892,13.985,5.1684
6.5659,1.8182,-0.99716
6.5659,2.0615,-0.82662
6.5659,2.3049,-0.65394
6.5659,2.5482,-0.47951
6.5659,2.7915,-0.30262
6.5659,3.0349,-0.12399
6.5659,3.2782,0.054435
6.5659,3.5216,0.23099
6.5659,3.7649,0.40278
6.5659,4.0082,0.57703
6.5659,4.2516,0.75039
6.5659,4.4949,0.91387
6.5659,4.7383,1.0711
6.5659,4.9816,1.2386
6.5659,5.2249,1.4026
6.5659,5.4683,1.564
6.5659,5.7116,1.7502
6.5659,5.955,1.8798
6.5659,6.1983,2.0818
6.5659,6.4416,2.3254
6.5659,6.685,2.5667
6.5659,6.9283,2.8126
6.5659,7.1717,3.0441
6.5659,7.415,3.2722
6.5659,7.6583,3.4569
6.5659,7.9017,3.609
6.5659,8.145,3.7396
6.5659,8.3884,3.8615
6.5659,8.6317,3.9938
6.5659,8.875,4.1203
6.5659,9.1184,4.2404
6.5659,9.3617,4.3442
6.5659,9.6051,4.4473
6.5659,9.8484,4.5593
6.5659,10.092,4.6175
6.5659,10.335,4.6667
6.5659,10.578,4.7356
6.5659,10.822,4.7793
6.5659,11.065,4.7886
6.5659,11.308,4.7657
6.5659,11.552,4.7267
6.5659,11.795,4.7323
6.5659,12.038,4.7563
6.5659,12.282,4.7838
6.5659,12.525,4.8063
6.5659,12.768,4.848
6.5659,13.012,4.9073
6.5659,13.255,4.9661
6.5659,13.499,5.028
6.5659,13.742,5.0925
6.5659,13.985,5.1587
6.7426,1.8182,-1.0091
6.7426,2.0615,-0.83988
6.7426,2.3049,-0.66847
6.7426,2.5482,-0.49521
6.7426,2.7915,-0.3201
6.7426,3.0349,-0.14335
6.7426,3.2782,0.034123
6.7426,3.5216,0.21162
6.7426,3.7649,0.38982
6.7426,4.0082,0.56939
6.7426,4.2516,0.7475
6.7426,4.4949,0.91733
6.7426,4.7383,1.077
6.7426,4.9816,1.2424
6.7426,5.2249,1.4179
6.7426,5.4683,1.5898
6.7426,5.7116,1.7479
6.7426,5.955,1.9026
6.7426,6.1983,2.132
6.7426,6.4416,2.3715
6.7426,6.685,2.6069
6.7426,6.9283,2.8475
6.7426,7.1717,3.084
6.7426,7.415,3.3148
6.7426,7.6583,3.4962
6.7426,7.9017,3.6214
6.7426,8.145,3.7579
6.7426,8.3884,3.8831
6.7426,8.6317,4.0106
6.7426,8.875,4.1301
6.7426,9.1184,4.253
6.7426,9.3617,4.3657
6.7426,9.6051,4.4566
6.7426,9.8484,4.5354
6.7426,10.092,4.6382
6.7426,10.335,4.6886
6.7426,10.578,4.7551
6.7426,10.822,4.8096
6.7426,11.065,4.8012
6.7426,11.308,4.8026
6.7426,11.552,4.7653
6.7426,11.795,4.7366
6.7426,12.038,4.7554
6.7426,12.282,4.7777
6.7426,12.525,4.8084
6.7426,12.768,4.8533
6.7426,13.012,4.8904
6.7426,13.255,4.9488
6.7426,13.499,5.0129
6.7426,13.742,5.0783
6.7426,13.985,5.1499
6.9194,1.8182,-1.0216
6.9194,2.0615,-0.85286
6.9194,2.3049,-0.68257
6.9194,2.5482,-0.51086
6.9194,2.7915,-0.33749
6.9194,3.0349,-0.162
6.9194,3.2782,0.015859
6.9194,3.5216,0.19776
6.9194,3.7649,0.37725
6.9194,4.0082,0.56294
6.9194,4.2516,0.74323
6.9194,4.4949,0.91726
6.9194,4.7383,1.081
6.9194,4.9816,1.2408
6.9194,5.2249,1.4352
6.9194,5.4683,1.6086
6.9194,5.7116,1.7503
6.9194,5.955,1.9489
6.9194,6.1983,2.1811
6.9194,6.4416,2.4094
6.9194,6.685,2.6462
6.9194,6.9283,2.8815
6.9194,7.1717,3.1152
6.9194,7.415,3.3473
6.9194,7.6583,3.5319
6.9194,7.9017,3.662
6.9194,8.145,3.78
6.9194,8.3884,3.9044
6.9194,8.6317,4.0281
6.9194,8.875,4.1474
6.9194,9.1184,4.2553
6.9194,9.3617,4.368
6.9194,9.6051,4.4809
6.9194,9.8484,4.5598
6.9194,10.092,4.6331
6.9194,10.335,4.7093
6.9194,10.578,4.762
6.9194,10.822,4.8094
6.9194,11.065,4.8462
6.9194,11.308,4.8343
6.9194,11.552,4.8275
6.9194,11.795,4.7879
6.9194,12.038,4.7673
6.9194,12.282,4.7842
6.9194,12.525,4.8207
6.9194,12.768,4.852
6.9194,13.012,4.8921
6.9194,13.255,4.9414
6.9194,13.499,4.9946
6.9194,13.742,5.0579
6.9194,13.985,5.1243
7.0961,1.8182,-1.0352
7.0961,2.0615,-0.86705
7.0961,2.3049,-0.69734
7.0961,2.5482,-0.52693
7.0961,2.7915,-0.35413
7.0961,3.0349,-0.17993
7.0961,3.2782,0.00083138
7.0961,3.5216,0.18326
7.0961,3.7649,0.36788
7.0961,4.0082,0.55301
7.0961,4.2516,0.73624
7.0961,4.4949,0.91433
7.0961,4.7383,1.0826
7.0961,4.9816,1.2419
7.0961,5.2249,1.4504
7.0961,5.4683,1.6263
7.0961,5.7116,1.8004
7.0961,5.955,2.001
7.0961,6.1983,2.2279
7.0961,6.4416,2.4489
7.0961,6.685,2.684
7.0961,6.9283,2.9162
7.0961,7.1717,3.1441
7.0961,7.415,3.3747
7.0961,7.6583,3.5487
7.0961,7.9017,3.6929
7.0961,8.145,3.8036
7.0961,8.3884,3.9259
7.0961,8.6317,4.0471
7.0961,8.875,4.1668
7.0961,9.1184,4.2744
7.0961,9.3617,4.3794
7.0961,9.6051,4.4788
7.0961,9.8484,4.587
7.0961,10.092,4.6548
7.0961,10.335,4.7308
7.0961,10.578,4.766
7.0961,10.822,4.8092
7.0961,11.065,4.8709
7.0961,11.308,4.8575
7.0961,11.552,4.8608
7.0961,11.795,4.8244
7.0961,12.038,4.8118
7.0961,12.282,4.801
7.0961,12.525,4.8262
7.0961,12.768,4.8511
7.0961,13.012,4.8993
7.0961,13.255,4.9394
7.0961,13.499,4.9873
7.0961,13.742,5.0445
7.0961,13.985,5.1063
7.2728,1.8182,-1.0513
7.2728,2.0615,-0.88301
7.2728,2.3049,-0.71369
7.2728,2.5482,-0.54325
7.2728,2.7915,-0.37196
7.2728,3.0349,-0.196
7.2728,3.2782,-0.010803
7.2728,3.5216,0.16665
7.2728,3.7649,0.35867
7.2728,4.0082,0.54369
7.2728,4.2516,0.72781
7.2728,4.4949,0.90885
7.2728,4.7383,1.0826
7.2728,4.9816,1.2564
7.2728,5.2249,1.4454
7.2728,5.4683,1.6492
7.2728,5.7116,1.8312
7.2728,5.955,2.0325
7.2728,6.1983,2.2565
7.2728,6.4416,2.4866
7.2728,6.685,2.7183
7.2728,6.9283,2.9526
7.2728,7.1717,3.1801
7.2728,7.415,3.396
7.2728,7.6583,3.574
7.2728,7.9017,3.7291
7.2728,8.145,3.8326
7.2728,8.3884,3.9476
7.2728,8.6317,4.0661
7.2728,8.875,4.182
7.2728,9.1184,4.2967
7.2728,9.3617,4.3998
7.2728,9.6051,4.4917
7.2728,9.8484,4.5918
7.2728,10.092,4.6764
7.2728,10.335,4.7542
7.2728,10.578,4.8043
7.2728,10.822,4.8292
7.2728,11.065,4.8774
7.2728,11.308,4.8931
7.2728,11.552,4.887
7.2728,11.795,4.8794
7.2728,12.038,4.8324
7.2728,12.282,4.838
7.2728,12.525,4.8388
7.2728,12.768,4.8686
7.2728,13.012,4.8881
7.2728,13.255,4.9395
7.2728,13.499,4.9841
7.2728,13.742,5.0388
7.2728,13.985,5.0963
7.4496,1.8182,-1.0642
7.4496,2.0615,-0.89869
7.4496,2.3049,-0.73055
7.4496,2.5482,-0.56004
7.4496,2.7915,-0.38842
7.4496,3.0349,-0.20783
7.4496,3.2782,-0.027833
7.4496,3.5216,0.15802
7.4496,3.7649,0.35044
7.4496,4.0082,0.53349
7.4496,4.2516,0.71926
7.4496,4.4949,0.90345
7.4496,4.7383,1.0837
7.4496,4.9816,1.2688
7.4496,5.2249,1.456
7.4496,5.4683,1.6645
7.4496,5.7116,1.861
7.4496,5.955,2.0751
7.4496,6.1983,2.2913
7.4496,6.4416,2.5186
7.4496,6.685,2.7499
7.4496,6.9283,2.9852
7.4496,7.1717,3.2135
7.4496,7.415,3.4162
7.4496,7.6583,3.5864
7.4496,7.9017,3.749
7.4496,8.145,3.8639
7.4496,8.3884,3.9694
7.4496,8.6317,4.0839
7.4496,8.875,4.2062
7.4496,9.1184,4.3151
7.4496,9.3617,4.4229
7.4496,9.6051,4.5164
7.4496,9.8484,4.6006
7.4496,10.092,4.7006
7.4496,10.335,4.7773
7.4496,10.578,4.8464
7.4496,10.822,4.8574
7.4496,11.065,4.9028
7.4496,11.308,4.9266
7.4496,11.552,4.9258
7.4496,11.795,4.9107
7.4496,12.038,4.8799
7.4496,12.282,4.8563
7.4496,12.525,4.8577
7.4496,12.768,4.8781
7.4496,13.012,4.8972
7.4496,13.255,4.933
7.4496,13.499,4.9782
7.4496,13.742,5.0319
7.4496,13.985,5.0899
7.6263,1.8182,-1.0822
7.6263,2.0615,-0.91609
7.6263,2.3049,-0.74654
7.6263,2.5482,-0.57721
7.6263,2.7915,-0.40312
7.6263,3.0349,-0.22184
7.6263,3.2782,-0.044404
7.6263,3.5216,0.15021
7.6263,3.7649,0.34005
7.6263,4.0082,0.52631
7.6263,4.2516,0.71095
7.6263,4.4949,0.89718
7.6263,4.7383,1.0832
7.6263,4.9816,1.2752
7.6263,5.2249,1.4716
7.6263,5.4683,1.6782
7.6263,5.7116,1.8857
7.6263,5.955,2.1038
7.6263,6.1983,2.3188
7.6263,6.4416,2.5466
7.6263,6.685,2.7781
7.6263,6.9283,3.0117
7.6263,7.1717,3.2412
7.6263,7.415,3.4357
7.6263,7.6583,3.6005
7.6263,7.9017,3.7647
7.6263,8.145,3.8898
7.6263,8.3884,3.9909
7.6263,8.6317,4.1029
7.6263,8.875,4.2148
7.6263,9.1184,4.3395
7.6263,9.3617,4.4241
7.6263,9.6051,4.5309
7.6263,9.8484,4.6281
7.6263,10.092,4.7042
7.6263,10.335,4.8061
7.6263,10.578,4.8649
7.6263,10.822,4.8881
7.6263,11.065,4.9353
7.6263,11.308,4.9618
7.6263,11.552,4.959
7.6263,11.795,4.954
7.6263,12.038,4.9265
7.6263,12.282,4.8955
7.6263,12.525,4.884
7.6263,12.768,4.8934
7.6263,13.012,4.9144
7.6263,13.255,4.9399
7.6263,13.499,4.9783
7.6263,13.742,5.0256
7.6263,13.985,5.0812
7.803,1.8182,-1.1
7.803,2.0615,-0.93167
7.803,2.3049,-0.7658
7.803,2.5482,-0.59422
7.803,2.7915,-0.41673
7.803,3.0349,-0.23812
7.803,3.2782,-0.052467
7.803,3.5216,0.1409
7.803,3.7649,0.32965
7.803,4.0082,0.51704
7.803,4.2516,0.70396
7.803,4.4949,0.89304
7.803,4.7383,1.0834
7.803,4.9816,1.2837
7.803,5.2249,1.4849
7.803,5.4683,1.6901
7.803,5.7116,1.9049
7.803,5.955,2.1251
7.803,6.1983,2.3453
7.803,6.4416,2.5709
7.803,6.685,2.8031
7.803,6.9283,3.0343
7.803,7.1717,3.2654
7.803,7.415,3.4571
7.803,7.6583,3.6157
7.803,7.9017,3.7805
7.803,8.145,3.9053
7.803,8.3884,4.01
7.803,8.6317,4.1189
7.803,8.875,4.2332
7.803,9.1184,4.3453
7.803,9.3617,4.4549
7.803,9.6051,4.5327
7.803,9.8484,4.6245
7.803,10.092,4.7346
7.803,10.335,4.8036
7.803,10.578,4.9036
7.803,10.822,4.9212
7.803,11.065,4.9662
7.803,11.308,5.003
7.803,11.552,5.0084
7.803,11.795,4.9903
7.803,12.038,4.9708
7.803,12.282,4.9313
7.803,12.525,4.9179
7.803,12.768,4.9155
7.803,13.012,4.9313
7.803,13.255,4.9434
7.803,13.499,4.9835
7.803,13.742,5.0242
7.803,13.985,5.0733
7.9798,1.8182,-1.1152
7.9798,2.0615,-0.95013
7.9798,2.3049,-0.786
7.9798,2.5482,-0.6108
7.9798,2.7915,-0.43224
7.9798,3.0349,-0.24968
7.9798,3.2782,-0.060447
7.9798,3.5216,0.13378
7.9798,3.7649,0.32306
7.9798,4.0082,0.51144
7.9798,4.2516,0.6982
7.9798,4.4949,0.8901
7.9798,4.7383,1.0861
7.9798,4.9816,1.2913
7.9798,5.2249,1.4967
7.9798,5.4683,1.7047
7.9798,5.7116,1.9223
7.9798,5.955,2.1433
7.9798,6.1983,2.3665
7.9798,6.4416,2.5927
7.9798,6.685,2.824
7.9798,6.9283,3.0516
7.9798,7.1717,3.2831
7.9798,7.415,3.4858
7.9798,7.6583,3.6355
7.9798,7.9017,3.7961
7.9798,8.145,3.9238
7.9798,8.3884,4.0292
7.9798,8.6317,4.1334
7.9798,8.875,4.2411
7.9798,9.1184,4.3593
7.9798,9.3617,4.4634
7.9798,9.6051,4.5617
7.9798,9.8484,4.6282
7.9798,10.092,4.7234
7.9798,10.335,4.8193
7.9798,10.578,4.8996
7.9798,10.822,4.9594
7.9798,11.065,4.9827
7.9798,11.308,5.0427
7.9798,11.552,5.0584
7.9798,11.795,5.0364
7.9798,12.038,5.0112
7.9798,12.282,4.9823
7.9798,12.525,4.9434
7.9798,12.768,4.9309
7.9798,13.012,4.9505
7.9798,13.255,4.9714
7.9798,13.499,4.9743
7.9798,13.742,5.028
7.9798,13.985,5.0708
8.1565,1.8182,-1.1308
8.1565,2.0615,-0.97377
8.1565,2.3049,-0.80461
8.1565,2.5482,-0.62672
8.1565,2.7915,-0.44575
8.1565,3.0349,-0.2593
8.1565,3.2782,-0.068243
8.1565,3.5216,0.12573
8.1565,3.7649,0.31263
8.1565,4.0082,0.50622
8.1565,4.2516,0.69417
8.1565,4.4949,0.8891
8.1565,4.7383,1.0916
8.1565,4.9816,1.298
8.1565,5.2249,1.5075
8.1565,5.4683,1.7206
8.1565,5.7116,1.9382
8.1565,5.955,2.1594
8.1565,6.1983,2.3842
8.1565,6.4416,2.6121
8.1565,6.685,2.842
8.1565,6.9283,3.0698
8.1565,7.1717,3.2969
8.1565,7.415,3.5073
8.1565,7.6583,3.6662
8.1565,7.9017,3.8113
8.1565,8.145,3.9411
8.1565,8.3884,4.0501
8.1565,8.6317,4.1445
8.1565,8.875,4.2521
8.1565,9.1184,4.3577
8.1565,9.3617,4.4791
8.1565,9.6051,4.5704
8.1565,9.8484,4.6645
8.1565,10.092,4.7252
8.1565,10.335,4.8259
8.1565,10.578,4.8929
8.1565,10.822,4.9933
8.1565,11.065,5.0127
8.1565,11.308,5.0601
8.1565,11.552,5.0912
8.1565,11.795,5.0588
8.1565,12.038,5.0639
8.1565,12.282,5.0244
8.1565,12.525,4.9955
8.1565,12.768,4.9639
8.1565,13.012,4.9532
8.1565,13.255,4.9724
8.1565,13.499,4.9927
8.1565,13.742,5.0183
8.1565,13.985,5.0658
8.3332,1.8182,-1.1571
8.3332,2.0615,-0.99621
8.3332,2.3049,-0.82092
8.3332,2.5482,-0.64184
8.3332,2.7915,-0.45771
8.3332,3.0349,-0.26854
8.3332,3.2782,-0.076046
8.3332,3.5216,0.1165
8.3332,3.7649,0.30908
8.3332,4.0082,0.50118
8.3332,4.2516,0.69249
8.3332,4.4949,0.89082
8.3332,4.7383,1.0992
8.3332,4.9816,1.3076
8.3332,5.2249,1.5185
8.3332,5.4683,1.7352
8.3332,5.7116,1.9526
8.3332,5.955,2.1766
8.3332,6.1983,2.4
8.3332,6.4416,2.6288
8.3332,6.685,2.8577
8.3332,6.9283,3.0862
8.3332,7.1717,3.3036
8.3332,7.415,3.5193
8.3332,7.6583,3.6852
8.3332,7.9017,3.8259
8.3332,8.145,3.9572
8.3332,8.3884,4.071
8.3332,8.6317,4.1668
8.3332,8.875,4.2667
8.3332,9.1184,4.3541
8.3332,9.3617,4.4688
8.3332,9.6051,4.5875
8.3332,9.8484,4.6701
8.3332,10.092,4.7373
8.3332,10.335,4.8188
8.3332,10.578,4.9257
8.3332,10.822,4.9884
8.3332,11.065,5.0577
8.3332,11.308,5.0898
8.3332,11.552,5.1312
8.3332,11.795,5.1257
8.3332,12.038,5.0956
8.3332,12.282,5.0798
8.3332,12.525,5.0368
8.3332,12.768,4.9903
8.3332,13.012,4.9879
8.3332,13.255,4.987
8.3332,13.499,4.9999
8.3332,13.742,5.0263
8.3332,13.985,5.0635
8.51,1.8182,-1.1827
8.51,2.0615,-1.0141
8.51,2.3049,-0.83731
8.51,2.5482,-0.65605
8.51,2.7915,-0.46889
8.51,3.0349,-0.27729
8.51,3.2782,-0.083439
8.51,3.5216,0.10931
8.51,3.7649,0.30511
8.51,4.0082,0.49808
8.51,4.2516,0.6926
8.51,4.4949,0.89484
8.51,4.7383,1.1078
8.51,4.9816,1.3189
8.51,5.2249,1.529
8.51,5.4683,1.7487
8.51,5.7116,1.9663
8.51,5.955,2.1933
8.51,6.1983,2.4159
8.51,6.4416,2.6439
8.51,6.685,2.8734
8.51,6.9283,3.0988
8.51,7.1717,3.3152
8.51,7.415,3.5267
8.51,7.6583,3.7007
8.51,7.9017,3.8431
8.51,8.145,3.9719
8.51,8.3884,4.0915
8.51,8.6317,4.1917
8.51,8.875,4.2842
8.51,9.1184,4.3816
8.51,9.3617,4.4757
8.51,9.6051,4.5745
8.51,9.8484,4.6895
8.51,10.092,4.764
8.51,10.335,4.8342
8.51,10.578,4.9086
8.51,10.822,5.015
8.51,11.065,5.0699
8.51,11.308,5.122
8.51,11.552,5.1683
8.51,11.795,5.1282
8.51,12.038,5.1281
8.51,12.282,5.1177
8.51,12.525,5.0892
8.51,12.768,5.0529
8.51,13.012,5.0075
8.51,13.255,5.0166
8.51,13.499,5.0242
8.51,13.742,5.0413
8.51,13.985,5.0645
8.6867,1.8182,-1.2058
8.6867,2.0615,-1.0314
8.6867,2.3049,-0.85353
8.6867,2.5482,-0.66907
8.6867,2.7915,-0.47925
8.6867,3.0349,-0.28771
8.6867,3.2782,-0.091046
8.6867,3.5216,0.10504
8.6867,3.7649,0.29909
8.6867,4.0082,0.49487
8.6867,4.2516,0.6958
8.6867,4.4949,0.9013
8.6867,4.7383,1.1181
8.6867,4.9816,1.3319
8.6867,5.2249,1.5446
8.6867,5.4683,1.7615
8.6867,5.7116,1.9794
8.6867,5.955,2.2078
8.6867,6.1983,2.4331
8.6867,6.4416,2.6572
8.6867,6.685,2.8853
8.6867,6.9283,3.1134
8.6867,7.1717,3.32
8.6867,7.415,3.5334
8.6867,7.6583,3.7089
8.6867,7.9017,3.8554
8.6867,8.145,3.9856
8.6867,8.3884,4.1088
8.6867,8.6317,4.216
8.6867,8.875,4.3099
8.6867,9.1184,4.4093
8.6867,9.3617,4.5052
8.6867,9.6051,4.5957
8.6867,9.8484,4.6815
8.6867,10.092,4.7857
8.6867,10.335,4.8435
8.6867,10.578,4.9276
8.6867,10.822,4.9952
8.6867,11.065,5.0855
8.6867,11.308,5.1427
8.6867,11.552,5.1874
8.6867,11.795,5.1892
8.6867,12.038,5.1636
8.6867,12.282,5.1598
8.6867,12.525,5.1318
8.6867,12.768,5.0982
8.6867,13.012,5.0595
8.6867,13.255,5.033
8.6867,13.499,5.0493
8.6867,13.742,5.0642
8.6867,13.985,5.0583
8.8634,1.8182,-1.2235
8.8634,2.0615,-1.0493
8.8634,2.3049,-0.86823
8.8634,2.5482,-0.68093
8.8634,2.7915,-0.48912
8.8634,3.0349,-0.29593
8.8634,3.2782,-0.098365
8.8634,3.5216,0.099222
8.8634,3.7649,0.29511
8.8634,4.0082,0.49655
8.8634,4.2516,0.70082
8.8634,4.4949,0.91069
8.8634,4.7383,1.1296
8.8634,4.9816,1.3482
8.8634,5.2249,1.5611
8.8634,5.4683,1.7738
8.8634,5.7116,1.992
8.8634,5.955,2.2213
8.8634,6.1983,2.452
8.8634,6.4416,2.6706
8.8634,6.685,2.8979
8.8634,6.9283,3.1233
8.8634,7.1717,3.3317
8.8634,7.415,3.5398
8.8634,7.6583,3.7152
8.8634,7.9017,3.8655
8.8634,8.145,3.9981
8.8634,8.3884,4.1248
8.8634,8.6317,4.2394
8.8634,8.875,4.3349
8.8634,9.1184,4.4377
8.8634,9.3617,4.5173
8.8634,9.6051,4.6272
8.8634,9.8484,4.713
8.8634,10.092,4.794
8.8634,10.335,4.8766
8.8634,10.578,4.9341
8.8634,10.822,5.018
8.8634,11.065,5.0894
8.8634,11.308,5.16
8.8634,11.552,5.2231
8.8634,11.795,5.2212
8.8634,12.038,5.1975
8.8634,12.282,5.1906
8.8634,12.525,5.174
8.8634,12.768,5.1446
8.8634,13.012,5.115
8.8634,13.255,5.064
8.8634,13.499,5.0631
8.8634,13.742,5.0854
8.8634,13.985,5.1065
